[1.0919618269193816, -0.08667781381931178, 0.3624255302242312, 0.11804313868202873, -0.11605806685166711, -0.886726705761399, -0.6806095415089002, -0.19510165514169278, -0.11850018387605879, 0.12059266299249849, 0.5197857276909066, 1.0785337266336468, -0.003352570358766266, -0.010304179972944139, 0.6215369677822515, 0.3500751282564506, -0.11123906352684096, -0.8918787274990577, 0.30242057579642945, -0.7667827439311083, -0.4528545582508718, -0.3984250962872197, -0.5597219872755315, -0.04315803059586776, -0.7188559411962193, -1.1638766792957465, -0.8589911256036193, -0.1344547179319959, -0.4480599727266237, -0.16242526115572334, 0.23017028394841843, 0.9473369998249874] : -1.0
[0.9625811416461882, -0.07228665270176163, 0.5171728663318185, 0.2886723316512232, -0.01706546209518023, -0.6095159170399513, -0.3526207790972677, 0.07031896105650104, -0.09574919883921468, 0.4584630178480815, 0.6889695615070525, 0.9007335690569926, 0.1973287224033678, -0.22588812401460379, 0.7791179249120237, -0.36469157244460193, -0.37175519730377776, -0.40488462939737857, 0.750729012710739, -0.9544442993926017, -0.38604963620141686, -1.0344181510594341, -0.5017095949594985, 0.23173446732251762, -0.6623232432448378, -0.689455652977362, -0.8170220042776316, -0.07251925660693061, -0.7198087164043365, -0.49206813629765234, 0.6242259283314983, 0.6783902690654968] : -1.0
[1.0719449293337293, -0.19321740852366254, 0.27440943061438694, 0.10587429233038656, -0.1125324813110977, -0.14010935073016417, -0.5696439217601419, -0.29678992573824226, -0.17608431988303702, 0.040847254699195534, 0.5228567209951244, 0.757599608299932, 0.12908312024393775, -0.16754188203232873, 0.9781664926190162, 0.11575605541184734, 0.08817982186801376, -0.8918527332627127, 0.4495058086123563, -0.8406050903363413, -0.6960961204457901, -1.1156563214754815, -0.42019333932723557, -0.1652790226980047, -0.5205787285122462, -0.7722668730081675, -0.6899491758177774, 0.05468763942348556, -0.296330608818133, -0.22164945973771774, 0.19514954655434355, 0.9942493595799731] : -1.0
[0.7901889270941852, 0.10850229199577777, 0.17599525639057972, 0.5042900038338856, -0.14565369892218444, -0.6191789299869804, -0.564893061314794, -0.1378086329431394, -0.35480804134578314, -0.03535792225474349, 0.48217585256464585, 0.9356358523070393, 0.030076865427708502, -0.28401268780423633, 0.684767258855858, 0.22148390311429783, 0.012097915797298658, -0.520339914152962, 0.444802913704849, -0.48043611544703174, -0.2959820432683393, -0.7112856954896378, -0.37031758550684957, 0.3628288047491205, -0.8525738654693327, -0.6701810362270899, -0.9504233365002026, 0.04499980038312466, -0.09033971169934207, -0.25846005678814676, 0.418540326593226, 0.9117001800892677] : -1.0
[0.7833188683648489, 0.003925025944505625, 0.41866956110312387, 0.14186202130316525, -0.26564787600315054, -0.3338080692057882, -0.6946182862798241, -0.48591245960898627, -0.19103158157254202, 0.04749586668319386, 0.5481059748403654, 1.3762215165760696, 0.17535185366569855, -0.07609741038063061, 0.7196682551928739, 0.29749738499003064, -0.12629702887533817, -1.0837580866586511, 0.33965796860065733, -0.9167210387192983, -0.6572893222204137, -0.850944070049776, -0.5037799591298925, 0.12269712705881931, -0.12316246445014967, -0.7048307597868827, -0.9859411413064716, -0.0442249692195828, -0.37390929965288555, -0.2607971330581432, 0.570962421146231, 0.9481909898706556] : -1.0
[1.0447702924625422, 0.10515023697057962, 0.39595181513144534, 0.4781952756698959, -0.48434455384432173, -0.4544468355252019, -0.7761340191541147, -0.080008252361102, -0.3938323591256344, 0.26143836798470377, 0.8865480548823796, 0.9137821331692273, 0.0330362353405796, -0.19629722878032774, 0.7014607692795533, 0.1974464650439566, -0.13594780337579332, -0.6997649868894353, 0.6911783225624992, -0.8612245419168512, -0.6206212078660902, -0.9949095157214781, -0.9600819519624151, 0.278459800057733, -0.72081630141438, -0.6937607051514402, -1.0781806747231824, 0.1529753810738398, -0.4459237448592006, -0.3798661569656103, 0.30500488535451015, 0.71690196255885] : -1.0
[1.0772640161264144, -0.3973266461066639, 0.6748753575542479, 0.7396878763194099, -0.04932744916356416, -0.5999750152795198, -0.4493027505116798, -0.2104718637112147, -0.36813372228208885, 0.19645404672185046, 0.32986864513482506, 0.814076070449492, 0.04292914288441005, -0.2027743067015116, 0.517399001990763, 0.27318017491309354, -0.4647112230586583, -0.7325667774653787, 0.6318907676017463, -0.6467335270975875, -0.33481098720887204, -0.7476818115613536, -0.3462834273661223, 0.26194249670704467, -0.3678767672241603, -0.9689320246593134, -0.6079590803677184, 0.19558559726765098, -0.32621356624373454, -0.2822241615501082, 0.42400068757228365, 0.8992198474278609] : -1.0
[1.1761396398182664, -0.09982866580637514, 0.579858074485418, 0.19036216981377893, -0.18228409623079445, -0.407857013626747, -0.4466911540305344, -0.2889949610823812, -0.14671634647573137, 0.10103039028711992, 0.39247022911966684, 1.0338909170119461, 0.409522993413426, -0.26201815178923027, 0.8816962598841336, 0.16746889252519875, -0.054931438261169904, -0.9715544947678354, 0.6111477223658796, -0.5736894064684757, -0.4373280835239989, -0.7714901152672744, -0.5476501673149072, 0.25813817497769476, -0.5748014381265054, -0.5387488949445308, -0.8155408020200655, -0.10708592907980338, -0.25684136246117084, -0.5291195454967879, 0.23217796039776015, 0.9654307281697936] : -1.0
[0.7213626905602333, -0.08847291158050088, 0.4589521704682678, 0.056525978727102244, -0.09368071599011897, -0.37443184528029816, -0.4203621680680538, -0.10533818153878373, -0.16511829791015398, 0.20164949658227016, 0.5011915592622992, 1.295963817890672, 0.07397308571178661, -0.18154376329092614, 0.43970288600862767, -0.12996565677440197, 0.12850827655785213, -0.8899858823576262, 0.3525434176899137, -0.9959754189885488, -0.5447893765555307, -0.9609154568246522, -0.42046119608054555, 0.17145754140174774, -0.6381890596460511, -0.9018800979597128, -0.834914018443925, 0.007737173798220719, -0.4071703479781205, -0.3000511070813988, 0.5026702357444252, 0.5186036995486754] : -1.0
[0.8673220824475887, -0.2536856946171109, 0.663641461044538, 0.2569163083183983, -0.12255305524538483, -0.7992134145227339, -0.7616977688062809, -0.21941877770013812, -0.21965995838837107, 0.3208458570844534, 0.4161878762244017, 0.7189279508686179, 0.22420139850166762, -0.3233459158625003, 0.7411752359201054, 0.17501817215879195, -0.17369083692008275, -0.7938579328060216, 0.7777440589103789, -0.8212445992535483, -0.35937866799958784, -0.782520331867048, -0.6268707482951803, 0.5647845299684914, -0.3311465077157528, -0.8702519000706437, -1.0279798621432565, 0.1255892333344107, -0.5666590828216892, -0.5844292652315757, 0.3328109117283091, 1.0689958289318153] : -1.0
[0.6042191984530032, -0.20356268172336842, 0.5138705794483623, 0.408307172376451, -0.16788428275692174, -0.619168493940966, -0.5342957322486153, -0.4246859855973801, -0.3257273423282172, 0.6014798864949469, 0.8484800855060459, 0.9912133285671821, 0.2815065715099212, -0.05453444701458897, 0.7550904385102926, -0.04591594051864237, -0.274261327767067, -0.8431488217291645, 0.7590282794512273, -0.6133840693043628, -0.5389501873785741, -0.9455772558377775, -0.3985060352393598, 0.45189182732298394, -0.6009880423424083, -0.9954060188832715, -0.7664466880507693, 0.3116277907656141, -0.2923014808987269, -0.19767549548688487, 0.3571436352504283, 0.8330979112901216] : -1.0
[1.122902679401963, 0.02427911209549348, 0.7725143491745072, 0.41613456094079754, -0.15593522447864344, -0.7090161973562761, -0.6410755831367707, -0.5421422951997409, -0.25773864217799186, 0.1954935976071405, 0.6531298433542959, 0.8479236891781285, -0.028721980470574338, -0.04472178606073317, 0.7127400830319929, 0.4368504773275726, -0.07650438386788737, -0.7258131407804697, 0.6457363701460938, -0.7393691331409388, -0.4405958097495221, -0.9119668635271433, -0.5230203592537579, 0.3210604145549847, -0.5168397293725336, -0.7361965123559504, -0.9172506776159572, 0.24332156695507165, -0.14303561060213943, -0.41230399691313885, 0.18581243992968258, 1.0001278183385263] : -1.0
[1.1741940449223442, -0.15176974681542515, 0.2626488435526997, 0.39280048216262653, 0.11431680484825835, -1.0311664329008858, -0.8093703067797025, -0.3234383233795197, -0.5415288714023658, 0.19238458312450113, 0.6375774441851463, 1.1575385456220195, -0.029642310852831616, 0.0033566471749671978, 0.7616729216384714, 0.20047597241367512, -0.01578220990590265, -0.7597981513165951, 0.07876142173608808, -0.8906060657998909, -0.48102905910591465, -1.0531398183471976, -0.5901358531669946, 0.09659795599676888, -0.7499475485248108, -0.7913100592780791, -1.1664603638095592, 0.0733186679587261, -0.1820017353988294, -0.18118718259936395, 0.5051222103873958, 0.802046533755484] : -1.0
[1.0189248093148489, 0.22867112311123883, 0.42533928709551044, 0.43807196855733016, -0.10180730100839594, -0.7052276965958871, -0.611655208355989, -0.009795954191545914, -0.03695201302818221, 0.28467903908342995, 0.5199724341064552, 0.8475373447751138, 0.22177682586285202, -0.2616169849588298, 0.6337152267052054, 0.12853665903767114, 0.23464983210046236, -0.8489906941653573, 0.598453779615216, -0.7684716071697837, -0.598856323323792, -0.5975590218117288, -0.6361214891215091, 0.024298709055517287, -0.5276049148890015, -0.8534775137596111, -0.9944406293615701, 0.1649813950546147, -0.5706246818235656, -0.27044251919509504, 0.5686335851266137, 0.8878228745904528] : -1.0
[0.8834424255769002, -0.40822662714465907, 0.4240481039865583, 0.4735634223326069, -0.29271585022781577, -0.5848321515577434, -0.47809290473163735, -0.05004824352153334, -0.37476470281228413, 0.29757450120988715, 0.40892689119368597, 1.2984327550939796, 0.3558626182864173, -0.3152441458302763, 0.33860779859849394, 0.016747332816467855, -0.3222813427840553, -1.1360038897650566, 0.44839089614905336, -0.681197977625949, -0.21376970862588057, -0.6719659699348968, -0.4676204698580976, -0.1915139097696373, -0.44818970480350623, -0.5362298140296844, -0.4389213249869162, -0.04806799744109233, -0.39375686111589914, -0.5139683502056585, 0.43081988138052174, 0.7590160533457108] : -1.0
[0.9598978453661745, -0.33093833854806615, -0.010805248176449678, 0.1502201679847467, -0.1977932474216506, -0.09090117966579092, -0.8803064726302912, -0.017916971624153705, -0.40609755653866714, 0.10959429030428042, 0.3315387454529509, 1.0902646968106733, -0.09288483008831097, 0.18289293604951604, 0.519880880778363, -0.1038476789554726, -0.11226912103987426, -0.7327531501868944, 0.28805622933998015, -1.1170134895817003, -0.7004818414447139, -0.5216350040695257, -0.028950365481384632, 0.12024951597584799, -0.9882656009770208, -0.47532573757249386, -0.9425385543315193, -0.20471711957042973, -0.7767423539067146, -0.3868165369673954, 0.4117332750320337, 1.31325408965491] : -1.0
[1.1205349208052322, 0.3341113507290354, 0.08111921848565429, 0.47433169426844407, -0.5119887449637869, -0.49911654126310157, -1.4744066400971463, -0.18247052326125016, -0.4548406799945913, 0.2616484037883238, 0.8935569015773843, 0.8553535536923774, 0.30722823456258974, -0.47279498312609847, 1.0528168179412576, 0.0143607162288001, 0.07323386388365663, -0.5777701579058621, 0.8935043580781713, -0.7231970020629206, -0.3052533290731132, -1.004812245155451, -0.2965409770395697, -0.08634075060197058, -0.8712636862607522, -0.8892343537637845, -0.6858245899863794, -0.039488113059433706, -0.308439982599764, 0.06122678775560786, 0.19015485974964888, 0.8394800109450076] : -1.0
[1.0601460581758835, 0.35258266830963564, 0.6625324136963306, 0.3791434707995604, -0.4523018986418938, 0.008277353799002074, -0.13370465231506345, -0.1848988554824375, 0.046747083356944885, 0.14851061261531157, 0.2476757550575966, 0.3554165449854193, 0.06464984548368205, -0.19793480264765795, 1.2295073324153036, -0.07110927165114232, 0.11690857264878096, -0.89598036742053, 0.2824830720564412, -1.1122462286520998, -0.47426429494842176, -0.21885669953056341, -0.41049470904034957, -0.29114593397418764, -0.8591375925263576, -1.1134461127372097, -1.0036023818910558, 0.2892052080336789, -0.6721446224961188, -0.7876854405810104, 0.5012893746078839, 1.2438628142929444] : -1.0
[1.0729162599329796, 0.12827672224122894, 0.6370587337323108, 0.377916783335332, -0.5234679844087993, -0.4622277725817888, -0.6800817793162283, -0.36136806097136365, -0.08363911163720023, 0.3054858622682828, 0.6446160420630679, 1.3041735443656828, -0.061572710806299585, -0.2689355407037627, 0.7520227712224966, 0.3044893955101396, -0.4241464087767206, -0.7666663980457306, 0.21852865238373492, -0.7070693774018316, -0.48401352078270654, -0.5490939448064225, -0.1816695811757531, -0.024977315046670223, -0.9366102132648491, -0.8766801623401896, -0.8200393049587298, 0.0734868422981311, -0.2613931485004118, -0.1793528522035835, 0.7566885486094909, 0.6333041534513798] : -1.0
[1.0906385780488348, -0.3562690882097424, 0.5142260076394825, 0.29194232569518497, -0.012022143137598848, -0.7434309432211195, -0.5148875696532556, -0.024521510026106086, -0.015205118090750896, 0.0804141803774523, 0.24037377609987948, 0.8070224264559024, 0.12275268244372, -0.2525589797050001, 1.0559212556011435, 0.0866646823458226, -0.22729065597450143, -0.9462983265273643, 0.11207256446166985, -0.8619600067294678, -0.7948606013411494, -0.7886865166447556, -0.40626945093277883, 0.5809004528828894, -0.7371231963532427, -0.7425115430419507, -0.6516976245520889, -0.08799654891337637, -0.07324003162198922, -0.053170704413326525, 0.2758821864361361, 0.7680905273269443] : -1.0
[0.8549026512295241, 0.037160418901917555, 0.5035804211646838, 0.21129379484343555, 0.03912949640380527, -0.8244532117758687, -0.3807398114138443, -0.3083612376051902, -0.3069012647244449, -0.22361033709536202, 0.35666075285311366, 0.7942099759390789, -0.2081571159633188, 0.12833937594724346, 0.6869746603782549, 0.43647010564830885, -0.5295863211106503, -0.6910626522004366, 0.25090477161689173, -1.0687532464949485, -0.24222427350122888, -0.8940089071038827, -0.33220887326466075, 0.2188474185916534, -0.8117380024331018, -0.8343484945108909, -0.5750378693421516, -0.03187790432250037, -0.08697505916991477, -0.36488735931355964, 0.4387169643060457, 0.853826165795218] : -1.0
[0.747130191912023, -0.23203525077365084, 0.3052613648210155, 0.015268189036060392, -0.08910142959825088, -0.9647988179731619, -0.13562239236528795, -0.11347190581650587, -0.17484858144517765, -0.23534014238289544, 0.2519355248491165, 0.6198231472860627, -0.04394402674909473, 0.12735519291858896, 0.36912370019472796, 0.22174566662814624, -0.42173710122441893, -0.8405216638005022, 0.8893149064260462, -0.6934535737438687, -0.6703131999760326, -0.9875373438045505, -0.4843240078227607, 0.022113548860812515, -0.5837815599024186, -0.914736732190176, -0.7069773530837057, -0.07994776021460778, -0.4171469771089715, -0.45471006738639586, 0.5104087741217982, 1.1956314500606315] : -1.0
[0.6662583552745612, -0.2434337294065162, 0.6895267830854956, -0.08229798525958287, 0.4252949128183876, -0.3226454743588421, -0.5400740469215353, -0.08854183316388016, -0.2827491360192491, -0.1375347864520909, 0.667158729596586, 1.1307519310883125, 0.42744345072315815, 0.05179741210960748, 0.5974125852904636, -0.05399799994139494, -0.06139743334122039, -1.2748354334284575, 0.36621544206838225, -1.0862753568768069, 0.20936867856193747, -0.679235412243707, -0.3858263187973887, -0.19971300976024378, -0.31506297027584107, -0.7947303723056734, -1.0278829513750902, -0.03791883703334732, -0.8962940364666585, -0.2218658995065756, 0.5112426328443088, 1.0860858976676138] : -1.0
[1.222359807066992, 0.028667573158483214, 0.5729367570174023, 0.4134362773976835, -0.31082265673609977, -0.8358316127075137, -0.13667299512673475, -0.34868439207071067, -0.24343826424600265, 0.07958728666528991, 0.6359329368972864, 0.6765696808599722, -0.013282350623467665, 0.006108710542535339, 0.7775893739041991, -0.003149172202967593, 0.21509945202384273, -0.6212853815212795, 0.28829459816383946, -0.9794957656200676, -0.5659572896432672, -0.6477328703848634, -0.7285479887101626, -0.14699631043778227, -0.37921754190686113, -1.2775190048369867, -0.7056561518646876, -0.27559689839268975, -0.3125069097689166, -0.06719584094103423, 0.11446254345041873, 0.6881699137555516] : -1.0
[0.9591844230169186, -0.4381084983859383, 0.18913728235504337, -0.07171375794214707, -0.20993612960038271, -0.6598806372742035, -0.652688016950751, 0.02885842425597751, 0.06995762888011303, 0.423169056092053, 0.9859108911655214, 1.1338028076356779, -0.09327848038112782, -0.16102975221265717, 0.6310292410940055, -0.010707396893645846, 0.1747664794703503, -0.4746916814717968, 0.981891865168625, -0.623487835181471, -0.2521713715387942, -0.5422737218680658, -0.454112670966359, 0.09808172726863965, -0.4993621150195315, -0.9304665439166001, -0.46564039756955283, 0.12386695583514118, -0.5088039068776657, 0.03502180816527606, 0.23457693637107846, 0.6373977974876629] : -1.0
[1.2118239354247387, -0.5314153556352942, 0.31080630989898966, 0.2060291927547165, 0.09412022637424035, -0.5993254573753286, -0.8715971793451742, -0.3620800795907083, -0.02869662632767145, -0.09347648297293218, 0.684900616464064, 1.3243252554436773, -0.3316700748011827, -0.46411977008480887, 1.0455728882120068, 0.10278506747703633, 0.17355517767376716, -0.6045703439663592, 0.41186116946812734, -0.7415398141540703, -0.7581806776317604, -1.046725556968148, -0.5919981961885326, 0.06180666054699257, -1.005280314601626, -0.8375380391515624, -0.7457428630293307, -0.3422696520346744, -0.4532586309145352, -0.11719704850292978, -0.036589068115218115, 1.006721218310188] : -1.0
[1.3790499741816018, -0.41728972066608255, 0.2537492942991459, 0.24979106686652458, 0.012121755617526, -0.6668199721194412, -0.7466315656294428, -0.25250002029766805, 0.24922776441219002, -0.08836597536448024, 0.3520897263587092, 0.49055923982296684, -0.04748204296518946, -0.505290898765171, 0.9744129839854205, 0.09352430957686704, 0.03340912608316843, -0.717912656977578, 0.6194591822076282, -1.2335351640921797, -0.49842164467474587, -0.39845819638058755, -0.5445838454071945, -0.2143665470838885, -0.4192786940959753, -1.057477339338781, -1.3449840663886696, 0.29921705565954415, -0.23381199473514094, -0.032358937613613914, 0.06359102168895853, 0.49749235573807704] : -1.0
[1.1931678752377872, 0.35459536486240384, 0.5221982347581078, -0.20030030970481316, -0.7194821283502904, -0.5413998263381093, -0.5857922812944535, -0.05598983778682791, -0.548446034450196, 0.345299265690137, 0.4045019754655671, 0.9528662827610417, 0.06402220098375072, -0.13491195712890588, 0.6853814811449966, 0.48975141675783074, -0.11558261985155585, -1.2054245378737602, 0.7873747522655181, -0.7215846233386931, -0.18040132946946197, -0.5434908855053582, -0.41770291668235005, 0.26547031568200874, -0.43248885639270174, -0.8697829232952862, -0.9999501032804743, -0.1438382568304512, -0.03765536383260898, -0.117302935447375, 0.2623095485978662, 0.43527749627737655] : -1.0
[0.8907964600424971, -0.025625250436626515, 0.9225813816018964, 0.046995450010368145, -0.7734111313888168, -0.23826514756446834, -0.7675347177895986, -0.30020730506571003, -0.5946361217428153, -0.10560573994405723, 0.1927328000906629, 0.30284618773999517, -0.3344685490673196, -0.12812215104674135, 0.6942817119111925, -0.545135756433202, -0.1026248145194696, -1.074271019449638, 0.130998466919014, -1.0321104330810227, -0.6878891715602236, -1.1979278680669923, -0.23198591610113214, -0.4622355149229742, -0.12289643262934724, -0.5477000946594517, -0.7890957103014953, 0.2183012567835858, -0.5941938784841383, -0.3870770079473944, 0.2803374750590812, 1.6477057820057408] : -1.0
[0.9584778948457687, -0.05644765286748292, 0.5266829709847615, 1.0835012600168783, -0.6375683981230598, -0.9998492258463458, -0.7214688326921922, -0.4317733987324635, 0.11330018126175712, 0.05933595265361477, 0.06759157556068329, 0.8881315921120652, 0.0444379545174067, -0.13162216172707036, 0.6254183945818097, 0.3168159510604082, -0.4925854754359611, -1.1816118064664156, 0.4852102718809713, -1.3467179276234926, -0.17694787030122164, -0.5065559016489993, -0.3256361997188558, -0.30692541209325436, -0.6929861735969226, -0.9746458759428335, -0.5805157882301281, 0.2749132721388939, -0.5576827691436106, 0.05114055621447844, 0.7898248377157542, 1.3484442934236405] : -1.0
[1.3625067435526215, -0.3200651485143703, -0.3254159197149815, 0.7842446779252195, -0.6405212846960424, -0.539295212392018, -0.7337097915639916, -0.06679336218208262, -0.29662207407451124, -0.08260089766147002, -0.16788258059488753, 1.1935915832106627, 0.1030630211680141, -0.21904553254332176, 0.23427890615319535, -0.2252077822563431, 0.38393217700733784, -0.7966125472872853, 0.816225817235251, -1.2036082578074894, -0.9089091890630452, -0.6140940860602208, -0.3334778015304489, 0.03084507426528279, 0.07906241512501533, -0.24899387594377148, -0.7252888449598411, -0.29194499098817084, -1.2337327575003223, 0.4644667832599292, 0.016563443932188116, 1.1822569454373615] : -1.0
[1.1809022328910956, -0.1915486346507872, 0.4270561764419198, 0.012214271471015559, -0.04116757893078882, -0.3020038320821188, -0.764287658088913, -0.20619828532475812, 0.09165918971245857, -0.3127741155688144, 0.5911670964636038, 0.70128935389917, -0.05326459192637606, -0.07220137328219903, 0.15281097853372494, -0.3592783719594279, -0.3937790406444631, -0.966778531905328, 0.3826882214899172, -0.7325854221974258, -0.3161044581203556, -0.8220402592651574, -1.0200903189952382, 0.35275565401395487, -0.6089229912814172, -1.2825308551708696, -0.5011561527495013, 0.03703830793601977, -0.476360610157201, -0.25582034346646654, 0.733558520494602, 1.0761580054399198] : -1.0
[1.2103753765525112, -0.045004846731648576, 0.5783506912613707, 0.22826538575658303, 0.016387672376769358, -0.48436875356343523, -1.327013338477692, -0.2753352438042381, -0.1368297165526361, 0.015156179200606829, 0.8179340585958408, 0.8250973110549253, -0.030490722454149355, -0.1715231924918829, 0.28620085221899044, 0.09936099439768536, -0.019550086011223128, -0.5048384681940268, 0.7827444759522919, -1.0623327786990682, -0.5168399566656013, -1.001081740881457, -0.2513827387774787, 0.03010184295834397, -0.9578788735299351, -0.9120724368232929, -0.6767665532524056, -0.3937442102300939, -1.010649780044342, -0.6331258916417049, 0.5770946628319686, 0.3209936267119976] : -1.0
[1.4641412259711273, 0.06679941833051434, 0.2901731693023835, 0.3514321315890631, -0.40274678933369207, -0.26717763786111676, -0.9704640740266149, 0.1959377654215218, -0.6564315449039968, -0.11410648568901202, 0.3878487670130295, 1.113459713006297, 0.5541802128938424, 0.13141844531358807, 1.3137201736300697, 0.3755019340793888, -0.05224414227902864, -0.6251888272812587, -0.06681189767407447, -0.5440469567219388, -1.2420509407084444, -0.7117246546616807, -0.8120512861736082, -0.18888791997035997, -0.5529625055572824, -0.8677778636761385, -0.6603850954811821, 0.08705819056231204, -0.4916858920935415, -0.20027358586644853, 0.7738076691554616, 0.5914262722591705] : -1.0
[1.2360267820440123, 0.06189617303491471, 0.7610643361953335, -0.21440463588444109, -0.05718087537612526, -1.2116821216480458, -0.005657639542529069, 0.018733572954966207, 0.10023420592892279, 0.2935607218958585, -0.30333622109591224, 1.1501984653667892, -0.09624280079949402, -0.11237471911827246, 1.0203913008036487, -0.2870056991590415, 0.3163804345507728, -1.3149188474493954, 0.031248011465964065, -1.1636436482003452, -0.38075553295466025, -0.32457026885234186, 0.325321947018322, -0.07951005752965223, -0.8975657318340097, -0.7272481504171034, -0.0972251668653965, -0.0048807051688700386, 0.05454736977818575, -0.5579595400953691, 0.3563925481677666, 1.273962689864162] : -1.0
[1.050679023977212, -0.5974332827680093, 0.2730410988002623, 0.8791755697427692, 0.3142371465622124, 0.2591318768529591, -0.29604326719083773, -0.34196606023853177, -0.2706830002986988, 0.5773759903018338, 0.7168304137995417, 1.170178500337569, -0.1669459557145568, -0.26424390100959994, 1.1760581792685394, 0.17805423922539199, -0.10299130183583288, -1.0702633498291765, -0.2931761327790697, -1.278108099628427, -0.5654967703239939, -1.4482175328829108, -0.9272892940219999, -0.052187979442987406, -0.7708513097418523, -0.30284634350000184, -1.2506112203150934, -0.1865529241413642, -0.572948242309774, -0.5972973299124062, 0.5688621909383407, 1.042113024593993] : -1.0
[1.4918270944248588, 0.04272792986361418, 0.49278164025856264, 0.4983591834994794, -0.31758260481498024, -0.8016173968910111, -0.7428522666612829, -0.006772484307230833, -0.7622733889254616, -0.15619541910844378, -0.3712713686001788, 1.2363263745719384, 0.15769461976283616, -0.23764919188502454, 0.16589781307450158, 0.5557290030990701, -0.0058906881246661436, -0.46279428353044927, 0.5238864429248692, -1.4616397194755293, -0.47643488746839896, -0.5635598924284809, -0.7083692054473782, -0.06499514420903194, -0.5997473834295455, -0.5937502934507471, -1.1827225066336666, -0.2154836026378884, -0.6290078580137868, -0.4568942081515921, 1.0918896240875622, 1.4345078973525223] : -1.0
[1.0874864351171674, -0.48818434582048864, -0.07914320095042643, 0.3717150863631928, 0.30802769603434005, -0.47184873243299896, -0.1866857035396503, -0.660085901266227, -0.5268053547385508, 0.1847961923131325, 0.20323411995433438, 1.0998281543313675, 0.017941735384399887, -0.5548141605563384, 0.6964293995785394, 1.1488951815788935, 0.13274390676712602, -0.7920850508813083, 0.6204933043602757, -0.4580749915809349, -0.1468313115692786, -0.8448685794873831, -0.7822239771149861, 0.42514134966740275, -1.095228789954474, -0.5630293689752082, -0.7456320865804233, 0.26384877557818026, -0.21954175387347086, -0.7834722982767022, -0.3957635986073236, 1.2852446467040672] : -1.0
[1.5423657018031913, 0.0700807945864532, 0.721944719213401, -0.020075187641871495, -0.48625079364592927, -0.25301424519441634, -0.8903674158639112, -0.1332368725503648, -0.15664324699416196, 0.08387561917610348, 1.0941299384596874, 0.6715470480277257, -0.1682198006967032, -0.5376839456980436, 0.5128581195556727, -0.66110529290311, 0.25006313640901423, -1.2253793742616197, 0.3761773165643508, -1.0714101248896428, -0.28070207932866487, -0.500954990193659, -0.41181699054108734, 0.087627017701565, -0.38220688242386175, -1.09749962978302, -0.5340016560909177, -0.1729953765935604, -0.28069031151071705, -0.20957577621883836, 1.0163651899236323, 1.1012561641127907] : -1.0
[1.9159078158083076, -0.19119507143031766, 0.16269467976647392, 0.5482058084885586, -0.34690429043699167, -0.3704043242728639, -1.266539712496865, -0.4628267002527238, -0.1557887076645556, -0.3049647460258176, 0.4947106023154186, 0.9821989630870764, -0.17470234849247604, -0.07650656082619374, 0.9319095491068717, 0.37436747356777944, -0.019411022250428733, -1.212377494461212, 0.7868855404250701, -1.140633481620502, -0.6483332108503121, -0.7627967031900467, -0.3007405007708554, -0.5791697173923447, -0.38805075307046627, -0.1977349723240806, -0.893727047549266, 0.039971146100837254, -0.5269456462208554, -0.4499375737023883, 1.1436670550019912, 1.1350561134800785] : -1.0
[0.7505931602499714, 0.3127761784921569, 0.67256334858056, 0.5081217979080763, -0.14503734247350358, -0.4152942478158778, -1.033731063787704, 0.1202830033367243, -0.025456100912014, 0.491499643514132, 0.1007299013789642, 1.0915689099643064, -0.3949165143424279, -0.30737744570308734, 0.3829728234106549, 0.26016397376385847, -0.6303811359689894, -0.8593134095147239, 0.3870740915511022, -0.9314881898942359, -0.624235443456244, -0.5304562864255871, -0.4433875440627159, -0.37607487494675174, -0.045217270294649725, -0.3252598893332719, -0.6058984386464574, -0.1513260414850252, -0.1920904055926772, -0.13374741094657058, 0.7226737119427328, 1.2891110106888635] : -1.0
[1.1588618581360965, -0.017715557213644845, 0.20959221728402216, 0.24772114132476925, 0.3436681170260332, -0.5540447781583533, -0.18577082937605516, 0.21231846265667192, -0.22004180321336908, -0.24565830525328666, 0.5256107733368524, 1.5033455535947255, 0.4552245299166826, -0.4918780527334531, 0.3810916415300347, 0.02979190440743451, -0.6388105934861881, -0.793138785494602, 0.29152102447437966, -0.7259706852402882, -0.9319699237737465, -0.6690670294361126, -0.6419009494133862, 0.5763745336518344, -0.9338489091469542, -1.235149327661687, -0.7743483642576009, 0.3850151493678454, -0.9191811636287721, 0.20557887294407873, 0.1785843321530716, 0.8113939495462582] : -1.0
[1.1420974760188154, 0.9611347930240429, -0.39054199893957653, 0.3255214610204197, -1.387252491859456, -0.7592405769809988, -0.5520264515988713, 0.3095986003902893, -0.5984289061714717, -0.576089678282157, -0.06019483021819147, 0.5535055732960505, 0.13316483110153315, 1.3994832195929527, 0.36601962299862556, -0.5449015567162796, -0.3281047064508652, -1.3279219698715559, 0.3375449690954907, -1.3584228682199753, -0.19516779841540577, -1.3970870483673772, -0.17293259360654012, -0.5440600916083408, -0.5714443290380128, -0.5228323385978716, -0.5164764292843906, 0.2981176090287709, -0.8836125819637309, -0.16484948986257097, 0.6060059616180749, 2.0075795919323514] : -1.0
[1.6480616188977182, 0.03509193192005422, 1.073061564708916, 0.7755967274548745, -1.193756524522319, 0.28348669014424, -0.5780895728694931, 0.07276979331487574, 0.5383761641952803, 0.3670730334753569, -1.0884973755435403, 0.5778559189148412, -1.0943501663511306, -0.6987220376769734, 1.319850860319482, 0.039786380858136905, -0.8183226770483489, -1.24696853549756, 0.34715116190845324, -1.6425044054261377, -0.17328947930942068, -0.5105016085348422, 0.21827592796948303, -0.008220971769345192, -0.386680093618488, -0.5084802655753444, -0.7035479915044486, 0.4838894801880319, -0.4854859893098933, -0.0930788288986333, 0.7889891673559857, 1.1779938389414906] : -1.0
[0.044883909347363415, -1.418192747871748, -0.571957242090017, -0.35479469793174917, -0.6356692088510603, -1.1692096863047037, -0.9712818229950138, -0.41475847470082927, -0.3583839788706733, -0.1998917109089714, 0.07947706022960196, -0.08946453967379664, 0.11335580155853138, -0.9213739012299715, 0.5616314741732659, 0.2507939745491813, -0.01525934518286555, -0.7710405247632988, 0.24345909272368443, -0.7348315513971717, -0.02031587098248433, -1.2831826260428716, -0.9842383653799212, -0.10449702390857604, -0.7634127442305827, -0.7346048256810075, -0.5511880469906998, -0.04763053480119879, -1.0770321117102692, -0.8743033302434764, 0.2454377566253879, 1.5688791443202024] : -0.6669780124317516
[1.066401641976326, -0.5811047386102041, 0.7995761165933208, 1.1567040852053667, -1.2788742951547751, -0.008031150599444481, -1.1344226134443045, -0.14888075479724008, -0.665191204215148, 0.20559763027424233, 0.3501344064443568, 0.21610649388628222, -0.4582784569867672, -0.23621850291360047, 0.5766638970254538, -0.10753508325286312, 0.010161084234156958, -0.8020379021146326, 0.00813703661773535, -0.7124588820244577, -0.7558430081681692, -1.0495606717966401, 0.11403380543112623, -0.4056485304131231, -0.30431276829977283, -0.552286075422437, -0.5639064548468051, 0.6088013845992257, -0.3559509269058994, -0.2113936099597457, 0.1631722343024669, 1.475360953076171] : -1.0
[1.5099044927210044, -0.22163605229586464, 0.23235078750588795, 0.7244574873732916, -0.5667998981244742, -0.6234741514245695, 0.13069189574401086, -0.6079560186106051, 0.28944142396557926, -0.35690773084820077, 0.3761147691048381, 1.5722174799074737, -0.4623125419877181, 0.11403067286436863, 1.109874271351483, -0.7133997168493164, -1.0763151638982733, -1.13337133713093, 0.29751917285181617, -1.226914513265145, -0.7454536278680143, -0.7564949357005115, -1.0508688040575018, -1.0018862931623018, -0.37682340986489515, -0.20805589254749346, 0.13030364069716704, -0.3139005013642441, -0.6454263749077718, -0.1538969769692423, 0.008008677631315075, 0.2653417945303196] : -1.0
[1.0225478128939962, 0.22219280157797264, 1.1589109028368645, 1.335539426525674, 0.1775584007509058, -0.9444228701629578, -1.4163695916722288, 0.2788590705595625, -0.9148475888760179, 0.03395547502283043, 0.5402174293792822, 0.21673922508015053, 0.4443362982345357, 0.36976867749003006, 0.26769745451492344, -0.6132923041424078, 0.05730621800170077, -1.1282104755815971, 1.0191863227806335, -0.9711229892427277, -1.4277744849870206, -0.6008148205090011, -0.6855950276616688, -0.5028711851041685, -0.2231230748955389, -0.4774624675998008, -1.9011168409814214, -0.03698158306667944, -0.009409849103674262, -0.6904714902696341, -0.16951998704904325, 1.2204740674359766] : -1.0
[2.155021470194553, 0.4184002746180211, 1.1061113519041221, 0.35934740559047307, -0.09979274870828775, 0.13725105516890002, -1.0082606703122643, 0.3609389975856625, -0.10633922634762116, -0.7144228794180267, -0.12326473874943764, -0.4513380786150992, -0.3851548160113877, -1.4274485850485967, -0.12734834188032484, 1.0372978842650749, -0.5767135061858446, -0.6379706159825697, 0.5814396995460149, -1.0716549507103195, -0.41258464789477733, -1.0216031876051301, -0.8745812914660629, 0.38299833982028075, -0.6918379447394378, 0.263176846444778, -0.5236378720968167, -0.02948789121367361, -0.393498655127959, -0.4547502503228162, 0.4685270495631881, 1.116546448461828] : -1.0
[0.49135830718326257, -0.24287295678559986, 0.40900055518575784, 0.6398210771985247, -0.9091010873694275, -0.34663886609345734, -0.548235166184509, -0.8410033968672169, -0.6148425516131146, -0.18052542792039641, 0.3072377599537886, 0.08938607004882049, 0.4264857111878447, 1.0089340802002373, 1.2057106780323807, 0.4974542073049807, -0.18573238045713514, -1.7215554388357608, -0.19168328204342183, -1.2710980274335677, -0.09061719454738432, -1.3669879092312933, -0.8322417852601559, -0.029606120723888768, 0.17366469974192017, -0.28151244919133106, -0.6141238161289968, 0.6209513896503748, -0.5160369028600369, 0.1368941878007433, 0.3019985786278127, -0.014204314767279458] : -1.0
[1.692317969419007, 0.6229829698900633, 0.6587954643981141, 0.4004140379576348, 0.055932531584505174, -0.35477820477194044, -0.919792902339187, -0.4868591740382987, -0.2654909072962267, 0.025544669542041848, 0.7761309480105238, 0.8389823263517897, -0.5468248196967779, -0.2546953872456317, 0.2661285082968836, -0.7676253205129978, -0.5534502687160219, -1.53424254366923, -0.12870577335957817, -1.0240439356509765, -0.2145428187502318, -0.3375793397577388, -0.42321713218620133, 0.7083617467793067, -0.7282543925187681, -0.6501545713503523, -0.7114033127201459, -0.08843842868833307, -0.46689800467044806, 0.9487763645153455, 0.5718304422485438, 0.6013717613314976] : -1.0
[0.7270599124573186, -0.13821396967322427, 0.3513007110721114, 0.26085434513235195, 0.15952415585123114, -0.22125544740689296, -1.1919355642190135, -0.34488410739971587, -0.5297874397944369, 0.012207127273386353, -0.0011024939112738164, 1.2990300038871476, -1.0134288904487616, 0.9746976602422153, 1.1679338279041223, -0.8086040612253456, -0.32888202036704706, -1.1599585584257235, 0.35631761175961935, -0.49058826297585023, -0.4568780702376342, -1.1889411129439333, -0.41647743668240417, -0.45492478867537034, 0.05581154496561813, -1.1568420928899905, -0.8883596964904675, 0.8052515809917243, -1.1358452204234444, -0.5503949004325817, 0.6767754912469985, 0.7796622529240802] : -1.0
[1.2722598515517618, -0.2446560530919587, 0.9595842729095708, 0.2538300452004472, -0.2104354711351058, 0.09323143111301724, 0.10963872769509786, -0.6291961705146795, -0.6928529029876702, -0.08867798501407519, -0.35872190749273103, 1.0294002387658654, -0.0960515555967395, 0.20512341079157775, 0.5153455971133354, 0.10693160732584653, -0.5673901165944875, -1.4356146028022365, 0.41453907254170724, -0.37371330604259767, -1.1290015161427087, -1.065170396179394, -0.029845262279509455, -0.3397892203445624, -0.4189778258223756, 0.3442766766366596, -1.3542915965269757, 0.1774373108729833, -1.3181017786862164, 0.41426482663890474, 0.669248561049637, 1.1476936713434007] : -1.0
[0.899079111074911, 0.26537465370221014, 0.4738581420925413, 0.05808949153748849, -0.9120773522160714, -0.8353791566847323, -1.533949870619788, 0.7252613936391779, -0.6943474299328762, -1.216381580319067, -0.055815406303282994, -0.7033003335652842, 0.3039715444447093, -0.40101470900386266, 1.1730695195445526, -0.583670369555722, -0.8214820684903662, -0.6225854867770222, 0.5102843270339767, -1.7979101862781837, -0.395328594511937, -1.1627460694925829, -0.5427939748866737, -0.3106137120976626, -0.42966921824618975, -0.729533988548126, -0.29084068312884886, 0.21714685102629117, -1.2175470433248072, -0.03739466373357092, 0.7947472437927645, 1.9911651194718174] : -0.7183192859996449
[1.4801550335902636, -0.3806127741899191, 1.4161176318378828, 0.6202619689550304, -1.4924227357799924, -0.577385001150642, 0.1234279607538834, 0.12191219061178257, 0.011816565070221718, -0.06298052619176055, 0.11264472072339068, 0.7885502137742848, -0.043760970262540194, 0.40529748619022293, -0.17414311712044206, 0.488079424484659, 0.3968422548993704, -1.133160894513461, 0.16967082540055703, -0.8712048988939946, -1.1238547285352354, -1.142173788297883, -0.7696714697428911, -0.4043744002751577, -0.2457788981645672, -0.9017767400006457, -0.2895355982168574, 0.46233303251360525, -0.5070204582760189, -0.4220224207362403, 0.5578698017243112, 1.7221576859612167] : -1.0
[1.0093548770495455, 0.09090199396804327, 0.3606449879530075, 0.47995111990922434, -0.8034648539113562, -0.5778156116248828, -1.3529918855929923, -0.536636146865148, -0.6089626271269285, -0.1665342010734414, -0.2576735744366344, 0.09674634794316694, 0.8622016046262918, -0.35726296470126506, 0.1449768569655071, -0.4676101132844833, 0.5366838141794712, -0.08970022065347538, 0.9483786866733954, -0.980757162028874, -0.20858321740440827, -0.42553350538685913, -0.6750646438040748, -0.4123139934820663, -1.1545896011917096, -0.1708225165794076, -0.6948174004827371, 0.37754170987312974, -0.7075926394951066, -0.18891817098223343, -0.17650134061389022, 0.7934414972776445] : -1.0
[1.4326981410863073, -0.4909898537911415, -0.3536175746855264, -0.33874989663990185, -1.45695880057228, -1.0165790350407289, -1.8250474620408135, 1.0322057843481112, -0.31590470348276994, -1.1301044615852864, 0.33950601833384997, -0.5833136226173429, -0.9383839446345297, 0.9914290311534917, 0.6859856306721008, 0.12355132565937893, 1.101303002012961, -1.6915686846978266, 0.6782527100852713, -2.333839262024818, -0.813585021634826, -0.031463487241111365, 0.1603127010885798, -0.11695443155896723, -0.07929753551512647, -0.37825307495882204, -0.35698505053574026, 0.4172656391891537, -0.630943773802223, -0.06344785631559158, 1.0274306972552285, 2.2035458647703834] : -1.0
[1.9675398925189707, 0.8705523627867058, 1.1858028101763385, 1.1188242018823389, -1.396761506560217, -1.6002656204332624, 0.5561095699141447, 0.3510742088758403, -0.4588138833214691, -0.3911884075644143, 0.028502445444198415, 0.1479759385411173, -0.8447038228964172, 0.7841853106429726, -0.03480334393373641, 0.8554276957166629, -0.6859207676313979, -2.7454805196495196, 2.481488569977661, -1.2064715857882848, -0.2524640675004554, -0.5378283845180638, -1.30660156710291, 0.4733579069183329, -0.6231468955547086, -0.43189109154282346, -1.8257458295909959, 0.08978187616081065, -0.29073074449040437, -1.1433764387489769, 0.8905602141219684, 1.5526293541505458] : -1.0
[0.017353539126684803, 1.5496905622891985, 0.6924917781502706, 0.4573595198839975, -0.9411091805724496, 0.19053003649656797, -1.0976098262865013, -0.1821469890193536, 9.36903682482032E-4, -1.074058218085346, -0.3921491598835115, 0.026308073152801925, 0.5740390591920586, -0.09101498997483887, 1.4887402144288124, -1.135583031815978, -0.2646963310786993, -3.0868338485412856, 2.164376229780306, -0.9529498486936973, 1.09600584064022, -0.8131403728782733, 0.3143619624294409, -0.7712579645194264, -0.3540192094826875, 0.06698777024153635, 0.18111994124741038, 1.4022130371974448, 1.1957774261870404, 0.24279335820456852, 0.18413388759228586, 0.42878194129340697] : -1.0
[1.0568836098114487, -0.438179210806876, 0.19722931564168872, -0.16925000975873106, 0.1703908405107888, -0.32133069352822186, -2.094011657812688, -0.44957693228145457, -0.839425892223491, 0.05880792820816644, -0.19246831122339125, 0.07423160624920883, -0.38719520021968823, -1.0532675817617774, 1.0398892376978375, -0.697067846075629, -0.6584432546683792, 0.3650162647157602, 0.8565727354298172, -0.7803017078326882, 0.615815842757095, 0.09943652266154335, 0.24666309480555576, -0.42951337320867694, 0.021819290931043622, -0.8402046444605122, -0.49472412960080947, 0.03740269399157059, -2.2221139311090417, -0.5128987749771542, 0.5020542868923069, 2.165056575398835] : -1.0
[1.1026361085419272, -0.5912545465855237, -0.5446505880432098, 2.3045464725354043, -0.676859185496614, 1.6066480828441692, -1.1050784225652308, 0.3187784408108929, -0.5102741533623804, -0.8604025942807987, -0.0814304170652245, 0.22785645005171995, -1.6226137377882224, 0.39790720709836336, 0.13452910526840944, -0.5825104973641966, -0.844726534601099, -1.0918318147505846, 0.7556645836285684, -1.6277232166021642, -0.05567378103968473, 0.04974861629671279, 0.6289338552619104, -0.7710256876645656, -0.06949067318312502, 0.6020103691028592, -0.5276046138819757, 0.5363365487002818, -1.5509347262900965, -0.909762802969852, -1.0156924773943419, 1.3774175918180254] : -1.0
[1.4064784513846762, 0.6637242147454795, 0.3845908419123585, 0.666688913294612, -2.037440543346758, -0.2639873906478946, -0.011326671202541161, -1.137190293219708, 0.3062824608121603, -0.8999864499638119, -0.5230137653969158, 0.9155186808181608, -1.9471281094071622, 0.18203192043377295, 2.024674076099902, -0.9123856121394971, -0.3944515626230929, -1.5516240061377649, 0.5536171604875724, -1.2072383765502717, -1.3297548185578183, -1.2378387568054987, 0.2276688000891155, -1.0180101276847338, -0.9892667957532858, -0.35842531119155024, -0.10180045142058913, 0.31999176036099036, -0.1502284585083956, 0.43502830382901525, 0.3446186223965328, 1.7721037500225512] : -1.0
[0.804592945849239, -0.14358545536536277, 0.4104488680429078, -0.1997243014439214, -2.2747703724368282, -0.9091324891448155, -0.1749932066021329, 1.2794492787152327, -0.030958487515825084, 0.49887143593455313, 0.39556284323980684, 1.775405188092718, 0.06776307170650042, -0.3652766894766219, -0.9911853045796265, -0.6418260130289136, -1.1382319621417039, -2.5894872207841706, 0.1495473500786352, -1.93012120234383, 0.1736857700392072, -1.1137387909236636, 0.1452701491925515, -0.1769019619661217, 0.0854141637409318, -0.5228558925181308, -0.21723699111843447, 0.6498951943997828, -0.02195068466354988, -0.8980682390837097, 0.9454225056894118, 0.720122768311709] : -1.0
[0.33573122502284014, 0.5195028444691406, 0.17182890086881752, 0.4544302768602231, 0.3830746733852348, -2.0290753478702634, -2.2378384479505753, -0.46546444778430374, -1.0019375382738833, -1.7645470181211291, -0.34166244338288343, 0.16619568642132176, 1.2167745337271691, -0.6702195723436926, -0.1734142409088385, -0.24234372796319067, 0.9712990343857141, -0.41257983807643606, 1.20826087630544, -0.33192325761553787, -0.7579822199457462, -0.9625485683333662, -0.4684067417303548, 0.2738461484245158, -0.21426984273517322, 0.9084949822852609, 0.4986465117919674, -0.2979486916867596, -0.0857307750234188, -0.8356047139667079, 1.1331195669611485, 0.32690151280953494] : -1.0
[3.2521058335971036, 0.5974426783588445, -0.9240025488933854, 1.065169446482467, -1.669527152358692, 0.4078529847102419, -0.03913422148834167, -0.3688995811520137, 0.22543859043290848, -0.4509553648076338, -1.4922799103123001, 0.10924866072103973, -0.020459382701518036, 0.9572097269049695, -0.5198505577371629, -0.05990577091301885, 0.042465868767607995, -0.20297408961911412, -0.33306241751211624, -1.481019909526299, -0.44807710746943175, -1.2594811264312469, -0.09334519105176914, 1.6089347397890736, -0.3727533069813714, 0.16526247272384254, -0.605588825775495, 2.7695718997378638, -0.5136475313297416, 0.005235688396582144, 1.7742422645191447, 2.650038962792446] : -1.0
[0.94548943953633, 0.4034095439566674, 1.1652087036081837, 0.5538290377103768, -0.01461491937559356, -0.7185610058816707, -0.12798747034380054, 0.5272027417835129, -0.19799291310150605, -1.5593507310272179, 0.3526015324073051, 0.05118186346588577, 0.07302826093674886, -0.6478762560199081, 1.4919154821779619, -0.5039536838066214, 0.12972748844865667, -1.1183745502795515, 0.25785116766508187, -2.0590914477322144, -0.7430657900992899, -2.2289035197266496, -0.1632961322012404, 0.3026814573980505, -0.2646520180779254, -0.7689878092817, -0.03650041332943943, -0.8450143484447956, -1.2887909765214385, -0.4466603380260367, -0.23027736623154538, 1.8479502305386981] : -1.0
[1.1239836846057119, -0.3989456575476487, 0.33510658978098723, 0.32754608394885465, -0.30304298643684835, -0.8192366490993752, 0.33377584641098734, -0.3539853492867089, -1.525050093496787, 0.06779757613687698, -0.12425006408991035, 0.8669066905738871, -0.5312034236573091, -0.8169226584038896, 0.29903243889094233, 0.14648058618688592, 0.12390770672717466, -1.0529084733826972, 0.7259872726182076, -1.7814620039976736, -0.7696008554746936, -1.7947380486530355, 0.9735695934434998, -0.5619159538296873, -1.4443732513292533, 0.868344437283506, -1.7790044143585706, -0.3711098981139463, 0.24925464382888596, -0.5874632704039032, -0.068919992664214, 2.0415875458836252] : -1.0
[1.2624993885767515, 1.0641868318062384, 0.25713752545774, 1.0000251846617891, -1.217453153665716, -0.5437411044475894, -0.26936951856320723, 0.28411333718638043, -0.03399382758575337, 1.126093542344167, 0.45539899188266564, 0.59522962645978, -0.6271433714182536, 0.6915604264605044, 0.706835053531258, -1.5190690264827518, 0.5118177164505496, -0.7838304351805145, 0.5857378595742286, -0.8713540093908345, -1.4476555018263961, -2.009583572603221, -1.0559873183075945, -0.7493404460681171, -0.22138241636741934, 0.0024606281818318476, -2.0416526809410733, -0.2796652901985041, -0.5789755128593319, -1.1035561238875147, 0.4444919290769555, 1.7321469156996656] : -1.0
[0.13346260654966935, 0.21337026356619376, 1.2073236457337013, -0.6449067828339412, -0.24055975974800037, -0.34415751387484667, -1.7741237813054733, -0.980879551516249, -0.7430853812011515, -0.3623869178381151, 0.6418050188862535, 0.9732747918553795, -0.9365781387504857, 0.4093662700902764, 1.8098499610996512, 0.03721355068959181, -0.08130599076650569, -1.1250099251344352, -0.41762678587798935, -0.8828138220591413, -0.23976436856544037, -1.0553891106541269, -0.4515054329353251, 0.2333427471866285, -0.32412914824227085, -1.9312488493999038, -0.19986962767634842, -0.029268456600248627, -0.279268351625795, 0.5051621085929584, 0.20569234056745395, 2.630738925595259] : -1.0
[-0.051951107816504916, 0.2244182049037597, 0.23836746180531668, 0.05691188073798337, -0.455740628084094, 0.5385016322201406, -0.3464506255534689, 0.10053507903074468, -0.3173949922809505, -1.6592153341996114, -0.018649305190069188, 0.4641159638833104, -1.312637904727724, 1.2544312201831187, 1.225244493103526, 0.4367415954405222, -0.3785170936262683, -0.9987520048328966, -0.6548742389423761, -1.2660207220602397, -0.24321640858064789, 0.0423981295922623, -1.4134061185244784, 0.1988361069724729, -1.0370072236044028, 0.3874745561047148, -1.2695842982631897, 0.890856783535827, -0.11932679490047265, -1.3721932734827655, -0.06495332915622515, 2.1679070231423654] : -1.0
[0.19842507165129541, 0.253822105618177, -1.2539739770976541, -1.1981095598209184, -2.785155222743753, -1.2730418638698855, 2.1249359522926987, 2.074166978763162, -0.2720396544356727, 0.35399897715741746, -0.30130464220398767, -1.0431920523609528, -1.3557654481007493, -1.0353037967271073, -0.9333161645720695, 1.8812120593752795, -0.8810415130481024, -1.944297822441867, 2.463621649700508, -0.979161020926553, -2.10071874032568, -1.551898981846108, -0.058847948313222195, -2.3454291642703584, 1.8303525691761813, 1.5907670007786243, -2.0036269049476423, -0.0760606727015557, -2.2085388288165095, -1.3464639175264648, 0.1728840384876978, 1.3044044183659769] : -1.0
[0.5779761480337501, 0.5206981834818366, 1.1487871571673167, -1.4293434377752292, 0.7365678351528724, -2.142952309165792, -1.0623745794007846, 0.31622114730393225, 1.2377794800123518, 1.042609203796158, 1.4986601678936122, 0.09352294897526156, 0.6228834025761298, 2.6766081314024257, 1.131043316681279, -0.6502521667859551, -0.12312545667415321, -1.173112157532293, 1.5749896940676675, -1.2067897462221144, -1.4642740126269511, -0.24630970809806538, 0.13995833950762243, -0.49717277492183365, -1.805508079222561, -0.8774962460439166, 1.2930052262152532, -0.37235948262147733, -1.418441070604228, -1.9503617263005393, 2.06321201943878, 0.29159152373009944] : -0.7333786704323508
[0.3633189425709217, 0.8852133105408989, 0.5002702011621074, 2.484087184545249, -0.5552899218014867, -0.10912044904396723, -0.11104198178266966, -1.6624192267329247, -0.594766080832414, 0.44702989488230727, 0.7522094263818778, 0.15791551954528493, -1.5492785764328945, 0.8715970322879857, 0.7159133883574166, -1.2640635848081117, -1.1436027801929678, -0.47247214709372054, 2.696427479443499, -1.881950648404024, -0.40374931179828444, 0.2568284601117403, 0.3685303403434939, 0.7707456185745524, -2.563160872041952, -1.7482997336428219, -1.325786793623486, 1.074092944260375, -1.63005553885613, 1.5081509882886261, -0.5897923258819181, 1.4959407099204578] : -1.0
[2.350574563459795, 0.8224394715607283, -1.5515958631233304, 1.6508645304707221, -0.43386447486561797, 1.5550695869057842, -1.2787896654611788, 0.6598683954901974, -0.25574718368165184, -0.5735843647148933, 1.0855950642752294, -0.6157648667418908, -1.0844104694409475, -1.5073777249813896, 2.150908970587297, 2.738800105925829, -0.6395715881978357, -0.76693380085073, 0.2808665191736377, -0.9133601354774495, -0.1224651260701731, -0.951052987167756, -0.5963468772581406, -0.9276330458912955, -0.957679166848409, 0.7021824812118106, 1.3070867887304614, -0.2968711176601636, 0.3889732094476156, -0.35488554020672847, -0.8267333828292339, 3.462604461572396] : -1.0
[1.6738433294106099, -0.018777569196433752, 0.967171826122746, 0.9176372473852166, 1.1136359215526739, -0.5078025059911417, -1.7295501506319235, 0.4999311302003157, -0.8964871761420492, -1.0565003390970715, -1.4108538628555787, 0.5761394180673725, -3.48033229532769, -0.1274181372889327, -0.3069184726210349, -0.8826567283689211, 0.965821542138097, -2.392838846498093, 2.876249590243731, -2.2314398850295305, -0.11462289233244106, -2.142735730571178, 2.8026921283401918, 0.8989989074324464, 0.2744430821649521, -1.885501597447631, 0.39836212643226776, 0.8805019272185162, -2.569507563523613, 0.1878878164230398, 0.10688872557970114, 2.129318245163676] : -1.0
[2.076470749674953, 1.3237994530388835, 1.1695469807476395, 0.09144175256790205, 0.15355976922090586, -2.011021166651247, -0.669185353884273, -0.7200951823359532, 1.2104046063769658, -3.1034246027842474, 0.6651268475980463, -1.0287341550681262, -1.8696308213532893, 0.8253928254610676, -1.2756225446669736, 0.7827607668720042, -1.2262189327935096, -2.309927339859748, 2.7103576869565353, -0.6616279552555719, -1.5857875878336922, -0.5386538140939365, -0.148844507383107, 1.116484343305929, -0.8424311443991417, 0.38895395010129163, 0.6054005605851324, 1.0401084569236834, -1.188372997117449, -0.7449049214498942, -0.6435880584285422, 1.9577156312484396] : -1.0
[0.8028312461748417, 0.3197945064395429, 1.934070634810035, 0.757665894028408, -0.09349277516959797, -0.17393560601079683, 0.16260250136684729, 2.648615390431641, 0.1943978258063866, -3.538968154933825, -1.5920803801720695, -1.9346528985322171, 0.45116635027468144, 0.8810410815292494, -0.7852065805605649, 1.9612177316138806, -0.4771333198045978, -2.185776015902534, 1.3257045439392667, -0.417045095872844, 0.33845374925502847, 0.06832847390241525, -2.9283408430875806, 0.15026794776890648, 0.2888544190008879, -1.1796421986173384, -1.0287025980019047, 0.49306480828791704, 0.46886294960209884, -0.01004538878858735, 2.1980731212039153, 1.9605588147712645] : -0.51501633904197
[3.9496879196154504, -0.704127136498399, -0.4739406416940074, 0.5369770165302474, 0.6788546052983802, -1.403958449662949, -0.8272061731513163, 0.12669718784284895, -1.1288487655309243, -1.543817994740063, -2.349786161372202, 3.450206349402874, -0.35817538599675974, -1.7211430442555185, 0.29836623906837656, -2.1423342401048955, -0.6194467811387042, -2.509025908693891, 3.0108272664602547, -1.1752320157918696, 0.34895405813442093, -3.718525116420493, -0.5195217000578153, -0.4621618185145471, -1.6306357518531973, -2.4041908495138133, 0.23387966084679257, 0.8139280878190861, -1.253853283364376, -0.02863565292553083, 2.036825761366358, 1.9708327711946252] : -1.0
[1.0511616859927508, 1.4033884414313005, -0.20157881670125904, 3.1692870303337215, -2.488436496605174, 2.4901058108699994, 0.5536720186016735, -1.6807361992826757, -1.7513628303744933, -1.4211347525531397, 1.1162042060272246, 0.20044100420983502, 0.2637488469962348, 1.5076502657173525, -1.1789394054068834, -0.1282706015839121, -0.24919966514054914, -2.199074341724186, 1.4534042351431473, -0.7018100867921682, -0.18388655094473327, 1.6319659738862389, 0.9589630206572946, -3.112959948962326, 1.8506472150846012, 0.974608776687358, -0.14000944789743203, 0.12714113473710098, 0.7558634964810099, -0.5812021360768944, 0.851163289709113, 0.6611624481863404] : -1.0
[1.4223968463891699, -0.17182700166921686, 2.0566606714594164, -0.6778857193801884, 0.6079668946236847, -0.5271744465333166, -3.220201736051254, -1.0346795949592185, -1.4126404131899855, 0.063228717291265, 0.4466031666680912, -0.053166705539634596, -0.24992604105216315, 2.068738019896274, 0.49355104325907617, 0.45589108841527964, 0.7043734487544018, -1.5762643969742156, 0.6250422804665987, -1.5342839652780869, -0.4939635022487372, -1.2647355435454286, -1.1482393970968952, 0.5390882340281898, 1.2103975215931766, -0.8621459628103277, 1.4354915593534106, 1.3485176086363055, 1.1881290678117549, -1.7130567533827603, 0.40170423399651234, 3.9791904855912685] : -0.47198026830499823
[-0.81707744934796, -0.40949892195027315, 1.3463074525119998, 0.4759603519413996, -3.640763485064223, -0.8214524746841075, 0.9343142518243479, -0.7293133520533004, -2.674239225239447, -0.10958700719860281, 1.3776185108904673, 2.0593819247105922, -1.0941428304580885, 0.14718082612418265, 2.0106829792306504, 0.7033267781864787, 0.19754140610485912, -0.9946565343331809, -0.5195115163923694, 0.5094027560467445, -0.49227499771412286, -0.9289254336787371, -0.03329171539078617, -0.19384208273260645, 2.0199396974904156, 2.843571212750275, 0.5950523510175686, 2.3739104670595506, -1.4406190747451193, -0.7562557384258022, -1.1314035872153951, 2.5377638896899137] : -1.0
[0.9630128766533879, -0.8735090403708758, 0.9636433313374301, 2.1443870089243116, -2.0226653579103138, -0.2408189158218083, -1.5582051863792499, -1.1766711053848147, 0.1527237337712118, 0.7027128890223258, -0.6156164735105198, 2.7317546398395556, -1.6673487093625088, -0.31672349601255656, 1.5605539409013693, -2.5847470046083827, 0.19390625723459634, -0.5098821022503564, 3.2651201733625195, -0.22259585262397885, -0.48764312570755086, 2.050016618246082, -1.2270942153473852, -0.7034629242327288, -0.7779086621143658, -3.3477386010706054, 0.1265678752679703, 0.7527287809459938, 0.3693357409328113, -0.20846554763048059, 0.6890984110926789, 1.4704754936094324] : -1.0
[2.1341643233667282, -1.136999920346975, 0.6068667208125216, 0.5089375811079235, -3.708813757746448, 0.0358896354916628, -2.8375696308301177, 0.41394368921580904, 0.3453113731070952, -1.5448938975888296, -0.8671987369019627, -2.4547058177148857, 1.359899832130723, 1.8115858616379614, 2.239927727109928, -1.0035105876847261, -1.2260895272068058, -1.8565358528038154, 0.36404263090109623, -2.8423785945987574, 1.377017877003964, -0.053921610313112156, 1.4139244118968681, -1.5560819714094136, -0.9230707663856015, 1.8419165274414055, -1.3838704312030492, 0.5658232574566678, -2.4425694772009834, -0.7905601900985206, 0.17343978851330316, 1.099767555943918] : -1.0
[1.3872276730634165, 3.038004758574397, 2.028275944276404, 1.411199729455675, 0.152122602015905, -0.785288504322944, -2.29088787449517, 1.3441597957793983, -1.399176873651815, -2.264881848670111, 0.10716957449472773, 1.1514904942955169, -0.599579276337798, -0.40659088386215725, 0.5668929862211017, -0.8495702045151479, 0.5164418978697218, -2.0715444271312857, 0.8827473588285955, -1.8853665002101692, -0.5099392041816954, -0.993681292961765, -0.5082826078721072, -0.24765043923656302, -0.2645493780938572, 0.7946576782104752, -2.5991810859343616, 0.4185516744789708, 0.8467904460841033, -1.9786137597160134, 1.7783843642233834, 0.9273734696962925] : -1.0
[-1.4285185294258924, -1.3604935232692261, -1.0845537474477287, -0.9865483347628593, 0.8558936324759974, -1.6071749769858628, -2.7243018171736915, 2.68490520327674, 0.7773610933847868, 2.1004028436335314, -1.4932598660093148, 0.646305657544809, -2.139204758788139, 1.6499292336535545, 0.10817301988494142, 3.3775275684875083, -1.0756650414386302, -0.9525516811479027, 2.2804863043606503, -3.0442469777014187, 0.20918145631436336, -3.5544965266621245, -0.4040333544105005, 0.7136038594210246, 0.8253458036657901, -0.5743276056921705, -3.651645104806005, 4.164811944690121, -1.7399017637909984, -3.959421471265733, -0.9548311437313742, 1.208187152659358] : -1.0
[2.375524631051468, 2.1772407957005258, -4.062189921019813, 1.0454748361274553, -0.3286837426820275, -1.6520212873293219, -2.4674326842516443, 1.6953953003711577, -2.8434214676646112, -1.5532815766366288, 2.096311651901996, -1.1708030717318811, -0.41198945502799655, -3.8723838567341704, -2.6229845673997403, -2.0643097096315377, -1.3682808773350636, -0.6435312212154136, 1.3283328447490943, -0.3274591436540898, -2.747323526246306, 2.35590139453001, 1.1224547547549202, -5.691012930213397, -0.5428745100222974, 1.8167798819493748, -3.8706260527737317, -2.8784867215197534, -4.011137131916393, 0.21259212045950915, -0.4797317143622284, 0.6535529918792724] : -1.0
[0.06790998142750504, -0.24653099080967666, -0.6329994235476974, 3.6515453607513306, 0.788224921703633, -2.7445879545987237, 0.10159616249816142, -0.9315929103885137, -1.7940492980509122, 1.85785592924007, 3.1192353404423883, 1.0726069598035604, -4.4215490009469125, -0.043331205773002535, -0.5355271417662602, 2.419710785878383, -0.31001959967147286, 0.8946647360125388, 4.962891680457334, -0.3280913035613705, 1.1823443773235796, -1.3475144807689192, 1.95136945093037, -1.0666910297981258, 3.1965808212881277, -0.05112208814879072, -1.0362878983892085, 0.5920367370440872, -1.5423156617063365, -0.17059681406874216, 2.3089789538994037, 2.869450532990519] : -1.0
[2.3433672192304975, -0.04230834085802493, -0.39883765934250415, 4.484782626018612, 2.054820541414737, -0.42339940284054367, 0.5576809879009632, 4.111814888733283, -0.3511644575228142, 1.056878701409661, -1.439782351353556, -0.38268098468601897, 1.1665865760155714, 0.9661435166814885, -1.256399209215848, 0.8925792303237352, 0.018222966710396582, 0.4319661089085507, 3.149704081063164, -0.8686216708316542, 1.6338708768971517, -1.7814730331545618, 1.514980729206885, 1.5104002332739523, -2.915380333931879, 3.27887839195047, 1.1377581843112408, 2.186564388737719, -2.817711556751031, -1.9927855734435285, 0.699876662642434, 1.9681744034166024] : -1.0
[3.5892088613373683, -1.9495519144389992, -0.18164756479470537, 4.119614926137021, -1.6190510950225079, -4.516381284017142, 0.17826637386538832, -0.502092538391633, 1.1594460576422434, 0.22079998327966505, -3.5618454081452398, -0.6530304714143752, -5.117939091192531, 0.25620679361410165, 0.03780131762807018, 2.511772587450902, -1.448346441470755, 0.017294229959806673, 3.006948694539396, -0.670624161023967, -0.32102365360923657, 0.7721755750013797, 1.6628290358545446, 0.9031550126657937, -0.8576795465172579, -0.8884500289616366, -3.0420020304412994, 2.1131509125508208, -3.7299311680895366, 0.31757342026717056, 1.632171836867317, 1.7947025116715727] : -1.0
[1.2604169336476225, 1.7115385824699838, -2.749185252496624, -1.5132392730255084, -1.9491421583202957, 1.8226411978341723, 0.6077019334485017, -1.7244269709735887, 1.2326686459474145, 4.935754094848745, -0.21469948343459586, -0.016571740995245443, -2.7560377604994706, 1.0494477740393304, 2.4636739016403815, -0.80784786802261, -0.482586813028262, -4.71548326623483, 3.592401775338116, -3.22808144598028, 0.8251023768192646, -1.5998629159165956, -0.07783769433451193, 1.883659286892068, -0.24785256842453798, 0.27262292158996815, -3.6283091610444727, -1.036763926238149, -3.414509324858723, 1.425465963055191, -4.503287040784143, 0.31958031481175486] : -1.0
[3.6802155168301875, -0.6535118424413019, 1.9620807249217362, 3.3392262421477104, -3.1956607767631047, 0.232459849642413, -0.899548273307732, -1.1527691010607621, 0.0806671550582046, -0.9108097660767815, 1.3098860326522155, -1.1266683915026552, -0.6669116903297219, -2.4138203564748077, -2.069375257528387, 0.0970886870464952, 0.7284568667092501, 0.1370298900146889, 0.6646693860575699, 2.769062216497704, 0.9411028019549991, 3.5835702592357843, -2.656683087252203, -0.7666167381945335, 2.5097385279798345, 0.9367639983711467, 3.2726866025184114, 0.8839876475158777, -2.3944649343458266, 1.3477857644157194, 1.9082530325423697, 0.46741166708615234] : -1.0
[1.0992751398580076, 1.41332952217161, -0.13701829532491, 1.2769326523879885, 3.820709799700973, -0.5983020920437128, -0.26934199406602566, -0.5180172757831473, 0.6502942861923842, 3.1596935102000434, -1.090207715333907, -1.6213461006967909, -0.912654966707823, 3.824975577338249, 1.5363513977732781, -1.1725421575469896, -1.1598791518841947, -0.4332780100466014, 1.1388346504166127, -1.7428834334189736, 2.2900901476042765, -2.262766871113577, -1.5162498054837168, 0.5438569889502227, -0.7441543423901763, -1.4644464237782746, -0.6501369076657078, -1.1403110804947243, -3.4683444467626416, 2.751748436947504, -2.903811022386386, -0.5329000599986886] : -1.0
[-0.3322629306408609, 0.18258913206183486, 0.34445628505752857, 2.2729468317213715, -0.2874955048287752, -3.095288229472272, 0.3419994926891119, 1.9437366555166897, -1.0606445097997912, 0.7991696846382159, -1.2465900726551988, -0.2633951347840486, -2.0455685827522108, -2.8547779673563083, 3.5867583029977377, 1.4164732147776165, -0.8279387361755455, 0.6622278315693169, 6.108293203904266, -4.058589881343062, -1.1454642357757767, 0.6673911414353764, 1.8503149926582436, 0.11974152847551711, 1.444285296926032, -0.7755489091409014, -0.6162429168205681, -0.8280293717370018, -0.42551692512342565, 0.9611806498795099, 0.272511024478135, 4.148543095150852] : -1.0
[2.004186451377466, 0.35392365693349426, -1.922586438191388, -0.531103245128446, -2.941533793914731, -0.5928326922563917, -0.5945998866307213, 1.3155343212475854, 1.3791399596682807, 1.2867383007816104, 3.32040302416555, -3.7001747458111396, 0.5471063852389197, -0.23031182758576538, -1.0915420037376027, 1.3111865856921219, 0.39558667996727026, -0.0668921358010699, 2.2240472742640605, 0.3625819533142469, -1.2993616705817963, -1.2426293896602758, 1.8666557914278785, 1.9793473743965566, 3.3867968057018665, -0.6423583080207184, 1.301770848037905, -0.7198492467661999, 1.2210554743635387, -1.0460116237621704, 0.40015851181292716, -1.211501401859888] : -1.0
[1.0784054063612676, -2.6738693622687575, -2.7050333990826747, 1.045526827618265, -0.8434581221367842, 0.5517454621373197, -2.380103264375637, -1.1335071966022383, -0.29177567759970024, 0.9087881022982018, 1.361249047922438, -1.5447153556703244, -0.7250223253243687, 0.7665500041388038, 2.731012393347265, 2.1829072368283873, 2.735658616041056, -0.5565556617294966, 0.3987209762856676, 1.2665810010834442, -6.6862049979183515, -2.5881244416589997, -0.5773348113805359, -3.100442256508573, 0.7309588506997978, 4.169332289586465, -1.404826255809823, -0.78081626463678, -1.5039953449582446, -2.2928318602218174, 0.7698883412958525, 1.6585477980499579] : -1.0
[0.6274490510454107, 0.945000916268522, -1.503717671935427, 0.34735375866094687, -1.3989575971921484, 1.643504044303808, -0.28176553858997866, 2.807673043538567, -2.9676404339520452, -2.2766033656151414, 1.1110789029526542, 0.13577127868923172, -2.6363025371978015, -1.4228961259466828, -0.7900450923281643, -0.7100105517551658, -0.4921825754454726, -1.4212538187974566, 1.380372706862036, -0.985370924773451, 0.7613856669878921, -3.1722888054094187, 2.3862376262623237, -2.1158986100457846, -1.876548068229901, -1.2699970454731437, 1.32217347379999, 0.8556312386707237, -1.4757625070622926, -2.914206310945063, -2.007883182663413, 4.57667684033159] : -1.0
[5.633507166027195, 0.1131574563301766, 1.6106566904168118, 0.11115878838746085, -1.0948380798079256, 1.0083846407126542, 2.7531205188217585, -0.42323914274571217, -0.27267011542957004, 3.753054416373877, 0.8887804229654837, -0.4723114845075113, -0.2651113355755732, -0.6160731122981156, 3.597342071270739, 0.7259598500610487, -2.9059620917141995, -1.4566672115268764, -0.8955994493335102, -3.039213886876251, -1.9213646135601121, -1.10291410411413, 0.0603591621423806, 0.0031364811077129184, -1.7836207771444217, -0.522676432298155, 2.152353735359153, 1.101346792179789, -2.106432612622433, -0.49082656986311307, -2.8868689799796883, 4.712048811184827] : -1.0
[2.429731300832356, 1.041290045584875, 0.2800754097230729, -1.7888433287644419, -2.022374019439317, -3.273037699660133, -0.5560033618382466, 2.564276872338821, -2.002302607699552, -0.05194959038842373, -0.9150812472718517, 0.15223216324423627, -5.018449904470154, -1.4613476997009416, 1.4295701238008331, 0.9402183377076925, -2.609787572816203, -2.617165463308309, 1.1073929449149156, -0.5975472925378295, -0.3417861343924662, 0.1515850973285262, 0.09911988133424601, 0.3437195728761737, 0.8406100652165662, -1.6737875196151315, -0.37776201105989493, 0.8379596251198342, -1.2038934196299533, -2.330515148580792, -0.5877674043609309, 3.5432063954714152] : -1.0
[-0.6868520093877275, 1.6966953392513022, -2.468962597376888, 5.0766797335701765, -2.222152820106667, 1.8122527728185627, -0.2945617854989959, 6.313834766736738, -1.1364225700391426, -3.4606459250387878, 5.644416155368115, -4.090327018265739, -7.237431304185153, -0.4862116697430139, -3.709882879983813, -2.84453599698774, -4.276891512936465, 0.6471768479133722, 5.40502268180269, -1.3635878710986857, 0.06390355795675084, -0.6578830791689461, 2.1003599737922003, -2.1448574752481147, -5.8050298055415865, 4.363152884510314, -2.986175703179422, 3.2619625761948194, -3.5470064752752313, 2.2461533090712416, 6.281056921624805, 5.500810713140748] : -1.0
[3.2606393624946586, 0.39579946304538344, -3.7050205558551412, -0.39311312573165313, -0.20533657967944324, -0.24852076569687642, 4.85178670521314, 3.4393659900861437, -0.8973971286998312, 3.2040975477138987, 1.2328892541434389, -2.406717614049997, -4.5791221068619485, 1.4005763701448113, -0.9098657850055322, 2.5965107394944953, -2.0783359644948876, -0.639203189426361, 3.0099942568928393, -0.8886585121487574, -0.25283343510941536, 1.2179916417838523, -1.1453205490725316, 3.8759958720513135, 0.7475899965314181, -0.3681566756455279, -0.05324107361796093, -1.0568222026342327, -2.8168651601395807, -1.2028994981851058, -0.5373087519462606, 5.617439605044005] : -0.44900972192937677
[0.7072688728385783, 2.1898030546808505, -5.476100737976217, 4.224394348510465, 1.6259724698363722, -6.589679678309141, -2.824662387266878, 2.2923941717464675, -3.0654588771978033, 3.5836049355680473, 4.433158111228976, -0.1959822376705352, -5.4662021287043645, 0.3068550928803485, -3.6372248553558957, -0.4012483272788394, 3.7016831412911326, 1.713552101855282, 2.2047821377661583, 3.4533941506068784, -0.38013017296456897, -5.535835922427183, 2.7345908816462794, 0.76155579586181, -3.3440319355227865, 0.6761097896510293, -4.484161989213825, 6.076354248727839, -0.9609533369803807, 0.2740999740434964, -4.053169188114942, -0.9575364089485858] : -1.0
[-1.6205294340732082, 0.6970071784451672, -0.269551677414102, -4.604556234229161, 4.827352543003288, -3.500242873605086, -3.7877195071397707, -0.9738720776160454, 0.3540370638504592, -2.2580895879630347, -3.593183049420345, 2.5249181468528312, 2.543158951164414, 0.6234085304049721, 4.895675309527499, -0.6107387327595244, -4.188330801253305, -4.460250948047301, 0.22054280105456003, 0.5627734514941718, -4.472414729969563, 2.181767178174394, -2.496804480360548, 1.3191133014628167, 4.490359855798097, 0.7613869384600033, -3.87971023452934, 1.6004744957917227, -1.7361675210509984, -5.075447922393581, -3.0690398006232376, 4.848816940837571] : -1.0
[-4.99085692194792, -1.2951277187973036, -3.034680251349486, -0.8076795598159046, -1.6103900913396694, 3.1540566429542514, -0.48571368442145213, 3.9080277460008457, 0.059155992093386955, -3.0192726739671785, 0.700098809597483, 3.7311234736653622, -4.601864275372485, -1.7112363042179943, -2.023060417115576, 3.2150839957959088, -2.802113515719045, -5.887554720765145, 2.157570052130137, 5.341002160103415, 3.478862709296378, 0.716104816062964, -0.7539509195142664, -1.5321543655358854, -6.901774300459143, -1.501133367162436, 0.603012339657687, -3.087810671250553, 2.549063705722238, 4.662058161289986, 1.1456851946968862, 2.9542699960500403] : -0.5061131390658292
[-0.511133545097253, -3.388568757155272, -5.5071227089717105, 3.135147142630328, 3.684533391439334, 0.7066549358022745, -1.7295950252797239, 1.9016514209404405, -4.966110847049828, 1.8373611982875606, -0.5291993676898, 2.375072913367377, -5.2195599722732595, -2.948027923889724, -3.509466573560775, -0.18328621292408265, 0.9650099192843732, -1.168188092080562, 0.6891355886712172, -1.7681736960457815, 5.715315890716832, -1.6760636242926947, 1.6987849808081974, 2.502304530161805, -4.38471138369953, -7.243542873030926, 0.8212113740335925, 2.105071154953515, -1.583958169063098, -1.439385831641268, 2.868511063357192, 3.931233924432329] : -1.0
[0.14331274595299393, -1.496965410010248, -2.5275336055244693, 1.2295632880793592, -0.21147717034168056, 2.102002747767928, -3.866424936461671, -0.5405223901353879, 2.24460410889127, 3.4872124613890163, 1.61731453123859, 0.7442340688486866, -6.39263251817926, 2.4823448994628525, 0.08447185317195882, -2.0741925739857834, 2.203111395837123, -3.297518999172027, 6.0312074899606145, -6.627783799694402, -1.7704041647754383, -5.629741918394626, 0.4878178312744511, -4.441808726365835, -1.97913964603806, -3.2344329780572396, -4.57976141304327, 0.322686774946502, -0.14504786506049117, 0.736350854959587, 0.8650788515743951, -1.5435297444029734] : -1.0
[2.9817138805153194, 1.5532566585301761, -10.071915065008175, -1.0518701240779786, 0.21557337429509948, -5.601616883424928, -4.057636341499199, 0.44450940667972616, 0.1143168098145736, 5.417670685609085, 2.515859298132984, 1.577839431757376, -3.2199599962132197, 4.158731666041929, 0.770057843035407, -2.1615515549929984, -1.4532011833007514, 0.310511437867096, 1.77723529513979, 3.644884957887541, 0.09022257768623684, 0.38619726069167815, -1.0794297556907062, -2.8814758496680897, -0.15779307338452864, -4.141145280376915, -4.970424043205979, 5.4304492391561405, -4.336172819378806, -0.4858277707433635, 1.717431665242094, -1.1782866083987895] : -0.4479085748845881
[1.7193228322426108, -4.733135825453004, -1.9533525958209037, 1.8155342765367735, -0.5434349796157488, -3.0146176996964313, -4.604137150739959, -0.6588225022226302, 5.959515271470292, 4.1561540749434585, -2.8435166046461164, 4.415299938065742, 4.367589855682169, -1.6414303233387817, -3.1142127293358164, -1.7976217067875206, 2.6275349394669156, -0.47235678375013856, -0.9964684995691888, 4.213719868105139, 6.482047858449091, -4.788127958145566, -1.188733432791455, -4.051622369703005, 0.6577713219633188, 1.1958586078037818, -2.3114183425281833, -0.6335383636415848, -8.335372130949196, -0.8051902893661798, 2.1244582861803427, 3.764460076039632] : -1.0
[-1.5405858746674286, 2.1895679804150507, 4.051317858710539, 1.3881693095906884, -1.4800367659410254, -1.3295340208978046, -1.7637101176897818, 1.297000835511506, -3.8442274104242715, 6.4122965193752925, -4.672715322071524, -1.8863034541250618, -0.4545244815438847, 2.756938398598904, -4.842210828118505, 5.814366107976788, -1.7920851999663663, -3.816096929544303, 3.4834976978800993, 0.6379789232638602, -0.14973427789287633, 1.7092928288455145, 0.2672980747501529, -1.7116296428005935, -1.4621012573915173, 3.1258944800813664, -4.9607223741058615, 2.3652791959993973, -1.3577129952985358, -3.7496114086287378, 3.0890122497273516, 2.2050121656123647] : -1.0
[-0.3092273265839469, -1.6242790981518302, -1.3313318169575432, 4.452234759019188, 1.2963360665212482, -6.420258605652881, -4.841953275460327, 3.695078529567125, -3.2034569873405725, 2.8611224421026993, -2.218180354926951, 3.5978228785918387, 2.0889836922905607, -0.9197888148554527, -1.2486724364376869, 2.033985290482291, -0.6151998119430147, -0.2670166747778542, 2.751611266740213, -2.023781887258375, -2.7102102131967483, -1.735342301739263, -5.769890859593069, -0.26629602265285224, 2.459187199355703, 6.083371720576443, -2.635727209861357, 3.2272004950911795, -6.201562736088207, -1.0174272592631985, 2.6172008655266854, 5.308328007165799] : -1.0
[0.2322555100994219, -2.391784922295095, -2.649873246030738, 4.082357735949496, 2.7626009535592817, -7.814076563817665, -3.268494757580066, 0.9566644875920153, 1.7097115170871104, 0.8842705048400961, 3.6063906940853236, 3.0917055324130964, -0.30430065680878404, -3.8618342274453745, -0.08339444725654421, -0.4052404428868215, 1.7394814613988392, -6.13319139744518, 5.352006334803633, -1.7721240107054919, -2.7978589139397556, -1.156694613019493, -2.5893299938539878, 4.3174170235243485, 0.8046775811500524, 1.0115450151069734, -3.076190318583298, 7.574938788902767, -3.161544985982298, -1.850393839794346, 1.4684508730062686, 1.6538445250554752] : -1.0
[0.9985851460675174, -0.05209707609258298, -1.9840498192414846, 1.9090680245542857, -2.4665606520087056, 0.05738891041646399, -4.916201867979327, 6.5807976550662675, 0.44893885983178283, 2.7219093896135567, -8.216658528324857, 3.6331935842634833, -0.3246030648243421, 2.006494121612032, -2.427608558126872, 2.814045819374803, 4.297601810517035, -4.925264617362999, 1.85535258432975, -3.6177790846569913, -1.3729387934328394, -0.9734969866201539, -4.813458239959273, -1.8728106610039796, 5.064266398704991, 0.4274998202349263, 4.615077085280434, -0.8735050614118898, 1.4791678409979903, 3.308102170171959, 1.2963864718548863, 0.0301433211362363] : -1.0
[4.228245257299962, 1.4896509245292417, 0.6614590098434392, -0.6464649813273289, 0.5797142244543345, 1.288945537772462, -2.7905360411469795, -1.3130547057541484, -1.8810198178789652, 2.3689374039891327, 3.8466290937999474, 0.4930651906152445, -2.403233576713543, -0.6757149727533871, 1.6098041847736524, -2.7322011520896865, -3.901663526949745, 0.3871480008112289, 0.13267915507283012, -0.8396258189750387, 2.075180636157801, 2.2747773418437887, -1.6423494045584748, 0.9179835300680326, 2.377442103986477, -2.317533213322279, 2.6677631375564985, 2.6717542615894065, -4.124057096327359, 1.1304091106279914, -0.7254977102191986, 2.988404425808402] : -1.0
[-3.623893571052784, -0.91273510088392, -2.6740084469928225, 4.293024254509776, -3.0045567479188335, -1.432877211008878, -7.926954685637986, 0.12170477204963825, 5.667062000131354, 2.4475438123595517, -3.8972832757682196, 2.6419936108370754, -2.8783313456227853, -1.8267542311722202, -10.42337345195262, -3.06597011045451, -1.2038793340150609, 3.658077737464243, -7.046532807221656, 2.3926521163655194, 1.2122812547980168, -4.714416214101377, 6.095844466579345, -0.21410624409205892, -4.34634026208206, 3.2876221197426556, -7.009057925424186, 4.957567859444726, -0.12978163261991504, 3.2418872300934365, 0.043773440058998414, 7.371063012805584] : -1.0
[2.7162416032331596, -2.526399090195669, -13.381045148259407, 9.137391777930834, 6.415930359304337, 6.3995365559556525, 4.186151001410529, -0.07742494779311615, 0.8805061115485275, -0.059357562501253125, 10.051661908402483, 0.09787885159474008, -0.7673476588622239, 6.0127094553359735, -2.279068133773308, 3.4330098892823946, -0.17210248803194228, 0.9731760476312348, 3.716354465882973, 3.3013306175510633, -5.12706788676942, 2.021080655662877, -11.856439036218, -7.747818265240627, 6.118298429740367, 1.1123578780009873, -3.7290985493600894, 4.177376182878364, 0.07705494297236992, 1.998735754650285, -1.155841544093953, 4.265225275300002] : -1.0
[1.1860883346219064, 7.32350764134898, -2.0378894515784074, -2.3962954913260877, 2.974929108638059, -9.999414707200662, -4.094279832090949, 2.998487277860681, 3.691870136193847, 0.0698879386657369, -4.234940017791181, -5.353811067999772, 0.8726879913605732, -5.587701166479647, 4.423490995867686, -0.23107287180358238, -7.858399614845585, -0.1603865849874887, 7.1660323191617215, 2.4751915909029614, -2.7060767234530743, 4.363445986120652, 1.8956431692085078, 3.4511115577713376, -5.382485958652813, 3.2228934648334993, 0.1123079134605991, -0.13014406506302878, -4.222099669892103, 2.2842130920772465, -1.2248472480071133, 1.144090069599319] : -1.0
[3.1351625358769053, 2.42846778076132, -6.668555561012765, -0.20756815517440907, -0.07346930111762184, -3.407109558642126, 1.238354174250877, 2.9484046550245164, -9.032969286228106, 5.562361808327469, 0.168016405948904, 4.532680837856588, -10.244176099971384, 5.919355789835622, 2.693499872867754, 1.3132079734731468, -8.964827148775193, 4.335207598077418, 5.661769877152179, 6.038416329868435, 4.049976690323057, -6.526285859608616, 5.972122937563799, -2.9518244815243406, -8.793292699197222, 4.347104003126024, -0.6889369323270262, 6.090744640665127, -1.2929626121514861, 0.7345481658569811, 4.424316449360886, 2.7230000217616492] : -1.0
[-0.7169032988032669, 1.644223171815299, -9.801184310402355, 6.208096908001398, -3.099614193505507, -3.003735770663825, -0.22520012220923924, 2.5845685549727184, -4.999248434230132, 3.141426598589374, 3.763255828598487, -2.447677791634952, -5.027629729040526, -2.7493989047298846, -2.1468118256666213, 0.7229549000302118, 1.9127810843764492, 4.516791470558324, 1.6948533365133498, -5.0773129671040165, -4.19190977772327, -5.761711654117105, -1.3984595897770167, 2.142292601720861, 3.207203458172567, 3.6020142270729467, 3.4550949517305964, 2.559446137380539, 4.930045633991117, 4.190550713568217, -0.011269103587051132, -3.2730257473280764] : -1.0
[-1.8084142719181506, -3.2173850896025433, -5.670885309670897, 2.978706861122391, 4.085053169641449, 0.4121622956253239, -0.8915307722381818, -0.7106933294647897, -0.9826645711366873, 1.3781749609647291, -1.3386733928284933, -7.010065295374513, -9.176931166782428, 7.368974984856006, 2.704896961883879, -8.955328100282362, 2.7386167137639226, -6.7777629467800065, 2.8848357402935605, 1.2137999840354774, -0.5296858099818262, -1.7536931049001376, 2.4917104084880823, 1.7897143651256806, -2.5268273706288973, 6.257984404398313, -3.230830996563697, -3.019706741077054, 2.3957520869347895, 1.6888618938457547, -2.7001817093541627, 1.281927611341081] : -1.0
[-2.9025598588035413, -3.51737212351442, 2.180952050560797, 6.459703567389791, 0.7608678671208067, 6.898657736173986, -0.5310006762864787, 1.5384722053750561, 1.8635710602543132, -0.8796614049017419, 6.610273045601112, 3.3994096677308363, -5.517989459759724, 5.686400608537687, -2.1383116448452713, 2.5996451131975165, -3.081343030845722, 5.047343833942589, 13.479033894060693, 2.8122100102573317, 3.11477370850101, -0.6033199616764, 2.4922490530913555, -2.056118056540528, 1.499135109567185, -0.8046269399264827, -5.346523775599924, 5.338129941758721, -5.475961531448542, -7.898744751671987, 5.175530146932888, -0.16045209204349664] : -0.5089938857338645
[-5.638626833840711, 4.470737895843708, 1.086651527582358, 0.6925131008597567, 6.588861538488107, 7.4035383135184105, 4.364375069377365, 6.036478727788268, -3.4454868694973007, 2.1369962357576426, 0.13461691086361283, 0.24945414134274224, -7.340709336556031, -5.346193851044757, -7.36654549625783, -2.729181676900027, -2.666292713175756, -2.7338147377784834, 8.45330488236613, 2.1218120090254207, 2.7737401547005023, -4.310906589551715, 4.137197323138544, 2.0270330472723392, -7.55486287236222, -2.03916415350387, 3.3379902688688032, 7.7814738656424, -4.752954088738336, 4.2307176679571805, 2.692155793562839, -7.732053341246972] : -1.0
[0.5107349281853504, -8.567528885546269, -6.41512959940167, 0.9124368245153989, 1.7696786036525411, 2.343130866746782, -1.5954068446181997, 0.31356633409243706, 3.566811695081981, -3.370888958927631, 9.327416834629878, -4.233314749925247, -6.9524959400158615, -5.045449973749636, -2.3644887660716294, -1.464547436051476, -2.9955384153052935, -3.1285021143630725, 13.3997612056987, 2.213214724404349, 3.2074707759173373, -1.4729708481122823, 3.36117935958333, 5.797559044745693, -3.7252562921378094, -4.0492407649971565, 0.5820777268647572, -3.139727696583118, -12.168137072290119, -5.732365829254594, -0.9404417271287457, -0.3875158701859709] : -0.5016589598222212
[0.9806619385095403, -1.947307768345554, 1.0208606327921403, -0.39254302796729057, 8.59268218277565, 1.519460484531336, -5.650019930040428, 3.7751516387512183, -2.199619907425509, 0.05100395558816738, 8.9931624919726, -4.280823866717717, -8.442901010599233, -0.08801384433279615, 3.4374627846357964, 6.026155259111666, -3.0293383476644165, 1.908802596983854, 6.006515481931491, 2.1871291527769148, -5.554600369262784, -9.602625069018494, 0.5216836773323623, 5.207183884253642, -3.76652425430878, 4.544605199070355, -10.257772599395288, -2.7718948115617454, -4.90448234202467, 3.470928126509279, -2.79665501357427, 2.21463090157195] : -1.0
[1.8964549565314468, -1.654310182086476, -2.3634636036894365, 5.598380812814318, 2.17824078678605, -0.4131078672136821, -2.847874937636302, 9.205318554701787, -1.1333937566362724, 0.3227347934088944, 3.210132184006655, -10.122132355530455, -9.156268810309818, 1.5899389963481785, -3.1354243464508356, 1.933037921536819, -2.2891116936673006, -2.636148498723238, 5.248159773641724, -0.803125048042266, -2.852975796450473, 6.019066527880869, 9.006963138985732, -11.29562103408881, 1.0819211185108206, -2.310022415794895, -5.34429885188135, 7.062553358230986, 8.344601415257856, -2.3890857358663857, -1.5430815796496888, -4.768365846671705] : -1.0
[-2.7031035168046573, -0.9415110509874551, -4.910247350182135, 3.508213305214973, 1.852550379309501, 5.671498884445301, 2.7866874919696927, 1.1859608241831736, -1.6807134683609295, 3.08062028608474, 9.385193199833825, 1.7245109731910622, -12.872606615844848, -1.9514140325203693, -2.3105251849100417, -2.9179201375294723, 2.6848559997574237, 1.959755131363706, 8.110264156175194, 1.9117153871353683, -0.9758560811157793, 1.231929478751483, -4.793824872192273, -2.324273627028483, 5.880642348305226, -0.08626278224250605, -3.57820937403465, 2.6974845861355967, -7.085562972616078, 7.308514226100562, -5.560032735452628, 6.367938700301517] : -1.0
[4.571963755002364, 0.0772691874289898, 1.1107047349676433, 4.651207527544166, -0.5620432231800213, 0.9557841865862913, 6.8120287678726825, 2.0920384480581466, 3.594750694220945, 1.406243787195131, -2.3229467098116956, -3.3176595162381632, -1.8042764205441162, 1.754478143167519, -3.87738768669814, -3.3472210647087786, 4.55122879288966, 4.3813124892554285, 4.3664830782615915, -4.297235390346388, 1.311489584959476, 2.511605648774913, 4.045604499234222, 3.9403836860785866, 4.564741547713998, 3.2219399010934584, -4.940000288852664, -0.6361011029222992, -1.51314299751623, 4.2933770787751975, 3.128091269984113, -5.163405468684414] : -1.0
[3.953857113454895, 0.7392598407215216, -0.14941855714418972, -2.4168317089087745, -2.3356137164843145, -7.806937907328928, -1.2469838496586707, -5.8597471470952245, -4.343814787506804, -0.3066554465993496, 1.803572383197549, 3.501022501294776, -4.086306267229821, 2.2298006957570387, -3.9301276358425112, 7.60613160407919, -8.424905298282455, -2.720642073054142, 11.615750367559041, -3.9451296468215493, -2.2704580602638673, 2.1881794206374146, -4.5913404305675485, -4.169800821464721, -0.4890740250539287, -4.46697488769453, -2.6133791776037207, -0.8781853716941774, -2.942222602094955, 2.107209998312598, -3.6261606969305697, -8.24181651599583] : -0.39721913771195844
[-7.824462555779824, -3.978593260088739, -5.978352502661791, 10.05376967553115, -10.509668180959581, 13.577668484397014, -5.381285224383424, 11.101848914576117, 7.69174938545265, -1.5150095706242004, -21.01229270747481, -11.218141445921576, -5.320877552819949, 2.606383717117586, -4.386485287051531, -0.7321467705801892, -5.202468767728033, 7.513281702309602, 5.069481109272718, -2.2639076654502532, -2.7966360229149996, 6.851354201270547, 3.569200675878084, -6.260281560781803, -3.7999506331593262, 5.170367265647421, 1.1188632466506436, 0.9173201439795271, 0.07832652940172741, 2.542928113325525, 0.34282336952626496, 16.479348992914325] : -1.0
[-10.639409865602609, 3.474881188015209, -9.061936407405451, -2.093102987166457, 3.5309548027474715, -4.474679964306396, -8.853214491503348, 24.196156718439312, 7.991918010111875, -6.529916272260481, -0.9798467277370001, 16.793654410346516, -4.177174613009116, 26.39132377502639, -11.841710212743514, -11.671393326039924, -8.703272977052714, 7.082648967250995, -1.7390387023921596, 7.475719155816366, -4.089910138625859, -1.6302050063129756, -0.7362116032959349, 2.6002238627024026, -4.562691710871408, 8.774014751243694, -14.992584903124094, -3.464458224397243, -13.949872206600917, 5.6034111256736425, 0.042609825221043646, 13.935733974025757] : -0.6598109331997958
[2.3804345340351545, -7.774627491063431, -11.089823738795644, 5.755724111687206, 1.9697477358001003, -7.9767960132873075, -3.4075238245293367, 7.421977906136872, 6.9592314416797025, 15.973132976567825, 11.621373968107031, 2.0099640173644673, -5.574246182636468, 4.255833902069005, -6.143228518459276, 0.06551502854684521, 0.31691371822394165, -11.452945774767752, -9.933057975315508, 1.4128272461686429, -12.641845288580646, 0.1841939447234393, -3.3110115725717746, -3.095949221605428, -8.114034379159335, -6.214034816986982, -2.1565293969679433, 11.007817687164726, -10.711245384139183, 3.9396350974785648, -0.6095219802785847, 0.6063884609180032] : -1.0
[-1.8990891801469876, 0.8282228323163849, -0.801597066022933, 8.142602572451846, 3.4329238033659006, 0.9346353973724109, 0.10390961927720266, -1.2301403778434483, 6.549765458263904, -2.6283880607138044, -5.675706860124608, 10.152518407822782, 1.0871395084585815, 13.239303140932345, 2.8024136210738995, -10.105142070261241, -8.982007971778682, 6.486044136962017, 8.790153598578604, 11.232109249042356, 0.32432477169739626, -12.861952066259033, -8.362947313714557, -20.392815734767666, -15.455966114476256, 13.227855662397342, -1.0786786261392827, 1.8110457059970635, 7.057321567102642, 6.259785402354384, -1.7494151900689254, -0.6757367674923107] : -1.0
[1.0218730661750766, 1.7505332703755867, 0.49966184508440037, 5.987183399986023, -1.9582710113910944, -8.702095717612137, -6.090921167754768, 11.104216711792363, 4.175653502910154, 4.689808962404528, 2.687217578604133, -4.6884415358747376, -5.333130698159037, 3.498465358250785, -4.736176321840787, -0.36558965546444533, 10.750935571644684, -3.711340392821845, 2.092219825216861, 9.124114250140043, -0.43569176241400154, -11.341142207093952, -2.796280257540445, 3.4491328749470282, 3.4850895520170195, -1.171873435418889, -1.5473094755019337, -3.822246314186049, -0.6604980110603381, -1.0550732455523453, 6.695168700063402, 7.621985098760653] : -1.0
[7.844201793656067, 15.397448736704796, 0.5601416224564613, 0.4076882226917138, 9.728824408624487, 7.627250535495042, 9.477283877324318, -7.141459150007382, -6.610274557455667, 5.9590355820702925, 0.47457826103236944, 5.485821088403015, -9.414671817742079, 5.056945473968111, -1.8427972615438075, -2.7669523812364374, 15.242643709700562, 8.378494894772349, -2.973711836010912, 1.0483545635912768, 8.207129927435311, -19.350284728994904, 6.053489013319995, -0.9863565972467612, -5.645700552633864, -2.728211724218097, -6.430746713041929, 5.303160186871627, 8.011693186346946, 15.416169101395143, -5.507390533071966, 4.3979106283120775] : -1.0
[-4.757747133557594, -0.2015045105536627, -7.53559144728965, 5.384305211478379, 4.3060585456120775, 3.7197035190461634, -13.191819905627035, 9.212450933322042, -15.238639227570928, 6.531683644394002, 2.1454356611492265, 4.8584605773338065, -4.679980141785353, -1.8069353494536637, -10.352998253063557, -9.648044464070269, -4.3850721228582055, -2.0848261453090995, -2.260176981292725, -3.280814450120977, -6.577626194047718, 3.717889892209338, 10.07754690573461, -15.03532638322946, -9.753364744245777, 4.399900878751232, 3.0112009530310986, 10.927058473267705, 10.469554596470402, -1.7434134017373606, 5.733096604120171, 2.1902105058291963] : -1.0
[7.653613886159981, 6.292441175423704, -3.323398973053174, 11.372047629854904, 2.751071805636718, 4.620193402676056, -5.860739285725102, 2.635921564339047, 5.287315669529027, -2.402680951149407, 1.32317698290812, 8.629447662902315, -1.1345028151099719, 1.4827050468666725, 4.059883035227509, -1.4265336009450138, -6.433624636484234, -4.502818474120306, 9.67469512490258, 0.9550869652697416, -7.3390254158280275, 2.733453153472139, 0.0628539892045441, 1.4094964843930904, -0.696643494884114, 8.271890395249905, -1.1580329075157119, 9.717135546912726, -3.7666173637970592, -1.7690895789071157, -4.052403150801505, -8.348629522803487] : -1.0
[-2.709725673079074, 9.01796067450228, -5.025997835638291, 10.456274547780595, -4.828128603942995, 5.29966593370683, 6.7211005653947895, -6.770052801141858, 6.8563764887643766, 2.25930507210792, 1.804462931542007, 0.99030807372832, -0.029700444787755576, 1.7588358747432629, -2.4266290134537547, -0.27392278431469597, -2.788646529816943, -2.5279981719629845, -2.7884291264104126, 0.5235741829155569, 17.299827763467412, -8.060925266374232, -0.023182061440280732, -0.1542433856066212, 3.081986140334642, 8.09633736931972, 0.7789534614883609, -0.18797963167816834, 0.18880873043520136, 7.626377153238604, -1.5429162791381412, -8.451980972489112] : -1.0
[-2.1648501039501733, -1.3845725225156613, -10.160891685912521, 15.7026354832552, 12.8156088751892, 6.387071655467344, 3.6183013308216934, 9.32871064388526, 0.7073153986486977, -7.507911156906385, 9.445672294571617, 8.639718670497096, -15.828718541418828, 9.46978583306706, -1.768937359640558, 0.6830531736554982, -0.8185957890020759, 3.0580602118090763, 5.111271866138669, -3.013858419990355, 5.4082751221424585, 4.154969362436992, 0.47552505423674635, -8.440058687752977, 1.6078027786376121, 13.749781405861992, 9.699981342367373, -6.600659438535969, -9.096869529869869, -1.7752711374662034, 13.341442564788723, 10.07384710381781] : -1.0
[-2.5131877319095297, -7.458917759072553, -6.519976851600502, 12.217797253176284, 3.6270170478637427, -11.63880486123271, -7.547997237629147, -11.24096673983148, 4.221463695155733, -1.3870570438655756, 17.06351652786863, -3.699011430171661, 16.623743708519136, -1.32246005731795, 3.61315551069665, 5.322634165747265, -4.493536524003204, -6.544864402683764, 5.973751740256673, -1.4143229522744956, 1.328716156897087, -7.05910248363343, -7.913856251726806, -0.8382272883749597, 1.5197546079253326, 4.505981339180403, -7.398063492731524, -0.8253450142903893, 9.58396806524254, 7.413705433166889, -1.6570590663702336, 13.14918423125641] : -1.0
[9.979505303442071, -11.930046674117513, -1.5624013317829126, 1.70538269472787, -4.525906910642262, -7.580559832614206, 4.679985141258483, -9.779667057371668, 7.409883322115304, 5.2116307285223105, 3.678430984799084, -1.799207738478767, 2.5306935468120173, -0.8178477699051281, -2.790623758684076, 2.8395656355921104, -28.771020265207785, 1.0331316077455992, 5.601560689994918, -2.72479417589734, -1.202387656084171, 12.874341283675061, -0.7360246585456898, 6.6750701593884285, -6.243532370768241, 8.532856459852162, -2.750976562648942, 2.4666839386534516, -21.860644636957353, 1.8034435783135154, 2.9952371332316488, -0.5361121479502367] : -1.0
[-6.972409027769007, 0.04189604828860061, -8.444108856717618, 5.989923584912466, -8.521780031770074, -0.7022294907511523, -0.5511580050584626, 8.6508883129673, -2.9666291807287744, -7.333630868154252, -3.59353825899468, -2.084636651604903, -3.2877172134300374, -7.107755076767872, 5.546313778511177, -3.7653674848781122, 7.636920119606261, -2.427180351476549, 5.299120304601782, 0.9868898827590158, -14.970532026916887, -0.23289052966598, -3.449659374828843, -3.5201415920321493, 2.51860762927503, -0.36865977549833806, -8.022357891200228, 0.22232719535117873, 4.733001260900553, 0.1254500473307072, -4.020445743959195, 4.777942846841948] : -1.0
[2.1334684603746497, -9.91486178986743, -5.894676415975002, -1.9151594689305993, 0.29385906760194247, 2.4403666314957198, -18.425046472891555, -3.395041363103142, -5.6877389921469605, 4.31601457684868, 5.086362099874978, 3.6858631809814284, -2.191219075574524, 4.900647574041391, 3.8338666856289265, 4.8677409264944265, -4.283061200451879, 5.873443897779578, -3.8003358822463804, 10.225203589127062, -2.823545092417403, -10.558244884257917, -4.059981638357429, 7.086381324866863, -5.875549891918669, -4.035193111530286, -4.373538176182871, -4.050618058797523, 3.6722950442688287, 12.337249465223842, 0.20828941227031975, 4.000048881619637] : -0.5027867663990367
[2.9641365257891192, 18.983738102861103, -4.526525337945508, 11.381452948343714, 2.6644128128624622, 4.897673469590778, 12.73112544681815, -0.16888534295496882, 15.137017676741852, 22.77114694103164, -18.270170666937936, -3.494296809027286, -13.532385644698394, -0.7924107085213716, 3.9737310682052236, -14.094910487268145, -3.6446759158457054, 1.2979731067852769, -4.454964499612647, -19.239245097513837, -11.570312903854397, 0.7546452143235474, -6.974952801175622, 5.215938035283758, 7.193542486059137, 15.915370266768015, 14.50593754478597, -15.172311468381205, -1.5878976141789674, 0.4458677359722678, -4.565849579907622, 13.953352440650079] : -1.0
[-2.466975013527362, 12.223402695827142, -7.775655272830967, 18.20572220992159, 0.6877014685830225, 16.067919519217902, -2.80527312682344, 2.634354238077595, -9.394259936828636, 6.759896545627027, 8.474093352731483, -11.167491849857221, -5.430869063500429, 4.030237460828799, -15.246852682536169, -2.615843193013928, -0.8336607926859596, -10.896173947414866, -3.0318685470092652, 2.0490543359707782, -6.284606564377553, 0.3045353805418416, -2.9689274527894103, 5.581934410641436, -3.878430004843734, -16.74617704332713, 10.685169550581259, 2.551444784971351, 1.0646227171805522, -1.6918481167579462, 3.7736516941930525, 27.42587961000194] : -0.9085671684958718
[9.97197604899397, -11.313275016321805, -12.576919798088676, 17.322699361462277, -6.176451018152556, 9.265889103524177, -18.700535670014034, 25.397113333173714, 8.353074179065976, 10.888139152650933, -10.098641497120495, 10.248514311482015, -11.680331116469237, 16.841236216809026, -8.84621966143585, -10.726025809290235, 4.431475636672775, 20.594999231565073, 2.6453661746982107, -4.089202649058006, 6.174935242278613, 24.390529362158286, -11.650140607854484, -9.945896527843813, 3.909727323227836, -4.317335088278158, 3.5697468401314874, -10.277091372118555, 5.00860325763245, -13.249827482422422, 18.768860633013073, -8.439340672758801] : -1.0
[-9.170584725851832, 6.080253726039606, -16.185283255652344, 13.583468318811374, -14.810029840891682, 4.095219758090566, 14.951247802129236, -13.160206064700954, 12.293286258885633, -4.176793304471835, -4.8508845168762535, 0.4467786613221343, 11.024631473803828, 24.72411498909664, -14.44670090688733, -4.639039619529662, -17.733816826258177, 4.28485949016032, -3.1064452196877634, 7.844341576453379, -10.83612678620671, -13.033151762675965, 5.06951674455966, 2.0519645149848973, -7.689343523937917, 26.812716914673754, -24.73285022297106, 11.884925891944938, -0.06399552895246041, 24.20737366721053, 4.002025889562958, 0.38319619969288965] : -1.0
[10.154294230162325, 5.266089144301803, -17.173092707145656, 0.36939724888958025, -21.214542543495053, -9.007520396873058, 9.546006889366357, 3.8309635909069923, 11.71781575304859, 13.972261938886128, 6.915622543512343, -7.625747929211961, 2.430325298977209, -11.791952227310095, 0.6701447217205176, -31.19082395965899, -16.35320156193655, -1.949527606760351, -13.536402186334954, 0.30953450959085993, 3.868888473203709, 11.69692572701632, -11.87279236307425, 5.138432679833615, -5.477294252257715, 3.251191221717232, 31.30809997963346, 8.264971169420747, 1.0436900079783547, -3.2264348879192144, -4.533600974971532, 7.786202860508776] : -1.0
[-14.87258071766034, -10.54996250663004, -12.913134250431995, 5.428781086345138, -5.262192035804199, -0.6864575200477847, 2.682302796643118, 14.312705206298043, 9.143111410639449, 4.8089943257600245, 0.7807584798087897, -5.128994650594519, -12.605089037047621, 2.6451659031855654, -19.00643390249483, -8.906921342565397, -3.787487604652033, 18.990922165786273, -8.186775673711026, 5.813775879744869, -16.82825681388082, -7.696037578244017, 1.9475495238789238, 7.250803527115693, -13.454930881872592, -6.106175400950252, -20.855608317035557, 8.059839054698173, -4.676758567488614, -13.89593711225097, -5.250171894945268, 8.98227049150258] : -1.0
[-4.4714998108608075, 2.0852915904660123, -1.7324700133571933, 13.808955442496789, 5.341790598423151, -14.639033555355924, -8.07756357953952, 19.702135279466184, -1.0688610371496639, -5.382048066923187, -6.523168023288271, 18.309624876764534, -2.4940406530499395, 27.8085377213826, 0.36605920213430654, 9.019786595584424, -1.9021322071556335, -1.0833493600387798, 4.0386145668760385, 26.988780378028892, 4.506426165672638, 3.6493795996808647, -9.825942729824895, 4.9254178540822, 2.789607319622913, 29.63247611245777, 3.506502634386555, 6.029945645739902, 1.1036257147039499, 10.18202404157335, 1.3363657758474643, 15.738725642688166] : -1.0
[14.334515839042966, -4.2182150830509375, 3.6529845163983623, 1.0652602494603736, -6.342966381205952, 23.429691462351858, -34.00881111951928, 12.03636446111745, -9.96028620922533, -9.824337691511047, 0.60130053346965, -5.133911090564781, 3.1462439751734808, 14.853122096717199, 4.439734920716469, -3.0562748039494965, -2.412926226973771, -13.373736970417816, -8.166999264729816, 17.243454054233187, -24.79121182909225, 9.749430052240587, 6.257170008544231, -9.544775010741011, -20.65338831966038, -13.193990063376628, 12.08768774597971, 7.23896842062595, 5.838118311875674, -26.908807765432922, -18.664622991909127, 26.357296649155728] : -1.0
[-20.963668354932107, 6.770116211402783, -4.293492136129167, 12.994167857965605, 4.255365663859276, 2.336612762248639, -14.981863124010449, 9.144570962446247, 1.7971928533883088, -11.637630637744127, -17.6999237150383, 0.7572941744242034, -20.72046957018016, 12.496624147000336, -13.861612044525792, -3.0165289288420336, -20.07360866782361, 10.487161189634122, -1.480027859737171, 2.2639627880306015, -14.496388532533999, -20.34207599861254, 5.468676371586555, -13.420651237351684, -22.614065757128913, 16.249827593162905, 16.034449620542194, -12.86825161346839, 5.015546641796371, 3.3032563079348733, -12.587006992106279, 29.904145404746984] : -1.0
[6.032537934168067, -8.97333561061109, -8.74899351131702, 31.889597022973867, 15.51517537754405, 0.10401592511132085, -1.5537053024674956, 19.683113231712312, 0.2379760600574672, -1.6040194676453163, 4.815574507531664, -25.82778379414045, -9.803383501425724, 9.771547789924728, 5.520145431907845, -16.368960396293367, -17.97773023382457, 22.236728182028568, 7.1492132297546025, 17.185128739261902, 4.918921959132065, 20.543567052660695, 3.4463052757140327, 4.59299894426737, -4.814103673287914, -18.520787022759812, -8.744600902888314, 6.047336293238246, -27.102754364864996, 0.649764341560648, -4.710144095795243, 16.539228424768034] : -1.0
[-2.5490400169664964, -6.413415511230664, -1.9256449309886765, 21.696214905329615, -2.1132975939488645, 6.392445762066533, -12.40398771601012, 15.574408418913633, -7.341601103488501, 7.852577938620064, 2.2082225429911935, 15.889973986027943, -4.115827546828946, -5.349155894432197, 8.944228031803277, -4.304197780853354, -4.462156675476438, -10.30217541796949, 9.412803057994958, 16.848719029975037, 1.4893074435668465, -8.373907575025903, 10.719966598184396, -14.664978735386761, -6.587277713909338, 4.719514879559555, -6.477289287485818, 3.854967034184837, -9.749011380948684, 7.1999402810627835, 6.020599782482158, -2.819655581932169] : -1.0
[-5.29595086426559, -2.753091228632706, 10.819102885403103, -3.235682181531029, 1.0347767672165775, -11.050574183466884, 17.048771976653562, 6.664532467267818, 2.1504160748280974, 8.569565022947504, -0.9959756109234492, -8.644054389257409, 2.6325414862578524, 12.008581918368254, 1.1075376686213687, -10.530827196458954, -0.9481382206693537, -4.384277771402989, 7.195423252076418, -7.245405195701901, -7.3360477745606225, -2.5627599405877213, -8.092622956414885, 0.4634596147850809, -5.651709456885195, -0.35290103499176295, 14.075704631812732, 10.106017817287235, -4.441687783130326, 7.173550352004469, 21.0928813067847, 16.88449797284188] : -1.0
[-6.986914983052182, 1.9455537136564507, 8.086743569632851, 17.510648953625076, 2.33522907475227, -9.821266029587095, -9.847948467987452, -14.500290718558436, 9.873785010480972, 5.039877990115066, -1.3513209036507239, 3.74364385699226, 3.6394492190533256, 13.82474979405495, -12.428814400105782, -6.582815171490568, -17.799384124444387, 17.900389569331743, 9.853517768850287, -7.978514200067886, -7.400040502861598, -21.95753385869914, 16.635976015353588, -3.060504633307727, -1.678804578803013, 2.091057595903305, -3.7031169060906066, -1.0269681198906437, 0.29517894760394986, 9.830231616175583, 1.2188725980147455, -2.3625546671054884] : -1.0
[-21.069234420649405, -5.634915920140564, -13.876273876029314, 10.581401786385438, -10.448243894447884, -0.19179955052878572, -24.964230702555042, 11.266741516902226, 14.399563246106823, 23.34215537527589, -8.967578313040914, 28.17733198368098, -8.026557727683208, 13.232649803753038, -3.1787717280557857, 6.077182844681432, 22.34469788896843, 15.807485386589736, 5.537852151520102, 6.572837835681428, -4.796192714577249, -1.218522839427638, 14.828389025023533, 13.074709376360222, -13.708562802538177, -10.333637781015046, 10.22782341046296, 22.921919663177764, -0.3478827205438858, 2.8791656586871652, 7.425088359726876, 20.432234483607672] : -1.0
[6.459409443609559, -10.229482491984474, -4.407406091017931, 24.984283452233836, -26.53564937805514, -5.953152982276911, 25.472258645591282, 22.109434197353956, -22.06391883353607, -16.009372608865192, -13.874239570792897, 3.9701056681524642, 4.733272822632326, -7.785060206843742, -9.334452468433827, -12.721031780852341, 14.989654858937328, 17.96797689467187, -23.85472003658656, -12.341658291515138, -3.803557939600199, 24.98356003951315, -0.6846725867403594, 20.452996467235284, 25.758888528857025, -19.01115673513388, 14.381608548887701, -23.42846059397484, 14.178862429368431, -9.924239604576488, 0.6055875799365498, -11.017695819079517] : -1.0
[15.198023369099932, 7.712967610333051, -22.785485584660417, 2.8357284285356865, -26.312258127659202, 9.297161908698854, 7.347478499082053, -10.640573950255583, 15.491642388461049, 52.84489219304174, 27.259320271683833, 7.971775438718293, 22.28356174456303, 35.86554987889352, -25.206789062699894, 8.54707884955951, -1.611941275373571, 6.973760298641037, 12.35515667964332, 13.818199961864384, -39.608537359116596, 4.36935169524734, 21.05037299910579, -16.60075760487818, 22.72876866087355, 5.511636579770158, 33.170032614335184, 3.294563812123612, 9.059034288757122, -19.20972923159665, 4.167241905683859, 6.932061973881441] : -1.0
[-26.9562948666685, 23.471713760962572, -15.723975669988587, 18.061736718822573, -0.4700255994939502, 3.0744958592961, 11.848539286921833, 13.573483074434046, 8.152509079337978, -3.9886116514325405, 11.000638708288303, -14.865823641016096, 25.8673099454019, -11.194317349517164, -31.492644752465754, 14.005184048296245, 8.181320097634682, 14.40383084413859, -3.19890966757416, -20.31533564205656, 4.813992676583965, 15.911499347430073, -3.392927446634394, 25.228798591971646, -2.627754487860764, -2.7798038258944544, -3.855282126504073, 22.95003641510626, -9.808120327750435, -11.084663228713133, 16.593003791131267, 1.9369906144398334] : -1.0
[24.61236325871517, 5.374042842504406, -9.596016349850014, -0.12500729463403637, -10.226932589516991, 8.208952103595163, 19.819437950211583, 32.34566338200792, 4.964809795596713, -8.459671091329822, -35.83101909064047, -17.036815394913507, -0.1874336333819846, -12.861700582223751, -33.87348761544414, 1.8206918632671663, -15.591534339075618, 13.848658197468488, -28.239961995207285, -5.3776811505561, -30.04021891009066, -2.6263374480430866, 23.11755702479541, 5.133559769716046, 9.719672728456857, 2.04350164351274, 0.010480851489988119, 5.291010545374661, -6.306176511296616, 12.339779417700854, 33.828369109489586, 37.935353029026146] : -0.7342233657836914
[-5.312845995846753, 8.631823158157315, 19.591510676961352, 3.685703393677346, -9.50991112497854, 11.64120559787749, 30.842098702482545, -5.074411491238512, 25.611268995590816, 17.266247075803275, -12.763040305817977, -2.8735751892173558, -9.29875782254272, -2.281586855011213, -18.655648860266936, 4.645055292699672, -15.678933215017725, 3.777177666342764, -9.17850072818485, -8.62523301210268, -30.46251571360856, -16.228364117010706, 11.235544011025054, -26.191952390281347, 20.160402452413436, 5.224054882715226, -4.22726583411949, -19.005449444695046, -20.436307178485134, -27.840519616381794, 30.390449673175723, -1.9959736782260125] : -1.0
[21.174702011378002, -5.436262996355259, -16.70699903937603, 15.20484954145547, 0.9420422650734768, -17.25032578677727, 18.97284992032028, -0.16691680938239095, 41.35906802409883, 1.6343038306516693, 26.53435922306756, 4.273124175185025, -4.933509944322946, -22.467576595967387, -4.495162057738357, -17.98360229387363, -20.37480113664799, 11.10980257960465, -4.6776894903183734, -16.5472327111887, -19.46883884542596, 6.104350028174152, -20.288980596576693, -16.36002292042797, 0.06462912451375064, 28.034053666697673, -1.1047458300452888, 3.8408474304741436, -7.839623263075409, 5.089632097383721, 3.069362228032713, 38.22704381332148] : -0.9464736418290571
[-18.576418626533133, -10.192493819349691, -16.790652038561735, 13.125718799865126, -9.266367952469874, 35.186596819475, 37.29240252259759, 23.860407891016525, 43.59498958135172, 30.486268849971097, 7.795206813449685, -11.526820000472147, 1.624079165094928, -5.21641253536156, -10.757441694575675, 19.146674122150465, 13.969539384757578, 13.007706308455164, -27.980791649714146, -18.140348600295997, 6.389876500530196, -2.867727458493481, -10.43427938474116, -20.795537944491528, -16.353179359443956, -25.90307725220637, -3.1643179454542194, -9.590285094880045, -21.12013654283846, 0.606609858547619, 8.047657310799433, -5.446255784751542] : -0.47166702964089136
[16.284281065196687, -7.207377040636452, 22.783604610138227, -24.719103949886183, 29.861254235575633, -13.3045471953204, -31.84209786051609, 3.1492287537655543, 7.220209007772768, -2.3728195843675497, 7.468595176504401, -22.315340801008404, -11.551045752518242, 1.2367377650385993, 10.682252378891537, -15.809527103906813, 1.8148231648171613, 26.497701419461364, -10.604693323626911, -19.091063925505757, -17.101278358545592, 32.837095431826086, -14.471352530080773, -18.338300387523294, 6.981660965880467, 12.602427410881955, 12.601697163773942, 9.188682884457602, 2.665780961684369, 0.22077134251860164, 4.968713219544264, 4.525414215056333] : -0.9624109268188477
[8.431095171026982, -2.2899426726517316, -14.73053262097125, -5.44421625876603, -15.553092225287918, -18.076791407624587, -8.714130582267558, 29.231229768845754, 6.3561059208608, 24.120599938517117, -3.1817098018766243, -13.284024620034092, -26.391183230709792, -24.21698445458789, -15.788270043219374, -8.627721408046352, 4.3685040924744705, 4.7987174430923965, 30.65353518908245, -6.50743893328439, -10.858758548430838, -6.594396091540851, 24.890472082305493, 10.539853577640539, 8.675795190167047, 4.194757870994391, -0.16872792686699167, -2.685611923671421, 15.185234622839298, 12.460164237925868, 12.98750629942864, -20.63768963864492] : -1.0
[-9.216448464791585, -24.03524778571891, -19.643814976141556, 3.821020066733526, -6.760420195076369, 12.031391239645977, 10.58666986370025, 11.71879763217643, 19.085387243554102, -13.121974163167659, -22.78224918967758, 31.44458165779557, -2.353163190530712, 7.084295362138025, -11.946592726306777, -9.579252716381486, 23.34514573316522, -30.64605804012107, 9.622400538473006, 5.096297346275097, 8.78622988002959, -3.3526057110336094, -39.216665254902004, 41.07479308760077, -16.80952999824642, 4.901047619999444, -20.450970615560788, -9.810999802890038, 27.475141494284188, 6.656270104510189, -9.818561992139486, -10.554111898412788] : -1.0
[7.910855606867126, 29.70456762601848, 18.76372659289481, -0.7115185655503335, -9.269316338929027, 8.003295736153621, -15.551745283287513, 15.51660540934149, 45.925114084104706, 22.94603405947867, -44.236376106878005, 26.932295525597166, -19.905793545650837, 4.428481215377666, -26.80665660421859, -23.032063905315447, -9.172627883356611, 20.19943351651051, -8.98972212389214, 26.38435028530123, 18.092217405659845, -3.559717936598105, 10.947302454405373, 2.8305009598652964, 5.076167089901922, 27.245951867600088, -6.4218812116638135, 12.822653660658215, -4.203959191682746, 1.6668920106159677, -6.096420727149045, 23.58488508789103] : -1.0
[20.926189989160086, -8.95171600761147, -24.1411584807324, -4.902476396411231, -1.4111950527423192, 32.39519442323916, -41.001267501103726, -7.454979826683796, 2.574586418376949, 4.172432630890317, 7.503099029978205, 15.164972604494674, -13.384084404660198, 33.7748881013446, -21.082868190105614, -24.55576611996361, -28.162839183570412, 38.03251621670347, -1.5027454538612952, -23.19035037690105, 26.827612731533883, 14.504277236245123, -13.255923809193328, 3.812325849395574, -4.003316700461291, -15.093972347833379, 3.9004701354812803, 5.245988898615224, 9.904107632585882, -24.22968256165589, -7.785252273659683, 10.38567554276985] : -0.947422981262207
[34.18601269540527, 2.214196176534912, -14.596784615649355, 41.12128744355381, 6.724882529878499, -14.874776881539606, -13.807306687357784, 28.1532793887186, 2.573733090623163, 37.745083760673644, 2.2271076645873453, -11.820131658960632, 48.251620428618715, 16.82911410463391, -9.246174355478955, 5.107201751383089, -0.688361510079428, 5.2266131392643, 15.139255142883016, 7.761530463003, 12.298336777100259, 31.088116583918403, 4.4257560039283295, -8.056488685955408, 17.62773658545459, -17.93618695615027, 4.427026652008704, -19.486864343279706, -14.85499566603194, 13.354748926717496, 5.59302810030747, -28.56140918345363] : -1.0
[12.309540811575534, -2.0159611036463856, -31.56322470474686, -9.748583196802894, 13.77856103200564, 15.9931435728632, -10.79504010051061, 2.633937411364701, 14.774745511897684, -7.635914737470893, -5.924942269181614, 11.878243814606764, -4.198932746532156, 23.431209166278474, -7.284879819801199, -2.889053877278421, -17.346156439961568, -2.7397517755653915, -10.081629659458018, -13.539685506702515, 12.634481225550816, 13.593154217005917, -7.974348088862046, -27.209591000466848, 6.584841433015512, 26.367555288646084, -11.868080540476662, 12.096592425825838, -9.076065889644966, -2.4705279519210954, -1.836815481178581, 47.14203555836512] : -1.0
[-40.30290143545702, -33.65142870821643, -33.45859468297034, 22.144332214998762, 24.214722147435424, -2.440706186212498, -0.3229471834764013, 32.018989823244084, -2.4970622289328896, -18.243501188991704, 0.8469219573142687, -9.449925230501695, -13.53710963176383, -11.028278333987997, -9.129610846983987, -31.711082274975972, 12.145146998817168, -5.834970046198679, 1.1203221024654813, -9.117076703357291, -42.27804751956448, 17.948832403497082, 7.669360435932841, 4.74528959373816, 21.162607438002738, 15.164971803092588, 51.748006892824165, -7.55484091882676, -12.66055082011205, -15.020748809754682, 10.190472760213984, 8.617946303454758] : -1.0
[20.721433056841068, 17.467836989941176, -24.003687127003193, -23.121736775548776, -18.266301893349382, 17.986612871018483, 10.305392288116629, 30.006403673159305, -26.512897220451947, -18.07200309853748, 27.909570955618676, 3.558171084904873, -5.309216155337084, 4.501131778027059, -5.472878915593087, 43.58654534030677, -14.245591002715257, 21.034124562596837, 53.148411521231345, 24.646310147802936, -20.04989132004226, 29.176476191666318, 7.450632893844046, -1.9592233211426224, -14.291845497312544, 19.594402111376738, -23.499877106731596, 7.570981713087006, -37.320711633122706, -18.14843617883288, 9.289449196144494, 34.035647584641396] : -0.4703199646689675
[-30.569389690049867, -8.803456900698247, -34.30849396071163, 14.377067075256623, 30.82068315265112, 0.5898501438014901, 44.57883485789665, 46.875500329259445, 42.83295340103832, 8.5488034725275, 3.2119377831954057, -19.92157635198478, 10.257121531663627, 36.91507870907469, -40.33675132763166, -36.165247907592004, -6.888974417181837, -7.571042122882345, -18.776907490625394, 13.74707326323122, 10.364957329579502, 8.470482581047966, 27.540949131666856, -37.1847691340796, -9.603343869481673, -10.778929529551338, -44.556015277260975, -73.13771204586493, 55.97607217328861, -14.672369369950005, 15.183278751562614, -27.184588829830165] : -1.0
[33.32929437679068, 11.35019151550597, -10.409204540019395, -4.100791966898845, -33.45865196395266, -5.838880440823969, -0.3374017230848665, -12.973497374616594, 22.8366766082729, 31.25243291732216, 0.19666002794350979, 15.274489103379398, 2.979970091022551, -3.644225570945655, -35.87537156745017, 8.676664913330036, -4.620896913151734, 28.015942365674967, 27.189340168783044, -33.09556908886058, -14.991520880205238, -28.38591074268176, -41.65351175788046, 19.80864166132632, -18.641547558517217, -26.830959486474978, -0.5747390930126546, 16.372079930184785, -19.18945796115449, -31.46895592887705, 14.528062010707078, -5.397609658072774] : -0.4798191243951971
[10.742325850717213, 4.9455667296777195, -37.95510870790565, 3.6872730583731936, 22.1795688800552, -25.495489644234436, 47.527457368294094, 3.066504457612023, -6.928452143047645, 15.830796648627178, 9.18490949486884, 18.30273856192727, 40.99771445758798, 37.788122638214816, 16.31315795204215, -13.992855368337741, 14.295677971258725, 57.522666395445306, 16.83667991478861, -10.184987364415267, -38.1176093763757, 4.150508862381393, 6.852483350826765, 1.0762838370341665, -10.66983914680004, -45.01389572554854, 30.16760304859352, 38.188585189373754, -31.582963940354418, -15.379644401181391, 47.045172777300074, 3.3607488389985187] : -1.0
[12.811691176165949, -7.65028953428531, -0.1332305561741478, 2.9182058387532486, -30.664799869062357, 35.302256611162875, 22.697617106133332, 32.6176795905638, -7.599881570609659, 5.283511339099146, 1.5717958922539652, -19.619943695312237, -24.291926848803538, -16.647834015855242, -28.025053113960247, -18.57824303752208, -7.955709365972499, 10.374186446654642, -39.05248654243246, -22.22622836041935, -29.54339514806999, 36.929712229004544, 3.461590838002107, 19.983431966279607, -31.52832162574979, 15.815532138317682, -7.633158354580351, -11.919869252636044, -8.444118743385868, -42.202936247411394, 16.632896119743894, -13.856422170577556] : -1.0
[65.02851423960749, -11.443830227995356, -18.271654006316933, 25.92031553332086, -25.348438043275383, 6.102755888878104, 41.9307747500955, 41.2836763867295, -21.353537580134226, 31.533452555711943, 10.422522219851194, -6.717921005299331, 15.942392723556516, -7.26988776316376, 8.838288051226947, 31.740660529374654, -18.97185777942572, 3.707065710126775, 1.5439643800658613, -27.65622240466046, 16.13881764406503, -5.412364920405253, 1.7497397437987998, 9.109751574137139, 6.192572868975269, 66.5023065721105, 47.11169838883023, -5.9889243114601305, 10.738966812800395, -26.459368562550118, 9.991003197913972, 0.33441404680525544] : -1.0
[-22.671091034948816, 10.760139338816579, -16.374210200917535, -63.83758270357663, -8.062737455138484, 17.207666382358838, -11.747627506980859, -32.92231185245408, 57.660980364372165, -1.6711597294602374, 36.76820707834222, -19.827198937520084, 22.728916900120627, 9.403781675247345, 0.4193152441876187, 12.331002829599067, 37.53664305744724, 19.489624631579517, -17.487007061528658, 20.666378058277267, 23.99061768982036, 38.487049931829496, -0.24504248973614828, 8.66275975652955, 5.8621811818815885, -7.294215521805283, 23.086701601367743, -17.872607208086063, -2.8528178946993963, 24.469284560958386, -34.92510512384756, -16.52613959869663] : -1.0
[61.38553488281661, -12.106686276430876, -18.120546260463254, -19.22448439447372, -24.669678284711416, 26.630517110263256, 39.79147140645029, 26.03945664160377, 0.9195258004484725, 30.093277746478417, -16.288691943163702, 32.09430136097187, -27.530095394960462, 22.14499878481796, -28.30503368170924, 4.06854007791354, -9.247088053159079, -3.6710277191486362, -17.400172452591313, 7.519246009477955, -22.158619666223096, -2.3483642096521695, 14.041983075934617, -4.677762114589558, -2.833753979407497, 34.09378618756175, 25.750338170053727, -2.2637509284082786, -33.420889619393, -29.140862557338558, 19.339263848655605, -20.841751558465166] : -0.4662190784107555
[-5.806267234372348, -29.547601369601452, -6.544177930718515, 84.65138535547231, -85.40850074251941, 28.660787752742976, 12.683570985862945, 31.63794836817428, -4.711343621693318, 15.734925590142886, -12.32095443424655, -41.5690975493397, -14.821422794508504, 31.192827776788967, -27.07592565350152, -20.21308743613395, 2.7970656457489875, -34.321108238560015, -6.651115744072559, -4.829321005977068, -58.744646768254555, -4.5808235397525525, 11.46973382021239, 8.58855150962243, 50.892702314374986, -39.18795108974945, -25.578704391435586, 0.40205787842183405, -25.111573672013822, -57.37531353157992, 17.844221842686522, 10.904718107970506] : -1.0
[-22.088652060079415, -23.998671160288197, -17.602560300317563, 32.4953473591675, -9.112691054434556, -6.9654019645289456, -16.081448413470987, -10.795105980845394, -3.913090137782929, 8.70276287349083, -2.0924759704401708, 57.22271514633678, 40.107229612155926, -7.925701426421815, -11.093971201809236, 28.24280365631532, 12.41132468758089, 2.64021373405242, 25.909262779131684, -17.46845361602056, -1.751477394157007, 13.982865666053193, -3.1007846790289983, 10.361111562915223, 32.90194424755326, -17.813974433505248, 9.72971396357087, -34.70416577167238, 38.8101976519089, 0.8357673249688187, 10.137004358501311, -19.64331060781172] : -1.0
[-6.768151692581063, 5.047509961824362, 44.542865735623586, 29.7167953922186, -12.205010605999796, 18.3939889024137, 26.051871518149525, 2.352786229237684, 17.114211526956336, -56.28028046039202, 16.08418551484225, 30.505380326334944, 46.82972882671466, -46.50935801548394, -9.99237700460138, -1.4278703803483777, 20.613212292795218, 57.98286451215496, -58.34574110390731, -25.32238073024596, -13.511124269563215, -6.700152988000861, 23.63841582511683, 22.180282378668966, -11.531623126095553, -5.863127996637756, 53.48659728023847, 21.837387320391723, 9.272277083535283, 10.032019862274852, 13.57185105078747, -1.9706083711472215] : -1.0
[-5.4731441900826034, 19.528404722975417, -2.0249789165354066, -14.995952660948467, -21.94265077417714, -4.704933970798599, -2.8049457041209394, 21.305573263069924, 33.10877250756594, 23.359491521997946, 29.58177204041789, -40.12304753290994, 17.737831515523816, 1.8314899273611416, 5.058481242740026, -3.7659756340625674, 19.251793465231483, -3.0058865054963455, -40.40600779502684, -26.669492563890536, 5.39396102771356, -31.86744324738263, 23.326273464542307, -2.4042343177631436, 23.82010309148927, -33.008551266078804, 9.977021124090776, 17.032526624370984, -29.70341349840423, -18.0087977270151, 26.898344808043326, -14.433514286401824] : -1.0
[-16.710343663906723, 25.14781637253432, 15.60671474519, -15.446049694566822, -31.23405960712794, 22.66496232671284, 6.406467228362578, 40.16426987212686, 23.8194215832828, -35.77596349605662, -22.09886229175734, 5.063186479394233, 1.9579876662129125, 21.959715244361842, 1.085240341818352, 6.0102981964226725, -18.100088286446685, -15.550178281949142, -4.146513912380246, -13.987527886341608, 9.732327427758557, 21.011106957085552, 29.12283916321755, 78.29123729036371, 48.385314438388, 29.531808654559264, 6.226815658520794, 19.045549332376545, -24.54249469321929, -56.07560878235272, -27.826630765508895, -9.698806379897423] : -1.0
[-82.27732928982401, -24.9231399405879, -15.692614385588445, 42.46558589731783, 42.28762637943949, 28.837990067329166, 5.9636522144728055, -34.34257310515643, 27.408109460233998, -5.100475885951239, -4.975855543869845, -10.034538305313127, -58.60571893920148, -15.86713234340939, -18.112770343200978, 11.952484742924721, 44.02232708546132, -75.1819715356907, -24.30580907099643, 22.529384932466655, 0.2751652990285365, -18.486989824729548, 13.08903020200804, 90.96870859963704, 70.12659001101848, 27.9243643498809, -18.988343763280703, -17.4763261125721, 48.5861228769451, 22.35608626919658, -8.428021558618298, -14.580553592896008] : -1.0
[-69.55489033122592, -46.61789534438858, -60.636996077224836, 18.804615794235144, -3.462982555582503, 69.30861430215556, 30.948982812917492, 87.13085770371035, 35.46333698605125, -8.436619348323134, -64.6663690725979, 3.989882949302018, -14.008972866199477, -15.054096619607678, 0.8590417692843317, -53.46693214024856, 14.71754827502649, -11.930530243494616, -26.406308271915496, 24.144841580146426, -29.015949171373006, 23.845547949406097, 12.124115293181386, -4.174472469515363, -8.355915083671484, -20.918373595462704, 2.5806854259043277, 17.044115693260338, -6.638889392082244, -46.11767088379918, 28.38944345549216, -9.265354422144323] : -1.0
[-55.25380857154406, 29.3162096651292, -45.76758916470924, 58.7740979798057, 14.28099135464663, 31.302243279075135, 50.188029163523964, 21.834396229988272, -10.500698693349015, 20.569106593504458, 61.82321357119916, -15.920236260768775, -50.072867878840405, 8.407106175326795, 75.79595599995196, -2.650103237169592, -2.2176592501329537, 33.4802765899667, 24.31621281427824, 23.606540460220316, 8.264405798572515, 27.290550921306007, -11.605567723334692, 33.74815757943428, 21.227000902006516, 22.88915284532295, 67.63610911111076, -21.431875122567085, 10.079610010142531, 34.541159587484266, -7.417077811430207, -20.642087403051104] : -1.0
[-10.768656709639826, -7.0195705926766765, -26.736285332982845, -8.448914131023821, -34.50207063970622, -41.51039785553403, -13.192462795516317, 66.16726525283488, 10.93208048046148, 31.65967563542958, 5.496854680709094, -29.519175377811933, -32.41268638812992, -15.596808214651128, 16.735878057391478, 14.41673692190717, 48.53096128073063, 17.781093135614583, -25.606160133687847, 18.30840717293473, -37.239589813403114, -2.4514503169670085, 68.85630075888041, 45.05267177431597, 20.287753237047752, 17.401703188461646, 41.52088109636663, -72.95535435635401, -48.2279138513402, 6.010960288439797, -67.16035930725171, 15.49079803159166] : -1.0
[-33.8809813644974, -28.399488021805734, -4.2061499274557015, -64.94390312138954, -59.45803292360965, -20.771221220504902, 13.081913820173309, 28.786943416537483, 118.42964738607468, 10.276072422893234, 10.617389683341514, -18.941221366386685, 15.770096880548078, -14.938637233392607, -71.09782495050314, -19.901981172567353, -1.1285911381944933, 33.56885689164878, -3.090874614902191, -27.71284506835301, -34.456660003302275, 39.86454383231044, -5.780523329626812, 32.82080881589126, -10.197093160155637, 22.412888655002916, 8.440623476455047, -26.115130568209917, 27.686094956983546, -40.633463685631, -42.87734888279138, -55.50677200034589] : -1.0
[-49.84845999924342, -23.44345034602473, -75.8693472229069, 25.79470063171228, -72.2674620298995, -9.336169112592913, 55.82421529920809, 33.51824756081423, 30.458937424866335, -38.41948149848616, -2.605995887388488, -24.955007509620614, -40.36389045478353, 84.30990244485471, -1.2935767459608414, -47.96969475672829, 112.16101165713694, 60.80366981339345, 37.981271298593015, -32.59980122675265, 49.678895943321834, -44.4316202497642, -12.65910619244193, 22.43580148134444, -38.57383287506727, -58.697775629377276, 5.253498191352625, -57.465373679333034, 7.355127454628358, -44.22280405346088, 0.2746146740472568, 69.6400638030871] : -3.0
[-60.167280799915616, -76.89830489355278, -107.78922474088499, -26.26781006813217, -35.846164430207665, -57.764493445168924, 26.763074312121297, 29.18191488472048, 5.12288890010048, 21.665247840385007, 28.83366387545154, -58.378996234665316, 22.682884139956087, -34.47886474636542, -37.60449739597535, -9.878070076614396, 36.764260963564766, 73.74765932956618, -26.727317167420736, -4.2212241449541565, -52.24705852896803, 25.400307914993608, 44.58117912374961, 61.030672045511494, 15.271780657581019, -38.19715656115078, -44.50757373153081, -8.36109758677059, -32.47103730635538, -15.100340790249705, 13.629423881200225, 20.548486523715724] : -1.0
[16.67826541991807, 4.479081057543903, -19.323592593919187, -47.03449747414561, -6.1910023513678745, 3.790184680057195, 23.40804338323739, 39.079147656897206, 62.925180137896646, 8.860055664119695, 27.60639655031175, 1.6638583279544505, -1.7640139475430097, 65.75911560137934, -45.41197843709034, 27.644713444972776, 30.643861714970377, 28.002325046529315, -57.294008364610384, 24.57070651546647, -41.127912349917466, -44.995872457630554, 64.48945239520054, 41.360806258766004, 15.840538713477267, 74.76976473777646, 7.987194761365962, -36.067470468820844, -69.8392139873134, 19.044002608013493, 57.13047499626879, -49.60224701356773] : -1.0
[-53.14265634668349, -86.98644161778137, -49.12808398670484, 2.1946257801887477, 57.698669390151494, -14.747506308408909, -23.02251237533707, 6.6529349563908795, 22.651312586257312, -30.107482859201838, -54.11340188481018, -30.715032505108596, 17.87514366014026, -24.874002031998735, -27.453477024461918, -34.70321654261663, 12.988823880328995, 17.209389641922755, -13.322829399698342, -29.78358628106738, -61.65033443530136, 17.772375444621968, -29.141575765392815, -11.842955809225097, -35.76980659584592, -21.254315990615595, 77.0203310698214, -16.27573183981721, -21.199675925310107, -18.76573500340193, 77.10991168662403, 65.56199796505447] : -1.0
[-42.04299872712058, 7.029271339141976, -23.76080569865058, 0.4295437357162335, 101.20547158314264, 35.525552791894896, 13.612881848030666, -11.15513717137506, 40.67019652643624, 13.364914181964956, -7.94128792626709, -23.197351066807613, -50.78180780365674, -34.755303596012055, -36.80880154789031, 5.262471284270731, 45.54466252905122, 21.30015059206631, -18.180358379415186, -55.05711489191146, 9.604541091384437, 64.04083839136038, 52.60479200728164, -48.77984022958108, 1.0653651000219424, -50.29436505318403, 44.69257608579911, -29.124416253257234, 25.16542754102853, -15.263850789725028, 78.36474264675181, 19.5884922278126] : -1.0
[-22.076414001006057, -44.50926351504735, -39.31751487025862, -45.78915931617473, 28.51028074300039, -11.502105054350087, 28.527691640671286, -23.965810691633997, -27.43992559719624, -12.75936935262379, 50.9303722372104, -20.443650627377906, -42.49419141859962, 29.543307179431807, 5.8934712250321795, 8.924140965614662, 8.46435264885202, 50.88525718647661, -48.92966239810823, 6.708337376259217, -9.779191894161906, -22.5708185856182, 57.62150088226357, 8.963175588793288, 48.90481788265192, -60.77852535715772, -1.2438039133570076, -24.537887415061487, 43.023806512977366, 21.48879657445942, -12.093441214734046, 14.725958105864551] : -1.0
[-117.06864480596067, -19.0579054555769, -64.66985648659677, -14.445590681738326, 11.560737710679685, 37.20039216375055, -20.82581379104752, -31.762375766574444, 39.60973139361535, -42.26635898268209, -9.703089953935145, 20.869606043147158, 20.70892685957221, 70.98084712228767, -57.94571606577689, -51.616364345162694, 4.531245544455108, -12.735552417439479, -73.93739532641757, 9.912389132212311, -9.639392828683134, 4.500334743919161, 58.616445458360644, -36.87568376184843, -116.67198906395915, 18.624777198504592, -40.68425785819152, -13.754769781877428, -48.377953516991816, -64.72862614860574, 64.27316957183903, -32.985593415612186] : -1.0
[80.34584079247085, -18.91692705032698, -54.87977267553283, -27.408258347970424, 49.59927080549069, -84.69115199628358, -6.7309582732774444, 30.221842580945943, -42.264648376151754, 19.451029813869503, 29.604322121865827, 2.828284912727888, 5.474118510330033, 15.267542758524865, 8.064132800589093, -67.48710920251347, -30.660956310814598, -22.27598887177774, -48.540181474555844, 24.838823893763973, 24.622387774790525, 25.038432337518238, 81.34946780268014, 9.803565498807329, 43.58769608914619, 11.92007354643524, 85.71595734857166, 10.42835869364479, -45.686845904598705, -76.34759771221121, 59.67144980107784, -3.9970657516902275] : -1.0
[18.87956456096422, -43.36572038101221, -33.58169223680155, -30.6673554892892, 73.88573084210701, 53.343280787535846, 78.1122796094617, -2.8676692160520325, 9.459526180974008, 34.91346921323217, 16.29601326150196, 20.955056165291303, -13.401300190912236, 46.17175861579594, 6.036645131156671, -38.535778861295356, -59.85390023250639, 0.9804735976068546, 6.258375694610332, -70.1175145209994, -30.13712773626275, -8.210569351464947, 23.022871608860193, 47.14448534402103, -9.334698614278796, -26.405648768708655, 39.260529629626056, -44.84258063946793, 67.42698902741799, -8.353987510613948, 14.136388225740339, 13.290818144946952] : -0.5188369750976562
[-27.420498741541984, 2.141963062315803, -48.15591977215026, -27.03581615222915, 45.7608511686045, -15.769506902355984, 59.80150080661989, 41.292903454959344, 43.094707754464125, -51.0321359711247, -84.47631050290747, -47.68750192013364, -67.07002517050509, 92.55607230852952, -24.253962790724206, 52.735125348135306, -12.633260071778317, -42.63012126844653, -19.141402358310287, -5.415234157035335, 30.751194560379847, -30.86877508806915, 9.295265218517628, 96.84085825428622, 30.844850412435555, -15.660407159653897, 13.550871282495555, -48.23698808717547, 22.945846875753617, -3.4558349318529444, -2.0448912066246234, 72.63580166073818] : -0.4780918034640225
[-78.87103579990813, 18.284741978328345, -51.61530261467211, 16.043006485390773, -70.82644100775454, -42.813026234603264, 35.703729550918, 79.35598724692092, 48.52188345935983, -8.588706556675442, -52.92853752443873, -70.73300904767838, -97.62117832630915, 36.91490764561762, -52.74708121438982, -72.72648020556952, 70.58974890771427, -30.355478687114363, 48.562691407865124, -76.19292916034871, 21.004217629411556, 2.6786962293560332, -13.331284568004573, 133.90918385439258, 18.999405270040157, -7.230091116542242, 10.931797801039995, -37.33302187359775, -60.96779063060336, 6.648920029438369, -5.964779475257371, 49.692597688821785] : -1.0
[-66.0054422957411, -40.531128890182146, -61.34490177206108, 87.35402214349794, -44.37050245694583, 33.38462798219435, 37.192269491874825, 54.75758231692036, 34.013288088230134, 31.879509321599013, 74.10934077343876, -43.86154607358965, 7.92388264479375, -13.42179410892885, 65.18909417187704, 25.119449151193955, 59.04601927013739, -49.65185303384452, 17.02706030978679, -6.637191643681458, 43.145450517238075, 23.46712396656548, -0.8043003973942406, 2.1609851237023534, -24.927067787876517, -3.055988254435217, 34.03708062764666, -4.583047561361909, -6.011861896420509, 8.284419292877914, -0.9864722653012308, -37.08420565192428] : -1.0
[-48.79227671974786, 12.315147807339233, -93.60338561827393, 27.302127732609513, -28.00414648944056, 32.867257259975396, -1.826137171378619, 53.867801925321736, 34.91386308285462, 6.402342608871017, -51.15046847737449, 3.726249915450648, -20.989006952476768, 62.13898853038281, -24.925454497850172, -68.9755714276707, -2.551785212989749, 13.715420380556473, 0.7190885453791505, -30.6486247152439, 16.1454897517737, 22.238114420932156, 0.07173875003319186, 47.46823030376733, 8.561950119225871, -33.04324073341525, 30.538836414161636, -15.239674946046806, 123.09391648870955, -24.63598967267054, -29.435951207028012, -37.33462146652078] : -1.0
[-100.03172744858128, -17.277482279719976, -6.534944759053374, 66.89367258974767, -8.783590740148567, -0.08508538783897635, 9.121733794140958, -36.10001032405782, 3.8233291096105653, -10.20579436312946, 27.831993379123652, -68.48425456492153, -68.24461725886924, 25.29120317130598, 4.942600181701977, -3.8148499587611298, 96.11482700931417, -17.88213317549316, -57.528129846805605, 20.403773090143297, 22.298995669815923, -14.211624142472157, -13.868679527505336, 14.475545263766818, 47.313200857376394, -11.160067667150688, 51.980659208302505, 1.7239151667999302, 79.07649660074779, -50.33539314048312, -18.102521693482736, -17.955978310678667] : -0.5414093190973456
[-98.63482982818978, -3.8863175490704656, -10.050079353699147, -14.614950434217288, -33.952630009582975, 16.306977192874253, 46.34900394581207, 47.06135542766913, 24.786622283577515, -72.68001840494189, -39.29373078073984, -14.186890576905379, -19.710312630014187, -1.7405556414130103, 15.55428555168404, -47.12087956238096, 46.120234962940806, 6.559628220350386, 73.25026804279068, -33.37542753113463, 4.039211375763934, -16.308970425694547, -49.08020309378952, 79.63553555378745, 19.787331714295888, -10.729178640515684, 6.275102508734273, -135.35334919487687, -12.644187621865623, 5.633381687242775, -36.68564254570047, 47.54684463004997] : -1.0
[-90.76454030934714, -38.68326183317654, 5.726091312522918, 30.004558429663593, 57.65821145345396, -3.2885722812310423, 25.46411322388407, 42.35860949977112, 17.32090321886795, 30.33345238154938, -0.8588258816580261, -80.52415170785213, 15.3971922910128, 23.587286523264225, -4.454913314050506, -44.506000358083355, 70.33586516331063, -23.193732036219863, 47.91470246865897, -44.12226132626731, 30.49549624657079, 42.819579298657345, 55.922953912079905, 87.81811181704697, -31.296669616881537, -7.066686560946402, -49.126077820015375, -72.51480560747814, -51.457687958935495, -15.697439157721039, -18.51374606833786, -5.430109086559039] : -1.0
[-17.207060708944844, 16.240125035424004, -8.182655367069167, -92.82569104904069, -100.49158404929798, -34.39301746208115, 55.96364114185403, -29.490328167310448, 42.317271055917864, -36.96764979378348, 28.37434909695201, -73.32678189436137, -29.46924392864372, 58.22372089682644, -53.02362076672641, -21.04671540020466, 66.32272422687478, 33.0466062605864, -12.892222433441308, 23.826705796422253, 74.85321570906929, -15.079051868534956, 99.3305516827611, -46.26037581892727, -28.61073551571218, -20.838456209760196, 38.60617741258268, -57.73258453428018, -14.585224229498795, 0.07010028705566818, 42.780552958112686, 30.791728440447493] : -0.5400347709655762
[-69.86716602123954, 14.103889451757556, -154.64051867716276, 35.95136147539383, -20.871908705360095, 6.354197129439613, 78.6009496913094, 15.315985520288034, 15.02729026286966, -30.372081089416977, -47.05577398223327, 43.57114915336605, 9.648046519401127, 48.889231722423254, 61.286296628231725, -44.976623865949506, 54.73461743811474, 44.555055097278284, -4.01028023028896, -42.38003504941715, -41.90981081859063, -33.894167085699195, -5.3898666969693725, 77.30567218391289, 60.16941841414854, -54.590032301454684, 0.5764409258163816, -28.05737254299597, -1.1618818392137609, -39.1126720171588, -3.4761679383026416, -7.363307600245715] : -1.0
[-22.830914474807464, -24.39755885527416, -41.931725558112774, -10.396977927137602, -27.22649386419173, 6.020513669946836, -10.547594165000447, 5.15305055119352, 8.131318078634052, -38.74198800682082, 74.39657788690269, -74.55103017055524, -37.66227219870427, 13.466985348361106, 25.309688750332786, -6.297650715885638, 95.38329282359189, -23.253639308837116, -20.00944020494958, -30.216792152127493, 40.76972321308432, -65.14346861003757, 1.6819512304322983, 22.08629480049769, -19.42991309199912, -54.43426593387769, 8.923027572837842, -68.94764029378182, -6.876424462034265, -1.9284889614638239, 6.627991962980202, 64.38840548307664] : -0.47683902220292523
[-68.84405464599693, 6.916555639365107, -23.118719482342666, 30.744401140940607, 23.040989841504167, 15.572430131508193, 46.3946861701757, 92.1177669242569, 21.976604086463226, -28.968475160113215, -16.88928187322583, 4.632299199418892, -59.585828803216856, 26.646152350301257, 1.0637212404671654, 34.80367008999632, 68.81643355739413, -6.2623436638674015, -67.63957746891646, -11.624788948095842, 39.81312510294529, -4.487203577064975, 54.99317927375597, 10.957511206040422, -33.20302914505739, 53.89804697487195, -13.271841298049177, -55.14792728773953, 7.943803915901938, 53.28955876943063, -55.069604432932444, 13.018093532612244] : -1.0
[-79.6189894632421, 35.429294814162674, -101.65189484048638, 49.28765982764631, -71.58615389369787, 48.45875934440881, 66.12954319355853, 93.98079966063341, 66.67155445140772, 29.853525961909053, -49.37185730722026, -12.308484737190838, -36.318273880500264, 28.157091866064917, 26.978050313172446, -9.760670064186268, 99.31746966129299, 11.208017518895076, -33.38763005473601, -25.86791270998746, -1.729932850538722, 9.991548225614748, 18.600161044769592, -37.28493074984641, -21.98897172975935, -75.67627789142504, -31.385974106769915, 19.67950559074068, 40.12319884147436, -18.372124124216594, -48.65406258170807, -9.878192373398907] : -1.0
[-71.0975361057166, 26.189423281810857, -42.02873170315878, -34.143365773960355, -14.165455750215665, 44.99988612562678, -33.74412917000356, -25.843598136621157, 24.52882167194456, -17.558682274308687, 16.387512006217566, -12.561612464340792, -79.58628500075218, -15.609525885365606, 11.162180100562708, 13.64836280112911, 53.86895558312799, -14.437149766791759, -30.85389941222809, -29.276510005660107, 28.76734484891126, -35.56624449206605, -57.56225169536897, -18.895419398922257, -23.41350614614027, -30.35827515087486, -24.078740911244083, -36.12310277169509, -2.4634852746680007, -2.1543992930304903, -13.850699421715218, 49.489197186477426] : -1.0
[-90.33332096425077, 18.502168768956732, -79.88289778085198, 73.2763745059135, -47.524959702877126, 53.192009772624765, 26.112808452965954, 21.176681070577125, 34.52455965560131, -26.889752677741324, -5.1404383741478945, -7.521633065120355, 27.880806929003626, 102.63671338399007, 2.0537662199655373, -78.46135627748833, 25.96124496390789, -31.45847581954451, 12.972943236833881, -70.2756547914164, 56.75570637811677, -6.576539181269153, -21.758547182029215, 61.33421013467614, -32.31300283013258, -16.68823295087815, -15.663344956273692, -17.487865831678562, 29.57527716994071, 11.986001047921246, 3.5385057974885292, 9.071121626972406] : -1.0
[-130.99519031262778, 69.3691606050775, -19.90664395375253, 127.308130432658, 51.54976627949321, 26.794163538413933, 28.778899742870813, 30.98140186508693, 93.14722219511881, 0.15896024225314287, -57.328231187208374, -62.15238165561965, -49.32565287431048, -40.28189967012112, 30.562839108925306, -43.40526698880653, -51.37920414981813, 54.7518382396196, 61.60715030619738, -8.251816156533167, -8.684163676897835, 61.776840623378725, 17.84784949779136, 92.55210747700062, 52.39873857460719, -86.37876315428643, 20.1423264279726, -68.35065075572358, 17.257948954897316, -31.29246779258801, -40.755610769855835, 71.60542153412065] : -1.0
[-90.97844781703067, -84.01778481905407, -37.13529236196591, -78.1372447920021, -32.75607050776592, -12.33604891268777, 49.75236939759786, 20.870467114490886, 25.577573304135726, -124.37459942955539, 6.308589751386059, -49.4773526117289, -5.7413560621732, 36.718257398167836, 35.82134343233763, -111.05225202859378, 50.25067950553107, -7.39322934558699, 40.16659853672059, -29.590556543272385, -12.219654932914423, -47.5653768622609, 55.08987146802958, -4.5936803200474685, -14.244973567318942, -125.10751063587539, 21.238237910949024, -125.42442945950636, 78.38828366916016, 30.97964162257132, 19.74480084399863, -13.366866080015473] : -0.47754413431341
[-82.1491161711937, -23.157234849243338, -64.57495905627717, 70.73970761319009, -163.70888590079136, -100.89434141054323, 30.347648142649383, 3.8331620458894875, 94.7138920434189, 115.45381737020146, -9.063330769457455, 6.210467290057764, 63.62684228616739, 59.079201731416006, -54.1160423600333, -60.88756915196295, 12.163960958843681, 2.930987573607066, 17.63293729593986, -58.32613666742785, 50.808283895035835, 153.27909382200127, -37.46378128209506, 89.49687192941886, -18.99121333080617, 0.2843634729604574, -23.47594364575094, -60.138039653383785, -55.85103331147335, -70.03759514508212, -32.18176452472282, 71.24496310244167] : -1.0
[-23.223419590489584, -39.3392256558712, 36.370300362654746, 29.287723315308178, -78.03982007773021, 43.3713537223082, 4.457331570691714, 179.06483602858978, 22.561430302909308, -29.9239071079238, -44.06136654608905, -50.220860505024945, -14.663937411092906, -28.100225494284242, -6.842847760490747, -47.221984466560585, 59.01831873738144, -7.5469298826134334, 98.42249191120173, -71.89507364196623, 169.05806415806674, -32.97218134674628, -36.47909641772429, 123.09667457461956, -1.1407474643411994, -26.408019763598986, -7.764872865370762, -7.923975779799157, -42.691024354145064, -56.266156888882925, 21.527348872648172, 94.42049317549895] : -1.0
[-148.98012451682627, -143.45428295493483, -200.30164881126956, 39.009828250651026, -80.43573151587296, -22.317026604624314, 17.55963090487299, 25.00615564219872, 76.19701204001245, 85.08712235336183, 12.739551850010638, 26.49357548150148, 13.062838157403512, -54.072737773428756, 31.39130206838826, 2.3541203477399506, 51.67713968814155, 15.199672771918006, -46.71172927776598, -101.26378353142825, 23.352127007848694, -20.135570313827316, -61.0403112215351, 62.35786689146572, 5.991769187882898, 45.53543329472367, 78.23504826444255, -32.70593524553613, 124.09006045666642, 93.22069301678314, 24.644346670707105, 113.7809896099417] : -1.0
[-113.12345117752851, 19.356014406026535, -16.09426003985221, 8.555831903074761, -32.965016287854255, 47.03280510736682, -36.86763777882929, -26.496024623150724, 23.870927550999404, -19.08833900349315, 54.207573126854854, -31.16943445252313, 32.2893796161063, -78.58639518029523, 52.04306195494978, -76.16306065394494, 136.91298865898102, -40.18270684078679, -17.051796092509413, -28.759114048620596, 84.22268688959255, -41.11620245960773, -54.51609841510001, 207.64378923189088, 20.910578783980185, -73.34302058401963, 28.08785768496415, -22.907183146870114, -54.257047002763926, -63.5355136771458, -71.1426559622872, -3.221808774029749] : -1.0
[-187.90020469733344, -2.8735776246245632, 14.2109425630142, -40.442047068316604, 14.81120483711046, -54.14047209742237, 23.28432388365241, 1.5640151619320406, 142.33517187471364, 18.192919530822447, 8.321512058599236, -48.44330238440997, -32.92852908167486, 15.340137085732636, -25.470543947167695, -42.07780227565772, 64.54741304993063, -78.63496265272585, -41.630203275119825, 43.64114806396219, 14.256095682627473, 18.115642425725124, -87.0369956628666, 124.31059579110439, 105.5863305701323, -4.00618019248323, 1.609813264662204, 10.705698191650363, -70.65421622912767, 26.90412630448696, -45.007078332166884, 33.274552347220734] : -1.0
[3.91895112532238, 112.11818575689585, -17.065180599852553, 25.108533552611352, -186.21443646309416, 83.36290812521652, 71.05850181431839, -34.16782371686701, 35.057575209205254, 50.63793660528543, -32.681579419809815, 8.157794680972174, -83.25519124163883, 9.608661310393217, -4.3447398768057015, -100.39074968782622, -1.636159934820526, 18.253427414087955, 41.96508097626206, -84.13638035020227, -69.92137177906174, 16.65862678509905, 10.592148949618927, 45.28325977711725, -6.598962554918174, 57.88087463544828, 36.17888376062784, -45.64241743722905, -47.2377191020942, -22.278616686242827, -80.11155554546471, -23.845109606742557] : -1.0
[-186.19169540059585, -19.563074146252145, 27.583762757288312, 31.433544247417505, 3.566965954304898, 31.395203389817805, 13.192246651633404, 115.82114857842575, -36.02452558721884, -58.59623410757897, 33.07381799463188, -16.964604934614208, -98.87199374100997, -2.870409907639985, -82.80308668601208, -72.48409208619037, 155.57178546860217, 23.725072561394857, -5.566326951501026, -9.145281372727126, 58.12533560944969, -39.09983214947849, 5.154940646086097, 154.17035903399642, -9.665324175468015, 77.31713672954267, 70.22594625222496, -29.918561311436584, 61.30830557905149, -38.479899889166646, 17.249935092563007, -45.94347496103931] : -1.0
[-23.016245189473757, -20.12435708898001, -10.302434968645905, 58.55597054239592, -80.84076512664387, -122.42945295282021, 87.6926124863883, 81.87524595460677, 119.49823888842184, -97.69886098669562, 16.25058352624899, -19.351802554878873, -130.63095821478453, -106.19878865700036, -45.78662473336944, -0.8835495720576958, 37.786090805258944, -23.752325886476225, 45.75946628842601, -99.16500542831251, -115.0595188859798, 20.09191142837792, -45.41422600646281, -12.801665328542285, 183.48192998676004, -24.374130206908813, 43.510348229139936, -132.1986824801071, 33.154521453064795, 2.4290697626619258, -32.13532492217938, -42.89195797103178] : -5.0
[16.63004870550938, 51.21906078038236, 0.7510452431719372, 7.391705526382861, 15.309356605564105, 28.6693196270986, 12.4769760866408, 132.19237635379255, 33.93611857775089, -44.793749503659676, -43.442587284049964, -58.22401335096761, -93.00851309101512, -53.67265979182311, -146.0136703284774, 22.29560768552185, 67.41493795897593, 15.823399781673107, 124.84613570462636, 103.11082060715748, 53.611545176643574, 54.716523533077705, -119.73828979024832, 109.67955845076227, -11.961970581312949, 23.96373666004802, 40.094121335679006, 27.345514128751475, 44.47204908829141, -65.87409969700799, 43.53790092705418, -38.23021291644119] : -1.0
[-194.72802147161917, -5.827669168108143, -41.4911885510474, -46.3344090881615, -133.21208416850257, -19.71551656270998, 12.457433335211594, 70.55211861183203, 78.0587442167031, 43.61885837615413, -149.11096292191064, 40.437805221058795, -36.068864070305075, -10.921890109728007, 1.688735717385092, -50.8373995981976, -16.415122858774332, 62.75634426682326, 36.443047407891456, 56.35509217319584, 81.02954091046573, 23.11820945478091, 4.76840420437001, 171.31311562136057, -66.86537657215182, -15.318445485611264, 37.618818092312885, -67.82530962295499, -64.32119185809422, -79.69460030327072, -42.70719711818378, -114.11445817883936] : -1.0
[-73.15423038655106, 10.612630446271249, -76.15869227243721, 95.35769996141136, -125.57927714379211, -10.348660345068259, -36.3595861446278, 77.74909300347949, 99.72853848139926, -92.96891332710678, -49.18493754030658, -78.96397181572706, -27.78890995744922, 94.7044073801052, 61.53261324100911, -60.27079195990345, 17.774509604733424, -17.78792007160676, -20.033467078382607, -71.72964755177341, -38.24762713405226, -7.638479463693296, 35.43276195732511, 20.57585501791612, -67.01405993865714, -6.309172598632082, -70.8564689479746, -29.98309292137988, -95.14041069093209, 51.29053067322241, -23.797002289945677, 43.67465042394676] : -1.0
[-44.270729644765865, 10.809448995619222, -86.6513346139491, -74.93389349855954, 0.6251519314046305, -31.80536532475868, 2.7747794940116925, 7.297172411132237, -69.40032900205594, -110.24383028879748, -9.39111465140589, -18.34152531296084, 4.96657344043782, 71.95732147630936, 31.25968681317568, -30.841826463704393, -102.62807974239428, -43.05605280588284, 177.25691889308968, -13.332287951673337, 57.85616652332579, 108.51897964003959, -77.75343092471758, 35.534674058708234, 40.46927967140152, 47.05251851505443, 36.3401366796933, -38.33788713853476, -59.78673303096683, -114.14502249430498, 45.517602702347006, -3.9189544385228503] : -1.0
[-189.7250415741472, 17.52712076808778, -2.574455141059378, 139.64328598260775, -25.89726635066289, 24.021514774365208, 104.38835489671222, 47.607887538133575, 102.43626376585159, -92.40268430693698, 33.74686352690763, 45.573279365027005, 64.20414409271052, -177.6265910557256, -68.66501601842049, 33.17559519374264, -62.2380807855354, -48.98473756135167, 163.98143109945363, -38.602079955729025, 46.884623707243534, 163.169524885685, -79.83309224661265, 154.95097394654073, 131.7420811747711, 0.27947695670063766, 17.321840728395525, -152.0336386056229, 97.33300859700633, -0.5244278573043921, 3.95859287907469, -148.85636523590125] : -0.45386206020008435
[-100.73788659881286, -34.481548180369174, -76.1955639724406, 218.4806725779208, -2.423248074280238, -131.11359247855881, 27.55446928764701, 97.50343602067642, 31.775124556387617, -31.585203537023716, 40.17789687442404, 53.349749968003024, -77.59160744116524, -88.8775263271392, 55.22232236025322, -16.998447466718417, -32.266938067133076, -66.97613594093472, 152.391917514421, -120.95016549753956, 68.14497270004114, 66.41901501005157, -127.99911068844459, 65.38909924061413, 66.25828578792712, 91.27016508384834, 19.58704758696953, -115.61869217642723, 34.939791070420085, -0.7790937547855812, -72.50866738038043, 5.4407944720645816] : -1.0
[-6.019804938994525, -22.230089278750476, -7.109334854299245, 92.94560507224999, -5.994355789569333, -98.99442980438002, 38.49625438425072, -22.229638600887988, 135.95034189841152, -114.54852106085494, -121.65859707685021, 50.80765643766753, -64.5752261032604, -52.9829601939006, 37.094035320191345, 4.333000266104069, -0.2824626138030837, -47.28192907262674, 63.93278084858666, -171.47952729863158, 28.6659880830574, -75.20371321528594, -63.816280493364886, 105.21464230128737, -31.899538802995977, 61.74142940186657, -36.560303071228205, -52.1789171577565, -14.754056581743779, -35.39728350302016, -50.10543432033154, -30.542090815399725] : -1.0
[-96.52152601139854, 40.84598083855722, -66.54947564469741, -55.357804154986255, 8.44296264595684, -5.81480187226466, -5.279910147774672, 79.40600177630121, 57.78940789393257, 17.9729497493068, 51.57815809353161, -4.852863070252184, -68.94704996634152, -10.981151713567272, -6.276505436386714, 4.968400568392116, 127.55187307863135, -69.16009558920913, 53.23550080456899, -38.641889182122625, -17.4136407501883, -35.05087923391888, 12.231738644636849, 101.13170180366185, -30.757387836207144, -68.50501960097574, 9.128617748986356, -135.71793309230083, -69.56949658660724, -31.68866507772437, 33.19590572157429, 31.17748116275968] : -1.0
[-111.7454093511065, -39.103618505179625, -45.20442711385111, 188.78035347656066, -168.46762250286505, -54.65245907685068, 27.889064871493225, 24.584183515960127, 110.07880712408179, 12.968022900604634, 10.345300735602823, 24.296078036303648, 58.02317988285436, -15.605476644343142, 1.9577747530561034, -56.805264555701285, 72.15865544816613, -0.5093267350525352, 176.31930247037985, 86.25342579108657, 134.62857771365148, -51.07251915814338, -221.7995442639418, 70.16425909147738, 28.216777194626957, 15.095988088498615, -7.177106009744367, -9.948807309328032, 79.8308786818868, 5.882466367940051, 66.422156491473, 59.72743332365181] : -1.0
[-46.79785771343134, 0.4446042291003671, 18.560964980675397, 63.07814590994323, -61.509023900855766, -85.26202756361396, -31.40508294889024, 133.43502876700424, 89.5000830487174, 41.860097003981735, -57.44445778065228, -104.73538690794469, -156.4182444913252, -50.5874088954817, -82.75536748185665, -82.15670075111909, -31.151178859863755, 50.104839323547786, 69.4710392200422, 35.542788801749865, -61.17674105443244, 38.16544543336083, -4.84756791091754, 19.00061854689544, 19.024588979052638, 37.205051663973606, 26.962907064610413, -3.829751978343751, 44.613973405968764, 17.898254964317136, 69.85604893243232, 63.40946263626685] : -1.0
[-172.5938126225264, 6.506263653814834, -103.07925811678363, 66.34578299818702, -47.4057582971068, 87.14616272304607, -0.2712055567271463, 54.713031877334735, 86.29099908400953, 64.78999931062143, -20.207224671268527, -63.29061356002091, -109.55887017671844, -63.37920885212136, 80.85697227900138, -45.70419090750573, 59.8788563120038, 104.3874432764142, -70.63688671094651, -105.54294384193372, 85.13424109245307, 32.01958397078295, -99.00168889780478, 47.948058243419666, 42.09357967107625, 41.667464165302476, 0.8925357160845095, -139.22860583154468, -14.939090259246544, -44.4294941470868, -35.21811413965701, 68.06478608294685] : -1.0
[-119.06684495626399, -17.39654641492773, -57.48684607384965, 142.11127458012, -111.27961821508376, 53.54515571089187, 27.75497072832095, 101.9878451831182, 230.00417601937875, -78.36438632094038, 6.868572785955774, -37.73183013835389, 44.34668733763613, -19.508419998325913, -110.2308346285418, -85.24203424758058, 51.950739875771156, -37.38282289695093, 129.67250403715684, -76.81981382295821, -66.2521293208468, 61.4559740999575, -105.61307617243703, 76.16094711388867, 118.25868753724029, -66.3550614230331, 22.389428074277916, 6.120452264966417, -43.788520175764795, 133.6877272621165, -58.67569361069151, 5.23716139618621] : -1.0
[-167.94120898052844, 6.78246289286378, -24.250115339288378, 69.07346410446368, -20.576623852871208, -49.89081923786211, 44.093784068276356, 81.5314323574585, 152.67680399407908, -1.4214735645044048, 25.19419163386131, -6.62651788786966, -42.66298617559063, 19.39834105962521, -9.943720966893451, -67.02575271032556, -41.5699459280648, -23.086019994818074, 54.07027820694961, -175.27058819190407, 0.9080103429470192, -82.43168382447256, 6.073072199774153, 195.764126477954, 1.2197237602428572, 39.92150065050117, 91.99170746052646, 28.22527434926711, 19.60193950215642, -1.0863981477152578, -110.08077342872843, 161.1160404393437] : -1.0
[-30.65685397501791, 1.1868013811684932, 39.71005141146003, 26.51742481151294, -19.77002182577194, -166.60083398213234, 74.86069031306222, 85.47626441259467, 152.60108422110045, 12.828427630139117, -147.49628255450853, 31.982053248616452, -65.43752906795967, 69.42147287977645, -57.06477877107631, -56.181597408154325, 82.91459945616224, 13.596200738118178, 22.20429681530497, -132.19848158987742, 20.53708846211406, 68.1797309412315, 47.1838736381808, 69.00508527723024, 121.9515713622223, -133.73514365862405, 40.85474987853405, -118.52143540038904, 134.20195445956924, -92.5611829620045, -42.035911528492164, -20.480682929948152] : -1.0
[-209.5947598787913, -57.96986145041936, -53.03666043952265, -7.449121308202066, -75.30614944003997, -122.76139276630431, -10.576374934239936, 93.46259836059828, 138.9994894873896, 40.59686585580082, -98.60742149750854, -51.45698765942633, -103.31554797921638, -126.43736558126812, -7.72917873294383, -142.1306552181357, -4.30143208756396, 80.76567684491796, 44.16844335953914, -7.548554482276799, -78.52447601388795, -41.417542088255146, 37.18072739972402, 101.25273631185553, 107.46868765691735, -93.63352801469226, 48.418178784155465, 76.00297336835085, 21.938252412710252, -26.955306110194805, 53.79603460119373, -0.45731525957950936] : -0.4803864739157937
[-57.16409719814108, -18.916059365233714, -52.39199654161968, 60.332371806534425, -15.01265976977028, -59.428856927189024, -38.0852195068512, 49.389890655209314, 83.51770084926495, -14.042893661101854, 15.284697568872275, -39.7944282614649, -82.39403912077005, -87.89543591677872, -3.898713307425627, 38.581040331562065, -48.559397854887806, -46.731338222447235, 15.325824664553377, 24.63926466259096, 43.25328090457329, 24.953519965498607, 38.82929797336607, -1.8502687416163468, 55.236968388978354, -105.06028923878677, 0.7653741989691376, -120.16728216598956, 102.41007362277453, 124.70547256655063, -17.337409139463077, 9.174215662153014] : -1.0
[-85.20535551187795, 15.817565193189587, -165.51963238160823, 158.35274825423994, -90.99093251035076, -61.48298482043418, 24.271573928093968, 23.973934302327613, 115.12069631762733, -19.34284714165365, 69.30256752566326, 79.67726418311658, 6.340363809136832, -93.03689968410166, -98.65385009316002, -20.2880566599191, 64.31810401427157, -9.313325229100746, -40.936420329316746, -109.86420362428669, -35.147491400638856, -44.561810313038976, 123.96472674044001, 126.68570411581098, 98.56766770104512, -188.2535534551641, 148.7092937320881, -148.62480492346464, -83.11797740124216, -36.61510320057603, -9.46145124634971, 48.457849503790044] : -1.0
[-88.5043247987915, -29.08312105075621, -96.9974153739469, -24.57630578173523, -80.5244543175786, -62.78056168646828, 137.8474793464797, 14.094642946653217, 161.99767017727862, -64.78476691164661, 55.34858879005468, -60.35686426912088, 23.036657160678892, 35.437016192984785, 14.945753471349212, -95.8281731366329, -60.71846505347045, 83.28391520246993, -15.87660380002631, -8.568841136515978, -56.89648782408918, 2.861608352059939, 2.7410482718633276, 144.05507534841564, -15.182410739043092, -56.88671080748877, 39.98864918892109, -67.85508762427263, 9.531077690773241, -123.83270659555326, -100.56141987765159, 34.425267220454565] : -5.0
[-143.914769706647, -107.00563264482248, -121.94768931740342, 115.47545883547542, 9.03260385275047, 3.6230616198314607, 1.5243360000277235, 16.921940568996384, 69.73650048466749, 34.06728857787364, -52.6256965481679, -9.82141887850583, -82.91649168719945, 24.8403908540405, 87.97720239526953, -65.78117265296996, 33.64014243050592, -7.377199102876852, 31.760066589934333, -16.416393586846723, -87.37557527398167, -103.25314428246892, -3.7051427701117063, 71.36587630535065, -145.5500660153005, 27.550456358227333, 69.198473763891, -19.493437653021147, 68.90774214477094, -125.79214647541068, -77.01196885940993, 110.15669874008003] : -1.0
[23.408409551579908, 31.074552832382896, -14.54261794461587, 10.12543874964566, -68.68992043822263, -62.00596814224434, 120.85221540852731, 91.2790791661123, 177.2104348154709, -23.499580524632155, 95.5366989650904, -63.6448843850546, -88.2924708062627, 15.263807879727551, 17.89113028985945, -165.1009879807913, 14.592900528488713, 18.67783282223959, 14.567896062146218, 41.82770258984959, 93.7268053193682, 16.857289546317645, -54.110384470200536, 62.75477520489293, -5.728459057451452, 3.0892099280263805, -18.06160957252358, -68.47487465572317, -42.633985968549354, -152.36293580885808, -35.42114826293886, 3.3400430238141006] : -1.0
[-78.66615253409637, 21.62731652243968, -65.66248407420936, 199.17446742808278, -110.87060572079939, -128.2793867917735, 194.44363776961086, 1.0677849080103243, 195.81241784255434, 16.74982978538757, 97.18182809785581, -51.82463571677682, -170.70284367696456, 24.87470541004685, -106.86464921077462, -50.01460437336632, -15.315624965918477, 107.71564436611638, 25.89191487521238, -127.74596819815147, 57.98449554966956, 112.90746708492959, -21.917018732662605, 177.7854133005941, -12.797887738093067, -59.01773793267078, -18.121835127840825, -115.03380236358974, -48.014676567770046, -25.212493948929055, -68.251479597154, -35.58078893231491] : -1.0
[-152.19427421276143, -9.136198643489989, -143.15870769840484, 54.11359109608951, -106.3238719188474, -55.23009572000626, 122.1086794433663, 119.7917260805783, 131.932755182468, -109.16514271448733, 68.16280019706163, -186.5620707846384, -61.6902907327471, -16.509527115447284, -85.79048783367529, -57.02550040846316, 47.530123050582745, -136.37230572566486, 65.63390429758913, -120.0188481330873, -11.972414561490105, -27.71463868173855, -125.10278489190688, 119.35648275582594, -42.55986636998575, 176.97111941574732, 38.90421974030908, -196.51322459231943, -116.94340070075638, -84.04534573661856, -38.88135063804714, -40.829044035555945] : -1.0
[-55.13596687528466, 45.00149665453178, -79.46425836009911, 64.41139794178271, -44.976952423870216, 12.922860242595007, 57.79305390722038, 38.557628115759634, 157.21355544177422, -84.0543001184452, -58.87739169877866, -11.731924007648175, -100.46671231684807, 111.28515914986684, 27.199793586119732, 18.53601987731888, 79.54182434522738, 61.27564614985417, 76.89388227592671, -36.892990654455915, -23.843365406579636, 7.022828697582163, -30.41696113846102, 59.78833538184697, 12.911315118890816, 0.8088632743389246, 19.14967518882174, -144.9684803754999, -62.22944984571896, -104.24165437966782, -85.78814274983543, -20.11905177667363] : -1.0
[-216.14502720708515, -113.21615093255521, -29.594283704656156, 148.6494857374372, -79.96202600707693, -15.355489882950415, 128.50151207222717, 15.721793852987034, 144.8597976998408, 6.623780896453269, 55.722272152430875, -14.914090734588141, 2.3042708264232985, -27.173170813043967, 54.13018101840403, -15.895887143671626, -13.161145761630861, -16.241950197846904, 121.46509073512411, 16.45866644845323, 85.58242228159926, 95.97612793580295, -0.5645681133009219, 38.033840180487054, -5.957936664931393, 15.902287257142167, 97.87326841115977, -49.960633047593106, -7.334403346062327, -58.42032796646549, -7.382591732316712, -22.671482412059305] : -1.0
[-62.639746578732, -25.251863778696837, -117.81645308218222, 35.06573733947758, -116.3720197130509, -37.4600530633574, 124.9310883134734, 55.324920820069764, 274.62148339959276, -161.361865952952, -74.86418272642358, -7.743526986526417, -48.30301809787228, 4.362340034809755, 14.524230515317619, -29.063101301018413, -73.87998175293669, -39.465822966818706, -4.236658270179937, 24.809508636022827, 43.28426039894271, -42.43203206350767, -2.6533690905883702, 99.32392347264364, -2.857378180907568, -70.50110277390671, 127.41342969407377, -38.479689582800475, 23.344391132139265, 5.0587162364497615, -18.052129691549236, 32.72698901305497] : -0.46852527965198865
[-69.76522708616747, -48.161705128853875, 17.686077716669516, 145.04217130023528, -81.47320165674572, 2.9357535851040666, 27.864887027913475, 80.69877515570221, 238.06556876741408, 63.296756609926206, -49.190991800794194, 131.5933096324436, -39.79068277655562, -39.522902383128894, 83.31050185426378, -174.08202771978284, 14.388455841706204, 58.68475707093099, -28.046674783957208, -117.4923282473112, 39.03686090050188, -27.017984707255167, -114.18324854244013, 100.87435155062822, 28.673071891131244, 71.83760204594364, 20.82733316842582, -53.88478412671979, -80.87104288487804, -80.97500736127796, -118.893379615893, 59.05504482678605] : -1.0
[13.519339523909323, 88.30754914841135, 91.66167182938659, 42.85969381117382, -119.13300897112241, -91.25878846531515, -36.7103302542438, 39.941097750024255, 96.3019684424902, -9.121122702525135, 63.84673327730811, 1.9969734021025909, -4.513824286626988, -57.80608165375372, -52.14994349331592, -4.149076944207295, -10.45033392785199, 119.29750666617886, 55.87583714834116, -40.247338756861936, 18.800653465366864, -17.93093196987664, -33.411771160380084, 79.05404945366055, 45.060577116145225, -9.526146774924587, 114.93958391990792, -105.22336916244424, 51.79596808728293, -9.267352598072314, -70.65090265380766, -9.458705392520745] : -0.48854181983254175
[-43.183084630991665, -105.08934945418177, -194.08251266440834, 69.23858690915498, -94.23818304005363, -90.20672228270885, 99.5451858961589, 8.728231692548256, 4.488534675926857, 27.837073546816313, -17.322144742418196, -120.66939223047802, -34.18287638751479, 15.081421139949192, -48.18627034477771, -118.5242581277268, -146.2466911416188, 22.359098262777103, 142.4962878269081, -79.1813882438426, -3.626332663016905, 1.330980250719156, -3.0449183391054007, 139.11710388792113, -8.488971308221426, 12.317765184801566, 102.55229643268787, -98.37684458521325, 4.540375436183223, -23.20470261474565, 19.7867253260344, 37.36112540332675] : -1.0
[-17.99418434175776, 43.57657716584522, -85.7815631287371, 35.581221957216094, 5.756845538650872, -73.03222135055087, 7.5725236943751355, 18.163671818584945, 124.30196313121303, -73.37067732354998, 18.870281417300667, 40.73191490312978, -17.519334552612662, -84.40197456876362, 139.98192504571375, -110.00062599858282, 60.210114608309866, 27.794829823391428, 105.78446351861517, -33.01650086387788, -54.36619242944869, 11.940025073013237, -38.35629070700027, 96.06317875156125, 37.70318888724449, 13.51932778148108, -44.61943453449923, -51.155014840559275, 96.50889448077716, -56.825557095770876, -23.341424514052363, 22.861522841378022] : -1.0
[-132.62121951083728, 29.03932295393432, 23.826693884326318, 63.924303831820446, -51.65786541410357, -182.28830116187464, 55.70338411663534, 18.945527967326946, 186.40152255649505, -100.91858095457997, 30.219657250437862, -32.33921725393363, 11.119229443049193, 7.003015325494296, -106.74966270562543, -86.37191213580866, -71.22217873765196, 145.89272815414867, 61.22154923336332, -32.11801606424229, 23.038747381155577, -26.522413854492264, -22.529661453900317, 279.12049407334183, 90.45420310187954, -69.4885819409981, 10.801142277554401, -24.24168722569236, 43.07097758760987, 51.12173039019115, -34.617783026565945, 3.5407134956272124] : -0.5293592539700595
[-232.7529065565895, 73.37159107748415, -170.5520920558002, 35.74995359502559, -105.73173109852252, -64.31871530911855, 114.15425424232461, -51.9313961842244, 161.96033501153295, -82.82242383281253, 29.120797315150938, -36.86393940521799, 15.825769048674438, 57.75732901054805, -21.650692780658456, -166.0049079115114, 74.89608623036239, -26.4075038236003, 70.197863317203, -67.17320731173517, -53.67889260621356, 16.7889659900042, 5.957822056719294, 218.9474472996843, -29.54323915173678, 60.76673279351398, -124.33879489899476, -54.30062819410647, -20.61671576191664, -37.5672968806209, -40.40353355299356, -82.17413543244999] : -1.0
[-57.5503841859977, -24.709036782025038, -118.57770628515951, 210.8649194498446, -79.73562847613383, -145.6756519939002, 13.108450564829383, 152.10365195331622, 43.405155913218216, 36.09522456055001, 62.850545391929764, 41.723376149299774, -110.35762220278606, 163.3319546631951, 70.20313024702547, -50.408179510787775, -141.1370570424887, -82.95000149699118, -32.92844974702569, -13.567396551283444, -22.98286391398874, 58.817525890349096, 99.51678872146098, 43.25393048712128, 102.7125415822208, 38.4558279729884, 25.902896147388958, 15.357325604721908, -2.7861738293732152, -28.788641159198527, -3.542450531970978, 138.90862024974996] : -1.0
[24.749780353866555, -135.16315291471778, -93.20543584830257, 77.20847807930585, -42.26651668917963, -34.88188836382524, 145.6434331603925, 80.27578433199761, 166.81074602233903, -74.62891218162979, -3.8169042579073, 86.4117191041363, -212.2637981180184, 94.62227074919323, -62.105771627914805, -16.428234819739714, 87.81342459481223, 45.386113078157464, 109.62757052164427, 57.22628056058826, 46.06813579406569, 86.31193410867753, -37.62165891710905, 111.49011224789041, -18.39277094690491, -52.21395688196575, 0.7256147401962068, -66.39847604067216, -168.45889690548333, -180.0483536883005, 34.30342295424303, -66.20017493794444] : -0.5266822468150746
[-118.3734490464725, -194.4883524336494, -260.61618678147914, 94.03965227952965, 48.05281268689988, -69.07259017025926, 137.54295588858895, -29.576318440321337, 210.99042415138305, 153.56771308375895, 102.03517202803025, 116.60154211190624, -69.01726490210048, 14.06273303678123, -13.023463093089564, -34.40805964415492, 15.524671003773706, -135.17226720653017, 105.34873188895838, -246.8146129927965, 152.06530178257174, 43.23323609878601, -65.91899490510502, 141.44122707245822, -79.27013917629321, 5.560514469872491, 117.3239483274265, -44.87822619173301, 143.42690217629973, 20.27583384790954, 52.219969301477974, 52.728063643883715] : -1.0
[-168.71222807956832, -46.47582653846866, -101.5050115177554, 185.71790347292583, -18.187240850722098, 6.250204212224631, 140.21473405762816, -39.53870981569626, 144.30923440082515, 20.495170666216673, 103.53899553068334, 92.05740849682061, 48.78154832549089, 55.80298598673173, 116.58007779041199, -81.3420675839271, 105.4273063994153, -98.76380378799288, -58.96216557960717, -40.11408195680854, -102.71448997851093, 58.653796295331205, -131.76776156594954, 116.5635949296588, -66.21101368544683, -109.0540673257872, 171.99422485684607, -259.0408166562474, -22.47624554844368, -108.27696650815834, -222.93204011114514, -83.99081154719451] : -1.0
[-39.77133998266417, -112.34312285589107, -151.52982631986137, 248.03434259774403, -3.667184949061344, -8.946429640387151, 101.42059411945152, 33.2305166166869, 54.87156846262171, -81.84618281286339, 29.344562148517724, -7.634354699062591, -17.124929209581538, 4.967907529850148, 103.43570265025959, 63.43003358582385, -168.82464035700107, 106.01243244573497, 74.63148045207811, -56.07803710967875, -56.7802703112283, -94.76826164187021, -103.90235226686337, 50.53140896902987, -108.90416733906167, 45.94358513025833, 83.22383055856923, -228.9363915256249, 90.94594164454452, -73.20743169207324, -1.2052875022029852, 17.40990041384905] : -1.0
[-155.7732248087065, -112.90369515068409, -157.00441553156338, 177.34176655233836, -315.44065450381987, 177.91732051940917, 215.24678856903319, 94.04021098167699, 128.24248589988662, 34.52405157792832, -163.8521752818539, -143.49367347439576, -51.51535468036545, 64.47241262097874, -22.136993017721394, -103.84075795582147, 62.73931410517055, -58.7587253851851, 65.16937915875096, -69.24127912444919, -35.25831818747316, -99.58991966162256, 196.94471145275227, -46.275403040476974, -124.43880119465462, -144.3041482506514, 28.529885836081124, -79.63619897883792, 43.15682375990048, -90.48484219759854, -226.16373669611684, 70.5090396647565] : -1.0
[-199.16933738393953, 60.57645144167534, 116.77116049785168, 249.8219893352715, -157.04102968616087, -174.4601020196768, 80.00911797061752, 67.98219912162607, 236.21147298721206, -44.098902763599106, 111.59419680030544, -51.434663957086904, -40.54880053595594, -19.35167870541817, 33.54635455548955, -242.81357382294385, 93.31940472594167, -7.87187745593728, 73.447919391625, 115.61532623639562, -32.9216741701346, 99.67137392213526, 66.21332363706546, 189.22241373487003, -32.90023048498139, -90.75697764717509, -95.43251858157359, -199.6865658983041, -113.0004962518582, 71.93424165356022, -123.27298000165757, 33.724241431983614] : -1.0
[9.817656591556045, -8.194427205546745, -184.9511354070941, 68.45052459584753, -9.605168398474888, -29.85100397754624, 14.909155408279545, 143.24982245126728, 46.247812155393504, 152.5703175860308, 2.133161337960864, 30.692763140519993, 120.53122973202943, -56.354841743046336, 129.81967823776012, -98.10214085212621, 4.705921535521799, 225.1963806910708, 134.98598061327908, 14.402559543544356, 36.325541442851545, -4.285250719632547, -72.77910046895627, 105.64837749095386, -33.24887320718857, -172.53455635248238, 86.78486788453321, -178.98113513327826, -33.16833026605926, -3.610692524757141, -49.527622255960736, -170.90898929841873] : -1.0
[-83.5700453712003, 52.40422782009693, -117.05384683718219, 133.90023222554478, -28.531619184698407, -75.08898349867809, 24.773842474214106, 152.4624642289663, 231.69142656230403, 149.20527053666254, -63.02836972855955, 70.44215185486888, -39.71692352558892, 260.0136456130666, -73.51839634647662, -71.2423474741353, -48.38988886566559, -82.30152931404673, 23.740308760239948, -130.46933625675766, -87.14797948863642, -193.80740425271588, -200.78463599651982, 129.87985697569624, 30.498152387930602, -30.28784796625422, -100.93220573298392, 7.232389791870588, 45.07311416831414, -197.44497882777742, -192.9956995225149, 53.41748756255252] : -1.0
[-257.0760217253556, -85.18464913833989, -43.49392499309009, 183.64255289751776, -101.6324579122469, 48.676293749239, 146.79925055057913, 79.88320371550573, 131.03532706050666, 6.328966271263328, 156.79732753837447, -92.2814942694063, 113.29925598652304, -147.25227230916312, -24.418882827493633, -174.12093847042172, -128.36894266470972, -4.701140262494526, 136.47915227341136, -49.40751021101213, -92.84644547414503, 97.37026152828388, 58.57768507978467, 98.6296544689693, 57.45228492969238, 102.80358429106207, 80.11291425547977, -258.1074252233158, -13.363846536144681, -185.13607094451976, -44.47853690207279, 20.00449681755681] : -1.0
[-163.72653176947387, -46.7683965440185, -299.5946600505543, 134.11337423528684, -248.83252096125193, 100.7479661341269, 80.01418832629636, -82.24683077746317, 286.79814482427236, -156.19456476065915, 28.397483165307513, -6.168790307483299, -152.33590926758018, 58.249929829380605, -100.70997600397494, 14.59607926490547, -11.443765648093397, 186.68124213838283, 37.66367710354967, -178.12351123788613, -124.60851141713236, 18.7525360843909, -121.3711035881978, 151.62198178617197, 21.548876010297477, 173.3461658612409, 93.98413528882467, 83.62780274269531, -39.34378816073965, -174.98216564791417, -107.0005850690176, 102.24905859642155] : -1.0
[-185.02603964965476, -55.76159668539093, -150.00921160549427, 141.5912905695726, -186.590783162665, 44.28131000225789, 0.1242714281522268, -34.03508147079294, 348.3582236138916, -93.93968311854486, -24.927622424351952, 97.94055413416768, -58.272086874436816, 17.235399756447823, -121.27184109748745, -186.88036189676689, 62.18983660599562, 72.05913281808257, 46.77569315905873, 62.04856144244548, -183.09876742922967, 28.782805616318445, 38.51533434417806, 21.826804888445196, -106.29471255255235, 98.46261436956362, 294.1766098476011, -16.508832326934034, 230.22383278295274, -190.62045691896435, -218.61918779793422, 153.92102773530823] : -1.0
[54.34585135797266, -210.33316455542285, -136.2380562946011, 339.8013074254229, -90.39468232259752, 107.88879885015865, 62.76626216820901, -69.76928562569427, 226.09956048068148, -136.10051525836735, 102.31668648551582, -59.55975895504669, -121.39012681314385, -123.08090025207149, 98.80009602032577, -366.4636325273484, 124.98265018772852, 70.6441788652752, 108.16903551140234, -283.7536272810585, 201.2579836230413, 51.466999316698164, -182.56366973397112, 139.06463198410918, 6.392194728945064, -110.27015115766793, 115.18685164015328, 16.35717640547378, -36.38648028736742, -71.90472639360632, -201.9534042952492, 135.9105483246783] : -1.0
[-161.856970832644, 46.74891913604831, -153.1506317120735, 54.07654226959667, -95.9526862081758, 23.308476469617034, 245.15883686045782, 40.49421614797666, 80.15551569567904, -25.316795377943365, 111.1164719646844, 159.3584794366061, -203.49892199253435, -1.9991799461791189, 220.12625051717507, -94.93754518552038, 107.03721529839694, 61.192776013954244, -15.34413405569623, -152.4694812054109, -40.56091410500633, 100.6669217598828, 27.633562160322796, 75.31104657055113, -100.16541604682578, -34.86032444534254, 139.06478163492224, -106.6543739817916, 83.77194900700954, -256.3707112630993, -19.043542017163226, 109.05556057123005] : -1.0
[6.182576652873394, -8.10310449803583, -206.19805359875897, -74.27533430278123, -7.749218475878479, -136.7490340566025, 149.9014358993208, 102.96032265219152, 124.78128517535146, 222.26916936431664, 122.40554122228264, -107.53370125841445, -25.08149478899891, 68.82261939724475, -42.38116544834199, -54.42781923141422, -152.46278763072473, -48.069524880111175, 73.30632148163068, -199.84099156820312, 36.83746686287435, -77.82014762120977, 10.635341438271801, -86.90036851121899, 35.48715642675087, -48.97224252219831, -52.421486136449275, -92.89364069629701, 220.69023519113253, 60.653804380084935, -115.66142693157857, 66.32419241229726] : -1.0
[-291.22957421964526, -131.55026952087707, -30.239489472849343, 20.032650479489376, 182.6537980962134, -195.94690196832119, 56.91676853799056, -23.17086532553043, 57.98947339920784, 67.45175955239323, -45.2280217707392, 11.937828811389672, 81.44879994442013, 194.95378510038054, 115.85455966255651, -191.14051307310558, -106.49721908137764, -484.0290462870486, 176.58440937595043, -170.36872873691846, 132.70036915176297, -150.04604494423612, -107.14241542062837, 120.00354525929446, 49.82650783972625, -22.99551322704227, 316.71472525570886, -199.70311122661303, 332.4180088681528, 158.23878054126848, 174.33004863013514, -34.785829090982205] : -1.0
[-208.76500154007718, -356.02858657608846, -178.25060115475478, -40.355014124620084, 278.0131452183502, 180.2451699219467, -8.037842110378591, -58.476015327035455, -5.580915161252591, 170.3209287196943, 147.27175123023443, 249.62963475099775, 310.20336171584063, -175.83726613279947, 145.95989481942172, -196.14952452720024, -145.88896181902018, 151.31054461189802, -79.53456807324241, -98.4371906010198, -43.28614692187812, -26.422646344606143, 48.423166565572586, -193.22919593551268, 44.183379142820755, 12.964070357034167, -266.9546017717472, -137.14633311818233, 233.0308971593758, -139.87026726757625, -179.51194977784678, 17.08313069164027] : -1.0
[-195.71730532451852, 113.55704683828182, -192.31787287857856, 185.0809971955435, -198.37395461302276, -0.9203852670491592, 119.12648250314474, -71.81438268230745, 77.99069086341073, -80.92557596706953, 265.8657212173741, 330.26714592016407, -34.28649078889279, -196.58950312057368, -83.40353551975207, 116.22377020896047, 61.61461132660976, -64.61762641231594, 170.13632349736093, 172.688960429622, 24.885207847115147, 393.591982572419, -47.47818336811798, 258.8953246893265, 57.34969836014824, -337.4811435653992, 45.83360052744896, -318.7642728682672, 283.42198385944505, 225.62777952386443, 32.5036267781866, -75.17090539585793] : -0.4858241948214444
[-254.38771484821802, -98.8240787818193, -226.37415792968346, 22.32089987990679, -123.82184642306062, -96.04057734112611, 157.28706728965832, -271.77708805100804, 344.23166689112315, -83.00634329324325, 67.59742892096075, -10.281655152313391, 137.83975865177405, 62.56931066282502, 272.9727217600672, -69.6239681168602, 285.2450616365197, -89.56686699542536, 46.99101464163651, -91.14965179671988, -338.2868471529248, -400.6083464437057, -120.7878505812641, 63.72460945140745, -333.7993947051449, 73.0699028390756, 73.60320917980718, -88.76065741207805, -69.2240620731094, 57.42894915548896, 46.776685398790335, 261.2583761432796] : -1.0
[-140.9528469269349, -240.71473855939615, -196.04441615556541, -111.54960595911004, -306.498680846466, 20.00621770274239, -207.70458883230336, -225.1306183944825, 145.70928099132823, 209.50120010161433, 323.7337240670883, 300.6733319050736, -51.474276127916724, 147.01563807802492, 278.1112171159599, -152.72696740108688, 281.7287665852265, 186.0797197700486, -57.29843969993727, -60.193135895580504, -105.42456378008069, 170.56286869373267, -40.64187160840493, 105.4120944373318, -195.786316905265, -347.07698962795945, 210.7574381420152, -246.2648050369757, 97.52922062792311, -81.55738071340693, -435.0418272924663, -318.77098411179344] : -1.0
[-122.18815168058508, -143.63193473292722, -29.025187233415096, 311.32454307635277, -20.20334518682563, -103.32203301949069, 262.8438129600713, -27.993264471073935, 304.3950237221419, 7.8664195818131475, 249.99993091959234, -1.2488479696273984, -103.02220118510766, -163.08451266120875, -305.2453988053842, -80.34070268947791, 101.18996842904161, 243.28373936752587, -91.62428179244819, -246.6654542372962, -27.940371559586673, 190.3082912707412, -7.927702265041503, 119.99101653090874, -324.35897254990624, 190.51337855667583, 83.80685329103572, 41.353806857133094, -13.661691717713104, -389.8670601785984, 160.47002398428833, 56.43279366562774] : -1.0
[-220.74916902832413, -214.18969502932484, -134.71642375822796, 69.33548573877052, -205.88084027508665, -36.74077999335577, 71.19211813625924, 125.26533691962221, 199.64028995110243, 341.97546079019435, -78.54272071626897, -53.17376399551101, -172.62200726383426, 70.8133157009939, -300.6228197269567, 185.22267217735418, -180.2617601705562, -132.01952749145778, -2.753668498097788, 240.93041825073686, 11.768187889776184, -198.84228204930562, -251.29704644636223, -90.09759926789604, -179.07929484402166, 78.44432577480443, 117.8753602671286, 202.92825797512737, -16.771396948945373, 97.98137848829094, -106.3040817555389, -215.74788322154936] : -1.0
[93.2423186431697, -238.88362345905938, -155.71585038540496, 79.91875191417066, -165.90894621991964, -111.74086952714335, 257.1202944277299, 346.93190576287464, 450.7378252920886, 121.51282169767833, -6.750434541710334, -37.66717615309008, -169.76567184153035, 98.07409982634402, 88.87196589674042, -103.2933285370514, 196.8007467015618, 202.48734945932517, -270.4195322895777, -99.8491511732211, 175.30887054510066, -51.016883401338184, 78.29759152610765, 21.530166747148414, 165.26559767391012, -2.3413057770209775, 369.8194233016747, -304.9843788431056, -19.21797085250251, 118.15720331428369, -180.13599312350078, -60.192512284623035] : -1.0
[18.723250385145164, -128.81704088932952, -137.69297262627964, -16.407616805717396, -77.4381381867372, -222.94865249722162, 125.85951067897939, 28.711025446470426, -22.468694243294124, -10.35159553957984, -23.148004090428252, -236.82466809942235, 416.35886106856003, 93.67820597223601, 95.7854116850792, -100.48146699998148, 218.62338878538208, -124.87931436873077, -181.262771575636, -206.09033675853635, 185.04444400801071, 13.527187137697197, -84.65973328580768, -116.26835396352564, -279.48509918230855, 2.833514524026242, 190.60333246017643, -380.08288494870726, 203.868681780077, 174.07046139029094, 58.53812031234317, 382.43728634977845] : -1.0
[84.16788912886851, 56.87183476924065, -90.91241013306069, 28.791752484557236, 0.9402643527599466, -250.512677952013, 225.0732113988317, 81.68917164920171, 153.4179972787484, 154.29014545252178, -186.77372923233642, 125.22384648461566, -10.137105575349993, -124.96202556552325, -271.4078227408217, -122.46543271423519, -134.59346736690824, 31.5482522960276, -32.40265061371857, 70.74422546932703, 341.36283695215917, -67.55829093933777, -116.15412813979268, 20.08326687624057, -22.373302008913406, -218.08683157258247, -3.0252220095943017, -241.62224884796896, 12.444617736664455, -251.9388318919204, -94.42028375174168, 272.25909230565935] : -1.0
[14.979237729732588, 62.333944180855184, -424.52249311703406, 317.9303775820407, 211.71984753907833, -21.29785586066878, 47.0467672554155, -114.51810765038984, 168.99636076000724, 303.16460192672633, 67.07873397306341, -2.8047076179916672, 59.842717609033144, 130.8328249827409, -118.4291564561108, -394.2291245272615, 38.52129179048209, 253.19110642751826, -17.955561351008008, 125.40851772903113, -54.850569334683776, -52.495772574974765, -401.70264452463493, 168.68150053212992, -168.05897027094642, 242.76915977465552, 305.32277616914433, -277.2076651239056, 124.06678692771351, -102.13641212264112, -51.177209552479425, -267.96342548428635] : -1.0
[-140.63794008526295, -169.29205569147985, -80.37818200427776, 179.2451055821748, -42.36400176514182, -376.8412645981806, 228.83415183906632, 198.0011240442655, -37.055867793646314, -8.71485979620379, -180.0445128154737, -40.54054753654066, 116.02535675412986, 394.2476998449174, 13.505965400781395, 152.65565207063776, -15.264601079775654, 61.99822085049563, 118.9373236233556, -221.8336878593874, -32.390826419759364, 260.5921904637841, -207.33584026735767, 177.69342461986378, 27.43933717739894, -86.97147897736639, -68.95611531387233, 106.16159405033551, 44.13069085553818, 22.431968068284924, -221.98988603932713, -102.94063242395475] : -3.0
[-143.54756726916645, -201.01598466922292, -383.2893583220175, 99.995778297745, 198.18266547280325, -68.91768738718582, 100.03538707891764, 94.79065764922292, 300.55323875244045, 98.866452225129, -143.4630479369288, -14.441113291286577, -41.494656644176644, 2.1043716467858893, -119.39551588563415, 86.1161946395658, 385.18688408161523, 16.48916949042429, 144.62802448893177, -5.652309420382537, 7.152985087793627, 355.85094484204734, -80.5865393305835, 110.08036726845022, -239.20094602434474, 234.61017289230074, -95.19133003122282, -296.5081164010751, -48.29739861105791, -385.7684526250432, -275.50974082918674, 71.5805178294274] : -1.0
[-57.312935913865715, 32.40693491106117, -510.6970334646883, 171.65627117615605, -71.30526830440101, 29.010907658434547, 93.9496853535517, -38.93878697053701, 30.148889263688943, 159.34520045227248, 100.46909819094168, -161.28322501734112, 135.01459312950453, 167.42983619027515, 43.540316073948425, -337.6169965663993, 313.86521942619305, 106.73434666313516, -58.349969062659106, -237.15550006801482, 139.0593537404683, 30.65561763202833, 28.281978837965042, -126.13420948649787, -177.0722730215467, -299.2431600037198, 0.3391744539514292, 18.42140340439761, 279.5689564397796, 192.54617713657905, -77.35063523165573, 165.51816905033627] : -1.0
[-325.7017159048764, 14.916754411660634, -288.0161619989946, -82.97248236766787, -44.45327893056196, 72.36740324054918, 329.5629183597662, 252.0768417267079, 54.21597469017038, -32.432584646224186, -110.62835247110239, -276.6166918964764, 9.394844036326603, 152.4750506580549, 431.2560623064596, -174.59058518516025, -209.15978604409145, 110.3275388578751, 216.94040585743784, -85.259602686483, -247.94099164862638, 164.2004043931388, -8.78943517058677, 42.886109757242096, 187.80290231499478, -34.34457346836109, -5.211005990750806, -10.915773515068558, 111.5778539957133, -165.3478678260395, -202.10529506840436, -186.57122249239575] : -3.0
[-152.68916914008344, -42.77824917605221, -470.3597876563191, 33.89154960298166, -214.38527603272047, -323.95044739406967, -9.47900716917242, 71.78925925495042, 114.82368973400837, 100.54455883506593, -66.38753022367244, 72.87213144822013, 237.46015930105318, 194.80973911164952, 13.731494461588014, -158.97019997053985, 73.05966122177156, -171.4036986786956, 54.17624692277495, -154.6763533266334, 63.2711961381923, 107.12789425554286, -417.27834959365003, 44.97151620604595, -219.99237361030762, -375.60005156207, -18.045120409125047, 81.1069093533853, 113.0829844454117, 91.17562606557487, -16.693906761683422, 113.32416520012802] : -1.0
[-246.3711883587174, -63.54981473107874, 341.37018870292644, 139.7451487341702, -229.12191267338383, -175.79131823271265, -122.21723528855237, 7.144700434216215, -9.195580844322976, 78.14059335262888, 132.25334719036445, 126.24013892405935, 72.76698436831771, -186.82129070746683, 38.01766707036495, 111.95762796000149, 55.81350767066297, -56.095633008872156, 290.21359751983397, -353.3893547962267, -90.17878669131323, 28.759185336296746, -77.23231296822793, 152.8729361070587, -117.08558098348178, 76.66924215294911, 252.61658001690802, -2.3493571388709285, 12.432591406480142, -126.30507377448727, 20.55356269301069, 111.2241777407661] : -1.0
[-408.8524052163988, -9.493699437332396, 54.994508117093105, 102.51736995572327, -147.86287011945032, -340.33093065991653, 249.41631714773706, 110.65014221853981, 162.7704254331046, 135.53872427377547, 178.55676631320307, -50.381464649401714, -89.1839322520525, 351.37463967213534, 144.41237019146052, -12.588883501395536, 126.70409692144521, -227.809663601823, -51.003419516605405, -424.0906166133783, -327.30904235574855, 153.1452225418226, -90.33040330601253, 196.6046633477003, 112.54922410819148, -154.6846518969404, 137.33409997061312, 176.11077776236425, 48.61797377458282, 57.274338304303306, -83.7568350150329, -252.15381649413087] : -1.0
[-380.2239218356898, -223.95771162580743, -117.86086361902301, 273.13182421707296, 39.024766406570265, -9.126278382720272, 75.91351808974159, 206.41869661582638, 322.6658015033305, -31.376200242870567, 49.688335342976096, -96.25692005900436, 69.6225159251982, 19.634543223990477, 49.990590706820136, -182.8454657508678, -46.87522852015797, -58.70640697738109, 101.50186079021934, 57.249024431056625, 108.69769934533349, 180.15409171686994, -170.90331312914924, -1.8234565225153574, -1.937486322825606, -451.13718448334134, 207.7258052086172, -145.12017239100294, 223.0778038876969, 91.38344951376556, -83.0771866190587, 40.28943465386751] : -1.0
[-135.76452919848293, -346.2513016498206, -5.161595519336728, -69.46947166406214, -38.04217200673363, -77.39068663874689, 363.88095971934985, 31.001111153371816, 161.69448640341238, -102.11207208505053, -69.60673532480028, 51.0851961319623, 43.618776919460714, 395.92394276137486, 206.20124184528447, -104.40119735793866, -42.64522886191848, -126.875184437564, 4.215655337312114, -130.40320825431485, -167.07662217426935, 96.63509170834408, -58.76578239255062, -80.23007812853953, -162.52729215823118, -19.915180914767447, 21.2943171382369, -40.097725304770975, 85.10500661243836, 105.23043619979903, -31.704703242372084, 96.88263183650588] : -1.0
[111.99652990837046, -24.136051270174704, -56.252748808286405, -183.17285799318347, 313.0674559993199, -168.5605760881874, 34.39696674029713, -83.6714159072742, -0.550534762090777, -514.2073451166443, 165.33860900443622, -203.60062915923058, 80.66993852378887, -40.248975860972365, 44.92783209615149, -146.9309411733418, -0.09809544473079024, 164.6888503970107, -106.36762780954267, -192.56231863893044, -8.480705198679928, -154.27561214370877, -105.69707740093413, 59.77336781069398, -180.49985555349602, 91.05124079802962, -63.80056491459834, 125.10523571129212, -58.70280578514996, -60.27184499372068, 92.43107908312464, -457.0937147312815] : -0.7105145887895064
[-332.4284876403358, -532.2672801700452, -269.3012484858678, 242.0972425443976, 9.851508948308247, 13.130502579478389, 146.07756411835828, -128.41133774712412, 145.444551857454, 34.62390206745363, -77.77281341607394, 131.83304625062078, 116.92713302786493, 423.88525306443273, -30.475885926639094, -345.9608065146368, 242.7645779048791, 95.19833604012557, -51.32426385467622, -38.13939250531358, -104.88584168450805, -133.9538424371873, 144.6752150444367, 6.115130892619803, 26.635633144369812, 76.00740143237442, 9.669208127159386, -23.958608629717993, 84.7395470162551, -75.26117447796294, 173.4808459165451, 126.1245286549347] : -1.0
[-254.25403118954745, -329.60224591641435, -177.17757765328906, 322.28106651283014, 74.21684713336295, 35.692691262539, 179.69551112618421, -146.38794402823436, 17.094086554632064, 60.78770299728699, 62.94752171916674, -72.06396406653306, 82.92726619279605, -34.49689191539912, -51.77974685139307, 10.774453974995495, -227.9776300592772, -212.20095316139356, 387.18683149454114, -441.0230952216928, 31.569195039061235, 42.472423620231886, 0.7504884680469388, -40.00054774517541, 9.610191069732672, 88.72732389614163, -273.8111662425589, -110.35207561638947, 265.1735282819833, -18.761251742665493, -54.49959757113111, -106.69091004939139] : -1.0
[-191.2057738124668, -304.470950019742, 16.979929443282273, -136.52042062465154, 21.162540416812487, -151.99371358881163, 129.6415643287256, 8.310967968452609, 183.81023442492688, -356.87289340752557, -170.38282862089432, -237.03834857752307, -70.53864940673475, 79.08023525023813, 45.06079879380442, -12.456387830608428, 149.50705264753086, -255.58719696032256, -281.65502641884564, -303.25797418724517, 18.887523309215126, -243.2504361226069, -45.52619703285015, -136.5452130160865, -24.565258179635208, -21.133460653052556, 112.95234170240427, -144.23620977266114, 385.2332373920158, -62.6238318455034, 155.98033025412212, 135.731758190059] : -0.5386080741882324
[-265.75421277180095, -289.1380746223496, -37.903601965867935, 117.8495932668873, 7.415916943426989, -353.04112150683466, 122.06069393702528, -44.92386765490307, 1.5491143218342671, -39.9785573296553, 97.2316427040461, 17.641620989395634, 91.54568130672192, 321.91536878637, 62.435763052406514, -135.14533000223702, 88.89485905096312, -99.81391632784675, -119.80083731855872, -218.89119671588685, -134.85571669012165, -21.030350716324996, -263.6302906340518, 170.11833789160897, -40.879777197421454, -75.84201686968403, 68.33808723211448, 43.93914923933665, 326.8720896327811, 115.61137475237227, 61.762196431374576, 1.8130985014349505] : -1.0
[-102.62856644805755, -53.31736316135823, -73.83616777924321, 128.6402400354244, -65.14316157701762, -310.42732101028116, 164.643759012871, 276.9573593800907, -29.141133375805282, 14.006724581573366, 227.65030566078192, 50.16842350164128, -168.34258132579976, 261.94434826699444, 38.892827217194494, 41.106799036715785, -111.09227461809422, -386.8511529123674, 173.83673049362503, -112.81379744385598, -118.95715870666484, 157.1938323350457, -7.015760997590974, -84.124387859455, 169.3066175595303, -60.689076248699436, 116.28903297344905, 41.240916996291965, 228.54236142063428, 172.3359263768543, -79.68315796177029, -123.86824328909015] : -1.0
[-532.7856348202383, -152.03822413643843, -131.71454465478513, 359.3719903138855, -249.78926226059698, -219.59490615177185, 53.85576274629673, 110.9664863153913, 70.89602671929471, 34.472769298643925, -130.60251885016214, -127.22561881528642, 126.23611016639146, -53.86105069206852, -85.68149279400154, 26.11237700732454, -10.448345985125654, -112.79488412051782, 68.3433865389466, -241.447159901813, -319.41693241519386, -69.51012618294482, -23.92092429979803, 83.6161939603709, 213.4602741634504, -161.40689788289103, 157.08282250095098, -178.07576719071994, 88.27056010755933, 175.1227654136982, -273.31938683664305, -48.2689904357857] : -1.0
[-133.86053475144422, -283.1717690005994, -103.04766564318156, 364.2174259102066, 75.92669982887402, -277.12139060079744, 40.53051530756724, -88.97013991943201, 138.11172633987402, 138.01015090413557, 88.15635783168183, 10.45684582682049, 355.6937698294083, 330.46793434383255, 294.98225531742327, -171.37714636869885, 395.72019141238917, 184.50418880700596, 258.4951549667884, -150.93002611070622, 360.12555751960116, -224.2897949749195, -60.376265663004695, 160.5230666863489, -142.1652960694386, -279.9423271092086, 81.93229242916595, 26.903457255275846, 130.44238463053415, -257.0678518523225, 161.55899926726144, 156.65294839973183] : -1.0
[-265.06579444871943, -91.39870651712485, 5.0187319625572115, -29.974210483713726, 78.9566194963163, -143.77816699801062, 38.05997652337476, 169.7723398747824, 146.75247364868028, -2.684939257170356, 58.37422796079925, 4.479712410047384, -178.96552467235054, 290.2927551953917, 163.1762156285822, -153.28749063176838, -74.1783595732861, -52.70581583330269, 222.18211258224858, -242.1973412227099, -17.074294077309375, 33.689344103989086, 20.984940381986632, 258.7241256651885, 181.2884040802244, -194.4494210815182, 105.14933259015156, -227.56993313070944, -25.567496548804527, -230.1610648546023, -46.06525113213481, -138.5503542305839] : -0.513661037791859
[-348.24624501695166, 127.33133520914838, -59.82457828723946, 53.06051318408083, -176.42795857363282, 146.73475588037007, 132.62916338274874, 149.9698043755307, -151.9904158413439, -75.59927757331783, -77.61943588709428, -107.71956809288187, 98.40310689515576, 194.30326702882627, -64.31882164418923, 63.46540871035741, -4.280007081105364, 21.144425476220597, 157.9311713365088, -318.68799974195827, -174.90323019797634, 35.81076976458718, -296.2647968666246, 407.56875902993687, -135.48228800525325, -201.42959735024021, -76.54418426591417, -44.41725736198936, 137.48474974013195, -484.7498605986259, -254.25651396709458, 52.248284909237235] : -1.0
[-214.03751603354488, -130.44205203102757, -21.46261372150579, -96.50244400795438, -412.1534123078869, -151.32580230163805, 190.71996425352208, 85.85580936905546, 227.9429978049339, 196.30701986751507, 153.12833299747592, -98.99914387977674, 45.58796622930644, 74.80219824747809, 355.9518155840362, -472.625170642109, 62.92057153518343, 6.883165026266077, 3.8321526057893607, -251.00294453353837, -62.64540990048569, 206.7560421817591, 19.078044843071297, 31.612313892248658, -287.2202089844102, -84.81185853729272, 339.0575999556621, -60.4009876031289, 28.568866725922575, -127.10982674305922, 62.31833801364802, 163.72209002628148] : -1.0
[-210.9853091097716, -227.18974214387032, -295.1729695097805, 189.55269086162505, 16.3324799219142, -63.066169582239354, 67.09601652393886, 37.92688150374909, 347.24829559602176, -36.466692462899594, -84.23085308535839, -24.92237166239247, 166.35391126859025, -89.01614473744957, -28.09190756324105, -231.9921034115555, -98.53602855303781, -49.76496371442576, 125.84929691248617, -147.63332982853143, -150.20523254040435, 91.05037965619901, -80.28256089924149, 63.44086973105626, -213.22638371214165, 246.88810511756316, -49.45749297964912, 134.56027028547302, 136.99111892892984, -213.32678607438822, -271.6562127102878, -71.78505343349015] : -1.0
[-329.5097076469234, -25.864180712993615, -266.90948646847505, -56.74736116291053, -293.3595289183464, -40.415297452836285, 98.97724491777402, 54.74119387728767, -95.0919632639162, 197.83718163382608, -78.65483546571447, -251.43650565724926, -148.23863756772622, 58.46832328507732, 22.11474722115736, -152.83221775490694, -117.70671354501548, -56.497130777502186, 239.28937119128602, -213.3809341023491, -59.76792154038395, 168.45270955200834, 13.598314078686258, -70.21727956723461, -4.61329730006619, -208.36534566143231, 17.023451664862797, 5.431989151276753, -61.84595801408497, -276.75057869557185, 54.63462205585482, -33.98911398478136] : -0.5476300933144309
[-277.88151124707406, -81.97522705447857, -101.45474010854993, 34.88721600839935, -325.5867984409607, 31.727577731447113, 171.75255745723055, 251.38757576187896, -123.45895168659882, -124.71521472169849, -29.070492820868438, -146.9048656084088, -37.41894745434746, 170.35388780020412, -22.34392031373835, -200.89518667828588, -288.721282925093, -330.27943949344973, 237.8596709352006, 3.411816905108708, -94.64595453753829, 264.061237034831, -238.86919017143794, -160.48883031509334, 118.78284217916692, 6.609474707932549, 145.19821038567235, -23.59061860330284, -124.31760328542731, -297.6800088874206, -184.10361138191672, -83.8185614460713] : -1.0
[-335.78877561980516, -141.27902732590587, -208.14788585088877, -48.03792274689143, -445.8777161387537, -221.81969548155672, 217.42702500814886, 251.82670361221824, 345.66654554952714, 184.1615551878709, -32.06634015438819, -60.825093665546966, -18.387230208445388, 200.37372447333087, 391.5320445448783, -275.3719246275443, -19.244310503126414, 176.78967207105086, 35.41917007335071, -41.365142558217116, -154.86510598507334, -122.79955673863708, -160.00526953745893, -145.12983506902458, 224.5278330778983, -1.407637644368691, -94.61680301966379, -24.684736541517257, 52.72358943031312, -25.5573678295696, -544.9750917056258, 35.64893116165013] : -1.0
[-102.22059088445309, -221.6988678719972, -227.69365733871786, -182.4361801930313, 245.92158172326762, -341.38600769620047, 302.0353554656477, 34.44637012111369, -81.86185855348128, -141.26902637001953, 91.45088220741586, -28.393014698687075, 166.95032059948642, 58.66947057894018, 235.4336137642349, -339.78747527309105, 56.03637842482797, -144.75898335125927, 147.89979047427013, -168.71715940469193, -96.39079327355304, 267.9773457190503, -173.89051948682362, 10.816580164265204, 196.72537410994923, -116.00160961521533, 316.4165602070656, 268.68346044326773, 231.51877844096938, -153.23708347249695, 18.674473610487027, -104.19918920778267] : -0.4914393424987793
[-232.62407054827707, -188.3106720825467, 0.14082732884051552, -99.10246799446543, 22.268649532603035, -242.00602287359166, 177.7882111689783, 185.22131217282765, 281.6369169968107, 102.04148606059556, -85.4725148750599, -121.57743651450073, 140.8508428485277, -6.466675118870938, 211.4261625453715, -148.0326359601699, -56.79428341152767, 51.43270277003523, 217.52356764178296, -169.67444202786794, -311.4614257348002, 185.4786086660013, -77.09354818475558, 151.57447726395998, -127.18709464979712, 16.50265203314555, 303.2519217527059, -9.157362850847832, 94.62779218401204, 70.54297674895497, -360.9084619540562, 14.590857079281236] : -1.0
[-107.57229548108933, 304.35013097233775, -53.13540521265753, 340.01780645904597, -432.57672467527595, -194.1494772994312, 28.862446948624154, 221.097379931258, -7.144310540998802, -324.7880012022406, 45.65705947575662, -268.56458515981393, 57.69714779638245, 465.3252455238635, 439.0009180043339, -231.10891630928955, -69.1078189841978, 21.854415570696027, 310.95671563045, -281.07215025833216, -246.42256805225048, 17.691217278620087, -104.81446372617111, 36.16524781086485, -128.69396375928548, -79.67542530652985, 49.28498344269359, -16.70162447850284, 228.01359663551023, -87.76696985200357, -202.41243325240123, -54.92094559973215] : -1.0
[-238.35644443964787, -173.2319415362171, -298.0646022069645, 408.7425866787012, -101.72896643408384, -81.38334314509503, 115.94610397141965, 187.28672814679223, 187.70850819914025, -94.59771111033609, 109.39709976135667, -10.247806955059318, -55.27417606224121, 82.45309203475374, 171.00747101655512, -331.6886750499365, -200.6037842687009, -27.920761116982767, 117.99281888769605, -317.0517680035073, -225.50289807848077, 371.0523790737343, -117.70214944882322, -160.64686141357336, 129.76235437090762, -153.61525399942104, 70.26560684133848, -37.25472044069194, 66.31685378321762, 64.16300840044497, -32.28950131730983, 38.342061035833375] : -0.49683462489735
[-490.1460707471475, -8.622550985461523, -289.3340544331541, 229.75840092128837, -376.04855240031225, -172.7273457264738, 86.09759236321798, 142.02806322058692, 98.44507197399156, -124.46498091487135, 165.2344960308965, 19.501808535286344, -89.95984068749652, -25.253336978937853, 312.55327467902725, 263.3414883481118, -314.2075968040309, 127.61711726769121, 18.817007180664888, -95.69053083454492, -108.16159502705325, 128.29948865105, -208.4427243535418, -155.46211242096624, 156.92902980074942, -168.561382859881, 232.25518825230824, -97.12460154266842, 151.96218659855896, -99.88617418746287, -33.54206028082487, -134.5765253552985] : -0.5302041227167303
[-261.0122934403556, -98.08563476869213, -29.314836016735, -170.55847962912725, -416.4976236029629, -107.76739855516702, 238.98514268203425, 109.98073909336651, 101.25120939786613, 147.40575409063425, 123.99548367944261, -69.21813304387224, 112.89404061563204, 107.53880260521294, 36.7127596823878, 57.91405319613129, -121.33067375155092, -81.4111093554252, 258.01142517550466, 67.46354697496216, -21.69551059026925, 183.08642233557063, -132.29676746372598, 152.41234569251293, -84.45312380719106, -65.68015750104746, 113.9929220425725, 55.48732736421282, 92.45304892320065, -178.17552930997908, -240.3760127829167, -97.94236054110903] : -0.45193940942937677
[-482.2944862216565, -288.4895396059816, -280.3355164399555, -269.68433202276333, -195.45222709881838, -234.70645362302275, 418.13728704998346, 125.61649500267619, -290.04813455606916, 86.51702900901437, -185.62408878902284, -46.17280480434516, 88.88334307110405, 140.86253613653602, 226.1453057002947, -181.73603268379557, -167.31448844992772, 65.48347800946402, 96.9931782628759, -126.43304969393415, -98.85100518131051, 213.28508735067948, -81.77858242976438, 86.05938981265376, -53.83982634363536, -66.23377478320408, -40.18861988668452, -180.8237116563249, 10.588755277757443, -5.654105843971735, -95.40105084426993, -118.2958826023428] : -1.0
[-32.38881291456326, 121.11028670650211, -191.13723735986306, -181.2336540800529, -158.1762923269833, 86.71432641958256, 241.42949651115313, -112.55088764412577, 6.224356157172636, 500.8497269898682, 86.27235832900017, -87.12106191987367, 32.17228378275151, -320.69043530404076, 78.14781196310875, 80.03689446636892, -247.93533649815657, -119.84533431015085, -39.248041185231685, 27.901205287769272, 373.6686085048952, -24.82383951609043, -199.70684619214947, 384.69294984921896, -24.5056149120404, -172.11871854339432, -166.87622294847984, -337.5718383991744, 209.32097202768935, -248.54678787890245, -221.2309323442082, -2.5384325497869042] : -1.0
[-291.5552375622314, 29.223001267334347, 298.0870991883108, 330.1959466498415, 425.3066477324614, 191.93130627341654, 226.47041970203327, 288.30423723340743, -339.9992529629928, -112.30355404184418, 108.88973753571521, -242.63584285557616, -225.65244138634037, 200.4255206181366, -278.93418428558044, 302.76397471274925, 58.0676319243552, -125.69181461240362, 412.3727476612861, -78.00660449843897, -242.78630051113674, 356.8377711660035, -279.3749244549447, 41.044411661065595, 52.09237421658764, 208.79277295309808, -496.7247487213292, -185.9563541514761, 132.8259415571565, -129.00681079268833, -368.1986813366537, -356.4755585380333] : -1.0
[-69.09805644980634, -406.0466490440957, 0.47532728632869237, 335.87267981801915, -782.8379462834964, 479.40280450901673, -18.583961566606575, 361.0367636048934, 131.36876425450004, 0.5013874070292808, 217.70147411434596, -355.4146849647949, -9.95374308124542, 90.25780637859611, 151.8701444605103, 89.47234365381937, 45.17570705060879, 73.94844091617632, 482.38567545876083, 42.972309467789415, 145.86565300814868, -161.49686914769984, -252.13984269872327, 389.45936927909133, -448.9253986966796, 451.6583659013729, -155.29848260538188, -19.691503713591317, -78.81599992510695, -82.3009551364184, -132.438386845308, -228.4459498659267] : -1.0
[-364.70149752251655, 229.8855753450555, -460.1469380569762, -207.54628049472393, 144.26214029438768, 232.65482946039396, 169.56968272498167, 367.86858498201167, 28.82087889697919, 331.1828329670486, -112.0132135508099, 129.39156556139426, 700.8724647268782, 260.4949974518049, -200.6749089826689, -229.63614916185907, -281.99466640594216, 54.481824018345804, 150.7623913367514, 10.85700160472669, 306.6316091747441, -106.04104813682514, -74.40323491886669, 211.1266104606341, -286.7229921776566, -5.761197925235926, -363.7653604302592, 207.51660452092875, -223.59257853610944, -242.0049700922679, -458.1696047885754, -92.40163642477867] : -0.4560231295498935
[-29.65859874822172, -150.2033094449626, 85.51731406938758, -84.02756784936801, -248.75744868591158, -62.486311423859256, 38.54450027993005, -72.66517305194634, 642.0733697804801, 139.7448149458398, 284.7275966313568, -260.1697303013941, 100.59110320153596, 266.6222309229572, 25.592946765809316, -211.30560645178508, -114.79366732179138, -667.8741639231725, 370.042229728323, -407.01859843794654, 115.16561610037832, 120.79509375373375, -155.71080123074339, -113.78957827042365, 153.3640116017078, 115.18888031991455, 48.483012196215896, 350.56679483942224, -107.03595917114075, -503.12570394117887, -156.45363529271225, -182.4247714183069] : -1.0
[-293.2542850864502, 258.02842725810916, -190.80146270599766, 418.34495249917023, -352.3353574554052, -303.01907839035124, 306.41759451653667, 250.996372783224, 433.693012647332, 108.3388988749709, -51.44308234277494, -56.6607662666866, -93.3220416237703, 45.288852562006454, -48.06746345608373, -266.4450076099306, -370.1089667612291, 310.2970913990727, 407.4136651928551, -197.95222502976898, -256.1026131102718, 139.7321385109248, -149.979682317033, 194.07231895181118, -636.6869757647894, -4.169172820334509, -75.86908251263266, 255.53896851703533, 157.02349346310137, -519.3540471509141, -279.14756178595457, 78.04141126083928] : -1.0
[-252.56492412124024, -168.65197745728642, 156.43362388360566, -39.33445504754034, -651.1138541933694, 186.5666896264788, 229.11803357353062, 62.41964351126572, -39.94472772551076, -144.56982703703795, 184.16417454935416, -146.43690748575818, 373.43583194111545, -71.65377785713432, 285.5383385528145, -307.7575878312233, -146.79071308364422, -51.94201707298508, 200.19991881758136, -368.0447180810967, -284.9793136559568, 108.68299394309602, 194.01576570482774, 530.0105246583888, 57.558546192446244, -100.66047892448388, 225.26138384929948, 196.05588183053658, 31.839112086027505, -217.4816736536867, -226.64526535209393, 76.35864186118856] : -1.0
[-490.43445113732673, -181.36234540697356, -2.1486733679448804, 52.74454858027507, -212.619842339495, -149.4205417874856, 246.60724658403885, -117.30155917502299, 281.635917820446, -211.7883131929434, -56.44841734351615, -310.7581165735803, 222.51708073649266, 240.15791272590724, 372.11242923263677, -21.275514995518904, 315.2134738972374, -95.3151961852725, 58.104754995853156, -125.31475200010195, -379.199477788277, 13.325189898331985, -522.4007516480931, 482.2543667551228, 81.15241735975158, -112.83304880599623, -312.86870159051307, -247.83771463195535, 287.793589685801, -198.28494368710193, -221.85744911035175, 233.46285359290147] : -1.0
[17.800044004106553, -191.85162240248508, 112.00601549720214, -44.561506488533006, -213.67231280069302, -193.94898803125088, 78.85080358237019, 157.32576646576828, -210.90725588244555, -54.65465268548958, 447.4240727126044, -172.25450280270707, 259.67455070440553, -509.15264463867106, 590.3530584310258, -229.97852433670604, -190.30055101207557, -21.849999199863, -454.0023221019738, 110.56198007907116, -597.246295018143, 199.41005770644844, -551.3179825786494, 114.6437683768155, -461.9103432032101, -245.21335256475922, -222.73551147214283, 548.378585918922, -141.6303050965293, -310.74488390149935, 190.34346957409923, 159.79471271909406] : -0.5639701756564054
[41.487242493177064, 143.8817344107584, 116.19196894717577, -58.52777518197758, -146.37067912292127, 504.7893938824309, 101.25646587582365, 103.49637168016079, 125.64169222888964, 99.05139496828893, -54.67719161299443, 669.3414679616969, 86.76546662821552, 23.317631562835956, 148.0152751621091, -9.997664723221533, 116.40088770951716, 238.44213140471354, 165.47117453826814, -206.24266786324216, -363.9887869607884, 2.855153135043878, -187.0885712840499, 230.30207838152268, -205.09769712489287, 136.84673136334743, -461.18459366117463, -10.941915102225135, 254.91503006939075, -545.9120056096083, -256.0155426291324, -468.5673754227367] : -1.0
[175.0261237497395, -45.62686444604203, -28.05939534330281, -386.2342177482139, -261.42129527508496, 319.5148057146093, 13.186998834043777, -107.57970812132226, -277.924492706285, 184.49369730012248, 220.71514828950126, 279.72094464262807, 4.58923134005488, 83.56178382070837, 132.4730946724652, -392.9896791335581, 206.49172927944585, 178.63366074457537, -37.89462555054534, 21.09964457315911, -234.83142639084193, 72.55895882106591, -12.673296489887576, 151.6776931879099, -8.845362264013303, 35.101853270142975, 274.20731213801025, -14.217167237415454, 443.22469894881965, -209.98881863406194, -684.6069767137881, -76.630442797863] : -1.0
[-404.7867203667629, -64.36330409369178, -302.3108489086979, -42.131046509192394, -206.338182738518, 74.19937868129455, 457.0253688712875, 230.48044138295631, -87.55068640199532, -167.51471116566466, -126.15306256556428, 36.86406204758836, 400.5850256609974, 113.61389675802292, 510.86820079442293, -153.14219149123514, -177.96864943107397, -61.50208591951643, 30.581925574601755, -319.8320737992778, -375.136374181076, 417.17696539305985, -287.0397832461434, -51.91334136906252, -350.61459282728725, -521.9530728811299, 119.28626486500043, -310.1682926271954, 77.90762367164896, -257.3093010129272, -65.59185863569994, 84.54812355128735] : -0.4791406284679066
[196.0250836826972, -370.7730739468079, -303.86736869354314, 80.41037528238971, -334.3499254678526, -301.4326719195934, 435.5665428048087, 343.7284147609437, 347.79301770201937, 109.5029025132286, -517.5051468044092, -378.3766224254805, 98.22571760885461, 157.5064711866827, 238.99750321131762, 22.691629971667027, -241.63716241827547, -317.8081967767127, 10.439064467951638, -338.70234011719396, -119.97728491846928, 284.32870685043156, -206.2082745621576, -287.34149901908665, -194.41182529808341, 443.0394703281673, -32.9710404713296, 91.66502121592184, 1.1084840251719896, -464.4725752186637, -141.86036747480327, -15.009704669227332] : -1.0
[-258.7091704510408, 27.634862386849797, -388.6951878778916, -14.26848520017699, -253.12226285463288, 8.753109810759398, 13.788150710735835, -100.48475677066517, 131.63430142769795, -147.95375122942826, -56.32805463892745, -197.7050785984487, -169.9221585491822, -68.4506860737784, -111.42668251535177, 247.41865904636958, 242.38468583648762, 476.29878935762724, -200.63221747802783, -222.4804777768146, 137.93924441640183, -55.26460318436642, -440.1154089343373, 109.61291920040537, 53.10884921163276, 431.75143942224406, -126.94085627039316, -334.69402146551664, 51.34313869365276, -357.2367208928056, -185.50260433532947, -78.04704821513457] : -1.0
