[0.6009691031499903, 0.45443124014728686, -0.22059137620912977, -0.5801014476856626, 0.46574824679789173, -0.5361922302340456, 0.39628357033965395, -0.6717961325883173, -0.9646140711992857, 0.4016277825381038, -0.27373935395597515, 1.0478929113942401, -0.47886775978129137, -0.6894740909886394, -0.6827086153286197, 0.28980463520139305, 0.3440710502947055, 1.0831913457040405, -0.5539385702842834, -0.07869326272627203, 0.6225838255458016, -0.04936231126231355, 0.15255115128877347, 0.5455131194935845, -0.6654048960962688, 1.0302909431130538, -0.13268724638029084, -0.6347945876987405, -0.5043956296037281, -0.6522863175816854, -0.5278420028973967, -0.3246097748045015] : -1.0
[0.6478530954834528, 0.6265224341209407, -0.40533877036290505, -0.48518715932237777, 0.795921252526772, -0.7131928509527737, 0.2674648622915803, -0.9200825214032098, -0.9664254779259375, -0.06953158460702333, -0.05241654260336259, 0.5377965181400636, -0.7404943185864815, -1.1319798843898146, -0.5548571818811773, 0.14842172612509702, 0.015623794843622557, 0.9261555714184225, -0.26772474495784254, 0.23807817840526238, 0.5751967938761597, 0.12852432799872154, 0.1308982750447315, 0.27116449277875304, -0.7522522509199602, 1.2092044942612619, -0.2367520026078146, -0.7004553001198555, -0.49264814972638804, -0.5927214759245177, -0.6718956064274026, -0.2343682610191587] : -1.0
[0.5062821741704415, 0.07183872107527123, -0.3380195375904572, -0.5847635775992037, 1.2022213830098027, -1.047179328993647, 0.35304693949079646, -0.936564838848047, -0.872441673542782, 0.08676294900391188, -0.24239014307795795, 0.5829437285705253, -0.8560951937955709, -0.9203147953181295, -0.3133333297404798, 0.12169508435513607, 0.15917006138348452, 0.8548646527396516, -0.26361310697591245, -0.06929203693657941, 0.7662050319273119, 0.41562255665749503, 0.09026827053298515, 0.2638486346632521, -0.7035271519294759, 0.6364509710617826, -0.21358724853279265, -0.3149587147422478, -0.6369484310356989, -0.53460895301803, -0.4473727718620131, -0.2735768357316308] : -1.0
[0.5279343893270738, 0.3569322630908496, -0.16307270136907576, -0.554001456074763, 0.8602367163926403, -0.46572566063452936, 0.2972397265659924, -0.943961108795824, -1.2085200387836084, 0.40701157587062853, 0.10012024981750861, 0.5280132761973775, -0.7297965380615722, -0.877072040375094, -0.4797261890568388, 0.12118874203364095, 0.08872670961071817, 0.9922790098790615, -0.3447599918247492, -0.09769521011606028, 0.8798190947956713, -0.1111000821722791, 0.22769890342102556, 0.6658362431544784, -0.9597152561400568, 0.4702672704732772, -0.11983794712646455, -0.6396058241487089, -0.7813048239152667, -1.03270974568983, -0.8687135693889287, -0.33130128662780656] : -1.0
[0.6125193427928818, 0.38425096968256256, -0.31955895362509523, -0.44201500606300786, 0.9786601947016268, -0.0792676248177624, 0.20341245711392753, -0.6171991373047607, -0.613105705305646, 0.5588330144935814, 0.07256758640752631, 0.3393583532722789, -0.7890239490745015, -0.6056913041321648, -0.61795675202281, 0.0194430028357446, 0.2132790417517538, 0.9945877089905955, -0.30256627133551095, 0.01132081366625913, 0.8969227818560985, 0.19192422907409074, 0.3000385336882807, 0.2982383751625466, -0.73374246074274, 0.880762390772248, -0.2817331451079029, -0.5381254122861472, -0.3543077231802043, -0.6286887345345851, -0.6600315738504944, -0.6933809139756361] : -1.0
[0.6886492449985745, 0.6748270171895467, -0.22788953261305606, -0.3979381376874742, 0.43917570140264733, -0.8287728145177279, 0.23369440589297769, -0.9542177074312459, -0.7372020086164006, -0.07163206149295898, -0.25537806875389923, 0.42132400351917454, -0.7978551793327732, -0.593220589769057, -0.5819225658365447, 0.03187021286633645, 0.2272871894826095, 1.141312046526908, -0.05306621315363835, -0.10576097880416521, 0.6974427415705154, 0.19926439579448654, -0.0035005203257212295, 0.3296607893545508, -0.9422794668104261, 0.5234530813810045, -0.24455194421130244, -0.2517873765438009, -0.6910758610236152, -0.328131061961058, -0.5017818913397633, -0.4394821149558958] : -1.0
[0.6636690247876315, 0.7855467695777625, -0.36953371309181193, -0.14774771661511274, 0.561640782513558, -0.5142200670532914, 0.5301087275865952, -0.9029205664278597, -0.8744696869971211, 0.25717094106359045, -0.08885815367190918, 0.6658757706216749, -1.1787989342106644, -0.9121323366097176, -0.5846285617817731, 0.010681315894287086, 0.3421927271406938, 1.004072407545382, -0.12308827331586243, 0.14034425784518828, 0.6476542936991574, -0.012129619241132955, 0.08063445524246632, 0.08679960483034996, -1.0009086404027157, 0.41486572530803556, -0.16912132374177902, -0.4796812829151502, -0.7566018690402461, -0.5959699855119525, -0.778868063807402, -0.8114972648694614] : -1.0
[1.1596233238387952, 0.6374677769967555, -0.25617208133279507, -0.3738333513924542, 0.6183175283159971, -0.8534731426956498, 0.19165463189480703, -1.0023534196593276, -1.0491030808465955, 0.18588705413146459, -0.16861799311669612, 0.30966876554694855, -0.5980055054296541, -0.840185113176937, -0.6456106330797017, 0.15287252031365187, 0.2610879443240006, 0.7778094406078981, 0.2751699371248025, -0.20122405704523214, 0.9707326146267253, 0.17901057404740076, -0.12212721239148933, 0.33405358262910045, -1.1266383711934354, 0.6701966073313403, -0.27529083096899376, -0.5412589979549189, -0.36402745682763005, -0.8671251224173404, -0.566639443473399, -0.3113423531554909] : -1.0
[0.7443642384516119, 0.793078262597568, -0.7121478238551626, -0.4447644049936545, 0.6751304022641739, -0.776467471502337, 0.3960179987614409, -1.0863319575464077, -0.6121697150012871, 0.24433638845786523, -0.24998484837422838, 0.21623683625083967, -0.9936612656839644, -0.7016183697412336, -0.6827169824961894, -0.12687114508823935, 0.03823992693734453, 0.6601397446952977, -0.043425484416930726, -0.0603006184378741, 0.6884618003364249, 0.2315628546972264, 0.13325467893792176, 0.5382573067710388, -0.8062443230635128, 0.688257888001272, -0.19465777712843707, -0.3554925281935243, -0.7374630326553103, -0.3282297574840039, -0.6528068294238191, -0.22876719405639206] : -1.0
[0.6111214396334779, 0.589291302524086, -0.268793481337557, -0.46223996828761005, 0.628164860521532, -0.7699504497789892, 0.4432309656371567, -0.9460705624692087, -0.6685039800440359, -0.049660279311771555, -0.09520890619448806, 0.7563931937740045, -0.7873637363951068, -1.0214907994387643, -0.6455254287472875, -0.0018404431931963103, -0.008319979771377661, 0.8806062367739887, -0.13793406006564918, 0.03413090353208069, 0.787794116945673, -0.006850694760910006, -0.07546955108328296, 0.5091186403941703, -0.7350563330551773, 0.5950530749971402, -0.34407065058341446, -0.4454298119566694, -0.6294666544162484, -0.6195741778850729, -0.9334456546996347, -0.37526007774186915] : -1.0
[0.7966398694179647, 0.5814377034473704, -0.07019403135535457, -0.2931317254506723, 0.8792463269301913, -0.5945636780536848, 0.26513321292412817, -0.8500504260193196, -1.0177284497148689, 0.2613808167463647, -0.11916776407974082, 0.5003983207052957, -1.0078297596687702, -0.9332776313522928, -0.34600224242317723, 0.09773728209229668, 0.3630143722511817, 0.43932198871014533, -0.29963599533516766, 0.006457295419178846, 0.9284340336129168, 0.010670350680222089, -0.0012460166175811312, 0.23891815757695756, -0.7452558611061318, 0.5619396782502976, 0.005134584754316676, -0.5567873024727297, -0.48092613994686007, -0.6317918705182044, -0.7028681203447189, -0.20236684363268276] : -1.0
[0.7304702274554078, 1.0312621349663047, -0.11494313237086165, -0.4356498062805726, 0.5825814153923268, -0.637904219582275, 0.24062779965822864, -0.5697369497767218, -0.6422532358606066, 0.13291103551285408, -0.2250786877077878, 0.2676378424926663, -1.13805219846148, -0.876347919362971, -0.4915767304272558, -9.319572398402143E-4, 0.15724299099492872, 0.9677135477894104, -0.22208423298311095, 0.24610099068919047, 0.7211311920488437, 0.35751875696612995, 0.24004900302319254, 0.3567695181516702, -0.9467318673090722, 0.7158200290306403, 0.11899027518171168, -0.8004933725130455, -1.1374730044391907, -0.458802648336914, -0.44633601780821885, -0.21739854948666185] : -1.0
[0.7154604982260517, 0.6044531831007934, -0.1342009041553373, -0.3226090003683747, 0.21835606402373503, -0.6035891906627004, 0.3763168271808467, -0.7123142516989315, -0.7247256304105518, 0.22210130003184195, -0.3434492220078069, 0.6973762924327471, -0.8463043098400083, -1.0584071791837182, -0.6042592257685833, 0.049447547387067, 0.08918490806860474, 0.7163663612004764, -0.07926924490104056, -0.1333606418946582, 0.8508193821813306, -0.16615258589866377, -0.2683086025984508, -0.10145434359311406, -0.8407787096506281, 0.6156777688913447, -0.39822800924330265, -0.484799437449596, -0.7307931473815383, -0.42151906272978557, -0.5342427942177328, -0.37438723546615654] : -1.0
[0.5237331401877596, 0.5667504413514439, -0.13516483643942098, -0.5355903080785336, 0.5895264190983384, -0.5493409061931264, 0.28909170885693897, -0.9350114968280699, -0.9270121737464306, -0.15213837277198983, -0.40031295223130764, 0.5821269676360903, -0.9059750509194221, -0.8207687949320314, -0.7012344629741305, -0.011283773577488651, -0.23914455607876528, 0.8585138430039982, -0.1640823751732139, 0.222230416799511, 0.851777576180029, 0.4337524643631273, 0.11420889931703336, 0.4666752713216601, -0.9727192161432026, 0.5920900977442202, -0.01736455018586594, -0.7642236601500848, -0.8012756702904749, -0.29910453286764893, -0.8024844100942798, -0.15683118376104677] : -1.0
[0.5917274855574587, 0.3050048384179055, -0.39229035238733073, -0.9933024130291901, 0.908671805614323, -0.4343316522657331, -0.33594552470770594, -0.9083125980931303, -0.5908139912645061, 0.2883616940803328, -0.3173343222010827, 0.7085070293138288, -1.1088100316585587, -0.9253519085569711, -0.5860950465224171, -0.268068122183433, 0.33448279793927005, 0.7781040507040453, -0.057023493247347734, 0.15872290321295857, 0.798788501415393, 0.3303839459660741, 0.534894982610395, 0.5578049907804349, -0.20361274806245144, 1.0359484220012878, -0.21617769218686328, -0.5107265778665236, -0.2865366075502311, -0.18714240282074796, -0.13395988237961148, -0.527053974957411] : -1.0
[0.45972466020584524, 0.8538103497191785, -0.34095383462008944, -0.307965638801498, 0.5909083431609549, -0.40394538522966134, 0.49382797889268526, -0.9061080234395285, -0.8820703480989713, -0.09073873845326866, -0.02494926084326335, 0.7271987278114908, -0.8591252615068743, -1.0356596834649465, -0.801852485242309, 0.01320724748983032, 0.7625316616914124, 0.6169966306572671, -0.3552586317230306, 0.32953571422191863, 0.5733962514694209, -0.17436378588653398, -0.288074967118132, 0.3824130606844477, -0.13147765287528956, 0.6756755484808015, -0.31288497439078916, -0.06161492210386221, -0.8791609885832252, -0.5483351890911419, -0.7943763832136757, -0.3943083422400217] : -1.0
[0.36652314958095156, 0.8413925949736387, -0.2623070596182665, -0.45130436202062896, 0.7580267565726825, -0.20860086268567735, 0.3226800518759324, -0.7730669272254499, -0.7845071207885297, 0.5010491143047822, 0.13888675238540685, 0.6740565731727493, -0.4538591459007507, -0.27252054562691497, -0.3799278519162009, 0.20989913486723388, 0.3151557174917946, 1.000406971442723, -0.5954179095636468, 0.2905821575447219, 0.5244168533005087, -0.11859806708998102, -0.20294157137910196, 0.12856200038576704, -1.0422436389118066, 1.2219023766978816, -0.11183428621436617, -0.6743645390329047, -0.41047658791668085, -0.6606486598264794, -0.5221088128635285, -0.3025860209393725] : -1.0
[0.4716832570977257, 0.3394539999631981, -0.6126456098917464, -0.5293187800106003, 0.8034341655488143, -0.5906348573251228, 0.3905811778073532, -0.7412270873415698, -0.6392932131778043, 0.3587870559897909, -0.2075181712074189, 0.37198232110386914, -0.7089670770276144, -0.8522299064851998, -0.2871025928884405, 0.5226593668794662, 0.37833139117021447, 1.1358828634466716, -0.19465931829086683, 0.4120278136269549, 1.0315164437471487, -0.4060057829466195, 0.3177207901843486, 0.5228092757962741, -0.5654278865772137, 0.9521532954648445, -0.24753171525259182, -0.44139758722704725, 0.21487814537198635, -0.28027110948223216, -0.8976765493817018, 0.05213679562246515] : -1.0
[0.38353129901785243, 0.61751694114376, -0.2312217667844445, -0.7419431940734826, 1.036393466494816, -0.291990543225983, 0.5164176820829536, -0.8008117201486777, -1.0393911272940515, 0.6546611281737269, -0.4656849759651095, 0.9765071824182179, -0.5246419911676334, -0.7930069695880673, -0.41809765751473715, 0.62807910788666, -0.03831297336847106, 0.9996908548996731, 0.3209213300962688, -0.20509388891140296, 1.141536856027277, 0.5297290596877035, 0.17497984247846032, 0.47644214360574627, -0.7290126279419691, 0.938592858373449, 0.15751438838209986, -0.6868026786167666, -0.6452127860582657, -0.6604242065244733, -0.5542077479216829, -0.7766927145353308] : -1.0
[0.5776845026268913, 0.8252989988549009, -0.13204023663813408, -0.4682758515934834, 0.7276636836987689, -0.702686299410066, -0.06291801575405265, -0.7898808009943044, -0.5430415416877545, 0.6070964875546742, 0.10760540120065507, 0.9692481098424023, -0.48925293520297986, -0.8921789659281437, -0.7300673864698218, 0.1322467710330001, 0.07634718000927404, 0.6320058195272005, -0.06455713619658338, -0.12167684113685658, 0.4204151590437378, 0.20968874123153897, 0.14409550894461579, 0.25191179282405307, -0.5155474010467997, 0.8242462647973383, -0.3736051040711337, -0.32555992746643864, -0.6471472698150647, -0.6253128266910366, -0.6223568032242897, -0.19632364207970973] : -1.0
[0.557449581622683, 0.5865312118063976, -0.01496076414623665, -0.6911895989651511, 0.3038128246858851, -0.7998193589187279, 0.15142471220393924, -0.8458400743130868, -0.8270168688857572, 0.019248261159043212, 0.18991350712336322, 0.6483989245872546, -0.4637731740071036, -0.7173300899877807, -0.45437370398754395, 0.45710909671371547, 0.41569618534218244, 0.7230942044413378, -0.2906141640267148, 0.49762887242308895, 0.6163066247457714, 0.20733059933280734, -0.15058660589274786, 0.5371082129072148, -1.0508112423454818, 1.0353802132700145, -0.7567419449685064, -0.4932974090163609, -0.8953754966907761, -0.45018235893678427, -0.6373014398455007, 0.14574430713717174] : -1.0
[1.2931251716367447, -0.04965630946855498, 0.2073504035114106, 0.22707445839626295, 0.8785728374715808, -0.6925184247374943, 0.2846452547696504, -0.8259948397463597, -1.2385780374015405, 0.5514453889217666, -0.3734098904463372, 0.8112523278530028, -0.5967394744331296, -1.004333735440294, -0.7249303725543932, 0.40666949731467905, 0.08307603905959517, 0.8949454230559698, -0.2177023702424355, -0.11117109447524744, 0.4851276810383085, 0.15993732496727753, -0.03516553790892177, 0.79716152172045, -0.720694920439198, 0.8312383368248424, -0.4019825658245053, -0.7969370579135997, -0.7591515080036926, -0.7149500034160132, -0.13199778114708577, -0.5008031384494991] : -1.0
[0.24997794832437004, 0.39517556144426436, -0.012069628669466426, -0.21579526225842488, 0.8123729738017933, -0.9071003521295469, 0.5764386969842334, -0.856959208646316, -1.0378372894242738, 0.42813684855462797, 0.01795210754445481, 0.4586310714010706, -0.24568333207061, -0.6402832730111123, -0.5014385182962364, 0.06845412546643907, 0.3358018045718387, 1.3817662042404677, -0.5949403743566515, 0.5651570039911812, 0.68450728235041, -0.15920814404131053, 0.19175340355088316, 0.04555099852121447, -0.8295808246510366, 0.8234243871295386, -0.12347416982973436, -0.8956123562952578, -0.6742129623439017, -0.39797793329024084, -0.7121526753422559, -0.8273295197553614] : -1.0
[0.8263613868487317, 0.68105718255862, -0.20114043456395336, -0.8873222627526701, 0.5756829326805627, -0.7071729753110957, 0.44521502707388766, -0.8104398266566311, -1.2506249476622573, -0.16983070240275536, 0.13220982017209956, 1.0251858751087453, -0.6069806418555269, -0.9557661962089783, -0.6825045742657481, 0.24483921703839565, 0.2139457089205215, 1.0219361887976068, -0.28302361585674474, 0.28593412829600906, 0.7301222095424056, 0.21387594638291985, -0.20771476209581335, 0.2875604559519124, -0.7950409855381254, 1.104803637945547, -0.603249836860172, -0.4380989167534311, -0.8007897648948505, -0.6276018157686026, -0.9124313072340917, -0.31668147327217305] : -1.0
[0.5830369060698639, 0.39919760200874477, 0.09603704271555674, -0.6334267088354606, 1.041721207834843, -0.7327413540451369, 0.13818584888214472, -0.9899136898965499, -0.6725555161862934, -0.12317423396946695, -0.3788550556862095, 0.7611318933624909, -0.47875266100795005, -0.48192556817581045, -0.5122786517634141, 0.20889660320834305, 0.26037952876902404, 1.0130527882478366, -0.7808426338020691, 0.08114860710733751, 1.001571726345247, 0.2221609220739849, -0.29344948029908874, 0.10406230671605105, -0.7807207578864784, 0.8893486115869897, -0.4597133248238152, -0.643465531173611, -0.5125612482881655, -0.9071161913197181, -0.9921982272613035, -0.5153302915759884] : -1.0
[1.1498597378040547, 1.0677786129782625, 0.18475348582758666, -0.5400092535641668, 0.8966415776305409, -0.258318288953425, 0.17531404442801157, -0.690113792341788, -1.1166526818564844, 0.18642182964527593, -0.07685828977529474, 0.8854482698770633, -0.7944355794731686, -1.0426935132687505, -0.05147872774751927, 0.12531241968766316, 0.0754637862558799, 0.4224716953456358, -0.41070182681092693, 0.06914846185018171, 0.8521944402660818, -0.04701194101956099, 0.3529736160763377, -0.09568529411548798, -0.2564208512634341, 1.0338503189932335, 0.17549155004399974, -0.2309484309064982, -0.46723013528087837, -0.6053966781444725, -0.7929537079148822, -0.439608430400595] : -1.0
[0.3079003185024697, 0.14949489973131913, -0.17854844392076413, -0.7983349455766788, 0.6007030652155898, -0.06362463978194632, -0.011349578786981118, -1.0778418589046916, -1.0264909154325286, 0.20212970946682202, 0.23605228381068508, 0.7448973046529513, -0.528417150221157, 0.06129033551056873, -1.097882439070597, 0.5607222550170698, 0.711316715007773, 1.0718306888084628, -0.31468024291587715, -0.008768275381658638, 0.9287133393443436, 0.20505412051485752, 0.2358339323452594, 0.4025292117338938, -0.7776296820165683, 1.0079500744797592, -0.4503063752904016, -0.7046790612370644, -0.5398474279716601, -0.5473715027607999, -0.7346124369312628, 0.02983649543817568] : -1.0
[0.4165345054669417, 0.06951472705410361, -0.14162910087794844, -0.3944239405242764, 0.6455763161407215, -0.09395757186381326, -0.08280739236757628, -1.1528627518115344, -0.9937882425272879, 0.18512261685182715, -0.3195551206270391, 0.42784971448986153, -0.6684375702931254, -1.1853574435536858, -0.6215951488309093, 0.28619541137976556, -0.09175998039863725, 1.124639032758863, 0.050099027020871156, 0.2519295646697091, 0.7763700930800461, 0.39560558259101863, 0.08146844539624155, 0.4452747222293347, -0.6699920138863618, 1.0888932267369331, -0.24351828147895588, -0.5613352689496964, -0.27121483486124087, -0.3080840476638457, -0.8923318301668028, -0.7822480389324391] : -1.0
[0.26004484199393174, 0.5639437889171963, -0.642076331847391, -0.6127171074709248, 0.5792585477784361, -0.19597106740774442, 0.28882403113108607, -0.859147925845156, -1.177686589308178, 0.5005976871500244, -0.2120875457074465, 1.0984424544512552, -0.43104752592055695, -0.24344085984779362, -0.5695172813341234, -0.6507780059608783, 1.667144109682456, 0.606867115322199, -0.9168755955489185, -0.5522010852011197, 0.4417770055588959, 0.2520938468201462, -0.6076613012840256, 1.167733727566574, -0.22735112863487641, 1.0379022612638509, 0.3227061074914107, -0.7465333517217865, -0.8487274904909349, -0.6599537188385591, -0.37610382702845124, -0.11425060823106631] : -1.0
[0.35514731150340273, 0.25007299587249165, -0.837860612387989, -0.6258694700214094, 1.1094788640189917, -0.9242300315239924, -0.06966242470569975, -0.5061331715695425, -0.2068213302993922, 0.1923760284528393, -0.04198637676427647, 0.5714964026162055, -1.0619560660149894, -0.7190645682714435, -0.3252663781539141, -0.261394756434458, 0.4271793772144524, 0.7785980571373596, -0.10647011270891225, 0.625054995818709, 0.5020098558082319, -0.2867414050962521, 0.1492491524511766, 0.7839544416897655, -0.08151544824859469, 1.0402447861722997, 0.22463116787709553, -0.5025761268489384, -0.4174862006195474, -0.25655617507167844, -0.038006193428907264, -0.30005840713910104] : -1.0
[0.09588625385900029, 0.8594002865946914, -1.2367319297642194, -0.34248627754136024, 1.1546716906358208, -0.4594429995368434, 0.3469655181158778, -0.4477297354101785, -0.6392246972549179, 0.24378005146563161, -0.2448028043975428, 0.3619950629258462, 0.051915217695724714, -0.3004483255160073, -0.385593413082355, 0.0076639940536169515, -0.402875936717774, 0.7565995777921825, -0.18101200731492556, 0.4022558435848137, 0.6295542786131532, -0.029781481892685674, 0.5006513976788809, 0.5390642200322991, -0.6670387898832532, 0.459875865710477, 0.13381622141529564, -0.717324684119268, -0.7915500312779741, -0.5011773213555893, -0.7645955597976053, -0.9701582052555943] : -1.0
[0.6131428246183955, 1.2795695507940725, -0.6906223585336291, -0.5971720626592033, 0.9094045312609541, -0.5213899661992601, -0.12821904960438316, -1.9618555189837021, -0.3571155153084714, 0.046717254950436465, -0.195129043690612, -0.1511600977185923, -1.5780931138078391, -1.0589666207219517, -0.7919376758457397, -0.3155366680668261, 0.7790577765725324, 0.49799428665407935, -0.14049219254641082, 0.36175083751263515, 0.5446687821797321, -0.10288947961590447, 0.7607518821695198, 0.6917810053967218, 0.8258307347947484, 0.9165658737514287, -0.14435925878738015, -0.14768560775282052, -0.5914810351853258, 0.05555872328991662, -0.8838532303153338, -0.7214405879096424] : -1.0
[0.1651839878440316, 0.3601848358596702, -0.35201874945255857, -0.6505703398317592, 0.5068491347399726, -0.0057577429863861496, -0.14584489092991895, -0.9133203212106293, -0.8715465636891204, 0.7702437961227651, -0.09916032042864609, 0.8774379585089321, -0.788307018426797, 0.006471245187164132, -0.1505246384689084, 0.9512215004170622, 0.26553842523530513, 1.2685490194023856, -0.7366883103757298, -0.04703409903769895, 0.04107983273370963, 0.29002971409867706, -0.4317269656688343, -0.09126260728554375, -0.23186975183157402, 0.30595321738743086, 0.13362150781232063, -0.4999859388442154, -1.1054913160177082, -0.317301950296801, -0.020468244448434536, -0.08261793992171707] : -1.0
[0.6566488384531188, 0.8473620389669456, -0.3132922065451533, 0.010583779470790922, 0.7883243238680477, -0.46930092392891404, -0.09618988705075329, -0.7158899923193356, -0.6522478123285643, 0.07497923905280407, -0.020320111620315703, 0.7236504744257748, -1.065610349116597, -0.44243868615987747, -0.3858690735728782, 0.33523239482688943, 0.1084796738637051, 0.7249218362881922, -0.9525519719251938, 0.20083491909571036, 0.460524662933985, -0.2194931153712589, 0.3438988038935844, 0.9221299588862957, -0.8197937756640568, 1.0115751684034884, -8.001106231962374E-4, -0.9431961362675099, -0.19816078375726331, 0.026767922618694984, -0.5076668601768979, -0.45625250710574605] : -1.0
[-0.1014268346174606, 0.35013500883394433, -0.587565107515741, -0.27881390827343705, 1.3135215519017533, -0.6583869496678029, 0.007898847599321412, -0.9483047566151543, -0.7183135274837911, -0.1865921135672038, -0.47661026575100757, 0.23724697915085474, -1.4182712000310809, -0.8859232910293161, -0.20773367059169218, 0.05907387077309093, 0.5419577577941608, 0.4418458611317357, -0.6520112320869205, 0.6829818294179784, 0.6543724652250232, 0.46237824284574314, 0.10685392959412707, 0.5033164519662057, -0.5487082510510951, 1.1139331253083982, 0.18536077043677257, -0.5303923423013996, -0.29527727448771435, -0.19333446888709135, -0.5797937830071307, -0.3250637327230659] : -1.0
[0.28931501126440184, 1.2537472294084413, -0.07566991686348679, -0.7904988778959776, 0.42809667150186104, -0.7111037526552516, -0.002318213177320033, -0.7435366624770836, -0.31192972618260306, 0.5883167778900711, 0.8287637374231658, 1.4686676897485156, -1.2780010436580538, -0.4386839145295191, -0.30061190909376634, -0.20222119898501423, 0.4409072184968326, 0.6478883360487186, 0.1282979015834378, 0.32759900035781275, 0.6648686336108585, -0.38932397420774234, -0.5967596709288502, 0.9278675127644171, -0.9514168138958838, 0.9369400981867968, -0.6644806237367402, -0.21119747530469912, -0.6733248361393469, -0.28426446452415177, 0.4740380075379266, 0.08907202861626162] : -0.9146338376131925
[0.4413354212152226, -0.05662938869416845, -0.8471694916886502, -0.8297721772091792, 0.6768368704197685, -1.0061153962530065, 0.860614636042181, -0.13989874812252712, -0.9566219201476455, -0.05792872856124559, -0.30200957123212413, 1.0657691542095882, -0.7474429242953752, -0.6160728740591657, -0.16673638082916742, 0.0705364260848695, 0.08552386492659858, 1.0700150542000653, -0.29450079589087585, -0.15818842543407158, 0.3824567747051921, -0.05545905273938816, 0.3154268162601727, 0.6857510332199761, -0.5838776766063751, 0.7595030071819171, -0.2930322040712656, -0.13557849818558493, -0.3283814558521806, -0.7852508217990076, -0.01044811439381027, 0.1330575275395337] : -0.9018055308948864
[0.3691446632033158, 0.5472720499989727, -0.883992428473882, -0.9077757885287076, 0.48540107583489733, -0.7393178662677932, 0.05606689230847868, -0.977793009066491, -0.9239288431742698, 0.4046403288140759, -0.07576453543898017, -0.15253318353584777, -0.7800946353486236, -0.43468202130848665, -0.7580426433657712, 0.01772319157983547, 0.16584444430415132, 0.7331242763116593, -0.5664575652965724, 0.6011200538452868, 0.743178472422965, -0.18314266651600394, 0.01063009125858616, 0.2744582518679042, -1.0496758607282415, 1.393781188060085, -0.2614813048553198, -0.7901237457645226, -0.9603240080880471, -0.4462484702283933, -0.5296394233951501, -0.48722770434969676] : -1.0
[0.7704599733896929, 0.6879024821962144, -0.8344956961093092, -0.6254844410768344, 0.7754445609242652, -0.2927009254616254, 0.17374831358953235, -0.950654107862125, -1.233006508824606, -0.1353399865828735, 0.3462870652783223, 0.3615267389828771, -0.29750931301460515, -1.2808704094823744, -1.2561129589218856, 0.4271616642767896, 0.22670728327606898, 0.6424066606522673, -0.31956985422429424, 0.1930242599735477, 0.7689849447549788, 0.15589065949789638, -0.011716331400259544, 0.15953962072250127, -0.9192148300629126, 1.720514784653008, -0.23358179633262394, -0.5065435042033575, -0.6230400342460958, -0.8767132018466639, -0.20339569220343073, -0.9500403414908417] : -1.0
[0.6239983684722485, 0.7885807161375902, -0.567154594528401, -1.4074224515783293, 1.0491185160929852, -0.7648046662580558, 0.47875138116701965, -0.29010733313960047, -0.8860056201753999, 0.09984823856500225, -0.1650457051736801, 0.7787446419602949, -1.2153398337853807, -0.766720531225575, 0.15356295855587987, -0.4183056184445223, 0.7042463851187486, 0.8987820217317508, -0.3063130699574761, 0.3716142062385974, 0.7498039456764984, -0.4171003501211399, -0.1567441450014788, -0.3870994011116167, -0.5826164191707087, 1.1859919510682548, 0.1826224018581431, -1.044465423855532, -0.4292113121948655, -0.7823863212549171, -0.7707754269460698, -0.29529659534923713] : -1.0
[0.8384468638929512, 0.48472607341824786, -1.1466342771339382, -0.04043692851185521, 0.8283888939645043, -0.20265274773157513, -0.2846466830763946, -0.9135386273878809, 0.10555621434165352, -0.36889762432623324, 0.2446681360772865, 1.1091876372436265, -0.8876070462535763, -0.3656364576317978, -1.2488455954381936, 0.04394261429146466, -0.4353746779879192, 1.545110551537055, -0.452430027834292, 0.4165449277188219, 1.0587765656745032, -0.09242576720656087, 0.44259411439522467, 0.8046932563144932, -0.7065107153938531, 1.1540681294611637, -0.5057665154075144, 0.052265916800471046, -0.29251375028316345, -0.30207928008284224, -0.6601688615906803, -0.2131942498471865] : -0.8836556347933683
[0.7590409129990346, 0.22696202010116784, -0.06507917789260886, -0.034579508940209336, 0.5860082563174038, -0.5722572680274474, 0.29263771141004535, -0.9816105517139887, -0.5081071520377528, 0.6929974991693753, -0.7826089928395734, 1.2795222162445812, -0.4082301286280057, -0.4992118061146465, -0.25853169011752186, -0.11402754952547368, 0.668130322313264, 0.521074798249946, 0.6697675995752148, 1.1860246276508828, 1.1853682913956423, 0.3744113043766514, -0.3019243801567547, 0.40610322869854043, -0.1122368022669476, 1.3984990181019632, 0.36654262449253605, -0.6074071377825665, -0.6838944492133844, -0.34250349320148943, -0.7157533650716367, -0.0936533321701784] : -1.0
[1.2314855049948585, 0.9114622235515093, -1.7639484375432126, -0.7446888917946917, 1.5157556196249924, -0.45535508702213423, 0.4533775190306141, -1.6898345229443392, -0.9836252453346204, 0.3741290683578797, 0.08401328472746031, 1.0434131561057116, 0.2497731071501611, -0.7361122164869485, -1.4626686065680867, -0.42962940512640535, 0.816358017201898, 0.987022420906768, -1.066584893998288, 0.4685918786317791, 0.9150705068010441, -0.018455750451339886, -0.4746283352760733, 1.7445114482953923, -0.002285174104076859, 0.6217975847184571, -0.12166527501783878, -0.16255107873724667, -1.8867568551556757, -0.0986576984441842, 0.13495234863201888, -0.21126333318672388] : -1.0
[-1.2434728937579131, 0.9526375553180402, -0.9869443380416913, 0.6647141780907118, 0.007404155840936788, -0.18834246899797497, -0.564216248294232, -1.278609965022077, -1.086817677072996, 0.5714090955764404, 0.019138615860422648, 0.8039490469954418, -0.7972341300135343, -0.5264277549335168, -0.74642254791168, 0.23948623511745767, 1.3151782793102136, 0.009965397319629865, -0.9366622227267686, -0.07500667212238464, 1.1808010373745472, -0.7827678172521264, -0.6000706258640169, 0.6447710219133049, -1.1087718099277424, 0.7480590001230527, 0.2596853327695702, 0.43113972685189783, -0.17536299898893826, -1.5718464369874647, -0.7085308254686087, -1.0019421990660573] : -1.0
[0.8004750455278471, 1.4286198828637797, -0.6965022358154792, -0.11530688511859277, 0.6301807630666579, -0.1817475393632595, -0.2770710521014023, -0.6314468804138569, -1.2686916441530087, -0.4065261240640917, 0.27528929197799445, 1.0721477360314302, -1.5430925395017567, -0.6467225080258189, -0.9856339806345609, -0.6153314737403733, 0.6357564183444632, 0.7470085330805144, -0.3863061515899832, 0.854735109793946, 0.41234675529432835, 0.005172625541284195, 0.014862324385765624, 0.7594475410266563, -0.20432249006301373, 1.2765926200470985, 0.21635160915508653, -1.2291928758485007, -0.28563795386938673, -0.7229100331390674, 0.23646218363126348, 0.9771064529143234] : -1.0
[0.9762362503356528, -0.19347451389772063, -1.0385072615728557, -0.4747981671716195, 0.5513792923599307, -1.383367496709258, 1.0749651603267263, -0.6155897863287324, -0.5527980215182402, 0.1513004447305755, -0.33857082765739077, 1.045529180519653, -0.315096831549392, 1.0938209870535427, -1.7805352142051243, 0.09094897956504447, 1.1359084510567978, 1.4335952616576166, 0.17261575370265403, -0.2119862504784657, -0.21626368449165723, 1.3006899150699203, 1.0626498593742093, 0.6012340929671988, -0.19005864070240863, 1.38158058027242, 0.7136489027101736, 0.38537840987670047, -0.8582073367986116, -1.1399902407787266, -0.8287674569591927, 0.45017635845190535] : -1.0
[0.28266223019514464, 0.9792663224574181, -0.9144979364134144, -0.8157613140261131, 0.32097559275038323, -0.7205928420887782, 1.2732675392520936, -1.181382762780568, -0.18788497032279383, 0.49877646201530923, -0.4719602551381592, 0.6317158666822444, -0.5340236065045683, -1.567386953527269, -0.5663143730095992, -0.5416193148058797, 1.1277601585683632, 0.7298755572476251, -0.26118066153520325, 0.1682135939700194, 0.1524827245191337, 0.41224638995092155, 1.4518960891666322, 0.4045813295862412, -0.7465383403255397, -0.05796936316039214, -0.6572947869343382, -0.693500627366195, -0.3321903056378531, 0.15036639884045244, -0.6941047642742837, -0.8186624114581764] : -1.0
[-0.10073281552766594, 0.6178829427560013, -0.714952153358358, -0.36178953045632234, 0.5779642051796623, 0.14849062224635123, -0.19483556502337301, -1.2087332999950964, -0.23342477226086594, 1.116232714759041, -0.7468084897948823, 0.8696333556073468, -0.33899636078148204, -0.4284541724503384, -0.604470211959603, -0.08573746515087408, 0.19247487125807228, 1.7653420318651363, -0.7290819129251284, 0.1843711807568111, 0.2888994597682356, 0.8133431867932878, 0.8979021898693276, 1.649619031304784, -0.9940459653227369, 0.7550911241882969, -0.15899514883972413, 0.08249456403887967, -0.8526078681295844, -1.0512413349686223, -0.8763150233317858, -0.39988715505696415] : -1.0
[0.5755574146940476, -1.8328092029316914, -0.33772754037305924, -1.2747729171483513, 1.041190310207103, -1.2141376148469467, -0.49179578310064964, -1.6150854469875915, 0.11275276458815797, 0.3860634133558627, -0.5207821697335676, 0.8097176427612033, -2.491609391439761, -1.068366815771555, -1.6675573715653709, 0.6411204490274997, 0.6054738844351075, 0.8719608447750246, -0.0746606431551668, 0.19062827025723983, 0.28503824479896134, 0.4210098304181814, -0.01713667335966938, 0.9830906889721768, -0.2406469648453657, 1.5747419403665783, 0.7227487080144285, -0.2897975962694408, -0.18826773462074492, -0.4691322002049195, -0.5859438887745128, -1.395299697566811] : -1.0
[0.03853829186390123, 0.9467079304688615, 0.04278747565393215, -0.14724728125575076, 1.1099383538986034, 0.8440794922903304, 0.8232162233142207, -0.2510870224758691, -0.13489712200569615, -0.4479348853891396, 0.07291137326131605, 0.9025641628622367, -1.1047511045941678, -0.5153861595735864, -1.27796697384984, -0.6184666673639737, -0.6445134404148006, 0.5869219273053613, -0.21658104090332236, 0.5391362646257799, 0.0782322276335079, 0.5032403228600072, -0.6903162672570985, 0.3247680191500277, 0.23509248421392487, 1.7245677816677711, -0.529349913497672, -0.41048405835471746, 0.476027841403295, -1.033242186432198, -0.5165708462978625, 0.05926020874652749] : -1.0
[0.7020850856980811, 0.6133866170312826, 0.3567509157072677, -0.28424714595401146, 0.9452266380196717, -0.767692638776826, -0.23120728767212362, -1.1259603855624514, -1.0329474280241235, -0.5237989019361882, 0.1683184181259019, 0.8321857187259247, -1.5624337607827503, -1.0334664844590442, -0.49837151112414835, -0.9106646881315777, 0.5577002178416779, 0.31840073761621956, -0.8297258307944555, -0.3916934498307964, 0.0920177031924802, -0.48932146553067674, -1.0333117245575023, 1.3827682235363117, 0.3468293028869928, 1.664328143757901, 0.9193227170379779, -1.0999491863917599, -0.9763915021127186, -0.8252207203576294, -0.5976670227313521, -0.338160444966549] : -1.0
[0.41220647359612794, 2.1548600706562024, -1.3062741035804912, -0.8022583578557366, 1.8493970092092797, -0.5280372735740751, -0.046695272969879534, -1.2009058883410708, -0.7107459713690336, 0.9730297639240811, 0.543782454332309, -0.2502165586043291, -0.001230768918340286, -1.0850230272270762, 0.5141626760435329, 0.022838362116808703, 0.02398740139207267, 0.6038444280788645, -0.6157478502162007, -0.3257702133051239, -0.07567883907544071, -0.3296537024227807, -0.3482673532933852, 0.574296235973256, -0.43150563043167606, 0.45078911341610867, 0.9291790356945765, -0.5315212309426888, -1.9414085763578308, -0.19267280280207352, -0.9997076674833291, -0.49078862787525024] : -1.0
[1.0074015990247072, 1.4158188348060494, -0.4520179359446779, 0.04393674127480107, 0.5132908572525217, -1.4660238869207296, 0.5061265204781724, -0.7900442614040801, -1.155619042937887, 0.6345415810818382, -0.27858317132423704, 0.7472511027691748, -0.8178003919485332, 0.666356490540327, -0.18943960873172938, 0.6589763029122125, 1.0821712551478082, 1.0123583145154122, 0.45200087249559384, -0.31341463137860537, -0.5419298077602511, -1.1427828572293066, 0.5931372290184757, 0.9362111192385764, -0.0018023898551342288, 0.7210419897709293, 0.6460698962562544, -0.5663963558463109, -0.08684219494767742, -0.7357788924702711, -0.6507996112564283, -0.6400003016114415] : -1.0
[-0.2610772529768421, 1.3621444094807176, -0.17544139613110976, -0.7424243487647031, 0.8664098004934073, -0.6708361077732813, -0.8157053616875788, -0.7043461459331086, -0.024668866443023352, 0.14201989647207208, -0.32145769923600853, 0.929876273874664, -1.3238591228357244, -0.2622577258128629, -0.08296361758862952, 0.967876442676548, 1.1852768441703925, 0.5362126200505859, -0.5998309239645254, -0.8147190894169296, -0.5609115233099989, -0.7813524764686893, -0.2757454894730715, 1.2474048254511567, 0.2516216897059336, 0.5773971513690879, 1.541869047023829, -1.2614351764264486, -1.3385790712256582, -1.2973204892385577, 0.09525981402256262, -0.41240263820222045] : -1.0
[-0.12528448529952957, 1.4179291538474192E-4, -1.0182859684942063, -1.180270546452261, 1.309537741893414, -0.7966738919980549, -1.3707641328971854, -0.3175336474765752, -1.289107054749341, 0.2636287455263447, -1.0391287840834016, 0.4272677572733972, -0.38638697534061445, 0.24542980374653073, -0.6218275313173895, -0.4878173812273212, 0.6853237697401893, 1.0672898720923851, -0.7595875082262806, 1.0907476437742707, 0.47543973270955336, 0.3063656421563629, -0.47787504056602365, 0.7119516797094505, -0.7385195541283565, 0.30232761248783546, 0.5251933916394781, -1.488860722429151, 0.7170313754547255, -0.7052562860490953, 0.07936882251679794, -0.4730555443989334] : -1.0
[0.4208544526256926, 1.0827218041766657, -1.3767492549776532, -1.041540485803531, 1.5659023669887149, 0.2340069754421359, -0.1716417828595142, 0.3065328926390123, 1.028358697244751, 0.37127416748716063, -0.4727410809172451, 0.05719060359765449, -0.408973141636812, -0.041355884801596465, 0.7495946323567023, 0.35905427115155153, 0.9128066541269808, 0.943247923262517, 0.5425232906026644, 0.08979807845572683, 0.3116498394777205, -0.27195449777672803, 0.4364274104201599, 1.7804725919775892, -0.8333671481657767, -0.021569952131918924, -0.17371855364619224, -0.6560805824681087, -0.8018071951972116, -0.3822709617825306, -0.42733715728230476, -0.5056590941609076] : -1.0
[-0.40473379316884683, 1.396774827040608, 0.09138979145196258, -0.12384607255291838, 0.7994556260904684, -0.6397605325903573, 0.9968115434736924, -1.5924747583784427, 0.4309227902753371, 1.2234924595068621, -0.9822160170675384, 1.652105784379772, 0.5540840837604029, -0.8492825184550215, 0.48932988221254137, -0.9143578095827041, 0.3580067322957884, 0.7375012509933568, -0.3580481734793777, 1.141063440356894, 1.3517276358514678, 1.4673453813090294, -0.5346573440740614, 2.5090643491508056, -3.3279980632971013, 1.0770508664587568, 0.5418813611333557, 0.29083562187799916, 0.1870478148376774, 0.15095279348485857, -1.315729670657341, 0.08975249932290391] : -1.0
[1.4008345571737397, 0.2791578090606699, -1.0447835458498136, -0.2737665379782714, 0.7753248373969235, 0.05001309230324619, -0.5187385643479095, -2.0074401653944083, -1.8465363152551695, 1.0540934504135948, -0.4647167465291627, 1.0793269133896344, -0.6127525249706246, -0.4901837963470714, -1.8766111016657452, -0.6425410985512022, 0.8594174847475233, 0.7058490959942608, 0.7434595060993093, -0.3502681639865126, 1.4785110738888667, 1.6986992180357925, 0.1250544235227972, 0.5660799764697105, -0.6403254803477958, 1.2490863719157481, 0.2867669118994575, 0.4435917809890846, -1.2720519225753875, 0.883783288543165, -1.1334221635320394, 0.3930039276364114] : -1.0
[1.7098428036698556, 0.014094725835577249, -0.46757928002195037, 0.5755816862213115, 0.17869826519699195, -0.8505004960888585, 1.6239891106465618, -1.1153430846636425, -1.4561644232205122, -0.1673474616616214, 1.314756960707348, 1.3742268079986544, -2.1351792994833305, 1.0602974253754378, -1.136192809449043, -2.0564000468418167, -0.567157399844274, 1.7507127270880365, 0.0028581904715813122, -0.07103962975912925, -0.6000473457861318, 0.15064091283384776, 0.9963206276502742, 1.5426551164720654, -0.29762261693181546, -0.3429637259720625, 1.5186031442218972, 3.0003105638930125, -0.7868893295642042, -2.7662700035453827, 0.2586620590643631, -0.7028328778252477] : -0.5407913381403143
[1.7426827209406408, -0.09305624005633417, -2.7909023536738378, 0.09641345639774324, 0.42737186117052983, -0.13689093824313692, 0.7090420681688935, -1.12390633200902, -0.2814121909804148, 0.8792576784528363, -1.3683612110285803, -0.5483998554990663, -0.6013212376507056, 0.499773799186373, -0.4611091659576092, -0.5801104539380494, 1.6412134198067712, 2.27244685808213, -0.38219245047140604, 0.7813187438378855, 1.2079574028274518, -1.4591481332902043, 0.2867975040895454, 1.565860462015563, -0.9990375294159846, 1.5412320048519867, -0.2799303132886095, 1.4691700662585396, -2.2983113205862344, -1.4653841659462743, -1.0148173011876445, 0.72736866122317] : -1.0
[0.9183159344317919, 1.087464467337886, -0.6180166513745821, 0.6739888281624078, -0.4301908318945349, -1.1181635839179176, 0.7820928118675231, -0.21145501437697556, -0.2209724746804802, 1.535963776344096, -0.2771978185122047, 0.6701643583219477, -1.5025039471811341, -1.053917729873684, -0.955035932580943, -0.022471571450480232, 1.1212082715473306, -0.49326007195829347, 0.10742879393980465, -0.4318074986708146, -0.01612950378303757, 0.7975810507025677, -1.4608169516946772, 1.589052680204718, 1.3369852142444998, 1.074075419262733, -0.15871355313697405, -1.3826764011053874, -0.3071472473264626, -1.9613633943521172, -0.5558563646684533, -0.8661095933741547] : -1.0
[-0.2148334803979105, 1.485051935675658, -3.2390126929282053, -1.2630476177792522, 1.6876270407827034, -0.06405608274428914, 0.6365749970054851, -2.1159793472226793, -0.8872320592631894, 0.04496732326885161, -0.22704355044936136, -0.815401744574731, -0.5545643828545807, -0.308858464624002, -1.9910404468989484, -0.9082699785562918, 0.6463755724369008, 1.1282962563480272, -2.070567282269896, 1.3596032166553085, 0.7075743903038882, -0.9541197550279514, -0.1335666261632696, 1.3121375304767362, -0.5824215598331256, 0.3859247771987909, -0.20577553151118905, -0.12028913480981845, 0.04137597407304516, -1.8221179849433344, -0.6374616144209229, -1.486700740732657] : -0.9624109268188477
[0.18679864331318674, 0.613403940971545, -1.932425147168276, -0.4877818841883893, 1.762588878467565, -2.090473363376329, -0.8812196359930856, -3.2004511780642844, -0.07512768896744226, 0.4159053250562613, -0.6453234774381408, 0.782847042072931, -1.0142159672718276, -2.6410112158183328, -0.6759878301782585, -1.1868317326732825, 1.7620439353896429, 1.2112664039322274, -0.12942231112442704, -1.1128504053265516, 1.2320864898623358, 1.9392888687099952, -0.7254602621791476, 1.1256878021625039, 0.3324381249358516, 1.9043721960085156, -1.2285460688757115, -0.4665199866307488, -0.499660755429382, -1.0453074589790396, 0.03218440818197399, 0.2675384835517069] : -1.0
[0.7037093232434356, 2.2570894043752006, -1.4922339491471135, -0.32987636793776637, 1.4886752581611153, -0.8596962457342547, 0.9079322964033141, -1.5903916062643033, -0.2888436922768133, 0.6523339969888919, -0.9830898626693861, 1.5139830824764549, -2.8940700158053834, 0.20881868403483794, -1.2114752061339307, 0.4534595719729398, 0.7397706365068564, 0.8698202740881578, -0.5298716039368306, 0.22494358303080375, -0.9488851501825321, 0.4701654193795054, -0.10423281661632187, 1.0699846022175377, -0.5051970718593903, 1.3337131185750182, 0.10505971580529064, -0.29499710304651605, -1.4637702508254278, -1.6686839630561598, 0.6138540506224751, 0.3856327359727992] : -1.0
[0.31044380385324377, 1.1819865335619597, -1.7139478078208898, 0.12058489478314433, 0.2517143404968314, -1.2815292874567292, -0.27984388753118616, -0.5225184619269332, -0.5851432716730189, -1.0214076654709399, -0.7889040547928121, 2.2569853282772456, -1.638486658367796, -1.763642686712914, -0.22326016748382083, -0.6943776733647655, 0.2643358493806889, 2.630794635930572, -1.683285007023875, 0.06468040406381184, 0.36067313102551046, 0.23225510795093957, 0.7240123127898022, 2.0132347762714953, -0.6540060439316249, 1.2318325209172702, 1.1438144271772388, -0.06290570810581322, -0.48618749965799196, 0.30148169726365326, -0.8320994549748418, -0.5187128871322491] : -1.0
[0.9560767820044949, 0.8638999220241467, -0.5181660447004239, -1.3636329343756954, 0.5822742057575104, 0.6893492474918466, -0.3043251259152808, -2.3044125930752273, -0.9664025830390047, -0.33236600183315956, 0.11702353343589855, 1.5394690951922618, -1.6471761936097318, -2.660039565349033, -2.409314723866742, 0.7635134996892763, -0.3177247994345054, -0.5531042335751969, -0.3959886126558864, 0.7875152253438611, 2.2498433490968814, 1.9511602267970662, 0.04662727449811274, 2.4867790672118244, -1.9614763230219778, 0.7808064536295598, 0.6347338918513814, -0.19509959260939413, -1.2609835406016003, -0.1791717448696245, -0.6053909198502339, 0.10107126124979648] : -1.0
[-0.6120223765742278, 0.3696770964807346, -1.448436716101684, 1.6398293864954092, 0.22082091398793202, -0.8811458715525747, -0.38362711947295136, -0.8480936843493516, -0.3200430027035297, -0.1352639018120339, -0.5016599951555272, 0.10023836654395868, -0.9447190150172469, 1.228259649517073, -1.8609848331951606, -1.6894745116441034, 1.5754189289265497, -0.1297404479589862, -0.8027800654982501, -0.2908579339239532, -0.18917152035036744, 1.34187569572188, -1.1858177057361918, 0.8633594830845855, -0.8569796031033351, 1.3220513126866171, -1.048304066273233, -1.6005656141840585, 0.9132970637063024, 1.674953959441392, -0.7262558652515808, -0.6011875239111864] : -1.0
[0.8577078661349682, -0.16468809254812555, -0.706877689275754, 2.056783393825316, 0.7884890430777484, -2.9969774248854977, -6.138563051418799E-4, 0.8700489312271444, -0.8970082526032033, 1.1886774545355252, 0.5153457435227375, -0.739901106261919, -2.2435872181849907, 1.9077211455575358, -2.4157981909601576, -0.7308249230021571, 1.8571016986023356, -1.057475432769511, -0.9028728445464488, 0.33329030306457125, -0.6587690746297318, 1.2856165291307426, 0.3272799032004622, 1.0429654934870274, 0.41293840893814765, 0.7850618879514325, -0.7807591662897163, -0.5765647719401362, -2.0883136791234578, -1.2088957796507036, 0.13665087728639802, 0.9982549482536278] : -1.0
[-0.3313669407393778, 0.485848144622148, 0.026981523162699528, 0.2881776795650703, 1.3364316180182567, -2.2140754235568516, -1.3153005433496894, -1.6957481657848401, -1.7960718537602203, -0.14767168621330612, 0.021106242998066765, -0.11887140240638794, -1.015056019464825, -0.9024506945148268, -0.11645778179521771, -0.5645408210884262, 1.9537258267232631, -0.5559971376779452, 0.1786951035093688, 2.419301105699259, -0.742441693837803, 0.1455507397685492, 0.16842627650759817, 0.4636324112810849, 0.009545258142166724, 0.35080659980251605, 0.7988133008129754, 0.41971558799789355, 0.14540231481655363, -0.80927386994563, 0.08660655427620323, -0.1332172405845684] : -1.0
[-0.5048546741319383, 0.8503521258877724, -1.4709942750085592, -0.7478706438288412, 1.7450648290812985, 0.13523066290476343, -0.22081435105510458, -1.0165174454261714, -1.6732095575027666, 0.8564297182641051, 1.1133125553799028, 0.585492475917315, -0.8560992908320518, -0.33012708580347233, -0.846058253981817, 0.10047963757902695, 2.0139589856311235, 1.3142593488006957, -1.5058845103867502, 0.0024684139998427668, -0.5736708564063798, -1.1727444192551963, -1.2839725560525947, 2.1421748870998547, -0.6240666147628329, 0.5121184130647742, -1.076340907101159, -1.4854672730401057, -0.5522461572675597, -0.324443198399793, 0.39938314461812974, 0.1249273631736258] : -1.0
[-0.7508518045344246, 1.1215277507566561, -2.686412792954281, -1.3114943758956716, 0.9256185803918688, -1.0236222141104394, 0.17233723723210004, -1.5925068154662538, -1.4116360168169826, 2.9666269963454672, -0.03953435576513964, -3.195130140140741, 0.490229178348264, -1.3675663679664933, 0.06618104238891798, -0.016269319552848716, -0.30826229472139544, 1.7801495767868865, -0.43936393856706596, -1.8851453438870578, 1.7061628740450567, 0.794608663005157, 1.067100680139799, 2.1656136956013423, -0.2743061121448984, 1.8703897231229505, 0.22671525275264642, 2.140139374385778, -1.5957475333976552, -1.7450074130070667, 1.1380858700189407, -0.5542783203087167] : -0.8836556347933683
[0.365686580087454, 0.8267472485762452, -1.8122000746983127, 0.21499635851738705, -0.6074839403656818, 0.2604475164929786, 0.24519824298493922, -1.8543004955500202, 2.419430511588675, 1.0552986032132234, -1.7613369047596996, -0.4809025785680925, 0.2485063121681848, -0.41610205832910185, -3.0348204316283685, -0.6160244108354485, 2.388476230474776, 4.0014337913593225, -4.19345373605486, 1.8678775307951703, -2.027524446274428, -0.4587280287061478, 1.5682068646036929, 1.1977321947843875, -2.2655049462026104, 1.3611139139678907, -0.5709875074329136, 1.1279242674871783, 0.27170098354404404, 0.7711909771926633, -1.1804796593425069, 0.2787892695930582] : -1.0
[1.3740929422219985, 0.6645337602833852, -1.275656802959046, -1.5481356966946451, 3.279651181542093, -1.7752433242711725, -2.4174702244728565, -1.6670871710669128, -1.9926642568583728, 1.5107907871286665, 1.2511216093669904, 0.4428300282454133, -3.113202045929843, -1.3043906819818538, -3.1428832814413754, -1.1911033905423565, -0.5033515128096743, 0.45767918786628226, 0.19993527615002105, 0.35545831952723195, -1.3332141711109613, 0.28999809139810184, -0.09342889630411358, 0.20492609465977596, -1.6298167376933383, 1.659523989688672, 1.760499657591809, 0.5015394959280307, -2.2503873915070214, 2.0416372299594734, -1.7400655857399747, -0.9320708571663503] : -1.0
[0.247815647733318, -0.7402215707785422, -1.0678525826812004, -0.43512049249495177, -0.29970713487790523, -0.6487928788567701, 1.79831719506286, 1.1103201053400236, -0.9996669427581757, 0.3454644473902245, -0.5499093152580332, 1.6834810897394012, -2.2061531844391067, -0.2663751282692276, 0.8556754571869163, -0.6727248541221377, 0.6026687462596101, 1.145009595392751, 1.5276953057592026, 2.849678724779339, 1.061331747044494, 0.5796736339942095, 0.3092510819686891, 1.217955803626226, -1.7385952660726454, 1.514849211430169, 0.9381502108024243, -1.097548542237626, 0.2487244298829947, -1.2396379008898766, 0.8701528885327898, 2.02833189062774] : -1.0
[-0.35775477766324815, 2.3748586768944717, -2.095627907332727, -0.20294115897484388, -0.9868008681164788, 0.970471324034321, -1.0320393337498612, -2.5557361339790097, -0.3666197348816663, 1.2722307124333097, -2.6741387605613833, 1.0797584067169577, 0.1821175681889055, -2.970299273760737, 0.1531974656812929, -2.7207711362851357, 0.9920386836349638, 2.0866296489595646, 0.5226999346207442, 1.1121021624031242, 3.203182036360765, 0.988437534611046, -0.9364629244575998, -0.8065920269039841, -0.364517305100154, 1.7644834406275955, 0.8744242610533536, -0.4672332932975485, 1.471733706780547, 1.8861227776646223, -0.7559538929624706, 1.6550327532241962] : -1.0
[2.1845239536766425, 1.6833663037140292, 1.5344170314998369, -0.5537114067557405, -0.36297604470263445, 0.09709061478576886, -0.15812482628884295, -1.84652751865525, -0.5322153029173655, 1.4218556041370265, -1.1151010701014354, 2.1624100197519187, -2.1144847307246724, -0.8325138106786334, -0.36019607020478217, -0.047139369066547365, -0.09324474450342923, 2.5747371238422216, 0.3315796471436556, 0.5107747165304697, 2.4150153381454347, 1.4031657602484027, 1.647217163109144, 3.455467821112193, 0.14642735227296666, 0.19769247474265894, 0.7873685727068893, 0.16047763681633787, -2.9173093863302415, -0.450759755527555, 0.993475219711462, -0.3147751821879349] : -1.0
[-0.9655960127288876, 0.8806969975095527, -1.1465900774370903, 0.5622694089993542, 1.460468901976293, 0.398072381418915, 0.08161386419795663, -2.51927978441481, 0.9347767777781915, 0.07078596806537707, -1.549569052456571, 2.8959370235534783, -2.2229188761903886, -0.065720175772217, 0.12908671473246502, -0.13315185851842082, -0.8313674758664825, 0.2582843833399662, -1.374653115269177, 0.09296092474049802, 3.2773178256186792, -0.3718439301829478, -1.8876464832770337, 0.8424118742198704, -2.958980709895288, 0.25727585144690845, 0.18836600907845366, 1.8012578023334618, 0.5420184748608321, 0.6110040991470422, -1.982291705185065, -1.4407603771765276] : -1.0
[-0.08743055789557086, 2.5538597776178706, -1.2862971901345235, -1.4167454677015758, 2.0987504486787287, -0.9800618476324436, -0.773109628353343, -1.2613025227786616, 1.2510769573853957, 1.3614437290455539, -0.9363374350668844, 2.942364788296937, -1.5287432221632726, -3.425604619570206, 0.11617417314529022, 0.2721033213510341, -1.227409270121583, 1.2707671690960818, 1.0387902171097543, 1.7041346343784862, 0.18044268835356647, 2.3563092208072582, -1.6934006608312353, -0.027028540987536376, -1.999278519151615, 1.3551387714410692, 0.07593274695764884, -0.694017674762792, 0.40858060213142156, -0.6698352115929025, -0.6063354572651963, -0.9490085688637464] : -1.0
[-1.1703052450934384, -0.37005312125558376, 0.56875836671207, 0.8443187525386787, 1.5863940763063935, 0.8438644166852696, -2.2832815322397706, -0.3165856936281799, -0.5758966166708395, 0.44912483877606835, -1.371073764157643, 0.06387989756172086, 1.5880680609826936, -1.5800985464907562, -0.9723566550646932, -0.6322021222627294, 2.0282571437208254, 0.09659328794020927, 0.1690103286520001, 0.45526497355652046, 1.0771584385796182, 1.5675824963448692, -1.5482532075436215, 1.2553756295402598, 2.0885579638045195, 0.5137782871482389, 2.9744024844059864, -0.7546084425659866, -0.8427817354565674, 0.23898138554427079, -3.1244972003346883, 1.3544174479380722] : -1.0
[0.16198019922291473, 1.1391504812163475, 1.863933551823576, 0.6849107277623222, -1.7089042623190138, -1.1740477113938526, -1.8064573172291998, -1.8970788035757433, 0.2652022087785928, 4.522383021187316, -1.995743162867476, 2.135801629002253, 1.6258046104519688, -0.8141354606196568, 0.38774538339998066, -1.686682196977431, -0.872783556221432, 2.2533013265324566, 0.6073781216108827, 2.779387410525436, 0.7380661112900114, -0.3133645893383218, 1.5173073926030558, 1.191969560849262, -1.6638840811550608, 2.3871951913664224, -0.21833884413306104, -2.5062647435659575, -2.5094904091419976, 0.19529860442207353, -1.6110657858074333, 1.8923649554708277] : -1.0
[0.07557557817311933, 1.9914195419679552, -1.0544624585313251, 0.8868702818694482, 0.5585988645902986, -2.1665959462487425, 0.273008091999864, -1.4139427313546797, 1.8736923118759101, -0.1262179397756238, -1.3403156402517964, 0.6372509303727476, -3.3674801698398724, 0.6123590701532379, 1.3298693713363325, -1.6549709606374146, -0.4766413398560082, -0.20142423687058209, 0.9433182247633167, -1.1911372903132211, 1.0213303032472751, 0.42997804707180154, -3.689132934230167, -0.1545691861201104, -3.0760549586933363, 2.044548061261502, -1.9287495265189496, 2.158678386963237, -0.22558664306558407, -0.404036811752901, 1.1567749407312946, -1.281071704746729] : -1.0
[-1.4530209637971314, 1.0944340160329378, -0.4328525921556273, 0.2786117017493468, 0.2819289461257508, -0.35864238528923786, -1.627089259270869, -1.8712441086745533, 0.29666562230642, -1.1668720124206424, -1.5460984857886748, 1.9986607148745734, 0.9504050243634521, -2.145465699126016, -0.9370913599756542, -2.3620405030952383, 1.7439326961313482, 0.2501473559988111, 1.4475340706170237, 0.7333533650543839, -0.14958557340775824, 1.5189703946491222, -0.4899291828927921, 3.0946675023006507, -1.8005696022862878, -1.1369152874623483, 0.3774535206279462, 0.5285980974542219, -1.0236042003952555, -0.9533853741736116, -2.6631150097887275, 0.4892764809992412] : -1.0
[-0.874017577664109, 2.8312429849912792, 0.8032018034387894, 0.7955223359721576, 9.013082225369784E-4, 0.6610918076605337, 4.561480253189908, -3.3282829427725455, 1.0700513767803286, 0.46988197678487165, -2.204585678734916, 0.32406300609844196, -2.644001151974216, -2.528848211222315, -1.222105749221421, 0.90667703925059, -1.1033478113548427, -0.9963268241880012, 0.44897025248207284, 1.2345845631852033, 1.7762372430334847, 0.9915825559458864, 1.1179991744155449, 3.023428036691175, -0.883651326124772, 1.3234816275768515, -0.3252046098506622, 1.8814857212359235, 0.294120301945209, -1.0361721859677862, -1.21154099998695, -0.700899767213949] : -1.0
[0.4808367755777262, 0.8896679107554523, -0.865638882541736, -1.3924681402533088, 0.057458679678962676, -0.35697324186646, -0.6077534477519801, -2.064671898415026, 0.12186947667831527, 0.7097950782331615, -1.3453853396946984, 1.0444810112800675, -3.1402961641472964, 1.5935606702689227, -0.23048663853799767, -0.8523936626182375, 1.0846809521931908, 1.2035663638294545, 0.7050869750597961, 2.4015824003691404, -0.024069034970578773, -0.9788886412916057, 1.2709762480341318, 0.05768969000749147, -3.955127583446946, 0.004658014108161801, -0.6064348073459019, 0.6709443759840983, 2.0998437362533617, -0.9196347171132055, -0.027031667299150297, 1.1921695736302735] : -1.0
[-0.2723134940317514, -2.0793926743498994, -0.18877763533238712, 0.9366684344673678, -1.4738911770256298, 0.755077175786067, -0.6488661649053207, -3.3359357449187295, -0.7241238960597367, 0.9157869639783383, 1.051952553872849, 0.22251261172162368, -2.5474559946804263, 0.020820173261182462, -2.979174775954199, 0.7024197387182227, 0.29889889216243215, 0.04386128202788786, -0.08144368909989996, 1.6699675294018923, -1.3433837661600838, -0.9330135681767651, -2.9945943690708945, 0.010283927435275952, -0.8083020540492678, -4.313605171945248, 0.22398962693308128, 0.2014874596175466, -2.5667720790672113, 0.050226373237167055, -0.19566554315794726, -2.02158948273612] : -0.47720310904762964
[-1.3546701492600817, -3.288279166368491, 0.4192740410759954, -1.1311357002004332, 3.122472800674858, -0.48047928763760106, 2.4719883461578447, -5.7673641873250086, 4.399209356696991, 1.6587041850771085, 2.2192198054006016, -2.298647079669478, -3.008495956629148, -3.1872239623761214, 2.0261326128365282, -7.104418169113682, -0.22080916953647467, 3.1817705406338277, -1.6608039452544343, 3.261987126374571, -2.8134305747356643, 0.4936894552893213, 1.5425508715784586, -0.7535259858614726, -1.2480699384310174, -1.5393636706178861, 2.371090538816462, -0.6750239039026467, -1.1214397040371176, 1.53692558078528, -4.315155925242906, 1.3694352913132946] : -1.0
[0.08394286595471673, 5.375059463195393, -1.3573865444769968, 1.6123673312668405, -2.090057974267544, 0.3411928809476749, -0.9834515089678249, -1.0748756742045713, -1.8707073856537737, 2.9012180718047684, -2.1052574947600293, -1.95945732491976, 0.33191801914041985, 1.0806675273805109, 0.026852798419534807, 0.2590450784400433, 2.200952585660703, 2.1788940451496717, -1.2876276807479141, 3.601186677306907, -2.4729298030228244, -0.8955070226595157, -2.7281096992640594, 0.5248643744263443, -1.0155758516089772, 1.5602509228400443, 3.261898427407422, -1.1660583868275107, -4.45801586630556, -1.9715563106830745, -2.436183112983881, 0.2010426616705468] : -1.0
[4.088021638945132, -0.44332016014841535, -2.8048459058286435, -1.373831039458004, -1.7009959926276477, 1.379317979591528, 1.4717094505233497, -6.463099232218527, -2.3991831409321787, -0.9909266200389937, 0.1785005239241404, 2.3906907312578802, -1.5442702565671194, -2.8632423709416432, -0.028889447223047426, -5.482542887343655, 1.8723601751663932, 1.3326146721583254, -2.5387714067199756, 6.254052355874978, 1.4897735886291201, 1.699368408296741, 1.753917252718419, 1.3884870570656305, -1.0962322175558983, 4.805975736952247, 0.32882695896718317, -0.10235287521517039, -0.6513187575484458, 1.9044849002511293, -1.4913098374007396, 0.12701397378761592] : -1.0
[2.2306350166641087, 0.5892547446122147, 4.579874817980929, -4.382251832575817, -1.9056566365286496, -0.7551031244366277, -2.575098220076668, 0.4776419854658063, 2.6099234305002574, 0.6727211500067152, -1.9280262915396273, 3.4424843212203613, -4.756378186204669, -0.3936837456896668, -2.6328314636086514, -4.012483965740494, 1.87435230276327, 4.176318670694212, -0.24224042993047246, -0.49393798911509323, -3.2967755841274484, 0.16037346000722535, 1.797828436163734, 3.5905500357181714, -0.5777476428282142, 1.7888283932445277, 3.6251395125565455, 1.881772448216616, -2.124247523052774, -0.1360164606390446, 3.6735116130381704, -0.8361773661824616] : -1.0
[-0.27488656644695586, -2.9272612185811364, 0.1743044676035832, 0.8843918694089127, 1.3675197746837393, -1.8909539011851906, -0.4167491590287872, 0.40659057699175793, -0.08126629543507574, 0.2226532453402964, 1.2828700434994014, 2.397456477190839, -2.9019185042826208, -2.7600389297139087, 1.074197367469984, -0.9859309512086262, -0.35810271263645865, -0.20465961301053825, 1.6331965528368206, 3.7235423659438727, 0.6424890192520458, -1.861511360417083, 1.1063724990088677, 1.0416163703147685, -3.962944494551344, -0.8023203684480424, 2.658974652198373, -1.0445513435137346, 1.109304162035492, 3.7351730440666224, -2.4794044501586634, 2.1736533206967823] : -1.0
[2.89390155134751, 1.0918242078959821, -0.51274552811929, 0.37175775203175776, -0.9577873750442853, -1.6659861062955055, -0.8073870485504491, 0.9747797538615941, -0.47661883781560277, -0.4517237610885041, -0.5188645113432089, 3.492774112336075, 1.1741477731299446, -0.19646318699164722, 0.3979307753912713, -1.004376138213095, -1.5281205013257615, 6.0135784587629075, 1.055896418038642, -0.6626900063595522, -3.583256468946313, 1.6961922259058888, 0.84775497368661, 2.448558296957062, -1.9120014010756234, 0.26708472847516296, -0.8507849881047019, 1.6735678833970906, -0.3615310700285521, -1.0342819979662385, 0.020780576269605056, 0.9265646659993898] : -1.0
[0.929451973222315, 2.459711734940297, 0.3360076474167917, 0.1609989732335071, 0.40382216951452493, 2.087834345402623, -1.129166667717055, -0.45330329538607583, -0.9016807965460704, 0.08754571025629654, 2.9439143737202693, 5.161597003545669, -2.5205113489491646, -2.619511285807343, -2.6121359265834014, -0.9271826340531185, 3.1244136455404785, 5.6729691755536145, 1.041849698825927, 1.232011414733111, -1.286648960165936, -1.2411709334874863, -2.5539575409202433, 2.24397676672875, -3.828510492256086, 1.8801013224728678, 3.115452004996355, 1.6087373660804825, -0.11033891227117448, 4.107644617227137, -0.2243983416875137, -3.7962284908960817] : -1.0
[1.127524135365376, 0.04717968781288795, -3.3708583910486123, -2.3924559612452683, 0.8664635903166481, -0.3326408396403179, -1.2707663420362105, 0.5389077305991345, 0.11636086457361326, 1.0287669955108856, -5.8169529753502, 2.1266354160835945, -1.270871330027247, 1.6989858291353093, 0.8700295224166381, -0.5225841692351414, 1.4365586921300983, 8.223060859139586, -1.0065311243762212, 2.2980268857384543, 0.078965643518576, 3.0930219567916435, 1.5438124882384452, -1.292656113358944, -2.185864716060548, 3.0076053401660885, 1.9717211810038555, -1.9195431189245107, -3.461535185269631, 0.24661439133677965, -1.2360724503142104, 3.054866623022088] : -1.0
[1.756681790722928, -0.06631148878913284, -4.393129356551579, 0.04642071755773536, 2.168499091148832, 1.3025843976936677, -1.7605600422231473, -2.334796626174331, 4.7873322599085, -1.169350511401851, 2.997306603608485, 3.403847803763949, -3.351674473070218, -2.7699309956836844, -0.6474738085128235, -2.23118550626476, 1.214442098021045, -1.2208945348459213, 1.5652826215836142, 1.5595352813953727, 3.1570012388185864, -1.3598525442394134, 1.225016691538034, 0.46641351734996395, 3.528232413198311, -0.30901396350894506, -0.8523272591415222, 0.16531888415133184, -3.6193177577796294, -2.2889400590150233, 1.2801402321389035, -0.4401470704355103] : -1.0
[1.0208509356749436, -0.9593782181930761, -1.4426943974774187, 0.9217579582972929, -3.085009716305012, 1.46241912523506, -1.5531933363526316, -1.0844128680743972, -2.516045139121295, 1.3970880284599543, -0.1336593713648756, -1.2152244003218917, -1.0815171118454094, -3.947294608359078, -1.246349236910341, -0.7481968024751409, -1.6326792981186837, 1.9834155029584, -0.13779752152677738, 5.345486632279835, 2.7790186851326952, 3.499536350379922, -0.15518433228468365, -2.444994682660025, -4.094737919306401, 0.45787564505719314, 2.764886932990295, -0.7749549780418736, 0.6710388670830792, -0.20472624861504363, -0.13572559565441644, 1.9593840179943893] : -1.0
[2.387319381030978, -0.4760345636056258, 1.0291784103908213, 0.5498891986480073, 1.0340299827661363, 0.8623851245175891, -3.205816581772391, 1.899380256947657, -1.5242943022954853, -0.45029764282620044, -0.07759566062156031, 1.5191302669242768, -1.5702026121941075, -0.9694832857868303, 2.476090862534228, 0.5254621311938101, 1.2420017377162227, 3.1069316684740134, -2.2958121116431363, 1.7955451370673008, -1.2807106481561918, 1.2649384975547762, -0.15648528958886654, 0.7831926659884806, -0.1236256724846927, 7.441661586628855, 3.510022768659978, 0.8272137951210048, -0.3484224456046245, -2.2757532666932234, -0.03792980481204167, -1.1124924122908466] : -1.0
[1.203570978087268, -0.15483246912227588, -4.302664185258495, 1.825414502946367, 0.5639817139060481, -2.76370518933313, -2.7756053546240493, -1.455220983454827, -0.7293653863415369, -0.5604863545178289, 6.560433236919389, 0.12704523855763783, -2.4719772810784884, 0.06032264361599193, -4.889313612987689, -2.0598222577791887, 1.0634094890706864, -0.1251609359586605, 0.3107583822159403, 1.1721952553667971, 0.6365056115473171, -0.23204224259548306, 1.6220642742592202, 0.7575060204421187, 3.066618723891457, -1.075432037807628, -0.3683634246799522, 1.2823948706639774, -0.9218321831728835, 0.1188388898867141, -2.210066648023351, -2.211461958083382] : -1.0
[1.3094229236405792, -1.1179489978787045, -0.6593083544503566, -1.1734904862264066, -2.1477032412141073, -0.6917545832000052, 1.7900546304148928, -2.2215322655329657, 0.5288647745336006, 2.0936413569158763, 2.3731630009507554, 3.6680834493905734, 2.0074674837930613, -0.24309902699986718, -4.0643919487390825, -1.7499643318683877, 2.683535578153852, 3.415249507885881, -0.04364497924180233, 1.3472827715579505, -2.3287288474828793, 3.140525090677085, -1.7782712733340693, 3.616386543542035, -5.494371816329766, -0.5409643756144535, 0.6123406857189273, 0.10093570557892084, 2.5173621074209316, -1.8779820215311278, 0.8376492156572956, -1.4004466126628297] : -1.0
[-7.867845799915951E-4, 6.302465070528953, -0.8490978077257948, -5.99812212043625, 1.9849333040627815, 2.444053190746849, -3.288780886029805, -4.152827402947212, 0.5483904741692642, 1.3166499678920984, -4.02762156587962, 0.42574636725749937, -2.0860413280065413, -4.053637694013627, 0.8114824509712002, -6.629559258260303, 4.757698946457359, -2.832466857831449, -7.185457591063906, 5.02649096177594, -10.284144643974669, 0.6859938192981891, 1.855508257777493, 5.364593284388743, 2.726208082539964, -0.06499884521637134, -2.410883029237314, -1.6931112520985665, -1.5210728416563664, 3.0033798141239614, 1.836166727040664, 0.009670226558851192] : -1.0
[-8.033554012714173, 1.2305114173918439, 0.37030912765075275, -0.13748127535754628, 2.0329247510377333, 2.514557294981947, 2.5585436089543694, -12.279865935880517, 1.1703526058000209, -2.160293632147053, -0.31630092132448195, 3.335667751748402, -5.406447761965655, -4.979112726736165, -0.08174534982965831, -3.198912279835791, 2.4936041825270507, 0.2684655525251709, -0.5559427623009089, 1.657618349069875, -5.7921927888408185, -0.10716534837416347, 3.288096947329306, 4.627191038753125, -1.1854424675217077, 2.4180540530199854, 0.19853720113137774, 1.0844325473434104, 3.5349059960706795, 1.5126858997685098, -3.2118222201396125, -5.291472158232101] : -1.0
[1.455838344941764, 3.564085168244021, -0.1417253215158456, -7.170842784235902, -3.659173809788099, -1.3851613913850715, 2.3050344732699486, -9.212393914870798, -0.5567675766064188, -0.7219539567017617, 0.6461357988468641, 1.9825653969146955, 3.287631902010984, 0.18320329324833495, 1.369774064310536, -8.104052722034751, 1.596197358009384, 4.2313673939596566, -1.1838659758572485, 8.104210533355696, -1.610237736587928, 0.7589965670665795, 0.24229313734963984, 5.212057243470453, 2.432639474349311, 1.505712285774522, 8.933050033087856, 6.90642960094599, -4.413530560522551, -2.0799384048672818, -8.372471206536305, 4.132453265088987] : -1.0
[-2.2329670788531955, -1.4504675457983915, 0.33536387384738386, 0.8798302035059506, -0.7626224114894, -2.662824557303783, 0.5234981907069587, -3.401890921403992, -0.665557357076348, 3.6683694986095015, 3.9236218379220618, 1.9877531242689308, -3.1986495056140414, -11.590935727844913, 2.63064336723062, -8.930901052527378, 0.608582568941357, 8.856968455162685, 4.015543622741864, 5.882553881857957, 0.1904362601363836, 4.183043255446643, -1.002194993441594, -2.674734687992358, -5.822975047347902, 2.350101698244215, 9.881131756034154, -3.8176370132205184, -1.5414449959621441, -3.5848978967089504, 2.4220736916877565, 0.3847545003399487] : -1.0
[2.0742546212575554, -2.5610627464527713, -1.2997019675882455, 0.9452270504088363, 0.044167125230680004, -4.296608952983281, 7.14068689449604, -3.166073382619832, -1.8325203436633617, -4.2698665159091505, -8.03610721795359, -1.2320567934361395, 2.1864257734526, 0.676460270914272, 5.570079499821539, -2.959631461210485, 0.6824188398593796, 5.4615994039841045, -1.1698305526992852, -0.5307927343063481, -1.7902207076685854, -3.5320043910937238, -0.5957766707601782, 5.869916869195785, -1.2194440368133346, -1.4543713358593142, 7.007018512584313, -2.0469257116687998, -6.469592372046907, -2.419464129463949, -2.79502932429188, 2.485557038224289] : -1.0
[-0.007858588665026311, -1.5566457515358032, 4.180432588364421, -1.5669195362089605, 0.9816113331272763, -0.5378166829066354, 1.1230601638036173, -6.177074360850414, 4.790919116660164, 3.5821298826157246, 3.6891694273857687, -4.220686742418729, 0.3362289657262485, 4.341839246736299, -1.8903036727670364, -3.25814225609973, 5.32183382170894, 1.9982707456239182, -0.37628816732824566, 3.217906675614816, -4.352249374245183, 6.357904897102058, 2.8642774609049564, 2.121771944560718, 0.1231545700934098, -1.4983168732145309, 5.941795562229445, 1.2347177310135553, -5.426336317835178, 2.4526648088539083, -3.1598912302348654, -2.203620520869566] : -1.0
[-3.2433993687477, 1.2765352915575983, 2.6615362495079364, -1.3457580393234712, 3.2928367733633914, -4.689263925231031, -2.882208992915866, -1.3800060046119424, -0.16729013414938843, 0.5229241928297822, 2.805264394736467, 4.6202122304626485, -5.2791003824138345, -2.059241334635688, 2.949137127443528, -1.040082897711737, -1.4907908574958242, 6.094160174837748, -2.9334500220646746, 3.7897975971986173, -2.1597530318821936, -0.18934459014106025, -1.5710856156005035, 6.237402867212234, -1.3353449204508663, -1.5588490711702652, 1.9932064577145874, 3.3969233158879, -3.654793300980274, 5.28661648520793, -4.22949452472153, 2.7828038489755262] : -0.9085671684958718
[0.7797637929893853, 5.50555917738392, 1.229274563753903, -1.7126466280635424, 8.88435715280562, 2.662233849058117, 4.282790085016834, -4.656658892715755, 1.6588583607863323, -1.2435813447146724, -2.609610847403429, -3.4253778867342946, -0.7721692204032387, -4.760486186640164, 4.963754000940285, -6.5520680062074055, 1.7112433817015924, 5.976413728938034, -0.4974522625957427, 2.7288886205252876, -2.2654962736852204, -0.9250787897842758, -1.1231772204054908, -5.069960122852916, 5.753407432555933, 1.1388218520156865, 1.342612933547111, -3.170914126751558, -3.7395356217064233, 0.5339616835278012, -7.769708125095031, 2.6144287198099425] : -1.0
[1.6792924049224836, -2.7416622756255693, 3.46747173481317, 0.46823796820200947, 0.41928512642964344, 2.4240250872074562, 4.955387404680348, -10.309411042456203, -1.281701458313506, 1.546835895175497, -7.619015602786268, -4.571014204465323, -7.293903295687064, -3.312695160365512, 0.60101623225204, -9.902756123352793, 4.94922956736137, -2.7207423071471832, -3.8448390752102775, -1.6997688491423952, -1.4328027311041533, 5.22818958570327, 3.5359979874858674, -4.726013205494908, -1.4089421139312197, -3.162751937905369, 0.15009568538023998, -3.3844076711389297, -3.755069406058049, 6.878822971014638, 0.6011030353238378, 3.4996286471624254] : -1.0
[2.839714500626359, -2.181459613230216, -3.196346044096538, -2.5414516103133193, 5.857536224136954, -0.6858305808209062, -0.6198962582260531, -7.709399984096867, -1.004380116385707, 5.865806609244593, 1.5947309919685462, 2.295711072113599, 2.0126259559333755, -3.2404718012668603, -5.061725230154073, -2.4572198015845945, -0.0973579722270067, 3.241224775382605, -0.17239145458922833, 4.7573933156594475, 2.249368273757565, 4.680145126151886, -6.253123823653313, -9.543633390215916, 0.1319078515625587, 0.9560233720530067, -0.1626719292938419, -5.413379523539295, -1.8253065990820871, 0.09554706251792566, -0.7054273294430948, 1.5248284713287537] : -1.0
[4.2775829630031765, 8.335129840041594, 1.6139927917883794, 2.1653216915133555, -3.739042049450988, -2.0540729194694167, -0.907139374760931, -9.306460215191056, -0.6121954624388888, -2.198367247106903, 0.1798485767272565, -3.396129258162445, -0.10229049065153495, 1.138114482111166, -1.1075442289764643, -6.831516229341673, -1.5139236424452802, 3.7452513657906237, 4.176315047539182, 6.112098761091509, -4.036529383936545, 5.788566548254859, -0.7370478194335763, -1.3030318942452317, -1.6007028509260994, 2.6821339140419638, 4.160859076731315, -3.4080062770502213, 1.625744584740272, 0.5933758386561879, 2.2935722276863078, 3.3046504522765447] : -0.6998792561617765
[3.4100941836655307, -3.479287711979143, -0.5482213709218836, 3.660712594298073, 0.21860271617667404, 3.9823492783758327, -0.31316951515150304, -2.6503203933548503, 4.902278991486423, 0.7944142880602862, 1.894185008927601, 2.2110623956499733, 0.36098594696453246, 1.1468838120400573, -3.505778890819175, -4.8859096921195455, -1.2032593044281592, 4.182774823123815, -2.3483529425548717, 3.436962142935464, -6.796423758290043, 2.075669581430211, 2.3929518780987453, 2.636479237857621, -1.6321255974529405, 3.4577152330081105, 4.050930973225444, -0.6333919331386709, -3.314435730498766, 6.366334794936295, 0.41955332207827745, -1.4323788578262078] : -1.0
[-0.5824022301959666, -6.126695095527925, 1.3691689535851674, -0.8629063238590982, -0.329308251235096, 1.6562666362581617, -1.4419728790256148, -3.5984244799014227, 2.2577529235941554, 1.2284193989895467, 0.30730080742053817, -4.522766702558903, -2.254211830452288, -5.139701492123535, 0.9024049381886925, -11.809434642634326, -1.7424655111568823, 2.8743066285769308, -2.302411464149456, 1.6869604486200087, 1.3057810460030965, -2.7742036150000975, 1.406684714036024, 4.282774111275474, -2.2965159886180535, 4.8431963938411755, 3.2125812960671025, 5.271894040266987, -4.887287560072328, 1.9214654405993508, -0.3718878222363229, 0.0012244467459319175] : -1.0
[2.666664645353449, -0.33077593835841534, -0.2860940215622618, 3.582999219936254, 4.51585516022055, 0.23625140400247718, -1.2413126133606958, -0.2279417773557797, 4.043317713414889, -2.593503625049335, -1.3127769147607078, 3.083415957759486, -0.273288568436852, -9.645021422415123, -1.0825624485950445, -8.717463793954357, 1.8647023252740822, 3.218045431796114, -0.8534482713307534, 8.291918581551013, -2.884849812076649, -1.3908112649543425, -1.171288450703612, 0.38846909948211833, -1.3890014328756974, 2.479184737643929, 2.1601616678268227, 1.057003651285026, 2.354647552499035, -1.6977077495340267, -3.6291930166552517, 0.6786714329828861] : -1.0
[-0.07139817839652673, -6.5952034799862, -2.739522689532442, -4.584556847875596, 2.1804937638263207, -7.603157220014332, 7.399876467986878, -20.452475143627147, 6.813339749689257, -2.6474401390788174, -5.05504609819384, -0.4860416798818954, -1.907914936183273, -6.9327293259380465, 3.73422861877898, -3.8071378843727826, 3.754437770285215, 0.5668628912993856, -2.27449953445689, 12.162177515269233, -10.925604097353464, 8.298169353270957, 2.1779648220898844, 2.565244184655371, -3.5351065008499196, 3.255904455591939, 3.4445066348843025, -6.060665912166333, -3.472168774740922, -3.791775952642969, -0.7800566840854262, -0.6900159347240373] : -1.0
[0.07159544668055684, 6.39563842957017, -0.9830381728008406, 3.109673331301346, 5.517250105805697, -0.19163681003906996, -1.9912966474888583, -18.590672782670648, -0.3081144853551706, -0.3720981693866806, -6.219012976455455, -0.6718610706827461, -0.8862859633595807, -0.5777844131387693, -4.061505087607712, -5.450764187467063, 12.392734325823055, -0.3716687140140533, -3.2739120881909654, 5.4197971962318485, -0.15099902882662786, 0.7965833762225559, 5.034406561495938, -2.8932861346895056, 1.7212757269384442, 8.444030199074312, 8.31296430845366, 0.25274248849305186, -6.35886580325238, -5.616936397353456, 5.811327905102164, 2.0542196752453425] : -1.0
[-1.1592906010533068, 0.49166864305470837, -9.619751215241235, -8.717448762476758, -2.6828365378858248, 2.6805586344945147, 6.383049639130227, -9.985568910263822, -2.8980617327594373, -4.9742437975183975, -2.261231765003808, 3.514810438911966, -1.195529673066249, -2.846270369066846, 8.524889786299484, 2.2637448654029146, -0.8573156647014333, -0.11371837625438719, -1.2981089981841019, 13.301671241221516, -9.352158080200352, 1.5598930858895883, 8.520267797016379, 7.962870736054215, 4.045086449348072, 10.268901522970014, 8.428216897687463, 3.9977198204272106, 1.8005291090093174, -2.3235798445384193, -0.9169872665499761, -0.5499305129024139] : -1.0
[3.5470261984311446, -0.3793527947416826, -2.157473307329124, -0.5387738456547506, -6.710764450499687, -0.4746836615467923, 9.138907873091135, -19.1948278636592, 8.961586670494675, 6.480101167262419, 2.9226165825247348, -2.296886980174652, 4.061287819624519, -0.7287040845331783, -2.6262466265593254, -0.8012312646643425, 3.8967578269853953, 3.121504904546775, 4.234033760191203, 0.47013577430533804, -7.633400908369023, 2.6292633318312593, -5.638288396329372, 5.21974307915643, 3.033924056097745, 1.7786705411980779, 1.9607095174891147, 3.9446206973173283, 5.265833377404272, -1.9162852783858861, -3.503002782415932, -2.6932889299075655] : -1.0
[-6.0173712228161005, 14.192008688277731, 2.523861037306404, -9.722266760684484, -0.2158662057014491, 2.985311275836419, 0.4201180422385436, -6.171428892610891, -4.335752872438799, -13.447578512017978, -1.9667037099163223, 6.55149970808407, -3.3796414444919707, -7.233815132495852, -3.7447374249736884, -10.857904058477626, -5.559907962115915, 9.12805690374937, -6.824002826941916, 11.609695902237188, -11.399308199317392, -3.992127319088757, 7.666712220980215, 6.7351007403941825, -1.2244403334689946, 10.19945381716475, -2.3050405409566337, 3.121849344236309, 6.918893004584689, 2.4751786017665367, -2.8544024925916682, -6.738454584521522] : -1.0
[-6.772955068389223, 8.558646660271457, 2.396440518180682, -2.3615101129895653, 0.47891216878993714, 2.624396626266778, 1.659455147763307, -3.72673348277129, 1.2323871522730359, -3.8340014514641614, 0.12227976229217385, -7.816745828390062, 1.8008125477806052, -3.311469807740373, 5.734476456720621, -3.107637419105707, -2.5203645151691005, 7.973399296933022, -4.760757944084047, 5.040879158807179, -9.326821113413562, 3.8547021922743987, -5.528952972461771, -0.015144940740406287, -4.267127257803327, -1.884286642358643, 7.515317905128761, -3.5528500387199564, 6.85635377803556, -4.027035054101176, 1.342318495969089, 5.596427516859947] : -0.69739276712591
[-3.3776586275877607, 7.7234225722270615, 4.890728694557598, -5.978885665476637, -12.919178871160877, 1.2607244207978756, -6.1504986859741955, -4.374868333899684, 4.414980122980841, 2.0873132237476044, -10.059159094135424, -0.9427367052487776, -4.081701146368054, 0.23117608406345846, 3.8194814043925644, -4.890790594408152, 10.300489383591817, 1.0349015826801091, -2.7725039437051677, -0.038758290840816834, -12.004819166467994, -1.1974874262146458, 4.067704119467587, 6.115991985551791, -0.7577463833855387, -1.7053565875003076, 1.368105139288194, -6.589047925749083, 6.372116259647705, 8.076427034547942, 2.075077335531348, 3.158603098741858] : -1.0
[2.1352865492775788, 2.0124679081976824, -2.2311706211835762, -2.308872387039307, 7.535891590103811, -9.04918026206913, 0.5704786398925827, -3.3469759756443294, -0.44597890256181205, -6.090855420846158, -6.737426971106936, -4.212989208419749, 0.4327729089856558, -5.263646189791892, 4.815538289387043, -14.897722440412991, -4.430288937800313, -7.01165903487454, -3.1278587947937946, 1.3412956995600598, -12.803885584208846, 0.32936120295759935, -4.762465289842637, 0.9820692567996616, 7.21772828081817, 4.797611781216563, 3.21555459412844, -8.846144571515943, -7.1931555376430065, -3.6468262579761883, -4.4802014251156015, 5.041919142091386] : -1.0
[-9.074052629633798, -2.157320025367749, -1.521514759326731, -4.47716949255051, 1.052806377340032, 2.6281318456026517, 1.5199710525390402, -3.563110673270145, -4.454887033343143, 0.18301765674291576, 5.915183462177991, 9.639860856614096, 3.1180949649227667, -6.252841940417463, -2.6211790405379163, -6.099395334594944, -4.242906513836147, 1.2623554410002342, 5.189271599735459, 6.258874851629477, -0.784472025011727, -2.712232801773748, 2.0087568394070217, 7.309511444116057, -2.325055825874938, 7.478081983110177, 5.535698581257646, 5.596321728410713, 0.6052156928844952, -1.5111734670704724, -1.8482361583446507, -0.1328357862718178] : -1.0
[4.6117300532046865, 0.8255201035233868, -8.992624211517521, -8.650301329316903, -5.583323070602598, 7.904803912797785, 5.1913272023146915, -9.598237831784907, -1.5806152603812254, 7.1202402426702545, 1.1425874226504815, 4.159286882333686, 1.5194360781591831, -0.19802487073959352, 3.450516138855149, -12.58700369991524, 4.454951042266911, -0.9325705572826772, -0.8885973743081945, 9.702353869611205, 2.3915149580942057, -6.426430432910386, 4.860397989246182, 7.7500424258057965, 10.588178843167887, 3.474457698597731, 6.548202255160254, 6.89006407710047, -15.160467778508096, 13.158571784779427, 0.6964081734576548, -4.072647603321483] : -1.0
[3.7762094974998397, 4.750040231467333, -5.854974916504179, -4.154842695175078, -7.819925057404648, 5.813395315763988, 3.000130214638052, -16.615088805169187, 3.9337687426231693, 0.40790365006484075, -7.177467718923426, -7.773734543251618, 2.261036753404717, -6.301894256874196, -4.966431530909752, 3.185419599707817, 6.895293208962972, -6.820701048293778, -6.345270221998475, 3.1104318526214323, 2.052630087530966, -3.5981325141511347, 7.300339954694045, -1.7475632511523074, -9.832921252300482, 0.3995173480590009, 0.5733839423555915, 3.364723485072655, -1.3485975637211198, 3.3032710015538704, -3.7742769875716684, -1.0657364862903393] : -1.0
[-2.4542709524035673, 5.1538513509561525, 4.6930961730225755, -0.1833724284708289, -5.982524137612691, 8.46054277522122, -3.4970719720105166, -3.4505221356434497, -9.02999437276813, -3.6735337336453897, -4.211834106926178, -8.563154354957998, 2.152760846433715, -3.955230575586701, 5.650310378643438, -0.9472165941301078, 11.300151028401746, 2.2542719306776577, -4.262336013695762, -1.0231562871381144, -5.300983853946367, 9.508516380956284, 4.99584429006717, -0.018334582683579903, 9.992238521070329, -0.9087133396150638, 4.980258339126507, -6.628618954161284, -10.660678082456451, 3.3003274434071295, 2.1502621180027326, -3.564421216277175] : -1.0
[-7.112845099312871, 1.1120827953576187, 12.121890847018731, -0.2645583815926531, 5.7542034341394945, -4.819288365918547, 1.3052110719087957, -13.580011324521024, -3.056222275792742, -3.9422846575947013, 1.3941215316147066, -7.732117660360692, -5.921075800079879, -9.639057420268145, 2.654102035741004, -7.972185604442504, 7.850535085861573, 3.2039429245155566, -2.1779025277280404, 10.926453861845726, -5.663421280842421, 0.4730685100025257, 1.5775290758264406, 4.450732582153256, 15.747842333777296, -5.767978400198539, 3.4116962352643747, 2.4185384728177897, 1.346392076642972, 3.56048977363241, 0.675254866548904, 1.5330665679938635] : -1.0
[-4.568234964839161, -0.5905701255033762, 0.9102875251848708, -0.2964707464913485, -3.497483041283141, 0.4848271027832404, 6.066321484307392, 0.6011875397924147, -2.3256126674899535, 1.741006595648075, 3.5526208705581626, -0.8224731592299459, -7.028735487941349, -5.34106961264048, 12.734032806188663, 1.4708277392735054, 6.515526954275237, -2.218688994570611, -8.54902854302856, 6.276329467498785, -8.990305375017503, -5.6545763424905, -2.709503730618243, 6.6537713101898674, -4.147384449000737, -6.725525963735505, -2.9339756098498886, 3.9874487472370537, 6.347448168484457, 5.115540580220177, -1.9654179079573308, -4.976016709261801] : -1.0
[-7.077896715137178, 13.505676391445643, -4.4889203935355555, -14.095058666021176, -10.437315989835735, 0.9204471969343144, 6.386874659403013, -34.231529892406854, 1.5147489188145626, -0.7876423718700325, -19.531169535593868, -2.7983217914832226, -3.165808916852994, -2.5426989694032747, 8.29217553568278, -19.458590034309555, -1.57797251982399, -2.8573887209981597, -2.237323307865299, 3.8395749069850487, -13.337915035345365, -2.3478106427993044, 0.3119324947985018, -9.71975757967789, -3.8116591124896524, 18.732189486918703, 3.266412024562816, -10.90940502159749, -9.823420322615044, -4.74412355943926, -10.580420681211091, -6.114648395119584] : -1.0
[9.169495839549821, -6.270585876042922, -3.008019662281386, -8.84206644485167, -1.2808509479709573, -9.269470560838773, -9.493718805157004, -17.87063490366928, -15.95986262545427, 5.011540960567116, -7.2237485297147295, 10.432538479723512, 0.45554671838518046, -13.178840800537706, -0.9326074776132163, -11.306887694457608, 8.496078832655945, 7.629036579238008, -1.2652523870257129, 16.646217494091655, 6.003412123303486, -9.619618714850157, 9.381939377953879, 4.182538787337391, 9.06365834768369, -3.248158770602833, 3.5596236199533475, 0.6553676407897138, -2.5993138349073157, 5.353547917780354, -16.42603041888142, -3.6472754844899895] : -1.0
[11.331887131490037, -6.046485016088575, 11.85353386914785, -18.59246658863518, 8.63993966314584, -9.004769135087182, -3.690752265341494, -1.780660371630617, 3.90150839582069, -17.544531535564868, -3.6497825189589723, -1.1263806654977473, -0.7412530378723274, 4.486619201610899, 9.05392317171623, -5.63498520194605, 8.289051143949395, -14.636391518019524, -15.75602242426632, 2.653134003735011, -13.709931097287491, -0.15470386432251004, 1.6327829526083566, 6.986935415827501, -0.7074658316558473, 8.94600853912036, 0.6514744405949853, 3.111995570080386, -3.392563245740892, 3.4815160897146376, 14.276567465087922, -2.175243696215752] : -1.0
[9.618640758749484, 1.3661983374393296, -11.568348767214811, 7.0109247949363365, 3.1246553262599535, -5.974485446420736, -0.9199719050746942, -9.669788048234398, 1.0493914782283897, 4.701502306569198, -15.821922979630353, -4.550026372855785, 1.244483150179072, -14.65846864769929, 10.037021938919409, -1.053114692755663, 1.3096438716539467, 4.788400467892645, -1.1908756422745217, -3.2844931398177906, -7.345891841831232, -15.13782792444956, 9.897737332815304, 0.10232875991272072, 5.849731214427355, 7.947166378698139, 25.806397336252367, 13.226142025106064, -10.622488407181168, -3.198298119032093, 1.8986570982250903, 3.1090131411774564] : -1.0
[5.539323475278284, -7.26637046336919, 9.717212764949434, -15.190587242847306, -6.048652685787936, 2.162099902044283, -10.915497571411777, -16.868559094332543, 7.064082515876058, -5.0397136203474595, 1.798821165561494, -9.184363695774305, 6.21885210117993, 4.0892473010989, -4.773052146048041, -12.723001790584181, -1.6188033683782619, -7.111184740245978, 1.95040866257064, -0.7387019312605503, -15.694768244143212, 11.756498751931677, 10.77956029712448, 0.9349863562549978, -4.150515897159521, -7.078065118168071, 2.8714417927685396, -3.9566547398601153, 9.030612596106849, 3.2018150795435707, -3.697202964276652, -12.891886030257007] : -1.0
[-1.2342410388677936, 7.388287283765345, -13.928376231998563, 1.7211800125910455, 0.8613047598052712, -8.460190220369482, 8.322042572850147, -14.117218769716436, -6.295795000746689, 15.088714880666002, 4.092511271546558, 0.16285338272778294, -14.879323971326308, 5.927213173391254, -7.798869955815893, 1.2110774003139273, -1.692211140280719, -16.540312204053375, 12.553369947826333, -0.9779043898158051, -8.103700070010866, 1.7901839759543516, 1.0637033760689705, -0.2649515175738739, 5.043124482504014, 5.184731674796044, 8.071782261571064, 0.6860062808146312, -12.669042167818906, -13.281113691151827, 3.982628516434575, 0.7504395327191764] : -1.0
[-9.740718081226685, -1.112943016775139, 11.072090563222169, -6.964843904386083, 0.10495271764919498, 6.370503841208086, 8.26178093360508, -11.10559720271862, 3.917870564524896, -1.0417362963959313, -1.8345771349616888, -0.36526788505776053, -2.1099474309568063, 10.587113814762525, -4.491308691244045, -13.029718529245851, -5.708400500095281, 4.704321806033054, 4.231763405922154, 4.046276178125871, -2.549477211242797, -4.7365101455523435, 4.55521332066726, 5.428563126740487, 14.731957797934891, 6.898418135807432, 3.0951154453275613, -6.946087902479849, 3.503261256892268, -6.431854331549032, 13.223658878755014, -6.881437463570648] : -0.4529196999289773
[10.123141609445032, -5.698878657525874, -13.751682968947822, 3.419373514825885, -7.616774304674113, -11.431476333479809, 11.184190696536815, -29.29478806455701, -3.4484120312688002, 14.032827779789896, -13.111664672763608, -16.364152888028254, -3.76571297337834, -11.36143621967751, -11.976301774653782, -0.014811916652317958, 11.568735568809814, -4.833283565904116, 5.994702066847244, 30.136050210724797, 2.945642649262279, 14.767722076597876, 3.4740431202699273, -0.7829316073818542, -2.1368383399440516, 12.093424789781142, -1.142554257266478, -4.003185029530889, -8.418653768899588, 2.0279503057021433, 12.825694294708104, 4.333892170489202] : -1.0
[-10.616973105571928, 4.170556861852636, -11.656671757914602, -5.607670297305981, 18.354933147671733, -2.6732278202962334, 28.295519115894447, -26.35122577960877, -7.42290976313535, -8.72317724288459, -6.478394884835842, -0.3226270433907408, 8.461374720650378, -11.911700772529084, 17.854934989130122, 0.4734930240431492, 13.056568545968574, 21.398099353972317, 7.6659190385206655, 3.3281602282190947, 12.646316017204528, 2.150027766260013, 0.874019316576089, 4.278581983293033, -9.934647506661962, 15.18589854042107, 9.723653739191892, -3.5563254972299627, -0.47207567989008703, 18.380996616224717, -8.612284292285237, -6.445717614874406] : -1.0
[7.228690336626726, 11.129408862923961, 0.9607889934374141, -2.3935847314566225, -14.188593599244902, -9.043731637844978, -8.171912397359145, -14.737640330029018, -11.413647522105673, -8.827845740797038, -7.733438770103808, -11.8258023238386, -0.61072320137747, -1.4117671469390491, -17.29856408411235, -2.556441822737057, 16.436635334738618, 5.014536815194535, -2.1491598088479433, -5.11392091148943, 12.503645520825012, -4.34967970991657, -0.38004488222155386, 15.007761396882835, 4.839929080421366, 11.217900825769856, 12.370327741504926, -11.92049667560104, -13.034195451261388, -14.51849401674215, 8.98625481257151, 7.20687391474] : -1.0
[-8.25317056881856, -11.562810375640806, 0.40744035625720354, 7.211548593274802, 0.21844588366893486, 16.783104090843707, 1.7566621530067832, -24.22381090427291, 6.294687627216035, -19.433411153988146, -5.197962489582269, 8.532362101581842, 3.977551689880767, -13.02353102711804, -3.571038150198918, -3.2716860061613886, 17.494703896524516, 15.648696008565569, -5.405500185952594, 7.814000067973111, -21.857633321675216, -0.02404961527496452, 3.1251158889148343, 8.833875441260362, -8.743350224260242, 1.448042789232785, 20.31427885883496, 13.559574396769094, -14.165209911123666, -10.675518764073603, 4.192698397688953, 1.066652741386646] : -1.0
[-13.335274612991196, -12.255979600709187, 12.700183622991563, -1.8856308072301253, -0.5148090963883951, 4.540963717403528, 5.634304954498904, -21.961592252165083, -4.505526511080295, 0.40301280936922, -5.367289553207032, 9.711241605521717, 6.531914998578271, -10.954498991527313, 10.72169335337599, -9.350844011946947, 12.754286645764655, 9.63040075133744, 5.639661442979925, 14.396900190040963, -12.905514077205739, 10.348625075942932, -1.8369825624979486, 1.4624494124258598, 8.9484899440118, 2.8837490294315833, 0.8155264999880325, -5.70215241982299, 6.534825919090398, -10.562382697562887, -0.7126516152445013, -8.82495560038189] : -1.0
[-3.539184319957399, 3.3513502977205354, -6.142789631052249, 9.212108256951668, -6.898348569295238, -14.33081194935879, 5.287143984651396, -12.033851255283784, -18.518797096770715, 6.441442230315605, -6.340751036400544, -0.1477229420799827, 16.614453701958404, -3.0347916537135684, 13.161513360697676, 2.6111853097769933, 7.148434270134098, 5.382587073667182, -10.689481258093476, 20.335511014498138, 10.367447219909687, -20.202471578314285, 9.8461888475827, -4.634401781472059, -12.638220533842077, 15.869085403336888, 7.268870029596613, 9.669419363018257, -8.327578646588151, -4.942971310811852, -1.2877418881832121, -8.610305101826361] : -1.0
[6.458776093391128, 8.730571507654538, -10.878374189219837, -13.169715169695026, 6.478529814959113, 6.796615101339912, -12.50689427586222, -13.798984278580509, 8.947017738149377, -1.2395130064362088, 3.5357975808095268, -12.171289790382573, -4.649403364314861, 18.928738776178786, 1.504199676015255, 6.6541144038596025, -7.373842318315982, -5.187519893936436, 3.4263794465342468, 4.1174409052508, -18.466565399102656, 14.355018371001565, 5.99890930532715, 8.749495237288027, 12.316538229489524, 0.8014506535038812, -0.3725573613756925, 0.5556332530338111, -5.91658963766508, 4.0479356988847925, -7.722749341130131, 0.8804218252515854] : -1.0
[-11.859316331475833, 14.86286824248939, -15.841325036170858, 7.084809338553633, -22.84582290608509, 11.385835026332693, -9.76744130853644, -15.276412461992054, 11.628004171013274, 1.6336874501489964, -7.295456391119936, 12.13403587313653, -2.342584094829265, -6.132800623306082, -15.650789086098744, -5.5622143470598955, -2.663713440989693, 13.093358369779454, -17.425799480907067, -9.85414329511347, -32.81480376335324, -1.5644547477423596, 12.538629830250319, 18.975252602314292, -1.6084685554511178, 5.98567708357047, 8.215597146433215, 20.866434407255568, -34.91132552465573, -15.54407805096206, 14.543994132136005, 0.8822238221529952] : -1.0
[-11.26315448055911, 28.201381890587793, 4.266200217195186, -14.95081909864762, -21.259697073703038, -1.9470257460996074, -29.846274216920545, -21.188103624840576, -23.13376712909148, -3.095713735091226, -15.17519125481714, -1.5009288958884688, 26.152867706377194, -6.34843234813442, 25.654573050507235, -28.756339148282436, -18.497648370431666, -19.667572331458718, -10.127348712328684, 1.0406637789339728, -1.8728419551236115, -4.435790823060564, -5.369492075833187, -14.308642188915773, 7.950307998719821, 5.539349386670839, 3.1796349351528215, -18.42976530005005, -16.46064918870947, -21.35499495100902, -19.518969261202464, -5.738998677241634] : -1.0
[6.105646728980052, -10.277935767375554, 4.313329123296441, -30.205549916458757, -19.095370257807208, -9.930970593536685, -17.437355247174953, -24.650505561665423, -19.8370698377295, -4.281843158335965, 5.366882930091739, 6.463942751522332, -6.005569642215983, -10.36115222045088, -19.907157129081014, 0.4995853420293077, -20.19580534527357, -3.598173982046956, 14.642296923949134, -25.787536871970122, 1.8787470012541263, -20.3843677064189, 12.623789299091374, 6.434807773795299, -0.6641322083099497, 4.412785531266579, -2.7261193400819668, -24.492930241569077, -10.335088343321758, 0.7846704520162906, 4.1333413584159615, -22.674501813238873] : -1.0
[13.62299596031532, 15.354509816696673, -6.14615119324176, -6.187399110998204, -14.111820149602014, 10.410839976862661, -8.184455147400456, -30.9391155346939, -7.5990399230996335, 11.66736591586408, -14.774338043957263, 19.684134456973453, 19.530253869980434, -21.783036836130332, -11.965365759589954, -6.579328539283837, -25.535164480705895, -5.323042039056037, -1.5736030677987232, -19.716717979937012, 6.384263316698997, -2.10533374547671, -0.5613488015894976, 6.242695009532498, -1.4189350503114815, -7.99016794143567, 18.19966320358779, 6.512398174218692, -14.163687944935251, -25.851181789228452, -2.9667334310219484, -12.492662656520896] : -1.0
[9.385641388297458, 3.2857928392149045, 16.370783532282513, -8.32739836949535, 4.530886762208365, -10.14302670258004, 14.906863976580139, -36.711505587145695, -17.386676313478006, -10.930194998819733, -1.0210196954976212, 4.112541618287152, 5.77768955237158, 15.616519142133043, 21.907263053260227, -20.134876339170702, -4.460732832118425, -17.947765517424774, 7.9853636900505816, -2.6873580667780717, -24.59735186295536, -8.713084174184086, -32.13695681837291, -0.563994628705568, -5.87698134823889, -18.866070707070058, 3.857788834847407, 16.188075768652375, 14.939226593319667, 3.2433716507964165, 0.9433181025056472, 2.3555658186695183] : -0.49938431653109466
[18.09506581378893, 26.42479949677508, 7.4614739932491, -1.8196007270365069, -11.61084384197008, 5.276708942636337, 2.183478549523243, -35.64363116269599, 2.8807909982965882, -11.848355700462584, -23.24710545644962, -2.186751236279564, 0.7237720765884088, -5.1825561529102115, 32.23799986233622, -11.32084061875969, 30.605172843391824, -32.788753855338605, 13.981179409445835, -1.9632613182237302, 0.32123034306724385, 10.756188806664532, 16.23725333006703, 1.902166035238081, -7.679523064144019, 30.20368525638193, -13.815467957166144, -26.58884726210189, -38.044426447158976, -11.431785759963388, -9.989608083164292, 25.950209277709156] : -1.0
[21.440151319416778, 24.560815111087074, -20.877159069996118, 21.27847497075161, 5.627480144899974, -22.223924381291063, 17.90572865297558, -6.793667676780643, -3.5050096778742987, -1.072144872832245, -7.912486870929923, -7.981342559701444, -4.181153979698415, -1.0860229507095673, 6.290368862017177, -4.200007808914531, 8.565704311188329, 22.652307160508915, -12.123570236800505, 26.684206948955215, -29.74819216868286, -6.63746662084311, 0.31877904752298925, 1.8825057957943552, 0.6021466844410619, 32.075435817683186, 31.49415212515622, 15.207569021872054, -28.597595953269213, 2.559485617757958, -13.62313738707871, -10.698710160373357] : -1.0
[-11.636372676068282, 7.581330054266848, 6.558941289010552, 4.659372715189699, 9.30302402795003, -7.076994482792715, 2.0190444824026845, -23.115116547116656, -15.140522810422961, -0.25910170914594965, -12.154719865852648, -0.07460101127955737, -16.77103017374506, -12.86943461134667, 15.489802657416114, -14.852689118485722, 25.41668829206515, 9.822149843738867, 12.114306655773781, 3.3730800223810107, -14.848835482481531, -6.506336603748144, 3.314204142451838, -11.297609797137534, -5.343484783325189, 33.094658948184154, -17.659175950845288, -12.82786061834017, -16.544891400951247, 25.90425453970695, 4.993687430123408, -9.283715072149448] : -1.0
[-3.7127841851020853, -8.824286207926036, 11.672627964922398, -4.464745119054841, -6.525568482059283, -28.378266982309967, 10.555635471909595, 2.9750780455638797, 7.503750522222196, 8.231021712543972, -25.88826292156003, -8.995234463859758, -0.20933830948500054, 11.98823822245516, 13.610404216812078, -4.5224559990247695, -3.6842212515266537, -3.8687695956208095, 18.53060397156586, 5.2531140558615, 9.2075099618794, 16.713063045902977, -1.354925867346826, 5.3926778973532326, 3.659491575847224, -11.377379098302166, -14.519649750639575, -3.2942819691711422, -15.661026745330773, -8.87147315160976, -23.339134190128576, -5.720416868629689] : -1.0
[-16.496905284274714, 20.537785706868025, 1.8182571866627293, 1.9221678404202862, 10.014938405441924, -28.717988875652054, -13.706720590901147, -10.086972130741845, -4.539043500911676, -7.2120691773958, -5.198481675363251, -7.287696038149714, 10.724628473189378, -28.77594638251833, 13.147151527889225, -20.591900786244906, 0.36422094106691594, 9.154383082622548, -30.994856866815937, -1.9404440823313083, -12.546486125089746, -4.925726894739525, -9.975415569621397, -0.36121707966573335, -0.010830027681892895, -9.099933891942348, 6.663131707591732, -11.142710460533229, 16.15364582881196, -1.3196182216608472, 15.730288692007045, -19.59257140471378] : -3.0
[43.75780333253078, -22.381924085233337, -5.714553300056446, -7.316471017567729, 22.732500950709493, -39.29199840290482, 1.441436210121498, -39.156906893380906, 5.783363305247949, -21.57147573914063, -25.78692291965754, -7.241660055353927, -37.81749676640167, -17.622756413979026, 3.645481983850457, -9.222358957558985, -27.63216484373495, -9.810494352890478, -5.807340623025485, 24.29189643069753, -0.9643744891670316, -1.5352466143022339, 16.397887693041394, 6.214721612376763, -6.155988767291454, -1.9795031736645416, 3.7958895603418674, -15.241737714714223, -4.248081493878855, 9.676525226994238, -6.731498399996314, 22.888870477150604] : -1.0
[-1.9841055360787236, 29.820720919413617, -16.54747967386617, 22.382261942493678, -14.687705077077368, -15.201650819699132, 12.791553937117175, -13.724014995173814, 4.6364675511062075, -1.8305759419418641, -1.927393398704222, -6.849907022332719, 15.079770597874052, -10.419962142132054, 28.688933428125782, -40.630381392902535, 6.2568036739605875, -28.004642056476065, -17.829137095697, 18.137088088159924, -36.66092216049265, 3.4569887534763546, 10.251916040367856, 0.48506390195819304, 21.231509729089353, 16.243567214003455, 8.891777558110896, -0.7608955403386068, 7.034631408943196, 6.5382927072149375, 3.3512252699040417, -7.676070690075626] : -1.0
[0.5810201258451091, -9.59058148132371, 19.468062016171544, -3.45171370070977, 19.444664431625288, -0.8611489678126252, -12.070714402129976, -7.337749991894995, 33.12173706528157, 14.986192674156426, -22.554837865151477, 17.75084265663943, 17.391695286252606, 1.3651689417662611, -0.9998722466602672, -5.637887834833013, 23.827618374973046, -6.246764529394245, -8.692850264831353, -1.4617597553650263, 8.322266291578586, -6.7104052266728935, -17.80438096909107, -17.46188152355313, -25.34093875774902, -8.958044105396064, 18.285246137190708, -4.523602951238221, -3.2209249710070225, 18.366632833547182, 14.41125271020242, -14.591181826688166] : -1.0
[-3.2865583128366906, 0.7537234842479867, 0.657585503245727, 14.030323205284922, 7.736694930983032, -11.760159260465125, 14.264832327682697, -9.847001883763918, 11.5158908976525, -33.849904107199144, -17.120933940874195, -7.196853098869222, -18.00884872757291, 20.65880624222539, -7.725291283860575, -7.837265054853397, -11.354576254487192, 7.087487977029873, 2.292241841269691, -2.271700878940149, -7.7566556297142055, 11.296327008335547, 31.97713240862253, -7.669819008972764, 25.554270601091666, 29.922606262296128, 13.482229220098901, 5.192749949246412, -20.905368348249855, -19.156102066595327, -4.92692677866937, -16.018858914925765] : -1.0
[13.047499541476117, 17.302677426356514, -5.949206006349592, 17.06806508519857, -4.7391578878473775, 17.296651954861893, -4.574973547115807, 3.8986107647895842, 18.8076485991906, -27.43127988086503, 19.161874830759036, -8.866867275576588, 13.84743442030629, -9.193446249550094, 12.498934193312593, -18.64857370796987, -8.841811225130655, 2.0490994986358997, -2.6884464791561857, -21.92843218303687, 3.39167012504625, -2.266826248659262, -15.548630984817292, -13.129207209764509, 12.04303060504991, 0.6419077302077222, -16.767759743723687, -5.553562640412532, -4.16759714961204, -11.556385969518454, 12.995381408712099, -8.56673199332188] : -0.6669780124317516
[-14.320732300063518, 33.0604221481797, -12.433363513850976, 5.832701607243726, -10.839911316803981, -27.78796216567261, -16.477843598220787, -30.353209388659632, 4.273235078264012, 13.447129758468144, -4.36266404686125, -24.047887291788506, 20.034709750765035, 4.200287698033531, 17.451226635579182, -5.535499430800829, -4.3405824239638635, -16.012410421569705, -6.382815599380775, -16.988846298527104, -10.369895822584398, -23.62447131561549, -0.39303930236516627, 6.18319305478869, -26.352534349799544, -13.279911772756172, 9.25700079579851, 17.558362136207634, -5.978326450922596, -12.817665223258615, -6.886685376469425, -9.9255513514785] : -1.0
[6.918060227605694, 20.562393221890098, -0.8213385242469902, 8.380728994228141, 12.959257321906524, -36.18617054118015, 13.355103973668426, -34.753907001731235, 23.98669048820613, 4.963656512452715, 0.23797891318683373, -13.582154703951069, 9.938534336636375, -12.144949094389382, 16.659137884905373, -51.21873395711442, -18.02457154525609, -8.496066811887298, -3.651679203965992, 0.813193707020238, -0.5071301341232779, -19.33067447074445, 13.482412533796754, 7.071651517278197, -22.909244884758795, -2.3191470787932285, 1.070108431223284, -19.93666448822532, -24.274905793097787, -6.051326605659094, 25.205785971667993, -14.428007256302774] : -1.0
[-28.81352146570599, 41.219964429871055, -12.432036083716062, 21.575692938500346, -33.98602503560343, -4.956412584259701, -27.810510406815652, -6.930995118073234, -47.83317199119013, 4.54556247293399, -18.491738576005908, -5.118127096336416, 10.56024644440147, -7.106752021896927, 20.676367101377398, -20.727992335550695, 3.0304923424906596, -5.6102620703607, -20.538087194342012, -7.022226727413375, -11.6931975246733, -8.216022532377051, 18.258926067851156, -13.330304147360238, 20.840342731402277, 3.2179713701458925, 43.69433393060066, -11.291829431112703, -19.39479633319531, 20.16338125217124, 15.319615086115299, -13.892523525222797] : -1.0
[11.85614154032358, 24.898519658019396, -4.23391799344002, 7.796489901485987, -10.241950109423422, -10.379900796163485, -18.361487296025835, 4.6193829702591, -16.680885626258835, 11.760803930126432, -9.11395147931834, 5.1381531833651914, 2.6756417861231236, -9.085841677438811, -4.011872320127788, 8.08596722285367, -19.939575720665154, 10.424769467398708, -12.768848299550363, -11.306749479537917, -50.59756666134742, 6.3395574093533265, -0.4957571224530354, 12.514514281860674, -15.012007930958118, -0.7823714236871788, -4.846075220265693, 3.1008962729515916, -11.207489418910782, -20.50907666660344, -7.846764943628171, 8.881609005201872] : -1.0
[11.650336056573213, 20.110698232607827, -2.903651565862444, 20.423376434669585, -20.61464348219988, -16.883550488090357, -6.407437650456311, 7.647262430785364, -6.605342802276508, 16.396115225042237, -19.824001183629484, -15.443024059526987, 35.890164056749676, -5.89267092678854, 35.85118009034839, 22.52339853798265, -7.883780821713092, 17.084547161766054, -35.718808196828135, -19.21777638229687, -2.6495915775511385, 7.193877949972708, -3.4731836816754003, 10.775821649257352, 7.530796489936558, 7.569087580066069, 22.263149526190276, 10.50607864494241, -21.315090081691473, -13.266656355735599, -7.484261278589037, -32.00918366354542] : -1.0
[-14.61097134264383, 56.88191009644416, 38.87144660752484, -4.816926471241657, -28.411617738970463, -9.437167743546294, -7.757794764537423, -19.818681800481826, -2.1366258187100935, 4.419746923392651, -12.722966294378057, -19.73571848972466, 1.598729341340813, -23.265313289158446, -15.066422935205178, -11.041531934576078, -38.6144355283016, -37.28419145904008, -12.312171355046578, -14.374425647661234, -39.01402524290352, -3.4647490950396023, 11.449850352488468, 4.973475548842563, 1.1540169827142084, 15.96121131181674, -32.5479209567243, 1.6312274923732168, -1.599802230599904, 2.0935547593442934, -4.948836513160864, -7.724670014398381] : -1.0
[-16.483889895403046, 35.935139379561775, -41.78328930656275, 17.49882974840631, -1.0633091748470882, -1.7225958807709256, -10.964530971084343, -22.468141892586882, -30.91609923080626, 19.993844414375978, -18.746331244959414, 2.811457506869016, -10.773204228332007, -0.41982076692139536, 10.817098163348573, -11.522679078488757, 0.9284487557302867, -5.760878515677491, -44.076088243288375, 2.102981181399434, -24.20000745424384, 6.455931848001232, 9.61418019064475, -12.35326257932266, 7.2315005313112515, -14.34921638367274, -7.717969801487536, 11.327175359456184, 17.69813778507556, -36.465486709560665, 0.9854642538958593, 12.628486453981123] : -1.0
[-19.594669215759414, 23.084738186735297, -21.40467977079716, 23.00311222201094, -8.665502149462915, -23.133545271824943, 6.7067986299640605, -17.334027953080785, -19.24459968557068, -5.0045378652753385, 25.254848451319123, 1.3341766536935933, 30.506016478004824, -2.0366233988805877, 8.670973710636332, 3.9889751274772305, 6.790059989814199, -24.535277348505666, -14.05080141315832, 18.45532951556222, -4.372978351843105, 11.380837343563474, -26.049989403412418, 4.66808497687618, -7.676764475611536, 21.418184796169694, 13.068647907370599, 17.757557020422407, 5.576519131779586, -33.74176817748264, -3.4229727424378504, 16.748452327741035] : -1.0
[-38.05948961230902, 25.277685589814958, -32.70259182051029, -4.352214896945423, -8.335871541045128, 11.896509631189156, -25.615758699316743, 4.364095577359812, -24.16413204060354, -8.925498654972603, -22.01763313746748, -1.8273188723651623, 2.7626489009544635, -44.02325834468414, 5.295258257730263, -4.502554361315587, -3.1199550428399077, 9.774461929857946, -40.61567271602006, -12.912696809959792, -21.818605717302873, -2.8815641597319823, 14.501501676916282, -7.6580197829634145, 2.896233376307237, 6.490702517967283, 28.401735024207277, -13.43392844599396, -3.650029576569392, -28.972111290350526, 17.722759471067302, -6.4704520938176] : -3.0
[6.544607998097498, 27.231981744899876, 12.17990942398421, 21.737505379709255, -26.525616671169644, 21.18550234098447, -28.950655554714743, 3.141738065826683, -8.956091546756173, -20.066363480604025, 29.76779298072456, -7.949635295853012, 38.80046578111274, -6.975609372288414, -20.136145999436234, -26.31781696055286, -19.6872608828701, -16.905224591284018, -0.017969061181490886, -38.591912427970655, -6.497697516086077, 18.752090723101155, -32.45510371334632, -19.4043938606951, -23.528282885565098, 9.806236012286607, -0.31024013345356494, 2.500044905222703, -12.210703447279052, -32.77227472861868, 15.112441746213623, 1.657671244781664] : -1.0
[-24.192913646830178, 35.78546045337721, 26.65818278286565, -13.776531452057641, -14.617097453685128, -12.575084170279371, 5.234365580949463, -19.292717112595977, 5.45703646060667, -0.9091226139189665, -1.5073513521189943, -27.101789549574164, 0.5977562390497493, 2.0938909462181208, 18.904793031800303, 1.1247784847284397, -1.6432007002298672, 13.294462422300136, -8.143678339453679, 15.08329963132847, -11.050139500421201, 1.1042066593462492, 15.723500416003043, -4.120006559832406, -1.1398870214822714, 7.117994962374259, -4.843555273817692, 5.819609753500699, -17.064694421437764, -8.789478286998078, 17.199709616549875, -17.37718558793491] : -0.7325337149880149
[24.147497729641884, 28.677310813581258, -10.575392147710025, 9.773940466149368, -0.5929805996790058, 2.3605843952633183, -4.278503935196911, -30.969713796039613, -0.8739805028522767, -18.421897758667527, -18.956479642541503, -10.851666163353153, -10.434605952600846, -12.221527639255378, -20.11067503742865, -5.769962822629239, 1.0588839774645358, -8.031328578266853, -17.730759067930713, 22.195935341634083, -13.263472013499243, 3.322520073848051, 6.423292972338094, -14.229812689325914, -31.917611749715054, -3.7240878616936106, -15.555033909179064, -5.869114098855258, 45.07714385216864, -13.729977381938578, 19.25886268120778, -5.040870050122106] : -1.0
[-1.1481274224350333, 9.713678752875062, 11.317059597685878, -10.712354382432254, 6.880407067686614, -12.346406592281767, -28.572004133271747, -31.39336819740966, -26.462681231665727, 1.7290367686732102, -15.12716846054792, -23.142630359760425, -8.105442224143284, -37.966535600963006, 8.877970970592337, -13.951468014899476, -27.580907608391353, -19.893216732845083, -42.92058913457856, -14.466139035673777, -19.487593344408015, 4.058187673130235, -25.451986922893195, 2.544385088862623, 10.770915610482348, 26.289649154803822, 24.906399544696505, 0.11386296373723948, 27.188688813885697, -15.55056279448407, 17.55249550404, 4.121838374948279] : -0.8908756429498846
[-20.10784988095642, 41.88466839890134, -14.067693428699865, 7.199991454405714, -8.719967003858018, 1.9397331873917913, -30.082005920426596, -2.297171813159377, 9.742579550978617, -4.96801014163939E-4, -10.617470894586539, -10.021746427462075, 42.73121906033867, -21.005076512521114, 38.01899799396718, 1.6753512659041423, -22.819084299370058, 16.855327071639028, -48.35307036729349, 18.532612872152022, -16.038061407142564, -10.288162230240088, 21.142032871104316, -12.077033096654972, -13.517452758560424, 5.68566011337495, 37.199404296666614, 24.512862028530357, -3.3933496943901105, -5.340776137071375, 2.2304777824051323, -18.303159028338193] : -1.0
[-18.273002936946472, 43.534842240782126, -27.119203000201132, 9.587330376753489, -6.242024419901318, -8.160001512675565, 13.114626756786294, 15.754194412041835, -12.573023174203708, 8.37150020844408, 4.3493030797224925, 1.5019313568360388, -10.814620128152816, -17.91428213839274, -1.7238140344216504, -6.42574514535028, -21.43667733737776, -1.702602900673629, -23.765032708451695, -9.455753137258899, -58.753896707306296, 22.85139655407452, -6.137890444402732, 14.186140096589995, -24.208034976888985, -17.278887955622945, 9.439858728555162, -36.961030651537286, -27.52080685157234, 11.146391937768266, 9.821326349717824, -41.69264049225946] : -1.0
[-8.341703618844333, 23.023287953044935, -30.388585891780714, 18.104509615845412, -1.8405193587274828, -23.010818735883998, -51.08374047917151, -4.682215572640389, -24.544759415532575, -3.2443566342816443, -10.673076049642706, -39.63154485816038, 7.05934635133619, 14.617682998010284, -7.284399536997544, 23.63440736120596, -10.340073288175958, 9.236066349656012, -15.563993714151994, 22.912278171880924, -8.630125221903587, 10.94821843274311, 25.602730866804208, -1.9805927754548054, 12.401259905976765, -23.983530217146512, 14.840377119201657, 5.425883054296204, -22.889551369719214, 7.209887872148245, 6.349268075665499, -22.75384383286172] : -0.6051898436112837
[-20.45380247593292, 25.022591337199835, -8.534058535629189, 38.62140119519873, -47.20770800491752, 5.422538507627122, -19.402022353199598, 0.31639970011356233, -5.076470823663818, -2.1831343638544385, -29.45154588046454, 8.528690103325763, 11.816998999756288, -22.656648593412502, 29.79716182273225, -19.151469545458188, -11.832568359877385, -38.77047653444506, -32.31103530216497, -7.896163993453901, -32.09449559887608, -6.781768860942828, -26.576429414472614, -16.048251112251375, -1.8836916994116608, -4.731624427232545, 30.876351641507597, -3.8393692205816023, -29.43441057831069, -18.456422440383783, 20.464766907842854, -2.255101878594167] : -1.0
[-27.202182070985877, 24.97132764912651, -25.384849215364405, 23.79950764773621, 10.604321335947915, -27.132256711698474, -22.71612223561471, 2.4305024487041855, 12.840239048251862, -9.84081327702843, -17.898410741794848, -1.8479669005498334, 20.320994322063104, -11.376029925853885, 5.760031683346789, 21.731493586108776, -8.935527445991067, 10.503058893373572, -18.66123927027133, 5.053181880307633, -34.46488402471802, -17.14213713580876, -3.7859501872127925, -37.023858068104076, -5.612104585808856, -1.4457203174157633, 7.610953408808443, -28.12749996499261, -17.49721551830128, 16.047932042749892, -24.92873627659018, -41.60095967603374] : -0.6550990017977628
[4.060562348794345, 21.77000687234836, 2.0442105434145716, 17.8866010473692, -22.589034971207653, -17.647299780751435, -3.7946679291678134, -11.108648117260444, -25.275798691675703, 4.647679897487838, -5.297484867486707, -31.26822384225641, 0.49028371036202145, -29.220447462419344, 19.318240486741136, 4.127632912280534, -1.4399821169316924, 10.187136789145697, -11.132609653958566, -12.411740452477657, -2.155453870750481, -30.48829573855494, 8.034067126523176, 1.7467255243359066, -9.77423266189454, -13.601565242180536, 17.602367740672904, -10.31792102059783, -29.316602165179717, -45.44408843992828, -0.9501731930817421, -13.798207997678418] : -1.0
[-10.176212421814565, 26.611479796575875, -24.24310397221359, -20.838792294349773, -2.3340590573284565, -8.745709698095828, -1.2252776556144749, -16.662093143421785, -18.72099853987463, -6.138919072606445, -27.42208594640546, -27.18298993700199, 26.58862192947585, -31.883527449864722, 22.607321989930632, -9.598090398043844, -12.43034669707007, -16.498412905820416, -6.8469891896683155, 19.507721990605717, -10.729697165139063, -14.622100655645312, 30.360663778134253, 8.257922080743256, -24.858230500989023, -8.340928237814166, 25.116858612485657, 26.566130461531756, 9.536285819571875, -6.201621633968452, -19.284446739052274, -15.655145426480754] : -1.0
[-7.156081833148217, 2.010672191044211, -10.327584576623607, -5.92553908573034, 2.3935875075359636, -16.095539682883363, -6.622112996445866, -9.991936835705701, -16.872369616724058, 6.196166702956674, -10.420601271896391, 0.036310202897261945, 29.71508241850878, 1.9951423306790979, 20.42805967869023, 15.722364419822364, -15.535663248921413, 1.4772442088983102, -14.11967102552284, -20.72965088556289, -34.48818379733702, -8.852836531789002, 4.907501527789318, 13.736988096032176, -33.06309279318181, -5.367552760611835, 1.0872886679624507, -11.122730396008937, -12.38900381654175, -10.544969896998618, 3.5533268583225475, -14.540071396976455] : -1.0
[-24.795595649760493, 30.668202446105454, -22.58125974930406, -0.8125697286566558, 2.575993288765819, -28.234228291693753, -26.340882535882642, 4.97912767882193, -13.534158111095536, 15.366894035796676, -1.668487810985269, -27.129995729586625, 7.8149372131874735, -1.827119435984681, 10.120887604904834, -17.791912105037746, -23.884641537258783, -36.450906178934254, -43.937327830980806, -11.859133237547297, -45.41322451585914, -26.673417838536338, 0.3143438213475598, 35.24272055230048, 11.604042967204187, 14.782266043678618, 10.719845485624226, 7.520751578834078, -16.900032423947753, -15.841747808660394, 15.782256573658639, -13.409743463858067] : -1.0
[-14.428470786165473, 48.66013147901586, -0.0993885492801212, -18.461095567835038, 2.486209034899268, -43.179266894088734, 14.944803166651443, 4.815607357919879, -29.45236965665015, -17.337045952367017, -3.2069289337234164, -12.263529974813952, 30.47927567328913, -35.07540663064601, 12.430392363730084, -27.545282962814817, -4.192772137429182, -15.664921520360847, -17.205562822702948, 0.3872012440501589, -25.787328853912136, -14.927597275118341, -13.00575554761276, -17.573472761680538, -4.505463028505382, -27.59214982205428, 35.78363157716748, 2.984070196852217, -47.5302031629184, -35.57241430656466, 9.841699013582305, -17.039851556811787] : -0.4899771430275657
[-3.0431990551463013, 16.34616215626235, 0.467024121209036, 45.01456092164229, -18.603779692722636, -15.416432260291186, 1.9356955807217169, -49.4646308014314, -10.898725580244724, 6.472799719110572, -31.578344230389913, -21.213541278492244, -3.247320547507533, -11.679544757435014, 3.402325135794376, -35.04412420538108, -0.8451303219787984, -13.317423954469252, -41.235931501011635, 16.62463261252786, -27.848991236053525, -28.44805332652713, 21.665661867684598, -1.9432764354433858, -6.278150867376425, 22.627607141002578, 23.315947166207774, -1.1364912860054956, -19.698801299832965, 0.9936969810338496, -24.72636998772291, 8.318384114488765] : -1.0
[5.7757362671693215, 20.181221252101246, -36.18293724651564, -2.1081535396770175, 5.529435160740837, -13.28783951350561, -6.642139106157288, -17.85185794673157, 6.333198353203679, -9.154744788524336, -33.566706962243344, -9.950821546503471, 5.9961123631323385, -33.919895292173244, 1.9640035900011714, -18.57171426452737, -2.089547598350059, 50.268549551746126, -20.73428341920188, -1.9723974856725643, -33.99258737292972, 4.617452923454431, 18.548545183651708, -23.330516131796436, 31.79964337921618, 19.57710461492757, 18.730988253346737, -16.1479930328262, -17.105450978327873, -22.035618418786804, 11.68074177550842, -32.12872957655822] : -0.7437471042979847
[-31.402942592973858, 47.21550565531295, -25.886872765306023, 11.807734197203972, -19.16123797128415, -10.363417664631513, -0.2747860234255679, -17.840671565158893, -41.89965984787484, -2.3639648212490845, 0.9237430705533214, -33.080583026652526, 34.78250027941771, 3.0173578039447193, 17.97564939036382, 0.8996270981220711, 13.829740155036454, -4.994097532978207, 0.6833383596174301, 11.682347783957042, -4.284638634318673, -10.96605397437136, 17.714105608112447, -18.724831246843586, -7.73582459925017, -10.477513524929034, 8.828210305341589, -20.239471623350035, 6.1400304183194105, -12.04964640792979, 2.0736530676203495, -38.21408043018643] : -1.0
[1.8218701437036486, 41.44759459512991, -2.1483795814246083, -10.173645285184307, -24.7481145449404, -8.000684262664556, -4.717595332482482, -16.10461828427993, 24.764094286363118, -3.7768460974122937, -62.440166293819644, 0.948768000604062, -8.558019768765012, 10.257993534289092, 26.068670659462057, -12.318376478864277, -3.377102727527654, -9.360258493323032, -31.010897359235667, -22.971429307214578, -48.078604413875006, -20.699117578530277, 7.845005728161576, -12.153157611203836, -1.6374819729432701, 11.79185102201171, 54.019513642790976, -1.4004688710691195, -3.3304812489694706, 5.3615718221021655, -22.837109547856066, 0.7912680851774656] : -1.0
[-31.188195156804213, 48.33536547564443, 9.695071877248274, -48.42660893325433, -6.346085879457622, 9.05450952307184, -3.320732724373334, 31.117622578454874, 23.201089798196723, -35.07136049938752, -4.848921669498274, -39.63989549657563, 18.616813314981094, -21.887810847499757, 24.439917316227383, -51.25359642279103, -17.722668722755934, -27.81443808049486, -36.89208011723438, 26.07217744892481, -35.42562580835111, 16.951844036891167, -35.919292136479676, 14.11016801603568, -45.86830471574963, -21.443909337128602, 29.573976816835184, 5.677858321437568, -8.290111507302202, -49.05211689812455, 23.19040618622446, -21.36309187866769] : -0.5317182540893555
[-47.774028665923986, 72.82964472184075, -34.99738239176292, -26.153279910171225, -45.94199162187858, -11.741783262688173, -19.99416003701144, 30.529366409010414, -8.452742408275492, -2.3101014833051114, -40.411106913443746, -5.936727365949332, 33.57317685645617, 37.88014992234436, -15.224290859390536, -7.002409867377963, -55.02514038349584, -15.476760756990226, -22.72123198587787, 3.964150040659903, -28.935834956680083, -5.781000214549399, -9.598222893558525, 0.23132198129541703, -22.955373753958398, 40.323671817382426, 15.309534828902471, 13.644407279970576, 5.379936117023572, -41.9145908833673, -6.4034333083182515, -19.71063553420273] : -0.7456554933027788
[-24.75876116838986, 38.67427113591961, 15.705278651335064, 70.23120431232542, -52.207570098580064, 41.20823603990999, -9.81201521305525, -8.210978904163763, -1.6292001686423214, 4.40428673453928, -51.08999716398259, 30.933491748693477, 29.30999063254201, -40.250545037676204, 2.38595233457616, 64.77949516927018, -16.675979306710317, -39.95885515517887, -45.29672765532334, -1.2888026545905535, -31.457160781684216, 12.080193503864676, 5.363936752460172, -16.714349883937334, -42.205399291123186, -0.992878271192783, -11.103999720869762, -57.734282908685316, -50.075699588364266, 29.9930436096841, 35.53091385663101, -22.325198477254315] : -1.0
[-20.7896650948786, 45.504915424127965, -22.48061791226508, 30.89478194989812, 33.60027494493757, 18.27834942758108, 24.015014626419063, 10.609937923783876, 16.371529579703203, -5.309087706903325, -38.28681882668989, -11.222570392379573, 0.15161009256430802, 20.03086385424855, 60.54813521323007, -67.68873573963896, 0.28324644332310456, 11.212062989028173, -49.50871261109836, 4.38290492810836, -34.21929427142049, -6.958405669637771, 17.452447785092847, -9.01701390424708, 12.359555239322072, -6.654491846985978, 43.177291962620316, -20.888268988709054, -11.92945471272546, -17.85265048789066, 26.55521162689891, -31.087538247997177] : -0.5361858281222257
[-29.312970600478526, 31.31511956083968, -6.3470854091185025, 43.178083617979595, -7.486685318335643, -2.6177523410730554, -8.295055389931363, 11.948531116259614, -23.804561896991466, -2.1760912030128448, -1.7367913417505125, 60.27772358871698, -25.20225848484904, -17.10949527489916, 9.640341055167156, 2.193221822861212, -30.109685507757664, 25.973704275245368, -40.361553053953884, -14.817973697771313, -23.0734325243431, 6.939041560873767, 14.826917567266719, -13.700890144095634, 36.68249087731801, -35.443594334603105, 51.23342933702317, 21.265099936301006, -66.98750036617092, -61.03943361006607, 2.0187070970297767, -28.355835646859333] : -0.49307818846269086
[-7.192172366476601, 46.52924293513696, -30.013430761368582, 28.68389302441671, -38.58881751583828, 10.615771741245247, 20.154963711803273, 17.91028821461958, -21.201186196171445, 25.059244767871416, 27.192316171155685, 2.558214464844589, 27.349631789487916, -33.94776838756824, 48.874564216899394, -33.23850301164981, -46.2742877732276, -27.697644738543378, -48.85502053266679, 3.6461381227953433, -34.2487091627397, 44.99051944770279, 7.795917038001597, -10.395489531680973, 15.423552656980076, -45.89904961233724, -6.1051465324083765, 29.492093209651557, -20.30378924265911, 10.475951293449873, 6.682540462542828, -28.048579681986965] : -1.0
[21.24308708282929, 36.83987606576662, 16.578834961784693, -26.168796356710804, -8.533374806195315, -13.610475926778552, -29.643353266870836, -3.9040354384101006, 5.633645397004443, 9.479362026380112, -26.804449028580343, -38.956762297336184, 25.666059939408644, 3.4617205483156717, 1.9825397860116745, 36.86045095202291, -27.00515432347678, 14.523416585863515, -49.4589150357194, -18.175356049005124, -8.27404454919591, -26.34021633646389, -45.66591701089644, 36.075644202104364, -9.161699573446146, 12.482914660384528, 7.068635422510166, 12.779081257649251, -28.17927660000248, 0.0581806961183613, 8.00831240387176, -34.12101766870053] : -1.0
[4.476805102478643, 26.847722985849693, -26.461101510447868, 12.128913046755573, -24.05818726667799, 9.323381638179168, 20.028135317553595, -13.13492609235607, -6.156288872593229, -11.84569120645935, 16.42523055948938, -18.433466666645984, 19.721207150977282, -42.220647867061246, 46.488555690492284, -10.163162724770784, -40.094662519925265, 29.792762861219597, -23.08691490978973, 27.291173483612436, -32.3296376314453, -20.260494736745148, -42.11891641497455, -24.985130765442317, 25.63904586471144, -18.217915401656494, 44.69596039075354, -12.255413512558318, -16.783582377471088, 1.933736168964483, 9.882997521879275, -20.54664653954542] : -0.47270727157592773
[-61.51614857290785, 11.266331341297619, -42.64453584725818, -25.550698302175814, 0.012666619733584739, 31.99942796306487, -10.541155853490798, -25.747188523666996, 3.0813737540742085, -6.878243054039512, -19.3701929453012, 9.486583283658998, 11.880329930150033, -40.58293259103847, 5.857748312687097, 13.499832522799142, -38.22897483715885, -33.54656109046457, -58.73954895946831, -19.612220361985923, -44.18361839971156, -14.449996167945349, 42.20996845264208, 25.25898832055904, -34.27058809431545, -27.63083684154256, -6.261911523797838, 37.162223203371276, -6.779051794708906, -13.132601942617697, -12.36128917416368, 2.0183416772562737] : -1.0
[-19.85488465835832, 37.452280369852566, -20.837878259173515, 11.189244731135275, -61.76731194463101, 8.857559735116805, 15.271436241851998, 37.5769264851276, 22.796204566564136, -23.63980340000103, -6.9014060206943055, -48.67704896130536, -20.25183410723072, -28.099799893722974, 51.279274528013296, 12.984620459221318, -26.652865647595846, -41.985284008300624, -18.314580596008433, -25.136769428931913, -17.971355281185602, 19.202173206246997, 27.447226746838925, 31.919662253489733, 1.2719024749855325, -50.43723055213971, -7.8499190846821385, -45.26169441242898, -45.265073613302974, -29.88854053277405, 14.292045208046144, -66.92844735257157] : -1.0
[-6.4950963857531345, 34.39178720677912, -20.576276288496594, 15.052839103540522, -35.18428209315799, -25.24782420144593, -13.040573301748742, 6.992788581584072, -37.53985306038632, -25.18909730988549, 20.197815585117247, 20.471953975063638, 36.47949177622715, 18.549998985257055, 19.6347494628821, -49.82813563084479, -21.510614498287033, -35.67143193750343, -60.565500674423134, -34.217952471700144, -4.3164654858886, 5.5786412378525725, 4.426059743214775, 27.896956854774253, -39.784822784323445, 11.907669030113707, -2.0745282161653726, -26.729786096548196, -37.76191577347343, -2.2879832097597284, -13.836958880096926, -11.372197246076587] : -1.0
[1.528662420942922, 16.561714713861743, 2.8302664886752957, -11.742343885651941, -20.016321774075518, 24.051192040169038, 50.65418312657725, -34.23626188202909, 35.36567241961296, 19.064818312287194, -19.31145783345092, -25.3965493961829, 17.27669675268059, -23.171542998474486, -16.3303375825814, -21.275147917352708, -47.209340606349954, -26.50144903921464, -19.12161675726505, -17.2212323841516, -7.327761678961501, -24.324388113944416, -43.73901051859222, 24.403657183330132, 23.24679553753755, 24.940458262221064, 28.385480456791992, -6.038423774321805, -27.236004923382247, -0.810804508851195, -1.4951665489330894, -15.763552180597332] : -1.0
[-7.843173851851775, 44.027358022441994, -45.5557845799176, 52.64142642417369, -36.733738369672544, -29.38033014856568, -26.62709196548421, 12.667792436872904, 13.44156160942467, -30.15432981913704, -20.11969428636043, -27.995918669156715, 32.71328521263584, -27.350167738832386, 29.771145995150523, 10.56190237075734, -22.38199305290019, 20.18009347198798, -30.054767293165387, -7.933334971875786, -18.838716659953974, -8.70607705612962, 15.780408899970155, -21.010493890967734, -12.266789700841612, 19.178125581420353, -20.441033279928394, -28.373129850028725, -29.36384797237742, -18.87143008021392, 5.1285853387995495, -12.676038050281264] : -1.0
[4.717447188766059, 23.946377873983046, -4.265501626226053, 5.199264765812871, -36.87246903406337, 15.062450444287805, -40.31587900197434, -3.4054931134394346, -27.274029703330186, -6.240608292633052, 20.11746250671916, -22.72528707293617, 61.19253581937347, -45.74447590742238, -32.20247609877148, 18.56488098174061, -39.84167106857642, 25.432792294412618, -49.076005388208486, 4.160095885145171, -7.662583950138377, -22.13278297036301, -5.168259209694765, 7.833742538149635, -43.214825382589204, 19.131742024167274, 34.37194696897427, 5.877281250458387, -15.195794222453616, -35.465038807535166, 9.920452584658292, -59.79683637747445] : -0.7342233657836914
[67.13456100125933, -23.16919138801812, -38.11605165308836, 41.327299875105915, -35.96334369276285, 31.706476780536764, -77.33087804308876, 17.53112973532031, -24.368241095725594, 22.64180491012579, -45.6987916385735, -9.871721057811214, 19.961089063516162, 6.690356513732617, 9.532336852218206, -44.35731627823779, 3.827810944682689, -24.608470521753055, -70.00784293476485, 37.47166398600764, -94.36573058897608, -41.8603769614285, -47.84459703209784, 27.713141394240985, -35.90062242666333, -11.426831365673758, -16.633182437308726, -58.15104180741314, 8.00527037696569, 36.45194569760951, 38.086191701080836, -110.53981790114497] : -1.0
[60.80939195633143, 28.905470885937447, 13.797799144991558, 50.0254476732155, -20.619436740784014, -13.249153570770591, 20.16923018878189, -41.66481896457758, 12.362243469232093, 40.964621134666004, -40.41297182389353, 14.222011333747318, 44.05403392250395, -27.890577136950956, -0.25757131391462806, 53.185480805856415, -21.550200238643253, -90.51956405458934, -114.44761882136235, 12.612721954030233, -106.58904477706638, 51.21299511529076, 13.229150327314281, 31.373515118616222, -29.25976697155823, 11.95170513465315, -12.122894098496921, -11.657221397479352, -47.76084387262688, -6.42670214034024, 2.1424906321916666, 25.982357270819] : -1.0
[15.187252215446708, 64.40595775778127, -4.683722100578725, 33.495962952504904, -43.62042122739378, -17.18865010979728, 31.39418055641469, -102.4169574507969, -25.690038162169117, -32.84216715306761, -0.5915364598599311, -55.32812415213965, -3.877945979883794, 35.818954926750806, 49.86877483466313, 34.36856440333197, -80.93169948304825, -30.937647473922052, -27.97122451584826, -79.32835028398499, -23.711573762910195, 87.49589592527526, -30.574079558308277, -22.089357732202235, 2.949310926103344, -66.70352147265407, -61.210936213575906, -21.872958298935846, 0.8738262713892055, 13.639659314015354, -83.21633018902138, -58.305351129093765] : -1.0
[-46.57695097901313, -4.639994416557265, -26.287125922056937, 56.919257469029446, -58.18711036304842, -23.36591203686274, -0.6859602815020582, 24.55367583551552, -8.748794145759586, -13.786421332191559, 34.47522084697631, -36.649201059579276, 51.5262009581038, -56.27664307284804, 64.4825014527856, -11.777442396686002, -19.513762615833656, -36.146221190193664, 45.528199517398164, 21.05863662265312, -23.305344954943976, -11.840614344857656, 6.0858348964964275, 1.604823225169815, -86.38594961029617, 4.001237045663075, -29.23293291183549, 14.154127342271545, -50.64531614570155, 101.33062175857911, -23.55924110697266, -35.73361859747365] : -1.0
[18.87200917005005, 9.570419741124606, 19.664865691319324, 7.857717496340424, -91.58521271228422, -5.01470083454878, 36.06896988190408, 11.35021884987847, 5.525543939587276, -25.8732200826254, 19.401032314732937, -14.937383621285043, 50.68228845460704, -13.248851526849936, -30.54511051945805, 64.6755327965002, -52.3694792277891, -8.270264709850661, -41.28189747638665, -40.31300685738471, -6.040584218846174, -12.110797223694277, 7.770642652003982, -29.65713666441336, -69.86350836680067, -46.15063706362508, 32.91550153654936, 15.319755828601268, -57.90884220653475, -45.82495666437159, -1.2268167326700468, 11.073436512144823] : -0.46946447545831854
[10.615227023959775, 86.66450695205549, 10.103463141495585, 43.5091529832259, -6.332281661257959, -5.783740867854966, 36.04151123940813, 28.237277341129623, 35.714638780254454, -23.607855388321283, -38.172853620796374, 3.6036090621651713, 39.00166976896218, -52.220971404455696, 44.34401146133622, -14.86201025712089, -24.628039040365, 12.790060333796216, -74.07754290545556, 22.58913048102108, -73.20839365171014, -36.998067149255306, -29.991284587384023, -1.7754729403891334, -58.44026499480224, -4.4729251428654475, -74.03644228264741, 29.44226510957234, -103.36162523593781, 52.999122531920904, 54.641830034837525, -32.552635068098965] : -0.48276762528852984
[4.246875731099809, -11.207187503466592, 27.87024943733664, 3.450723986326814, -19.412662937375636, -16.34481769555351, -38.87072290978767, -75.17952006738834, -1.5619941355506732, 41.00073831944054, -81.54033583912636, -48.29231589311639, -9.667431346508128, -52.6960011870717, 34.645400944149536, 39.70834044726776, -51.75753479589267, -50.87581608053859, -61.01142771598197, 24.49522400464609, 2.1019876967106086, 42.79584004972621, 43.98713657404797, 31.136789434485625, 0.47547887754762286, -11.06078710916698, -9.118733140110301, -24.11891227431696, -19.473931398525366, 40.18523959062568, -3.070107612459754, -46.79096708294466] : -1.0
[-11.324276659992556, 37.50413091930756, 62.55934216472883, 68.52024044622189, -30.00418143042466, 22.098313272722006, 42.50431745585903, -26.314472470100828, -77.14476116614982, 55.06295499707821, -37.86513303083995, -34.55233360632277, 113.24312008589315, 4.070310168849225, 81.42466358414782, 57.38874504970781, -49.05617673280921, 5.133612667472651, 4.46017252388075, 25.997620598052478, -28.76724260681816, -40.20793820940497, -18.504325527753668, 4.149514899815537, -49.366421811872904, -46.703272573931166, 30.435864933175658, -36.491973866994606, -66.59526105434053, -2.5843823626588804, -13.621297896560058, -30.58441887380549] : -1.0
[-39.05283650715633, 10.65667125148401, -6.0633017697069, 23.466428461420705, -30.522993694697465, -26.35477830503278, -1.2340752959404162, 28.92253212568223, -47.49799517176013, 28.176792503439728, 54.98063069259757, -41.3121282488296, 4.6854205371122255, -101.03855047930965, 71.36761365843763, 46.222885577854605, 3.46131567214087, -65.64403830835859, -113.38225202878917, -34.389890044757585, 45.850490832057346, 17.98300103506985, 51.999938461519726, 7.928335875336446, -1.164382711261041, -50.60381462881708, -73.39820478408119, 26.61567578305508, -68.0742889663434, -22.97983117170409, 2.6745780050735988, -56.89078625144511] : -1.0
[-54.311451825862875, -3.5508700530206383, 13.149366506009667, 48.06475987511978, -4.306551797375583, 78.8547292808984, -35.752673678211046, -54.27116714483953, -24.920899887891515, 1.199150154844573, -17.542671913639424, 16.608421460533737, 40.383781315401976, -6.033916791112034, -14.310165244708646, 16.959256692292136, -5.709183840070434, -25.844903854739016, -11.270731774133061, 43.18356240134653, -22.737227333944315, 26.44218657005212, 0.03341905395668565, -58.66782770881713, -9.253463832693201, -34.06330658404845, 28.647513529693732, -47.598461745254525, -56.650799853601185, 100.22393148154366, 26.248617317759717, -84.94372541137076] : -1.0
[6.219435495254942, 44.08326005440516, 62.71994692564529, 42.2863497537945, -38.06475757960494, -1.2548893328986779, -39.12216481913335, -39.59972244047809, 32.76337810341511, -14.375554838902861, -27.34183247184641, 17.72898888352107, 13.355727334460207, -144.34355668477116, -55.228995139136906, 19.54205231680253, -73.15525448832794, -11.682912873715123, 10.452025389347007, 9.606339834841647, -21.375396569449645, -0.9874554999779814, -13.422605854855881, -18.7243761036092, 11.650616349815973, 15.755301310586187, -15.165679412241907, -51.475333993478316, -56.587593073523834, -36.49609082962934, -53.16309506450342, -33.684574140740935] : -1.0
[15.194831652113134, 85.26650858794198, 105.32616684171313, 11.675164125118933, 25.61945215628257, 32.91111549717656, -0.41016974519931937, 12.823382782179818, -78.7547930299981, -2.0461144676389926, 13.020849987975517, -27.8182675201795, 57.326911090984936, 45.524588678845646, -30.447617375900997, 55.9927886557963, -18.88644014668352, 20.012659051486093, -21.797973224543238, 17.43819337898318, -100.44829118372316, 8.862355066512277, 30.3169104523171, -62.772148724586756, -47.51481333937633, -30.61313519788297, -35.3533826669052, 4.278417656859704, -11.49361719927283, -1.8949163187624816, 37.02225928481368, -46.755344171299846] : -0.6969520395452325
[4.247458482270261, 60.484124330814, 53.40642316666102, 46.777717423836506, 60.75465822687892, -35.059323179725034, 31.959109740582612, 38.81143509168708, -9.120076637074611, -24.833186995702075, -64.89010607574505, -18.465734577300992, -2.740894020822793, -45.29616591377736, -32.67417048554564, 29.5410304920245, -1.6087057284066262, -55.248195723321764, -51.80729685656077, 77.75505964603013, -35.111740942358026, -30.423765905629956, 50.31063584113003, -25.591952985541916, -3.3189451173743727, 6.249954543976884, 28.183837042544667, 2.563025415716174, 19.02780044301239, 72.85944603340755, -10.94321975414979, -30.86401749105927] : -1.0
[-4.7647764753137505, 41.57503399860786, 15.078996859504375, -44.09001442594893, 4.841413321002875, 15.087969090465844, 42.23565432895834, -17.27434998150652, -32.63897528837596, -16.78898746288708, 36.447987972783004, -37.337741454341106, 34.72003587470009, -59.12749175200309, 48.818952183654375, -5.5466777482573875, -68.55609428235252, 9.188291207538544, -37.351071432717646, -60.55501917471739, -2.3387191769616997, -21.555151939444837, -18.750364467876306, 37.19583614091327, -64.96205022279574, 9.180082575164501, -21.894881635923454, 30.48249521938552, -28.260519553341023, -20.30256694376078, 16.22278527191914, -42.019589901127674] : -0.6969520395452325
[78.64611693534522, -57.04982703175876, -82.09284177067893, 37.72412114866544, -70.49951663494535, -37.24617982570974, 53.833236012221604, -136.01659538814607, -27.5929879128162, -42.32899538509163, -34.87678703393065, -57.494911555239916, 52.373859341059344, -81.79311296725432, 24.62895661981218, -26.891622817328994, -24.831982709972994, -67.99428567784452, -112.09360096103858, 62.506966760185186, -12.755988488255731, -74.94819922478459, 77.5779507118041, -48.39020183728701, -88.48108161525548, -21.49352428014887, 47.217443748406104, -38.402030604570356, -20.67259582679465, 0.38529673179622037, -14.970313571458053, 18.50854940096047] : -1.0
[0.3712611877054641, -46.17226748540394, 24.47971215511559, 127.97441043393557, -73.88063709687322, -115.20742793982521, -10.783555647957225, 102.83343665681225, 50.45073667815123, 168.9759548053331, -33.72907591972996, -137.58277128989505, -46.61662151379406, 16.511066801807335, -27.152836931634784, -15.72746199129562, -57.98397115606764, -77.94677703292021, 82.7188927458806, 6.152324180917127, 45.30237468356827, -9.052267514544356, 135.0445402626235, 18.658870455586513, -74.91331903997838, -51.8559208920133, -17.558563726973954, -97.7716120481194, -119.76529631621258, 156.94406550540944, -13.482701381259272, -107.98041886965915] : -1.0
[-34.268509941097605, -5.738756461753857, 9.172994784117723, 5.009393256587487, -24.565624406110647, 45.007709386609875, 121.66181668734177, 54.2393289655423, 6.447999442143319, 88.60385248220666, -104.56869671345072, -17.512368541661527, 75.25795063700339, 45.987143047046494, -29.38680780059069, 84.1882914913038, -85.6267939521848, -34.864036957715484, -84.73155029876577, 16.362613484435926, -123.90315165769063, -97.05192108005505, -172.66688302093922, 36.903464361932805, -34.57589512474625, -89.9571796658889, 66.13545007173738, -169.0377948702547, -60.314553415283584, -39.76563444521217, 47.00674581279996, -99.79894264746072] : -0.4809911467812278
[-68.98706475032205, 82.60376472266027, -19.91873959697108, 28.86680651006288, -93.2740528132462, 7.2579782617329, 112.73001059221897, -136.27948749167152, 30.33192991017483, 55.30654621139725, 34.37301334132352, 46.148862110295475, 133.92707828335278, 22.966431460456114, 81.27018010275263, 76.18716702906718, 27.521503420764834, -16.66472675342764, -11.949021424020124, -8.443748829233867, -79.13053492533129, 74.99788417952097, -45.591722578456725, 44.81085878556971, -54.99376937812643, -104.98703670454366, -37.7961681790613, -118.8821066603976, 38.570667248825735, -70.25692396198723, -3.333882610543997, 68.69921141188433] : -1.0
[74.42160073984405, -79.24125478466073, -115.10684287213337, 22.450842436275988, -20.259775438499112, -34.063239893317146, -34.875425661173594, -79.13005679530545, -140.8324900956842, -91.91395380933542, -84.00157872766002, 43.639310171526404, 58.37335108899107, -27.72845101520367, -14.821403140759866, 30.31153238223385, -135.31979711450245, 86.92455540398271, -40.12200343967168, -25.407197834744345, -181.45853124565872, -46.17943370936085, 15.666210786146518, -22.888830851796254, -61.00406600851387, -131.0260763964707, -1.9158403679354628, -1.1485764070897808, 2.6903855646349335, 25.44430994221525, 76.25275160153231, -69.3321393851768] : -1.0
[-30.16552139124888, 116.22912113063353, 94.80555878178382, 46.021879053353565, -160.22697436020437, 23.679355748067586, -49.11391983341385, -17.105416220500608, -40.99875119347754, 134.90652004071208, -22.087790098342598, 60.77033652392921, 105.921728942225, 24.738603089205597, 3.958698431745894, -61.548485416827496, -55.42273513554289, 29.237173119130574, -158.64487397683166, 63.83501963373554, -138.07005300191187, 38.86948657045782, -77.32790446508567, 124.18212274942559, 90.61488728530767, -26.72388288831339, 18.40416305690502, -15.190802767863165, 14.462901470105393, 24.68829242760884, 31.611025591428806, -190.3735287438807] : -1.0
[99.51887599724702, -97.55713638242071, -107.07944189959495, 13.653324197363656, 49.147267777362345, 56.87989897652417, 32.8973647306089, -30.324213209693333, -38.84154250390834, 18.58139770860357, -64.50575369554366, -137.39247259402677, -9.289243315374662, -7.917562040298468, 164.02260065589311, -105.68270404126199, 33.03136672305446, -10.44977517440006, -73.87003070677764, 41.779591585383415, -48.78069384219009, -11.525916386973195, 0.6346499331825743, -44.214989048439605, 35.32261496335616, -10.816345084628313, -64.29318573073004, -87.27544206493714, -29.854929026575444, -15.208318051353015, 28.413644429701094, -132.4853661457121] : -1.0
[50.0304832097801, 63.50333131164315, -2.0435700709950577, -20.810673528610373, 2.0947712433056793, -61.988441262410305, -82.0115889486294, 56.61982468901773, -12.31125356472054, 101.79704713669766, -73.86424547838895, -5.183627229087772, -22.1769973636221, 69.58384787998105, -73.68038001839669, 136.75991070335942, 7.772240090744273, -48.07045951810285, -49.604044897445284, 14.257841079994009, -100.74629084891319, -107.52324734890004, -37.01758273317034, -13.80159954169672, -50.71045990425095, -56.31385908768229, -128.60078363814287, 130.76424496574288, -61.074143218990095, 97.19986476383738, 0.6381711707950384, -4.9416887658057504] : -0.4921181418678977
[-3.4489034915945993, 10.705159699811627, -121.69702369634999, -25.83339330429135, -56.04341317419943, 94.7697182107708, -57.570996378526075, 49.57331917406498, -140.41122271716264, 90.30426900017346, -219.1813297439544, 39.01071240316493, 107.12431619065771, -82.98610323194958, -20.520195805916405, 60.52914223619132, -20.866992604685528, -20.29730338240873, -80.3636987812292, 33.75853457641893, -159.92212948044502, 87.38446220857945, 91.65377657874065, 44.37240651136224, -102.20093758364787, -7.618941594459772, -84.8277100990283, -7.080948685358308, 15.807897110486707, 40.44990147593499, 35.29857451091185, -14.07524097432237] : -1.0
[-13.550536487145997, 88.36323161264204, -113.7552854893407, 99.8051269918027, -11.888096709568455, -48.25214773939679, -8.854628334829723, 0.11816578387138676, -28.800743577248944, -16.695060842314728, 5.358197458463778, -80.45299696208045, -84.60423546423081, -76.7847222480765, 26.865294329979402, -26.418293431017794, 34.07239703958736, -86.57696362154365, -181.57890994608078, -80.45162390644228, 23.933658117231452, 127.70367195799048, 22.103090994031508, -60.94998473162731, -79.36763398895539, 37.303486617046254, 180.32933936599505, -50.70595571370072, 147.81039186973732, 86.05547781477898, -38.65217154802707, -121.52900626702657] : -1.0
[-23.375962042814713, -25.643779256883356, 5.464966929131222, 76.89538467969516, -2.8710514634741457, -7.362896903430876, -43.107488643347196, -68.61297841415653, -9.929434402795625, 58.0611312729892, -35.05081419714661, -7.8861231040251205, 25.538091091588832, 77.65521427353924, -19.927556563255617, 54.603089563943776, -36.59931164628916, -123.02707309097036, -61.115931333942754, -38.42949119284372, -61.36604551688552, 113.93468771223566, 63.666950928869596, 26.871911750077714, -39.93956380031034, -53.96476333757438, 41.88930445429849, -139.9070833686049, -74.37635580783729, 69.54134544730478, 57.43023341981139, -94.83123797108189] : -1.0
[87.80808942391346, 38.780278133966775, 48.86170283619279, 13.442007197960223, -14.108063257077777, 2.3200351028008086, -43.860178563543826, -81.65396005563073, 46.957189137707765, 45.122522713565814, 13.465927992069695, -64.49639264957693, -18.33005334801068, -0.07859635147634236, -7.197338768103368, 31.088759526260834, -10.490766520447137, -35.24630975847552, -153.52898624124455, -10.695425107438899, -88.25155650860593, -13.214030598016913, -52.561739513033075, 125.85023207689704, 20.248480620554666, -110.18072671801924, 7.741540927121228, -55.85121200618248, 104.63082889485415, -20.815389606335007, -38.7817222037211, 4.94369246282109] : -1.0
[101.19731326901181, 76.5149436916832, -93.36534096792074, 134.84567001127516, -97.06209438321605, 83.84546413525426, -65.39768332613934, -116.94808486481092, -116.62252808700696, 89.95679571248266, -63.518220445557375, -28.109424505911335, 15.945861158534532, -8.487053512249673, -16.111073712704627, -43.133134293441984, -43.149287950037234, -70.66564497021832, -146.8786425492516, 81.86955302473666, -138.45589624963247, 144.32580163754884, -24.922274927353584, 28.161859633444173, 4.294290154423962, 12.967642522872103, 9.820660505723872, -49.580888096073195, -54.96541273952492, -3.517624046090127, -22.42761125499667, 17.695803025338172] : -1.0
[-64.39208675561503, -27.5604384332037, -5.1238243808184185, 67.22220544080196, -91.0661900688595, -54.16458265363555, 21.804518535133933, -3.021720057335493, -34.71268902758902, -113.34816033900398, 62.63274073777073, -54.24540947066035, 124.8730191250105, 72.52102441858338, 71.38747124145198, 16.036647387609115, 35.60502317978103, -115.36465835247392, -67.13090931507408, 3.7583997893299386, -159.9831322973975, 32.37424101328085, -37.425014639637006, -4.7154365512479295, -120.13891520096408, -105.05862572451163, -174.66258633792813, 55.313025723240344, 11.549520290366925, 34.23335813048844, 112.84645656909915, -149.51765819476552] : -1.0
[67.00420947955635, -17.00021391195317, 64.78697429413555, 151.64579881030193, -11.965508584812284, 59.82286755580412, 120.46411912556252, 16.463163752746965, -143.24117498889734, 43.086916179378804, -39.78315199667139, -32.03146171630655, 28.09761740862976, 52.949072981486225, -67.61054140413657, -223.40255996106507, -56.61230865113768, -4.857736744866251, 9.63331973809057, -20.355757497970725, -107.90445441051928, -13.1890976132969, 2.6784869753532163, 185.22837546259657, -27.950982176932317, -150.62627616056815, -167.3712199612482, -102.1147931867382, -104.6477853033109, 3.4455355292881507, 48.76508548209548, 21.41221125573761] : -1.0
[-98.68662980447053, -45.24627397206821, -72.31745153438143, 56.19005465792126, -113.14757469732957, -120.47273913832437, 313.7261709668043, -158.72483675940435, 12.352981595523914, -68.70692232598591, -52.11759777488044, 0.07165320411491649, 66.41101326091704, -137.71590230429882, -89.14978049101941, -120.32561677275446, 93.1088348737101, 29.64548310067613, 149.1892717027219, -99.12849567324751, 3.5261210819372906, 89.67551806775319, 135.4626303481828, -100.03832791950992, -151.7541193645319, -193.6267550775466, -45.127845581891485, -102.27648476380588, 85.45028599158333, 126.42887926149844, 59.66380478844217, -92.52505389649743] : -1.0
[176.1367337831585, -3.345346704287863, -69.21120000424939, 68.45234166800411, -79.55726413785635, 49.88832766265004, -65.92434123659719, -230.986134764972, 84.00310317074742, 113.33535785119278, 54.58824995904954, 88.83735810716638, 17.938478838424857, 61.8518676629472, 48.36422084926632, 204.2343118703327, 84.44703482375266, 31.79300366825941, -26.403466614334828, 99.2330370370198, -55.03288995262785, -9.11220405635321, 146.07748460099754, 236.76939701334706, -65.24195734829026, 60.77461984881779, 87.04328944816939, -46.836097462433465, -108.13619656257907, 134.63864968891414, 5.601839513396648, -45.54292109826642] : -1.0
[-142.60160467795188, 52.40801949869611, 120.79668103287744, -121.09271993840812, -161.71653271289938, 88.86160469308767, 62.700922361662705, -71.13646255527378, -34.20804837821639, 97.06303611239747, -45.04982293461187, -63.20183538029733, 12.464993714577233, 34.70153693351942, 48.32710485572989, -70.82861227023363, -36.433853071313905, 69.38700414500252, -27.693292052692794, -68.84845213939649, -75.0723093767981, 21.709425576394054, 62.65184445939, -144.45135608416547, -76.87905091173218, 6.830170165217879, 11.991681675618409, 260.7372945111641, -70.18678182889133, 43.70489885065605, 13.442328910279869, 51.785770824420375] : -1.0
[-151.48910029540588, 100.18549325565411, 34.06993754749251, 123.8185937663153, 24.05123434108711, 4.798019141610077, -55.12123914631499, 162.53082354337477, -24.759657530662867, -81.88619587689561, -20.877914694464224, -40.53184798298548, -235.61575298340227, 103.29722509117362, -234.72849317933887, 8.414742571526446, -97.01939842079418, -123.93775924189603, 74.60855759260221, -77.80054161082887, -39.425663038187594, 80.28913169992933, 54.940293749136856, 24.362425746287784, 143.0845665979823, -29.75247609721918, -69.51792838892786, 192.48550265794796, -115.92821292596709, 68.85788852197024, -66.52148839124281, -11.413815568181551] : -1.0
[-108.91685518867952, -61.85629940720335, 26.67682265419952, 143.19411678728338, 21.159113347979968, -159.9488899743666, 67.82402203493338, 59.34320997839055, -58.4931489166145, 17.653092635651316, 104.05955186487586, -114.24324252959612, 64.29116285184766, 92.5967738568681, 14.911881265676875, 171.51456483584585, 98.94587093602081, 103.19085977454816, 79.44306798518878, -161.66142394821603, 146.15891204957435, -26.98678920580521, -20.725533779402127, -63.45735718573838, 34.75981907119881, 66.23311031064878, -165.0021432393645, -22.586578300455002, -88.72690964377779, 74.2452026118134, -88.20018480872699, -43.863958081021266] : -1.0
[36.66959397152394, 107.65740135354449, 0.9580552331233037, 197.32186762444857, 34.482693282302336, -147.224544671403, 119.24402255736472, -34.50260599398697, 88.91163551476075, 203.3736836230089, 268.26132626637036, -61.913809312125956, 132.14245617353671, 45.50934263331473, 43.77567008820381, -17.484670389468537, -142.17843288002794, 0.37852238680164874, 19.455354144710242, 6.251648369648066, -139.10246551034146, 53.7312487410555, -160.12612685124125, 123.7364681041406, -48.49621331196451, -28.927204828247692, -228.2786965798028, -162.65330795427616, 86.36315105914456, -176.9116798760797, -6.586408000787151, -174.2608527499132] : -1.0
[72.21156153124527, -97.9124580238562, -98.17577997228736, -116.82403682320128, -44.28920790112575, -105.23243781845576, -39.957426340916, -60.196303646601365, 139.1729706947655, 21.46511536000581, -151.28994570628356, 126.23653771863565, 60.931958289845994, -2.849077729899779, 32.88663508396841, -132.94173785068654, -183.54606879078113, 89.77864708613558, -156.88305643530487, 77.32684621089835, -74.53012273797509, -72.28391902754231, -2.116029784839455, -33.75423837512685, -56.64819400687138, -16.258347519719294, 0.26796752862159146, -108.85764858503924, -287.10569609400244, -97.88773762128481, 20.13173476687384, 19.0727966124944] : -0.7178622159090909
[-111.60979010230999, -79.32783183118542, 129.26681263506052, 21.439585521567913, -157.41989652147413, -117.64358471999263, -90.04747200661805, -37.2421259103279, -93.58672120316211, -76.56243254834288, -182.48512886775916, 121.67790931991036, 110.8570428206778, 63.28610902679435, -161.6441138240551, -280.45421588609037, 12.756526751975208, 63.75435640167249, 11.220767622449138, 84.16884901331564, -43.62510899491845, -138.63151286185968, -54.23452675242923, 25.14880838759982, -182.71747847440994, -134.8356086524119, -93.07785424672196, -208.0306674921025, 149.46827705639868, -112.3893943517632, -262.2303228614495, -55.21444364689974] : -1.0
[76.8903588325942, -99.57639611179215, -203.29790847267236, -211.8393558810743, -205.38772699321237, -121.52169080015939, 66.81052029872845, -114.72168507412512, -83.07246176301899, -74.38930408270423, 92.66627245369597, -15.38713735986224, 40.53245844842347, 59.109129766884294, 83.36288282692288, -86.12464304783775, 76.0589356720705, -23.236946107474363, 145.31671881103387, 160.4604327366671, -3.3132203084665193, -103.71416129074643, 101.99362712130636, 127.54514962247119, 25.18273404862557, 70.99365313635694, 27.019646708730843, -53.1008403200143, 150.05643148768294, 207.52098715258683, 30.88415755562299, -133.47679827202325] : -1.0
[116.67368256572547, -83.06770730831389, -50.43074900676962, 51.62310745806732, -211.29355468386, -133.26257549520375, -33.803575877624006, -77.03570990144016, -127.90166204312814, -32.60901213286716, -187.66152829264686, 100.93905661988018, 173.14629846123125, -89.86063791938824, 28.09151665599077, -80.53600343705871, -26.04467319046949, 67.42141679502544, -106.50118615973972, 77.63837844579439, -25.434414253279904, -39.77149696244146, 24.224580532324104, -73.17629419886012, 84.89213841215059, -43.929494482767765, 37.111017951618116, 55.01372908645306, -43.82278906253557, 193.91901942721614, 139.994375770661, -60.237050796966415] : -1.0
[-140.4472453778794, 50.39070844327501, -64.79053820349041, 182.8873753642383, 50.9612155327078, 120.86360335603813, 69.01878227194061, -78.78064673661075, -10.855185832963347, -67.77679343077162, -164.89046530172993, -21.02912106297282, 169.81448641062713, -1.3841720801442463, 38.02523614471458, 106.21688400269859, -16.358755709615114, -75.01214517321387, -153.19596595364416, -26.046885570708728, -139.81613414568403, 91.70100532452415, 79.60396129984304, 79.89666117694311, -112.59568576577551, 91.12761785903736, 134.95800082659943, -43.579909358067404, -109.77982033421446, 30.58095339481186, -2.0147689689240265, 38.31162607943842] : -1.0
[154.06545532485075, -19.657245768109355, 84.9378193278458, 168.25227437355917, -147.9213334341834, -79.22391247261112, 335.35052113369744, 74.55411713512403, 142.8777660376399, 43.328857368058166, -1.0207682159518399, -124.57462325013555, -58.68374150265636, -140.70707005113172, 7.120916324289711, -147.86828572550414, -5.2626650535812765, -64.26831152781799, -13.376919643098475, -39.77551382575294, 40.17239426984748, -103.15733141509509, -59.87441723775497, -8.014620368528604, -137.49486758083657, -18.96038162059378, -79.04588325028598, -76.31654714159544, -14.937717878485008, -74.95883348961111, -31.326118738236268, 36.551060164019226] : -1.0
[18.17407792718266, 103.09660887644651, 56.16044241446752, -36.04434783469498, 40.22113256048647, 43.12494301204126, 131.9510290545715, -94.01713627424938, 55.40965982963459, 65.88862541681357, -100.59718214906852, -114.22186312945782, -15.793465410650846, -41.63349557038087, 109.30779490389389, 13.408189770970527, -94.83906234382654, -4.438217665944894, -126.0723750567642, 25.362362353046592, -53.482519283885914, -22.31934572699805, 126.46164223490287, -70.70620596824092, -137.67413299002158, -13.520598779503992, 172.41697065216826, -67.12352380821517, 109.06551373961976, -52.14041574904756, 2.4874193946717265, -14.985909580636214] : -0.5515541596846147
[-113.5724219645484, 134.20501745967414, 113.89474213267746, 41.281813399565415, 370.38509707877733, 118.08993027075614, 143.3722081031828, -408.182271210546, 26.52688630681559, -39.887917365905004, -110.48929431585944, 130.64961288685654, -162.74086504878696, -47.94843971871937, -19.56233796763475, -95.71725994975603, -0.05899837171254063, -26.13013116324573, -199.7286496165516, -166.45928542669105, 14.87282744960389, -92.82689809981414, 328.5970885722421, -13.731540429055869, -292.92196309013246, -179.74409530588565, 43.91145044230247, -63.97216638708556, 30.872631341660572, -115.6722739945255, -114.13077950754162, -147.59828338100095] : -1.0
[60.168996078362376, -202.95145729448348, 59.984791037187115, -33.54203582516989, -95.78722348859344, -49.48635421221333, 150.55830915995602, -55.172179631110716, -224.2306861280527, 89.16151639639894, 267.439537114816, -199.30768821401972, 174.80233751010934, 33.066107367521454, -14.298290427780252, -163.97687264988835, 227.45627549504755, 25.27219129744828, -90.00083165625685, 56.11539265043772, -52.045261169259206, 11.252678997205848, 182.86013403737877, 20.36147893135903, 106.05042003451192, 128.23102002582937, -321.4595030157414, 112.60668051019377, -68.7240766430177, -135.03095565319785, -148.47645770841234, 123.9162471739516] : -1.0
[-260.6702628814181, 202.16127207866938, -90.42800948262534, 105.27006745911677, -182.21908255053154, -244.4535711810425, 303.2754139229746, 166.36039903968748, 129.19401945367827, -121.09096170074886, -214.68896580042357, -39.75413318296771, -23.436458824812803, 22.54787504869462, 24.607226269126514, -48.06582788486601, 12.005632010994926, -191.65614784750102, 335.01378518625967, -184.86449675412362, 290.3195108773881, -46.1323801121115, 140.59790500040137, 155.88833461970958, -340.7127278136107, -21.958748060095793, -3.466035414718391, -102.3398049211352, -112.3338380047236, -9.570130917683429, -87.90268615552802, -68.61108750249771] : -1.0
[-97.35872306919686, 250.60235148496798, 124.5201652655485, 321.5493481118001, 71.62381497491641, 100.9632861142622, 5.741337792082177, 111.08850410672164, 104.63282472553533, 39.32477003263651, 89.02185835234592, 236.039840248948, 96.68623584302782, 200.35585664442806, -138.48773832928214, 186.67941471950843, -313.1168683580549, -118.06520252397884, -84.60913804512512, -127.87874672852973, -211.357852102526, 84.6573915794751, -284.9790972927046, 28.79618701872195, 92.42989329244801, -61.80010374133417, -15.747004493093712, 134.96383873305984, -11.594272760429497, 79.50109983105813, 65.18887985528994, -65.79106106565689] : -1.0
[115.25984804894797, 87.1461019520407, -32.44556911124973, 83.06584771191513, -303.9481538287885, 29.097123910538873, -77.5861630629503, 5.0143344658313325, -166.2461910755053, 79.44707703393951, -140.6777606389887, 197.47949425920413, 219.1308707233804, 104.0177665889047, 71.32950761317353, -223.57461378789728, 73.4217023209579, -104.57607218261697, 37.73905731890131, 53.99547801613455, -39.25799404899821, 64.40685680319307, 123.94431445237815, 55.97519648581394, -120.34704114619652, -114.97645745567243, 26.644799946454043, 152.06235414914764, -36.24104976922127, 186.9297811678148, 96.66710921373739, -182.71841756478977] : -1.0
[134.09251921175365, -170.85024180116466, 42.300368088323076, 170.52999213733554, -222.24298406892717, 44.95074669664419, 208.53757397528892, -344.98011081503955, 288.7906806336353, 116.03620179455208, -294.0299719715445, -119.99734987446365, 310.3624966788972, 71.88382477396237, -94.91584752098998, -284.94552979741127, -3.61462219919796, 59.20081197029583, -8.770045733314262, 1.0671197404596455, -337.27341011543547, 253.40276866862612, 77.20136377501856, -67.38174357446448, -73.04353502251752, -346.9433030909072, 4.387205829945984, -232.49702246911403, -204.26990524580177, -110.38135424579887, -3.134214931115757, 0.07297219228054885] : -1.0
[-49.15640633051979, -118.08653806418238, -268.73391824044097, 335.00053037701133, 18.895503388008805, 162.90370261167138, 325.9606489112309, -383.649591138186, -184.4699904305081, 41.740578803822096, 42.385521606830125, 231.40043714044117, -182.18329826766424, 76.71828690759955, -39.46674994621369, -80.27620604896471, 52.42001609663184, 39.65115632236158, -340.9052814392669, 17.620879221417347, -379.2479191945662, 145.12081151069077, -58.363864574347915, -70.21456959426001, 27.86568204277379, 117.89366219934274, -287.8419209461505, -168.23796167062167, 166.43967674228014, 44.128827400627785, 15.705444043652363, -27.641366532096374] : -1.0
[43.309957523312434, 110.40520574256277, -85.41715023986487, -28.1191925039914, 22.686834498024695, 52.10438700006741, 72.24304572604908, 27.359475528421704, -186.17285552780424, 200.15243653973272, 71.03849563944569, 231.62592055560984, 71.0871311081568, 51.9407321405986, 246.85570665666864, 0.7480095130689932, -75.45509790014272, 117.68594365184016, -176.71404370473095, 53.74232259381359, -238.98234857246086, -151.78497106719936, -7.826238383908176, 34.21193307102335, -176.56929311560265, -200.4643740262276, -92.32160653907904, -131.88472643651042, -104.76515290240917, -81.12439041264618, -171.9621406898528, -41.382166949973566] : -0.7106969139792703
[215.35189173693553, -177.23546966704538, -365.3838579787336, 28.045497908029077, -12.640194573159697, -245.8970709027863, 173.92482679485056, -13.355997096676951, 73.09101899237086, 91.39160110509229, -154.7164156798925, 130.9199545947901, 91.56015551895234, -38.941905288934294, 42.21453822427469, -3.6073404218816023, 64.09828162595069, -66.68574936796017, -21.95316978229547, 15.923434863804545, 140.27291606574647, 105.22034453302766, 352.3016737202971, 22.396332545663718, 41.3384555306451, 305.38248205390335, -10.981803053035087, -36.181535354327366, -131.32540816847245, 54.4359396446076, -238.33298164387628, -176.87088301045958] : -1.0
[-68.87063718369434, -29.877295051876075, -102.53347262838398, 330.53577151007954, -14.953310244803092, -221.09117719554277, 91.78010713347668, 40.23030411918429, 10.523612116736182, -45.62768557651558, -233.80539798697555, -14.250979029094925, 112.19983401434735, -87.64459244455215, -61.54376846652379, -180.6605291889628, -83.79283293423826, 264.6623641284087, -121.14251911501518, -251.10313351327076, -76.85457671676087, 159.7893556645933, 81.1420821933159, -45.974958313099776, -296.947488698488, 7.822691825739568, -4.086741392380617, -34.10709228581036, -83.67109906074916, 314.17735500838967, 190.66878447849666, -84.74765217602626] : -1.0
[39.842760075308796, -126.00120984224263, 120.8526758070789, -110.06124563781661, 150.56435967991786, 220.26925272769785, 266.33521835855777, 20.70179390858349, -239.32678655194383, 198.64113190279627, 39.02259734058731, 50.42508776048167, -45.62501908769292, 224.24160163055112, -103.52260096698598, 239.48924642250563, -278.50026251318866, -286.12747053615044, 36.6087334545574, -160.9451171051502, -4.754689074069738, -42.86322974465093, 152.46786365128298, 264.7491092873303, 109.5686838162593, 158.94380697971056, 20.53347689866432, 77.78730390757701, -135.85563197348046, -263.57312116833657, -93.12058803851967, 83.05226215673792] : -1.0
[203.01168599202498, 124.81787528039061, -145.0465820079126, 99.45796356508578, -88.89392030531923, 13.230792795502033, 40.71824530060526, -302.4720445096011, -156.4631015011066, 184.81457176869014, 60.19986251398858, 141.85198178071272, -126.09419689425542, 84.11103005269665, 137.36881690406705, 7.121997058017229, 51.72319641689185, -63.463703068336876, -12.474601215277964, 44.10378285792026, -116.69017342128554, -33.538112903855364, 132.57485892364787, 228.44704600521132, -210.17784261205796, 126.3125002139688, -297.4387817766478, -62.79191641807442, 71.37482188551422, 365.03533221325483, 158.07273843647278, -59.59840491712769] : -1.0
[33.74285556011322, -150.36988533435044, -101.20179639727634, 316.7471193823024, 21.086624187700764, -91.04101607086236, 159.46005176442054, -87.42231976155365, 203.9922642678209, -71.07989333230498, -53.59293024629355, -57.71935223894937, -210.79314137309265, 293.7090472124015, -68.41558839997089, -182.01649024419183, -114.95313128028906, -40.07075414074982, 93.90928694097892, -323.9177396049657, -31.307337987593623, 362.92397312738655, 19.30938373219695, 109.72619030266495, -36.67802391734348, -30.798356722113027, 0.009224604296235839, -168.6414940744996, 183.11340335890586, 1.0794501070385962, -30.48498939100822, 154.93866054743864] : -1.0
[-158.79145144564728, -6.325274092592924, -259.92554538140575, 45.59920451191705, -85.191096341375, -79.38719191074253, 408.6510847201547, -47.36452570345496, 77.18553602542605, 331.9946055236677, 12.180650679043943, -131.44285241802416, 54.73503840600078, 12.077378915690986, -211.85308195549322, 24.342541649985435, -74.92149846837472, -22.669486883472267, -209.4485904005733, -272.6981344051188, 10.296137216368471, -6.707351940455659, 165.4540092084365, -114.66696593711029, -147.7826131716101, -321.0506023561442, 83.24035619584028, -15.822288157085122, 29.35957402005645, 52.47823113997451, 28.21780960095949, -327.98723641845436] : -1.0
[292.0064938476712, 466.2748255037781, 26.576588367902023, 48.87569301523377, -15.29660078601708, 263.9943976918628, 406.1157024074605, -109.94893892389692, -89.62368830277521, 439.4826172119807, -182.27358235859356, 30.333715123142113, -70.50764977800793, -500.50061129857994, -153.0843581844621, 63.81053155160717, -123.01318465834785, 270.35906246307957, -71.93433868064497, 362.26005706084834, -105.03921169124052, 56.80809484704326, 502.6324719236148, 38.632354796729985, -159.43359388268894, 88.44082695108777, -141.5066716251772, -216.60652688444378, 144.6530208817993, -36.28587604584507, -231.4684352592477, 428.2217817956139] : -1.0
[-282.7722374472611, -157.39090832166335, -144.97830749880322, 35.337628343355746, -143.08520508848324, -301.42660447701417, 190.15281607762722, -265.85862197039864, -45.976026909792864, -259.48422794993496, 163.79497987414396, -69.35035394934074, -198.82684637249076, 606.901888044873, -98.95217265082803, -350.1471658634521, -383.2260427652824, -47.2202027861589, 470.04239966622623, 27.282660107502892, 67.67277237273507, -210.40973499929015, 181.45653884059354, 74.2849149173357, 575.8089894755703, -377.87697958403146, -153.96146831366264, -87.03261638986473, -53.56001268708856, -450.8243647944625, -170.33473928687343, -100.45852843077805] : -0.49181773445822974
[-246.71153074102156, 146.35738814758074, 113.1479909645834, -174.67132489022651, 70.25133002399093, 51.016481309564575, -248.61769363880865, 114.77231260943759, -27.68896052328929, -115.73740442744557, -499.60991781115854, 286.84597133962575, 206.8462353192988, -42.00768309682552, 88.77842900201446, -491.2392092287972, -338.9546344081176, -375.61158130356847, -68.84255108144356, -31.044479678335577, -9.319240906866339, -43.37924545307263, 3.8578588711301904, 62.6221206430804, -297.34984135313334, 11.79054101822102, -132.2409067858929, -379.6889366655547, 100.41922245754009, 67.790329270997, -30.453573913066755, -191.16424397151874] : -1.0
[-345.9574187547547, -5.103540963796547, 14.937530297878745, -214.5934617533323, 272.14599787424595, -100.88062570902741, 422.72472722158807, 37.88006860253836, 91.90614562589504, -95.74371224389596, 147.6650160769077, -41.59242855720217, -387.2442542834036, 220.40261539529013, 307.4085737785495, -349.93217721714984, -42.840131552697585, -267.4431118259183, -231.10810827770257, -163.76553656771296, 225.50291170663405, -354.79432301338994, 457.11628797170215, 297.90226346622546, -35.13180319109735, -490.2682818807858, -145.08682881803765, 110.29203448784666, 46.04482576084298, -611.8001099418188, 71.89507301653607, -291.14981419758556] : -0.4989446726712314
[-364.142529381498, 175.84178301573291, -21.95868103544869, 14.916724662706827, 534.6446956373348, 16.527657511274217, 233.8287064436762, -461.39031937814485, -128.90676798825888, 70.26175788423132, 278.34514614965593, -85.81618730791264, -182.39969625179822, -46.80412423468161, -83.95598002176303, -383.1249050403577, -46.997796548816396, -63.482064301532084, -250.10062583627777, -13.499601778517672, -145.32896536141106, 27.338238383874206, 119.76188457426427, -268.0654116121196, -64.29104112203237, -25.885816695537137, -69.01412257301772, 94.621261626123, 397.2921276439383, 295.93968538225414, -190.1443320511027, -419.74137280169987] : -1.0
[-368.04100686083274, -29.98263471979991, -86.10988179099351, 302.14221808846014, 404.3634569860353, 48.410133498026276, -77.07914532599548, -172.00252734516897, -88.68616209597484, -385.63484481881596, 324.5599425548249, 143.2919351417329, -249.0095259707544, -53.08752647032715, 70.70112543346684, -364.27192311244767, 235.10774498743967, 191.4559974874822, 16.27132829752606, -29.836067222809575, 64.18704801382327, -196.85031227639513, 259.6730754007044, -75.28763387431047, -441.20016881875335, 246.22507071346865, -204.01643629879646, 6.5500907953360885, -439.46940808656166, 3.192097293393239, 51.52611452362275, -68.44085148337487] : -1.0
[108.28253808618439, 255.81455367697626, -49.34323305875347, 187.80144251891056, -444.9130070556605, 140.69627486889698, 39.28139483711581, 69.131433120671, -605.2924268234784, 164.63955067145295, 110.63093720478456, -34.100234729311424, 158.90299381518898, 17.470360554346108, 182.55818560139997, -421.82681128637614, 165.801526934902, -99.5999609297187, 115.14238614671476, -185.3721972735117, 274.790928559318, -609.5726999673449, 179.7101799914661, -176.63473259855706, -344.73486938300357, -167.6175829816331, -311.6327219395423, 31.508314831852772, 23.91051711146131, -386.4264398143802, 29.733570610593333, -503.22701666147515] : -1.0
[332.2467507668487, 348.18075899165916, 224.80598781425167, 268.1516776905413, -497.4866322778723, -182.02314984317314, 258.9382850795202, -688.8825093062636, -26.859883339597268, -508.3019352402136, -55.056403655015615, 312.8675072642479, 5.691014959867783, -0.8094450547025254, -401.9055266133791, -51.800259050743605, -83.64430212355202, -295.3826940741635, 259.5441664570407, -121.64182691393509, -213.56983665628854, -130.79108843182377, 532.765305067729, 400.6574272889074, -95.37508216742594, -302.69503236515817, 163.66019682946825, -73.03523722537233, -197.23979501276193, -28.048995318016974, -302.5699304715901, 81.71376983576798] : -1.0
[-157.33565670813582, 515.5159282633466, -246.7121307280119, 278.8312898348565, 146.49668051152491, -144.0754538524918, -202.09155055472655, -95.10706718826975, 199.43084387630202, -80.47449395785178, -56.4244909319639, -1.4930844521105868, 261.8954129165683, 182.38346532189297, 21.554429820051226, 181.50611164648754, 47.457521139989666, -132.34749815387872, 126.18275384760742, -133.29405322941645, 418.1352136643877, -123.23994799103738, 171.89026207835764, 513.3650592589822, -171.56090939249162, 174.51556518843978, 278.274226749385, -132.23776894181444, 115.30887659568774, -104.80786245981665, -103.9973600322801, 262.4979471122081] : -1.0
[124.14665185537396, 44.049290698125965, 59.87744765354288, -81.26328849815782, 182.07331978635278, -106.97572656671113, 421.9285232254558, -148.271523710683, 179.1138775181916, 140.33911684071415, -299.3596668720349, 34.551109131181775, -175.54277800760892, 236.21461380166508, -83.51476370522975, -227.2012539595996, 220.72826370322002, -55.22360151046106, -523.5451831014113, 173.7659190589406, -369.4531174745609, -376.06305298579565, -111.58633343452755, 296.4274155007226, -311.5054658565932, -226.8390524110165, -165.8450287535943, -125.75876765751273, -56.785584226057004, -301.38449198796064, 278.4651641341107, -123.30994431283392] : -0.4895876537669789
[-153.38676117668302, -254.25170908302363, -19.753447445240155, 654.0038244887345, 212.1185436120228, 77.56801359859247, 8.781083998391608, -312.11872237464695, 88.30335866121732, 119.20967129360083, -328.39304909600395, -178.36080351022696, 18.498682034529317, 4.418815608297404, 24.072991503956196, 105.54667776741758, 246.65238975275747, 67.61190693984548, -70.87223370313203, 27.181282454288464, 273.0149364137472, -8.358784334337935, 513.3330248527775, -116.01829947821426, -165.79398049345792, -300.83735776576947, 80.14741271779572, -23.089511682097736, -297.03803593406326, -65.73635958963716, -207.21802995351482, 307.3802827269783] : -1.0
[-121.87431374766656, 99.3318107408481, 274.6012460351668, -134.52025979013138, 244.18253627174892, -211.7863175534939, -389.05924029862825, -111.63184047953276, 334.06381248867626, 197.39274307220214, -386.2183752039613, 214.5945247520466, -180.17153000479001, 31.788805499759828, -24.625721967981352, -143.78351731809013, -64.60120029241219, -66.3520119972807, -49.09030176203343, -477.45447863263433, -41.246776895275524, -107.09088136012495, 490.69231478587557, -193.37193381060615, 23.63107155018747, -306.06056667195213, -265.88435863182997, 254.7864835492132, 82.735720964877, 176.31399095346293, -131.9600857065758, -159.10455916178435] : -1.0
[114.49602169006786, 218.3037281493495, 281.99583122762795, -75.40730346107689, 10.763150072607708, 106.04479454570836, 254.06077998678654, -202.65417210117087, 57.187504165192095, -22.65748378005042, -370.7069651324738, -188.5539289113617, -189.7710442669265, -30.218818024934695, -361.6886047392004, -492.9564705915401, 144.27803419798582, 12.987351206398522, -196.50146461433096, -208.58692549766536, 48.42265176065337, 221.41410456072842, -238.03023745375668, 51.460656757336636, 42.55808313547183, -119.50694740248211, 48.83342469495814, 144.01320942945526, 172.67282830756773, 242.24726698258038, -86.5091957675789, -239.54933271515443] : -1.0
[-355.424581593674, 64.55548239059597, 273.41340612397687, 449.3122756324445, 455.41873637585303, 224.46247484200546, -52.88092978157525, -209.95603856606084, -194.36499864654198, -58.556001867345266, 487.33719898154635, 78.52503725835768, 3.402972908653444, -56.438065332219296, 391.14473663575205, -191.3315456804496, -78.77359212646341, 80.45160789611646, -271.1724862509439, 293.7765461309159, 62.20108453721122, -150.9106865385241, 345.30482411826466, -34.847100236852754, -94.91233947062453, -100.4920888049691, -70.37614790327119, -366.19597301303213, -177.1157877952241, 7.3243320982715545, 157.26898063665402, 14.892762927777603] : -1.0
[-0.22492463403873156, -0.28540066082889215, 0.8856108141653537, 0.48039319484610177, 0.2634980318462074, 0.9513582578618301, 0.8652069802176745, -0.03342491801797451, 0.7643046599793671, -0.1395932399879008, 0.044229596560448864, 0.836320983435856, -0.880052830536308, -0.23696718683173146, -0.3572451339284515, -0.01010989481461591, 0.02705385568709774, -0.7338778414793182, -0.6950485012372295, 0.865829125904318, 0.804227078111534, 0.6718035832895797, -0.44688232417682433, 0.49386208479496807, 0.649759668566615, 0.19659524349654378, -0.1729306500061521, 0.5666645869874165, -0.38189583179756476, 1.3823444016125692, -0.2529441430435211, -0.5232668162191456] : -1.0
[-0.3595155641903582, -0.22262851000716893, 0.7478676044263256, 0.6111494324622828, 0.33637361059400195, 0.9515028218692515, 0.856278192307591, -0.3247308391495931, 0.7281335146006636, -0.6627975490532957, -0.030226645901725847, 1.0541204239976283, -0.18523555837565725, -0.49877988484605784, -0.6065744859153744, 0.1994487121165407, 0.04599653773490006, -1.3227808792233247, -0.8572136259000378, 0.4820959061376053, 1.129791967277784, 0.7073448440193186, -0.5280708749052339, 0.07975128251892676, 0.603979730443534, 0.04761263926351749, -0.5558551867673085, 0.6884858889105987, -0.42128586735148055, 0.7281598872206736, -0.26410786292249455, -0.31983699519396414] : -1.0
[-0.17674232396937373, -0.5447545019139715, 0.7068149275363685, 0.4682860864585856, 0.11141987081771382, 0.7668258154206494, 0.46685400910890673, -0.43220495420273786, 0.8279153140873097, -0.16797279945209528, -0.15914088733722, 0.7326017709606019, -0.9304884667382787, -0.0494816731968066, -0.6001320612229346, 0.015369185069049801, 0.3063870949901227, -1.0371399697955077, -0.9710231242627012, 0.364808231115202, 0.8106685431262339, 0.23706558897017083, -0.4529765623694399, 0.4030146921107478, 0.6611947346561783, -0.10112092384306193, -0.474767632295732, 0.5853424971050463, -0.7843364319836864, 0.8231170168176217, -0.4152220199964725, -0.4455316818226766] : -1.0
[-0.2887482111483749, -0.33494068755709877, 0.7174795089413982, 0.5373912117901617, 0.14525954330231775, 0.5396612355414983, 0.6943535955445881, -0.03843116111553693, 0.9745073607262433, -0.5731290364903747, -0.021341023837577314, 0.7194340066971917, -1.063441554677159, -0.372189640849069, -0.649558259009661, 0.004377789349459815, 0.4492260104114863, -0.7467773645212851, -0.7532384673720205, 0.4900040452630798, 0.8363652261658564, 0.27053250554276553, -0.24851911398849572, 0.10131508575797955, 0.7626850108901746, -0.3570800732168361, -0.1853620206643669, 0.6487509434230156, -0.6209223952097691, 0.7435147747794344, -0.2184010707753971, -0.29924542842658153] : -1.0
[-0.35636830073887577, -0.2663653417130576, 1.0266785286838809, 0.2617780220825194, 0.4601154287728139, 0.8641243067907705, 0.6292060428662288, -0.5615899790096229, 0.4898137957021647, -0.1285377533408087, -0.004098193752643552, 0.8074847311867265, -0.6636480863616947, -0.6157625336041562, -0.6318904949718691, -0.04064323969450051, 0.29660749029960476, -0.8429867147735274, -1.1871766769792578, 0.6459120372576059, 0.7558623459706633, 0.2861405208129995, -0.054458563176107366, 0.11318354660347126, 0.7455101951876064, 0.20643273035459747, -0.5019940004192176, 0.4757226988065429, -0.4015141995556616, 0.8813018889723293, -0.09320945075515141, -0.2240577379023179] : -1.0
[-0.42794480312094363, -0.08834569386363014, 0.6109743622137417, 0.5296548827933936, -0.21117594113541294, 1.0546008361836434, 0.6977848044389727, -0.12508456190197903, 0.7510400968152351, -0.10070019260946637, -0.19890526683195026, 0.759322565195257, -0.46664338339488776, -0.12900530219815706, -0.40559258736801596, -0.023275544447979274, 0.05255906207876111, -0.7607161040514847, -1.073008836505384, 0.6399262598564411, 1.0050885577609592, 0.39902936461574834, -0.11737598289098436, -0.10249519521204525, 0.765102070186164, -0.20846658235150095, -0.06608278851871568, 0.5369277461694605, -0.7058714701025159, 0.47994597758974, -0.08155520933228538, -0.6294305466245043] : -1.0
[-0.29077381847347883, -0.5297448157221729, 0.8725412684385533, 0.5925640978635629, 0.256557360471034, 0.9638007411860321, 0.7495394794695704, -0.09234571874429343, 0.8471784110878677, -0.14608306498574214, 0.20876784368647905, 1.1715647108284237, -0.599944708935142, -0.46302514891591423, -0.31513185960198503, 0.48288026205381684, -0.10197133483936163, -0.9466874216738945, -0.6872000437371324, 0.6126961922465571, 1.2116102950027774, 0.44894451432502963, -0.05317364911585104, 0.11941298288410661, 0.08103666811402788, 0.13226333409631263, -0.1961966992225076, 0.47892167249880535, -0.6659135212973256, 0.8256985507557053, -0.32189369154440645, -0.6374553091306528] : -1.0
[-0.3379772227783247, -0.23612049657333226, 0.9246292588574497, 0.6830262692971999, 0.1943383340496674, 0.8134748627731678, 0.8982605674467508, -0.11850892434896466, 0.7743920000429858, -0.5390736841694334, -0.007480408773312623, 0.6117464229527784, -0.3026731060293077, -0.22601849553846523, -0.5456298002346186, 0.17199265302865308, -0.2449186494690051, -0.9090515180200116, -0.9577482628205524, 0.5757443796748349, 0.9266871569944097, 0.3486458303871438, -0.6652513022323407, 0.2296299920674262, 0.739586169442659, -0.12708172188573985, -0.3354301820678593, 0.4914511745243342, -0.4281625697550569, 0.9110945097070842, -0.5251154168646865, -0.22076065567748837] : -1.0
[-0.4917094969834741, -0.3342374415728461, 1.0331020825282458, 0.6285755804506536, 0.2709719498870945, 0.8972465350661107, 0.6393285721380376, -0.05105571193884048, 0.6851036802126284, 0.10351146431450597, -0.23927366238213443, 0.5924730172814348, -0.8525922081360491, -0.2688441510971094, -0.6763015652186815, 0.4206576055744344, 0.010659749253694242, -0.7453235976593586, -0.9824879784423544, 0.8039733246594258, 0.613538731605453, 0.8542319697289791, -0.25521046995400387, 0.2365024383062334, 0.5078314766291079, 0.26994298537843586, -0.09777385629297758, 0.5961242596037799, -0.4339111409715493, 0.8752760537046704, -0.07825916842239294, -0.40505204337271505] : -1.0
[-0.39662196638620817, -0.2146948620340613, 0.9567806173562986, 0.6053533351259465, 0.40811375208516687, 0.6607634864582191, 0.6813409011273601, -0.3043423469506363, 0.841146712667363, 0.02827298455826746, -0.4850039853339527, 0.8008243060066632, -0.6326326003263663, -0.30572102904027887, -0.8637711976058089, 0.027977615943760192, 0.15210315733774032, -1.001983656578448, -0.8159121986677793, 0.7184134707535417, 0.799879883352981, 0.6670582837537913, -0.1151364624425823, 0.2940761937399386, 0.44012294451062045, 0.08725377453646777, -0.5119248896618249, 0.8034000496254606, -0.42194507220898003, 0.7711055112650378, -0.4688328258613911, -0.5520773808352984] : -1.0
[-0.08199785194166404, -0.1582037641278042, 0.9939503769057385, 0.5841043277604571, 0.3331591538693745, 1.1442332885295106, 0.47410059673384375, -0.2501106069287695, 0.6281404932721295, -0.07955241124849097, -0.11700816921766802, 0.6073741159281674, -0.4229015227735522, -0.16446280034173635, -0.5955735540125453, 0.1722187532818843, 0.10779104200733243, -0.9187951204748929, -0.3913267604134022, 0.5612492970663802, 0.8735213728952143, 0.12499495710827802, -0.2552304934544662, 0.24318247617322963, 0.48349204813219954, -0.17013724465583285, -0.4084083709217009, 0.7829881745365803, -0.6103895074839828, 1.0668514746492264, -0.3261860386345085, -0.4495614694847682] : -1.0
[-0.453792636608727, -0.6658212881952729, 0.5720611578207712, 0.6745126015201228, 0.10920875680141745, 1.1767762339130021, 0.6714369416184226, -0.03412496633834419, 0.49408691125569965, -0.17623765562754884, 0.04743024727184063, 0.9337495594449352, -0.23959119024879294, 0.009482738320618272, -0.6765337924619983, 0.35839562659067037, -0.23226296178689376, -0.6984107534586341, -0.6800690051875027, 0.735808507501906, 0.7952981788124424, 0.574834411927758, -0.4606790629603109, 0.16563567931976853, 0.6018836701739728, -0.07129339641630925, -0.2722138637044795, 0.6389398389221955, -0.41486678502853885, 0.4586788575010601, -0.4675869581043255, -0.30447470288383305] : -1.0
[-0.3087315302725855, -0.19157327746908817, 0.8874397866284125, 0.6730365593451957, 0.19681226079737935, 0.9192777288837964, 0.8231197162070955, -0.16188185250446138, 0.6450864455806549, -0.3180551246124576, -0.18058822984705847, 0.7975640563573116, -0.3334922290047905, -0.5457707306193174, -0.8312961522240274, 0.01716411179713595, 0.0730179030951741, -0.7270359755233338, -1.0810380350497468, 0.5078835560624965, 0.7550595713545665, 0.3991983706248803, -0.31775809948322026, 0.2015468209768751, 0.2823365456627438, -0.2629491363223799, -0.6126464975287402, 0.3345516265063116, -0.6840509829211462, 0.6157437340624239, -0.2664839980491109, -0.756057935016957] : -1.0
[-0.07616114307452349, -0.3446246034885826, 0.7692678872755166, 0.6744484185891678, 0.09273009579375746, 0.809317863459819, 0.49119387685688887, -0.41733390659275116, 0.9083572658707031, -0.16485098046659, 0.235957515814391, 0.7138759914398034, -0.5600016248301722, 0.24014669126803279, -0.6112299406941424, 0.07697361649635184, -0.14298641178291968, -1.0198971239930996, -0.7592165963839358, 0.3489267063345778, 0.7073070440149758, 0.39237721517851926, -0.4347073034459936, -0.009950708329985847, 0.7095622725432511, -0.18139535000957066, -0.6174749262094579, 0.558151654015383, -0.650556105331159, 0.7249412688412319, -0.1627167962344835, -0.14799685212006453] : -1.0
[-0.13336442468121665, -0.191309948070075, 0.9714389261720795, 0.48097109698809837, 0.07206566011038457, 1.1046232281723742, 0.7672395778756136, -0.15520241802000143, 0.4153289151057822, -0.321577599099515, 0.42273844984442355, 0.11047522449994063, -0.6768055606895086, -0.512340152381731, -0.3474296591116801, 0.04118980372716487, 0.3165384690701848, -0.5269613326881575, -0.6601454724327409, 0.7891500055847278, 0.9538117342325122, 0.574243145150673, 0.07585873451265424, 0.016243310978166114, 0.4167019785160827, -0.24083678625918745, -0.6081691030506051, 0.4958836228062547, -0.7850934561348533, 0.6932011114083907, -0.4623102480529425, -0.6513748113047773] : -1.0
[-0.33439284896459887, -0.4093563761205507, 0.773722261079284, 0.7664212098647947, 0.006103872465345911, 0.6906643356707028, 0.4365527239964367, -0.2420895032169449, 0.43818183437697966, -0.19553243756641966, -0.17903414890592725, 1.001364984943397, -1.4010541158714072, -0.40813374210898185, -0.726370631860916, 0.2405331898085996, 0.33729994302146704, -0.5269584527674471, -1.3156693594964608, 0.539733800037417, 1.1282101161978517, 0.5882812375555089, -0.5957861875042834, 0.126392794008491, 0.5071837432307009, 0.060802293126010765, -0.6708692789710441, 0.5240675007874717, -0.46393579608505936, 1.0366424505158796, -0.22037486231694034, -0.330304059063993] : -1.0
[-0.3119476710349739, -0.5243359034228474, 1.149165737456657, 0.5326851655668053, 0.24689001412177713, 1.1718555594820328, 0.7394281318753141, -0.15687104925107193, 0.5848268698150546, -0.34723233799589404, -0.08400876471675614, 0.7182048935892388, -0.8549607136449089, -0.386728125826238, -0.4444891463586558, -0.009879260610190677, 0.20839839338477384, -0.8334087261536798, -0.8631078746460383, 0.37880126222644894, 1.107155870272857, 0.4980956087794057, -0.40160398976368167, 0.24485578516534284, 0.8437056801867471, -0.09125359935264216, 0.07020049300753772, 0.7537237294469579, -0.5379274207599305, 1.2098305024552625, -0.7551929865612946, -0.1584619254007532] : -1.0
[-0.4363625566521133, -0.5614188236963739, 0.8437807611049204, 0.6983576386259477, 0.17096208204039168, 0.7314695012556967, 0.7365259408960507, -0.554471825340619, 0.02764493190668582, -0.4521026448861354, 0.29392455617288726, 1.0999857402629636, -0.6082778866274046, 0.047399185660036924, -0.23224501676803372, 0.7005818174416357, 0.06564571895227952, -1.064406245961746, -1.1456307490407105, 0.7149130793941909, 1.1156270085531153, 0.31863623306445493, -0.25613040385457525, 0.6910129146827996, 0.664816780053506, -0.11049204640853333, -0.35927151106294547, 0.8906907423689783, -0.824233064902376, 1.456526782897153, -0.41811050393737315, -0.838404386434928] : -1.0
[-0.3860224571697537, -0.40840502338176765, 0.24913597042783986, 0.2641643290911423, 0.23784735258128706, 1.1299029350965426, 0.9195295615530298, -0.19998819163601367, 1.0369200513396444, -0.39369230849102815, -0.2108082776855331, 0.5889802420186541, -0.4619999856981867, -0.4165136173195765, -0.20661597515847807, 0.19686619074513795, 0.15777829966640924, -1.0440765792259734, -0.6899044642686061, 0.7391355462069231, 1.327569339926988, 0.5227474421706524, -0.146928080776742, 0.3323377222357046, 0.7487164648904803, 0.06601217494204539, -0.2576257068874124, 0.7342693935620974, -0.629383665323672, 0.6190916201066003, -0.28001055842509404, -0.4181489709479744] : -1.0
[-0.28356205276039104, -0.170184314930155, 0.5289996003410022, 0.2666743396281115, 0.056835058972829755, 0.6413517307059157, 0.922517633544951, -0.0947802016096824, 0.6154255878827527, 0.4147385840269785, -0.07325754592481726, 0.9915582120200729, -0.7290934016189446, -0.3800748419188317, -0.2924709017181452, -0.24753512815558554, 0.25329119177382253, -1.251855493361118, -0.9622338745550006, 0.5767986722775831, 0.5383536144668717, 0.46258025128237124, -0.6653885364047163, 0.6512050717391558, 0.9905203204179306, 0.10521830810859994, 0.03799744108829267, 0.501054272846175, -0.3304268351714744, 1.4298299477510525, -0.14752498317238955, -0.31192277686977354] : -1.0
[-0.6628428658657846, -0.3300496066963165, 1.19612085407753, 0.7901345852966537, 0.19589616512287747, 0.6353749881368971, 0.8086846587411013, -0.383411151834673, 0.9275969063303678, -0.13468076389334613, 0.3635211940925726, 1.24333060093814, -0.3484254110043998, 0.17238313498102176, -0.27406434675363356, -0.08717562176342371, 0.17842343038336692, -1.2460435920372537, -0.8658725344611119, 0.8167138326836924, 0.8929050174187405, 0.35914710508979736, -0.3249425632621844, 0.10152641705201859, 0.9394059114432407, -0.013560830604450444, 0.042309501176541475, 1.0513094377495906, -0.060661716222455364, 0.7277036533952789, -0.4547857439907656, -0.8317445102646981] : -1.0
[0.05436444988542777, -0.4098595587038933, 0.8144070063780268, 0.6089518187431062, 0.34331714822201365, 0.5000646248841248, 0.8762352389032102, -0.35707860801315017, 1.1174019031613744, -0.3876075259629599, -0.027000309923933666, 1.2694805701327354, -1.0156592373041295, 0.052792591057462035, -0.24279473906070276, -0.3385007609105189, -0.08420073962545718, -1.2254825364095066, -1.0682839229228636, 0.5857216565343466, 1.0506017866110784, 0.6542827963304083, -0.41424334379402994, 0.2580573740331735, 0.5862386000658405, -0.2853023831395084, -0.2636091823854303, 0.7390329384063917, -0.6742467086261025, 1.0132875143211106, 0.14113457828641984, -0.5967750422203832] : -1.0
[-0.18276520851583017, -0.6184523746844238, 0.8841187124417129, 0.6130343973430347, 0.5876063641912876, 1.1904683118345303, 1.2622425590296693, -0.357100637254818, 0.590415000801803, -0.008229105961104821, -0.4288467635722705, 1.0931744760842526, -0.45293116790258087, 0.008377081250294405, -0.44599791467878086, 0.2758211618855324, 0.31775120614583774, -0.8924909200313147, -0.6332172524565992, 0.5264414212776336, 1.2069834354580744, 0.13096592941157897, -0.24583885624766533, -0.03376607282844629, 0.7400483014048843, 0.17893133087861424, -0.029813752619882616, 0.7497049082297014, -0.10111641605045124, 0.9249147036667887, 0.0471640939461776, -0.4827970449170189] : -1.0
[0.25093094463595145, -0.057786645026298156, 0.8936149457418363, 0.40332292792094016, 0.3516465570395909, 1.00444904028827, 0.923335453265961, -0.30489935982698985, 0.30807969291700954, -0.5016608727776153, -0.10330245703624372, 1.1695896223669577, -0.882492882095931, -0.2254558010340449, -0.16957366091860832, -0.19046107123253014, 0.2560168081502987, -1.2686722348320383, -0.41916675096796446, 0.9225069070998055, 0.77848026327207, 0.4575849742020429, -0.5891548123111592, 0.09269346051262706, 1.092679340809577, -0.32764016544772523, -0.09855001561483659, 0.8816718070180745, -0.33393447697308376, 1.0245280043426517, 0.1467559371446131, -0.42034335887523655] : -1.0
[-0.4079354045606266, -0.6309554705544727, 0.8221780707587864, 0.7350839249844331, 0.2983175582657339, 0.5492309650779347, 0.519897139565196, -0.333270774399561, 0.8158186956376742, 0.06732869415508813, -0.00553251521090763, 1.304727653496549, -0.41639961685745985, -0.5063102908587723, -0.5777224389447136, 0.007669603335920122, 0.3249097250618242, -1.0175784154509622, -0.7915062936410523, 0.9290674199869547, 1.107156383129273, -0.022775047054205633, -0.4774962916845049, 0.6167393658789376, 0.4471888772525996, -0.12085343902764858, -0.33839777667566656, 0.6618959023416585, -0.5982540133686409, 1.3837212609373768, -0.05316131652322781, -0.591107331034694] : -1.0
[-0.06427975557047694, -0.7018557777154413, 0.6433342199500063, 0.4546540507180371, 0.36797013301820847, 1.0517245107943347, 0.44398061829650254, 0.02447932011990256, 0.6506226599903304, -0.5402591683625564, -0.1779805689520657, 0.6766188992351581, -0.9049168372499621, -0.04457202981205832, -0.5023239626032548, -0.13594764371214713, 0.13763209050065295, -1.308502932086807, -0.742947130160679, 0.6616631807659269, 0.9006294106973717, 0.6589245971460023, -0.023917911582895135, 0.1015311932015718, 0.8380633470298365, 0.49417978589211464, 0.06266142517208251, 0.47226025572867164, -0.17130268652902958, 1.3103777101061374, -0.1158299818273757, -0.019767221671482815] : -1.0
[-0.34958890802994347, -0.3347697251960433, 1.1635995420166123, 0.3856957041913804, 0.7308233825823915, 0.3493393714467601, 0.5451034771780406, 0.2892373710593372, 1.3526804179289469, -0.30026132067554956, 0.03158200060523544, 0.9448512554145264, -0.8155165044939624, -0.35660357109481966, -0.7230839625215165, -0.04478529933479823, 0.21864312923789347, -1.2464579805102183, -0.7170152489069185, 0.5704133693136884, 1.2352472250366986, 0.47796787673852825, -0.5222166767622569, 0.5185336732321701, 0.7728175440842163, -0.14284598849759123, -0.35782174309591896, 0.5555820902930161, -0.5835527807536495, 0.6920221575967417, 0.07671576499922905, 0.024445066670715665] : -1.0
[-0.9919903367439429, -0.29789403766318573, 0.9543984075323446, 0.27824729472559406, 0.13329860507471825, 1.0281307092158902, 0.6843344595431823, -0.17253720932144193, 0.5603154992315875, -0.5422011694506538, -0.28060245357000907, 1.1460102704037798, -0.6445043187697017, -0.013471956047584832, -0.8839200692769624, -0.10130237767998494, -0.08901446109890479, -1.0326815639512372, -1.0218176512762545, 0.5659975185330427, 0.6948486657713699, 0.9415144446119572, -0.31249181839024137, 0.13174338748696338, 0.6150536173945127, -0.1443129602575555, -0.2733438616162328, 0.4528620504087985, -0.6706223052337901, 1.0801152642964535, -0.1683407642759011, -0.19192104740646343] : -1.0
[-0.28130654109141995, -0.256412691039029, 1.345192573480884, 0.5131703332145742, -0.005184044100712701, 0.3514400153146138, 0.6464753428170187, 0.15904577025903582, 0.08570274543237727, -0.23866965498040416, 0.11312265981835128, 0.3225870055448064, -1.1852136916290048, -0.07052737445605267, -0.2788989852339756, 0.5947814908630044, -0.4124715024526165, -0.8353226089336979, -1.230054519583542, 0.4141729575816936, 1.5244646392690904, 0.5861332461668033, -0.02569857865870029, 0.4866444072473064, 0.542068690231922, -0.5731349777360872, -0.4484944119340708, 0.2510439001902303, -0.28958819910552797, 0.937552508296916, -0.4025162106565287, -0.5529591551944204] : -1.0
[-0.32373711758861695, -0.23251751399005605, 0.8224391503850162, -0.06771708620121608, 0.40495934396568256, 1.0272700329718902, 0.7022053197654374, 0.10051252371027103, 0.8855661623611584, -0.07176944727012555, 0.326687519922949, 0.3236528426780234, -1.170607284887982, -0.184104291210131, -0.11046269873998227, 0.34307819727496924, 0.3342253181691162, -0.9136615254400244, -0.5441317393936473, 0.646012896138345, 1.760474189026031, 0.00515301195250828, -0.463765286987627, -0.1068027751991924, 0.9044627069402877, 0.4595693821288586, -0.36993450452613363, 0.6161529832311647, -0.4569134803516043, 1.1059255331448234, -0.8061516995152516, -1.0894642957171399] : -1.0
[-0.4364007647877479, -0.3758780317230487, 0.24494292818938246, 0.3480924552828557, 0.10569568176133316, 0.744317418776681, -0.011057605226000078, 0.24240587611402964, 0.8612829756752007, 0.14196067899161907, 0.2860929488796114, 0.15459150728065274, -0.5930874077854912, -0.42214652320676055, 0.013306503738986841, 0.2343716877561472, 0.09175772042330507, -1.0552514245405358, -0.45886304917516324, 0.2806420292520736, 0.9657655045703363, -0.2165412759438351, -0.259294975958538, 1.1641622695492095, 0.17176063085713533, 0.02566701728341686, -0.9789105315599411, 0.41530037288435895, 0.07542489973265021, 1.0235871406246457, 0.0406986748797995, -0.15851878502378153] : -1.0
[0.04377427499301917, -0.7470495379381771, 1.0746769693720617, 0.5059925625296502, 0.09407261936937522, 1.177413204042743, 0.8766019529086626, 0.800932323791476, 0.5676305507975729, -0.28146696614681876, 0.42910840939361466, 0.6701866912766218, -0.7617561105754754, 0.12366095032156893, -0.22817928355679543, -0.21377555728865547, 0.4380505142855381, -0.5672143489338062, -0.7472464275937785, 0.5511679965614104, 1.174957899908572, 0.7992704625462352, -0.6454752062149712, 0.6367349602921546, 1.0274755150677328, 0.30529170103314024, -0.16648052826195212, 1.019710967026015, -0.4541631973929692, 1.0838307945513255, -0.5713503461372862, -0.5216028376096914] : -1.0
[-0.5924295047990795, -0.43369194500358305, 0.7525581927809988, 0.8769859983385142, 0.2677029353834516, 0.6730571151727522, 1.4195503440910229, 0.037785069500369695, 0.12551463997568302, -0.47986998683632265, 0.2727133158561091, 0.7000578648065551, -1.4594999723011846, -0.12303137236453082, -0.8112041634592977, -0.22104528006324578, 0.43019361147544677, -0.6234295112022706, -1.213949735875878, 0.21702858639706646, 0.8780824478362704, 0.6852972861576428, -0.1642466747084273, 0.4909728400971067, 0.9913970974994394, -0.01158861421661933, -1.159828907729767, 0.7300045763733966, -0.6387210884015706, 0.7681640433819249, -0.8036446442685752, -0.9293707655218963] : -1.0
[-0.33618422551604965, -0.1797985315879354, 1.070165827608957, 0.9966365555084558, -0.126532298453792, 0.6459109269666968, 0.6610903764334302, -1.1399494021897292, 0.5805928115895, -0.7831487118977398, -0.023927521668418328, 0.7471682273643312, -0.3219557022530888, -0.49515775729776085, -0.8186969779493668, 0.12493898515164441, 0.3325993197430805, -0.3100306013007532, -1.3976501649408704, 0.5957960174127663, 0.8425656925224612, 0.16093487220725577, 0.14120301158459053, 0.07305240158305726, 0.4600913752264309, 0.4521610295982816, -0.10589546108751235, 0.41238939914943373, -0.15793312371533413, 0.5154424543191558, 0.3324635498760454, -0.07857628922169713] : -1.0
[-0.13267766575014012, -0.6319909995773807, 0.22613539103461433, 0.278411819981167, 0.5928758166421503, 1.2409591996764486, 0.39808113925536975, -0.1666606728680678, 0.41888865643215456, 0.09315838991013436, 0.8546392285837061, 0.5340089369735137, -0.26451880687206175, -0.36006882113317823, -0.31597684127629877, -0.4004537212128444, -0.18627145628934583, -1.0204463932566818, -1.015632747048369, 1.0240099134137397, 0.9929224452970469, 0.47609090050858216, -0.2779116636594001, -0.11904276083833026, 0.16267905198824173, 0.2772237825685642, -0.062005531907534106, 0.4508081999209747, 0.2213014636365388, 0.690179194032825, 0.05231254610420416, -0.4312281669842613] : -1.0
[-0.9068630019095958, -0.5427377318394343, 1.583665845885501, 0.581755415739641, -0.08265315900016429, 0.7788729297576681, 0.7400933227006655, 0.0380387720715169, 1.1301800533199378, -0.2479576828803211, -0.4203152147050621, 0.0038970081629717823, -0.9799725329238382, -0.34067310991072636, -0.5272181481628201, 0.253680329794544, 0.26788100369635126, -0.6841759184289438, -0.7900768080101447, 0.48466792922929713, 1.3632987325141324, 0.8437060267098215, -0.4890824069604093, 0.23863799432538388, 0.6911994206294524, 0.21226358023107483, -0.23592522393383017, 0.43573982077038725, -0.7589599536854266, 1.1671078860262853, -0.8986219536269912, -0.34180829538009] : -1.0
[-0.3510845789998612, -0.4971079030063262, 1.2309481339927573, 0.5675626910853531, -0.16348434576349208, 1.4353754326896309, 0.4696999298033362, 0.02304385557488914, 0.19101916017762605, -0.6697781215097232, -0.22857796794522905, 1.260306170161575, -1.0619524298082288, -0.5870215610260823, -0.27693426368394913, 0.032242800240150485, 0.25231747497649415, -0.4128539882614775, -1.1774818656186539, 0.7203148662212657, 0.9793613319389775, 0.8405116104105815, 0.10197251025321963, 0.29447605334665483, 1.2050818267243661, -0.584105625129985, -0.2760598949621193, 0.3042841848013445, -0.15304931272411104, 1.100643875567946, 0.055117551957894584, -0.8790750038079502] : -1.0
[-0.44093441071662004, -0.7849356734124773, 0.44460503540849367, 0.7909292168595876, 0.1571088308899069, 0.9476263561941963, 1.2985669503166841, -0.45705203567563635, 0.9035503541083278, -0.66920323827438, 0.041782806823407334, 0.44026239084903585, -0.808835830905334, -0.5239158744178165, 0.1877757972082849, -0.10340817864314414, 0.5193642888232116, -1.2111379754918654, -0.9073394538403557, 0.40022104242699785, 1.5743937324616524, 0.49378543722098606, 0.04589452489970619, 1.008739245734102, 0.7977493914723788, 0.17795139904725482, 0.5102213798346918, 0.7473386153820644, -1.010882130525248, 0.8848404745361642, -0.7364326626014099, -0.6820557847166409] : -1.0
[-0.02473476921121509, -0.14947911268782185, 1.2514132992911835, 0.45330642351253775, 0.310902836048502, 1.0459060462605367, 0.7582332965454728, -0.08926512741789219, -0.05225933475150252, 0.1452870793411163, 0.23526685049695145, 0.9244621184989841, -1.1887279286492518, -0.2559012027168226, 0.013738407275433628, 0.3658364133873595, 0.7559242449509285, -0.2394665924787523, -0.6247376925243452, 1.2947651700500677, 0.7289145077111527, 0.5051170081683514, -0.8698317207757155, -0.18337149593974766, 0.5647973454494543, 0.21361709378747223, -0.2772775060109679, -0.05222270366794757, -0.7660628065778329, 0.9142279057379861, -0.6637701346681344, -0.16607509028316947] : -1.0
[0.5061389035783341, -0.4482249578695774, 1.3120824360274075, 0.764735544296734, -0.4254524731414455, 0.7846772624315319, 0.823194984761487, 0.0967785081758018, 0.28202175842789057, 0.035843678822361114, 0.44549938817900564, 0.49538846688642485, -0.048450799139803324, 0.20831495285327473, 0.1569111119481526, -0.024291284167185734, 0.2891630345732096, -0.6360799564134574, -1.0623040070937915, 1.056426160336254, 1.3488976060440112, 0.8015055098885271, -0.2291728048201433, -0.43439229941339436, -0.1344483132599883, -0.21278667290353775, -0.4023181121496278, 0.35753870969452783, -0.17435927905843973, 0.6013415796727959, -0.46128103292655703, -0.8718481246088041] : -1.0
[-0.5725288572846873, 0.2702988836978359, 0.5845195511044441, 0.575732131441097, 0.5386395630766405, 0.8740548161768851, 0.980013405518381, 0.14942546647159322, 0.36901587678050574, -0.8645308121834663, 0.3912120629079798, 1.0616761978839575, -0.5776999367555878, -0.24693770449949154, -0.661867058071123, 0.08570907545539315, -0.04123068147142828, -0.8546542854413502, -0.06907923372301328, 0.09217413218455917, 0.9284700585584299, 0.8569276537429975, -0.2592731090798286, -0.28119117540294164, 0.23451077243424068, -0.42792106871069974, -0.1041736090558828, 0.5586654840630385, -0.9566147648974292, 0.5179842659975604, -1.0785350428101723, -0.8957308658590982] : -0.4492561166936701
[0.010251522031838323, -0.8209198540148062, 0.33869924438756494, 0.9228599070591128, 0.010227240733572437, 1.0490162147168163, 0.6350008576819542, -0.05640349441896425, 0.683137770326823, 0.4064432012645207, 0.20919725672703973, 0.3702829643697175, -0.6333627102804593, -0.9616768268935084, -0.39263364798318034, 0.3855949661638768, -0.02215624947276207, -0.47005293494274847, -1.1925775134345327, 0.8854653081575075, 0.6694356853297652, 0.43417108445420316, -0.18482816523549617, 1.2167831419472865, 0.09939177427445356, -0.11388142869905442, -0.8474853049130062, 0.3181462076845353, -1.4272770371417984, 0.7177607020686276, -0.22964603316476553, -0.32520958244559006] : -1.0
[-0.6490580521149945, 0.09927508870847446, 1.3394475057504869, 1.0628639898896952, -0.31031471163856245, 0.7584873273134436, 0.6165908993106743, -0.4419898899324999, 0.4853313666850451, -0.22405123919210898, 0.4390298947878755, 0.5719184388826295, -0.25546234398223, -0.25823232744288177, -0.05240842094285536, -0.2130671022469804, 0.7966309319701473, -1.0857704368396703, -0.31685028708273, 0.16565745197791204, 1.8910104514997064, 0.22397549600789496, -0.6711240401579026, 0.9432519880986996, 1.489175277839771, 0.0994908488125461, 0.3475310223881065, 0.6501429018942386, 0.28408371761726947, 0.6683135799161105, -0.5077748387927682, -0.008608406952116066] : -1.0
[-0.32740065143927227, -0.2111049465032417, 1.466553435946147, 0.44146873528186376, 0.4235282627079046, 0.743577976361915, 0.8063186387912689, -0.06913154933829879, 0.8013106983836948, 0.561015679240576, 0.3687498609541251, 1.1299989945669537, -1.7951599448073416, -0.20501273424550934, -0.7947462051147913, 0.21839075830047358, 0.28893968643820983, -1.1249989084492016, 0.10944759565045126, 0.7864166633873846, 1.0392609972181424, 0.8853933929473448, -0.11587887227867971, 0.5907859976614803, 1.8728164158233853, -0.8736335268754448, -1.601175343849933, 0.6554249487891304, -1.2647428925985271, 0.7912176199653274, 0.04927947135408328, -0.6101742093835626] : -1.0
[-0.7098325541738534, -0.12352371982149066, 0.7287925641934235, 0.0770064461525991, 0.16192932928710072, 1.0434880293946458, -0.08839951049412753, 0.19575385345091043, 0.02294876319635797, -0.38909821327694116, 0.8594138128984026, 0.22937279823951823, -0.8436590555572389, 0.20781754993720666, 0.9640249240248653, 0.31965600168097186, 0.06607796969789256, -0.5239887553255683, -1.024920041641473, 0.81874653548038, 0.896404967923281, 0.27355780261520746, -0.2197263157358545, -0.0495393868422791, 1.2353852804605177, 0.16432434221970912, -0.24049779802536542, 0.4792459678156486, 0.054509468460200605, 0.9067330270939831, 0.12596201277648478, -1.2581928685986266] : -1.0
[-0.3471422680815694, -0.35074758521228044, 0.7088079223089608, 0.3872626821253757, -0.3766495691319082, 0.44403689120567663, 1.0063024281486077, -0.41117740607786246, 0.5442024425935875, -0.23177518661925595, 0.5483771332967053, -0.2910929255768637, -0.488407544798521, -0.41936720306956965, -1.3427710159115998, -0.1524602134832555, 0.2625895419521767, 0.006446529421895497, -0.9918194689026877, -0.1347676836187635, 2.0284234047737755, 1.6213225676439267, -0.2536185492067906, -0.18573827882613148, 0.9886232632946692, -0.8947473426227021, -0.5061771269216363, 1.270769057964614, -0.36985177097299243, 1.3655308564917155, -0.1467949547263836, -0.721324493365263] : -1.0
[-0.217360886869503, -0.5928532446554997, -0.04006115083348449, 0.012116571816510047, 0.43299757585441706, 0.8266309971967958, 0.17353527406606023, -0.24574269136430726, 1.0685335089153478, -0.04797724070734419, 0.1767616780540363, 0.22446789696700759, -2.3013255969240656, 0.13158438708755768, -0.4613442498558603, 0.9193271106904779, 0.07641999321151, -1.3755779108227482, -1.485095120685012, -0.13389372921856296, 1.9298889253223765, 0.15388877396111145, -0.02830848388602858, -0.021822628011794798, 0.3127114731520221, -0.030873726766574513, -1.2975374278640102, 0.06611817845016738, -0.9207199171141182, 0.01965417038636752, -0.8929899308880108, -0.8194401219126486] : -1.0
[-0.3595738449170219, -0.3315503914052338, 0.7117834618171425, 0.07746531248710875, -0.264646311880285, 1.550493204617676, 0.7683730577415444, 0.3331833049389826, 1.6200617538378022, -1.4276462837681327, 0.7730742206280321, 0.8947075485500262, -1.4202911520659014, 0.053843964535013195, 0.11671669497481652, 0.6502934517017419, 0.1385062921280588, -0.2668059196752345, -0.7267635054379479, -0.2579873638776445, 1.2614441189942658, -0.09120752096113272, 1.0351628522574237, 0.3203261222510705, 0.49865630341609846, -0.47960462015380106, 0.06389784241997476, 1.503186022810161, -0.5300146916053994, 1.6772719960534432, -0.803211468422117, -0.23473198182756888] : -1.0
[0.07649025210667598, -0.5797706339790434, 0.9534966817454508, 0.6945615295616969, 0.2833522179210958, 1.1608063565260878, 1.6691741646728186, 0.5350892932066416, 0.27845343496617664, -0.6350866533829413, 1.4959451914082218, 1.1638290326499376, -1.4673850346540964, 0.03302583762029629, -1.2953684896790967, -0.7761913349460661, 0.26121406597566454, -0.8851928846603533, -1.1197100282624097, -0.5125810084714377, 1.1439731262079094, 0.4351989370799186, -0.02544931811872983, 1.1067048383587612, 1.1403693322926804, -0.6108222418450099, 0.07713533511741699, 0.8633942253687428, -1.1198021586509215, 1.90025794129641, 0.09767175368369285, -0.2823310493638025] : -1.0
[0.38842100248867106, -0.15077852371684666, 1.6951751739180123, 0.3358740597189958, 0.4495417148610155, 0.49912762139986705, 0.8370058478876468, -0.15654953806822597, -0.31589992982351944, 0.0113354422622442, 0.2919659808630528, 0.45927791953359265, -0.1475391145254129, -0.5309075046282193, -0.6093136393350365, 0.25920021267733684, 0.38657055950005775, -1.8950679201491836, -0.22428240355601092, -0.22241963256456215, 1.3319995400058544, 0.29549973022840803, -0.34428710008955943, 1.4269655978947988, 1.3328054320232883, -0.07634089201755542, -1.0653686825607156, 0.5286235539493156, -0.354146339782854, 1.369840888249271, -1.437640242646622, -0.47218429737625467] : -1.0
[-0.5061966896015521, -0.38191592112131423, 1.1875835384255913, -0.9473752380773761, -0.8071214052871774, 1.3750126323732976, 1.6299693931700787, 0.9208134843013146, 1.2432821947368344, -0.07375807019172752, 0.21908990561984729, 0.36461845947842514, -0.9934799739976031, 0.14993782504806144, 0.5848714575394536, 1.0740523125278076, 0.7265852677750149, -0.7726175118014701, -0.8632352146855737, -0.3221352183874811, 1.7085366118302627, 1.0142331055765523, -0.07538225456231165, -0.07562873369864487, 0.9023945316392739, -0.12545859971381543, -1.0359088208541802, 0.4190778218218113, -1.0432425713517004, 1.990573562356549, -0.18764576129478783, 0.07428272751638965] : -1.0
[-1.3955413788541249, 0.16981093109109535, 0.6859482312374823, 0.5199148102910918, -0.6508839022491344, 1.3727171036948653, 0.7693141336672024, -0.08186213041198695, -0.008504407985243156, 0.3474967048432908, 0.10531907054793255, 0.13106358042946048, -1.3734713515565462, 0.5755792056515276, -0.5111181729788827, 0.0018471112177335103, -0.27949377595310326, -1.1787352786890923, -0.9654850684553936, 0.3236575238598537, 1.2472464123257818, 1.3675734938818902, -1.2577343550074607, 0.44683378803310825, 0.5005043288742755, -0.36115765994133514, 0.1861000175930252, 0.4017883707210442, -0.13087599933952174, 1.053069733322431, -0.9404651114452719, -0.06210330883960491] : -1.0
[-1.5317301775570045, -1.0808143202421028, 1.8433408457030342, 0.8402327585602419, 0.07318322285706834, 1.2974293761201983, 0.6724745009778573, -0.9575261021644442, 0.3479752810590363, -1.199059934570244, 0.33604335921990824, 0.6075983697408436, -0.6100223901399657, -0.14758187089708108, -0.5466914978397357, 0.27354451054412654, 0.4356198183367981, -1.108641680617632, -1.0296011826527665, -0.08367175560030843, 1.0379867536865692, 0.46151459312113696, 0.10262758195708283, -0.009498520032102997, 1.3430838101606342, 0.4553194465524312, 0.019817507067091178, 0.9707127870777426, -0.7047249912145513, 1.0999360645381768, -0.4652751924097319, -1.2671490469145732] : -1.0
[-0.4728126665941003, 0.2850612996323818, 0.8230692973669054, 0.20587017685249534, -0.4633005747106526, 0.6632494551210921, -0.2811194796519577, -1.218409971132814, 0.38342121056297257, -0.29535407922124, -0.44607883178064306, 0.4014253059098268, -0.8514623865373525, 0.1539756239900257, 0.43565465566899414, -0.167204495881083, 1.4059328312666428, -0.14243985819444172, -1.2054833929150073, 0.7735205814737578, 1.5782412276038842, -0.6943997867436078, -1.0539132824712305, 0.4592241398901803, 0.06703796811176466, 0.15057704755904655, -0.5173253605731639, 0.6878433453009011, -0.39145155015854377, 0.42778859988123097, -0.1962216441572221, -0.8262923793085546] : -1.0
[-1.232327161612417, -0.023897362670031452, 1.3530616538632514, 0.03807870573718858, 0.543225285976189, 1.5838614714803287, 0.6999009803154586, 0.32939056031218605, 0.4499444611095568, 0.6095488759322703, -0.10845934677721092, 1.2546844474225254, -0.9790976861463832, -0.1235284764795434, -0.42091547862322876, 0.6482009794161178, 0.16183786725325663, -1.1820580175027586, -0.5618803739742307, -0.32005805473595056, 1.404760847381895, 0.8170419251653193, -1.2253850846706533, 0.04231286022315328, 0.662131684760066, -0.7690835478172778, -0.75574890569894, 0.6051536377574361, 0.28347648029528294, 0.32571881388241064, -0.33838863066090624, -1.3130087572987919] : -1.0
[-0.5530659953939845, -0.19651666563805956, 0.5803637099927061, 1.515036762136322, 1.0036723529339766, 1.1035144502516239, 1.5178893799697823, 0.17111290678406327, 0.23428506218203748, 0.06591303867550113, -0.19602369395615338, 0.7116062405596335, -1.4491174912898288, -0.09684006917982353, -0.09648622963836306, -0.1667434732851626, 0.3764993959909052, -0.9548810158952615, -0.44040414125128946, 0.19708791618909843, 0.9407299200031485, 0.48479343565051103, 0.044365544698874715, 1.2793460738455291, 0.6840887144276298, 0.2696725522227319, 0.5489625317924525, 1.491607588490358, 0.010165751867234729, 0.3074105272275205, -0.8819333862658058, -1.7011524271196614] : -1.0
[0.00902059043852843, -1.3689899316360126, 1.7522085640228218, -0.3075104434882021, -0.020003807694467173, 0.7036711786319965, -0.2111882364614095, -0.5547033100631495, -0.07775695575390995, -0.6406739385756887, -0.06765743489791909, 0.7051949259295482, -1.3425431147981604, 1.0672312287013803, 0.37073391836550046, 0.7901010730018901, 0.9009580456814745, 0.3077265586397919, -1.160287017991934, 1.5493853216820728, 1.5316344557289052, 0.6825190268691219, -1.1132477982538538, -0.9048430265158633, 1.6598549594096204, 0.21024431994741932, -0.38463571804370433, 0.9154268226762049, -1.5010233156639807, 0.8486359815379341, 1.4301901056779531, 0.4557517151114253] : -1.0
[1.1935903272288706, -0.1966245221966645, 0.9369119761424777, 1.8149867629579264, 0.13745728761268974, 0.9736709220265087, -0.04515807691048079, 0.456131042340455, 0.7161133998969679, -0.6171230839547202, 1.4726941942459248, 0.6122594028657824, -1.4018815622347862, -1.0705700058547052, -0.31024137936040797, -0.24321352849354244, 0.9638525904672319, -2.372331872557013, 0.43737787228343217, 1.037903058374238, 1.9158221340327664, 0.17005667699964672, 0.23039191632226058, 0.3836339993135504, 1.0974847210723417, -1.5427585298090007, 0.30220049050290176, -0.2494162500085585, -0.4514459996330908, 2.473071943775129, -0.05502746743594614, -1.3516949870121102] : -1.0
[-0.3591355589275095, -0.9744845417450418, 2.3698659421588952, 0.19946033358847348, 0.4906109227622865, 1.5561947385341446, 1.7817385311048042, -0.15817319524168783, 0.6310576628548109, -1.5738656744017814, 1.8067384795673047, 0.16623963417983456, -2.549552067423588, -0.0032876411828405006, 0.22100380654806506, 0.9473662621320298, 1.2189672701183218, -1.5754759548078163, -0.05941191778622679, 0.6837220048191068, 1.5656309341678434, 1.081605057189266, -0.6889380114520253, 0.8281491996538117, 0.9293132189095552, -0.6021694300424414, -0.3420144635249644, 1.0843127359628777, -1.0825347280698043, 0.7540994236719731, -0.9570966755344982, 0.6429885741696609] : -1.0
[-0.3291734055097788, 1.5196156673848582, 0.8834793348999634, -0.4303300876274134, 1.0885607744518324, -0.2775782650787223, 0.05617052916674703, 0.3257061110695394, 0.7241162665553225, 0.5010628026046009, -0.23327403452161677, 0.24893441644122216, -0.6350767275438547, -0.5737922592770861, -0.6940774069106523, 0.9577663985093204, 0.46141167424317464, -0.9318477603232167, -0.09181284587731314, 1.1150438322690128, 1.3369034474682193, 0.15394975286708018, -1.750143947709402, -0.8188608463126597, 0.9034927391256904, 0.16045114908034386, 0.8927554145902059, -0.3405194829233761, -1.6064274289725655, 1.8452650468350837, -1.0492798033915962, 0.6213506316462721] : -1.0
[-0.46346169833135364, 0.8792903938693506, -0.4774903412884801, 1.116482171237791, -0.10851153994794485, 0.5339603505617736, 0.2139993487687774, -0.8541384835176195, 0.09008203012935256, -0.999475858014599, -0.5028978238129743, 0.6705073627185736, -1.2829730100873311, -0.3205231637108568, 0.425570921518544, 0.24172553764170546, 1.2946535959520034, -1.2625384716457506, 0.02600569497511962, -0.762368463300179, 0.6690600526699225, 0.14913051672195643, 0.3153335617632144, -0.811950142329328, 0.8992007974021514, 0.4799004078968993, -0.7695785771681274, 0.8039743671367758, -0.2835095595611015, 1.17920101508353, -0.30968874144666714, 0.09498599609483338] : -1.0
[0.9067591050993979, 0.08289529586649358, 1.287544158049323, 0.10046660863147316, 0.38420788905971276, -0.866459004523017, 1.9830115607043322, 0.09446339825024344, 0.6370295741421903, -0.10634709066035299, 1.347945482183742, -0.05645582585735054, -1.462122816117192, -0.33195753716627885, -0.2370104088512603, -0.19672379051593997, 0.43565360924823554, -0.3579900666362407, -0.4259176113673263, 0.638768404090807, 2.1778778622571844, 1.1425839919838963, 0.6977602036328023, -0.2626569720187103, 0.7297054634757923, 0.9579766658994195, 0.5688363167025514, 1.072140209903386, -0.4177353815977247, 0.6935315241131328, 2.4630516907568274, -0.5754131609992572] : -1.0
[-1.2425309441844217, -2.5414586873417253, 1.1806097657043884, -0.32688418633580396, -0.4299465905565394, 1.5383921474613897, 0.4387092956792825, -1.0919075042378903, 2.0194173085381286, 0.7903444148981419, 0.8403488157556295, -0.5079226110879984, -0.19698581382007418, -0.6805956821865122, 0.3129588877411565, -0.19773942123125487, 0.6996811924111139, -1.0897765587439932, -0.8465120645254824, 0.39161812581418987, 1.032680049642657, -0.7253504331276757, -0.27032334899348603, 0.8488158107464365, -0.35270665969904225, -0.6359781887314429, -0.5370463416414757, 0.046437037356656496, -0.2039646638059271, -0.24597050611543458, -0.11070457799019792, -0.0015810062131721425] : -1.0
[-0.08697114025095348, -0.251318029977225, 0.6352514792561854, -0.7103783080803738, 0.19240726458569238, 1.4479443543591846, 1.3475578486610147, -0.29105869702101617, 2.2612712402881003, 0.13057755897240886, -0.20705132306989527, 1.085343791458801, -1.4111820396951882, 0.058621229017139204, -1.0964622353489932, -0.0964469679725813, -0.39925809715444394, -2.169003801344493, -1.4414432806026212, -0.21098228583375123, 1.1850581884005797, 2.073278737827689, -1.5121391604513807, 0.8100821932481042, 1.4093604105012398, -0.8375603551436595, -0.48447634645293824, 0.05384884397733347, -0.35687450687915534, 0.7219896546704431, 0.27643658606188115, -0.3266355727604185] : -0.49006921594793146
[-1.26181476617092, 0.02334189275672935, 0.803243296975163, 1.239609795712885, 0.9557170361389231, 1.1291707546660468, 0.8688217595054141, -0.14110309634329785, 2.1489860114819344, -0.7275459192966385, 0.8310209097079104, -0.8623972013043812, -1.3107832460908964, 0.06951791654938441, -0.17840224379006964, 0.1962600551861408, 0.6752704740513107, 0.7764264797130018, -0.3586799859024634, 0.30642794318974037, 2.5823025835552125, 0.07428521661113269, -2.094403345181818, -0.2299834888511616, 0.8327199495891426, -0.47568510281150866, -1.4222205717295655, 0.7425007156194715, -1.2041571109597915, 2.2033404628003552, -1.57581845034992, 0.34903157946169605] : -1.0
[-1.607819245890692, -2.253650975993931, -0.43405310132993824, 1.3355752332384307, -0.045694922098450594, 0.011461223841292112, 0.4034464063781861, 0.6454431482988531, 1.7222167116331681, -0.3891371255843366, 0.5205901804130207, 0.7363193893388265, 1.0683956963251722, -0.7031577435520864, -1.6146453345710057, -0.548261170955022, 1.3128748276835758, -1.2531032986973907, -0.6584471697272786, 0.09018966267783965, 1.2721620054928238, 1.9162141258864596, 0.7271888970956824, 0.2748931214400888, 1.3201093900095733, -0.1868645369964774, -2.3984408230544974, 1.2392398520404044, 0.6361269223419438, 0.653767869154317, 0.07082828095324523, -0.4117139143724545] : -1.0
[-0.5809718102538579, -0.6276246058028365, 2.1239861387976617, 0.23140431388151977, -0.17396257618699912, 1.0248494462912896, 0.01034122619971567, 0.7772770236818349, 0.9496778792623737, 0.1645196041715079, 0.6762147814682428, 0.5679114931205924, -0.40634215820793607, 0.9894392578206628, 0.0023536323286911798, -0.31862175376830915, 0.17637422706764763, -1.250320193177433, 0.12408899489295178, 1.3797036215553964, 0.9766865926646728, -0.6306155488164567, -0.959111100662533, 1.271656883503392, 0.4210310209579693, 1.251253306816289, -0.322894599002156, 1.1047427605818272, 0.5350595530710872, -0.07547165143860424, -0.6125873883596076, 0.5965053853566918] : -1.0
[-1.7179393375714194, -0.20441003335855643, 0.579744048133345, 0.5748145755447385, 0.43125269127922705, -0.26138546181576194, -0.1883876505995169, 0.038426238270900664, 0.5809108980487228, -0.6818025180242328, 0.7964905447372537, 1.7348953082567962, -0.44940077105076637, -0.36133088153271586, -0.16714616049158537, 0.14944354699984744, 0.7809047076687501, -1.510434295839024, -0.14174160313263084, 0.527378184381774, 1.4891680808986063, -0.03803567074826142, -0.2026899111349718, 1.5705971644507295, 1.349644224507395, -1.3940349658510194, -0.4646621741543865, 1.5014836399367706, -0.49262916944764223, 0.42789473178486315, -0.9058904136932425, -0.5861524557486161] : -1.0
[-1.2581234608403162, 0.10222830230485486, -0.3725456325364209, -0.3594495120700413, 0.5430161858785869, 0.4346576863899915, -0.15834068654617184, -0.16970362702682198, 0.483954737322988, -1.093371531085595, 0.36945355910247313, -1.386657891887951, -1.1342551872020872, -0.17743570674060416, 0.20078679020755436, 0.6005539619406227, 0.8164069421757587, -0.9095766749330777, 0.05712270988104862, -0.6620329829336853, 1.3591496690610663, 2.009433428006419, 0.20089061225265525, -0.07092099886853354, 1.4510848052378684, -0.6309422946026257, -0.4142769477022404, 0.5585133009616385, -0.9335712454523748, 1.2472965682479895, 0.3438722047552295, 0.3353947206717037] : -1.0
[-1.4165664944978031, 0.23410167094316559, 1.049688775885395, 1.7040852837390952, -0.03410332835134961, -0.07258204510667521, -0.2703113915905281, -0.4562541065760034, 1.6596071677871898, -0.8380242576476987, 0.6030268884928569, 0.9743242511473038, -0.8798645085148546, -0.780291773977946, -2.2755042795871026, -1.0891297818568206, 1.0814602263298263, -0.5102605832377447, -0.941024164317123, 1.4546201366844949, 2.1902300751337687, -0.42608275504132853, 1.3435836660059768, -1.577214153500088, -0.40212942204335356, 0.3980489674351652, 0.5217274098026162, 0.5112445342252064, 0.2661539938097869, 1.6842203007573393, -0.5279716718570155, -0.8424502740228526] : -1.0
[-0.2763424846575906, -1.8531544917716043, 0.4415589544577494, 0.27394400112343426, -1.543498422683042, -1.2254533369065808, 1.0388526150452746, -0.4414569720158113, -0.28223611835117673, -1.0113854454263806, -0.6029990441475414, 1.4399105815775952, -3.263057910210573, -2.3980159990138823, -0.5086463888198985, 0.07675914619619806, 2.6862667683559622, -0.06893450314221117, -0.6762108529185201, 0.585137205182049, 0.05303624104554383, -0.2543880854624917, -0.9570365956836161, 0.10539956252558907, 0.9634220092816661, -1.3076826535063277, -0.5165346396439959, -0.28598837556072465, -0.85804864299795, 3.288918722446784, 0.8683095832884533, -0.8161046980313681] : -0.44809072667902167
[1.6789484896546798, -0.8619380321276389, 1.2397972382755198, 1.0661441190689531, -1.0374985177784235, -0.13423693480629473, -0.7207703797129235, -0.9943761087696933, -2.392319349618638, -1.4067777876181538, -2.792083574997201, 1.5517298075345445, -1.0261498168492997, -1.1104892238552853, -1.3806338409795518, -0.337997960519376, -0.24803895688063404, -2.2021077202508703, -1.6403083542793635, 0.919475994603344, 3.1336060828497923, 0.7721754503202621, 0.3272096175644893, -0.3947592611644732, 0.9487282906260266, 0.0950911120328155, -0.6924716271736951, -0.7298611065358288, -2.4246507055656012, 1.1820008645629103, 0.5552305129925934, -0.8223108477127599] : -1.0
[-0.03619165623199658, -0.9108178772379645, 1.9496712407046366, 0.718640626731176, 0.8300422982622265, -0.38373509659862026, 0.9987498018392051, 1.2435673385525803, -0.732955527689682, 1.1326405486989755, 1.0425987462627968, -0.4436465476225174, -2.8398658084103516, -1.8176881098498694, 1.3759502731009998, 0.8743491070418017, -0.15868673709560488, -1.9727193290172007, -0.44766681016492516, 2.480498532462234, 1.5394415859494133, -0.3153994233323608, -2.1569527516795572, -0.26545386880485566, 2.518271897994787, -0.015710775824902157, -0.4661230962731574, -0.5275135267692898, -2.5317650240266305, 1.4985700439194598, 1.4055122512214486, -0.19625130997182416] : -1.0
[1.8465023714611704, -0.20680506080723182, 0.16246782376696478, 0.22018554944055704, 0.010228809267455286, 0.34189826334632406, -0.31520397842531495, -1.6664339667279124, 0.8759341668494823, -0.9557537972138617, 1.0317315877552085, 1.5037474477422161, -0.7202933469142317, 0.6640612281258762, -0.30687630659300835, 1.12285781973087, 1.0871554704529376, -1.02798252548122, 0.13302032986699258, 0.6081559282771216, -1.0511963718946187, 0.5906299350590603, -0.043182776834588044, -0.7470477550086774, 0.6415720563286429, 0.9586740978276465, -0.5631497327604346, 0.893437730818727, -1.372158924395907, 0.984157622321115, 0.11914458063144737, -2.104943894002837] : -1.0
[1.2346561696797553, -3.1254520769401632, 3.495209899676576, 1.697844011910154, -1.3563215474665995, 1.6090417675121436, 0.9049687934219492, 1.227682952666063, -0.5608506524664902, 0.6505494213318048, -0.0027639341866901868, -0.5949350967439109, -0.6930385633696653, -1.530868928740647, -1.6914876713874871, 1.6528413512382256, 1.4536944752002832, -2.8146560276287595, -1.2304167280208547, 1.3721386956426402, 0.9803768839870477, 0.23097032539495171, -0.9574721619206468, -0.6018314301916394, 1.944880280047073, -0.9795864094270907, -0.15452976658265133, 0.6142299127275964, -0.5840475470043764, 0.33365326705063225, -1.4785388185320238, 0.5734415698469784] : -1.0
[0.2618275587209633, -0.006998678785551937, 1.2063906961614037, -0.6559440703946391, -1.7596278237913254, 0.6058891912333811, 1.893442595854835, -1.3138209082969625, 2.9610584811678917, 0.4890062318146402, -0.8244712806441242, -1.5534941916231548, -2.8012085179265696, -0.29653068464670396, 0.7136810643813815, -0.38435918544184905, 3.827674464833592, -1.2604729839442554, -1.1839356185285785, 0.9529406558711285, -0.09641168672276956, 1.593773997956018, -0.29650162454191653, 1.52530561559342, 0.36896861208599097, -1.107057209316488, -0.5033483377155651, -0.9273298862547842, -0.6428265862432225, 3.1787600105012053, -0.31667883385798673, -0.726521172676147] : -1.0
[3.1715735407145385, -0.7509585456140146, -0.4857897353676759, -0.5031596174375794, 0.4759455903698233, 0.7052536347870836, 1.344313093255886, -1.1672219739703822, -0.32347301762710395, -0.7257497443247715, 1.8554760259957361, -1.2396706211239514, -0.27914590033984865, 1.1974939289477067, 0.554342374181997, 1.1006378248612847, -0.4345738477487242, 0.1645286134983458, -0.161857028847137, -0.7872708729505941, 0.03078669366237463, 1.1598060079578225, 0.1327574423597172, -1.014858744824656, 0.4852600191123091, -1.2918283765643657, 0.027332271054371637, 2.2156998202073304, -2.4747648023547866, 1.3464150936030548, -1.3304468325307512, -0.8100568546785046] : -0.4780981757424094
[0.20820407333041782, 0.7362696705876141, 0.2995335447756644, -0.8095212905625131, 0.9530059475997187, 0.7569999419862935, -0.29973673080076485, 0.8845883150244362, 0.3632353328893077, 0.29462717687454965, -1.1643838348603817, 0.18840700442715547, -0.13678081076322268, 0.6417116285148862, 0.1836437389473904, 1.9461578493711644, 1.6165830527414125, -0.39495518682702446, -1.4548667722585151, 1.6307788746984067, 0.6519593959811729, -0.040863060874866686, -0.36167387682142094, 1.1417036185269225, 3.464674839016909, -0.4155782520012502, -0.8751101519976882, -0.685816016247104, -1.1319827489543741, 4.211464868101954, 0.09080732389588439, 1.1673510259757562] : -1.0
[1.1104120203093584, -0.7438372559475922, 2.7408543867445685, 0.3610446096984038, 1.0989852105692755, -0.1593017516062536, -0.45037151798893676, -1.6480730224965687, 0.7173666604548472, -1.2858268888087345, 0.864239250789238, 0.47933755997022326, -0.24952873205588055, -1.6177796099302661, 0.8482765528569378, 1.8680779313909395, 1.3040236464622992, -2.87369753870968, 0.5435953302525842, 0.06341329415609087, 1.601341809477885, 1.3276507090247658, 0.3944041521887397, 0.4910040988857424, 0.9352450031622501, 0.47474106330726956, -0.1929833662588965, -0.7846649300132712, -2.0184480407041305, -0.8556715151753478, 2.342930919444773, 0.596569772198753] : -1.0
[0.30821762220437054, 1.1410795633861426, 2.773536520612681, 2.2469117629965494, 0.6183238130512335, 2.24012997225159, 0.07812883456821773, -0.912797813220576, 0.4743555504430428, -1.1996793158068986, 1.2950043309836605, -1.5558721692782487, -2.5365222145594064, -1.7346425441781286, -0.947212982346524, 0.6591397655305821, -0.8970453745430194, -1.3498468298768969, -1.6089720018764577, 1.6334197993615893, 1.1507507338619791, -0.22217085337033127, -1.3989901987601563, 0.3057574571272967, 0.8525470113950051, -0.30387208521716264, -0.6268303699355786, 0.9398744206226168, -2.5135876142798073, 5.095650230728197, 0.19632968800201656, 0.5966302386736442] : -5.0
[-0.4424388463979837, 0.3971415261143847, 1.9559874348607376, -1.4688381741109866, -0.19125232248261195, 2.51238982702147, -1.213279346552741, -0.6495883502181691, -0.2612129250287382, -1.5967546814153668, 0.29009526594539276, 1.5230937951028949, -2.3115309918046383, -0.9185754279630699, -2.326205056592979, 1.2462741127901389, 1.2934818457045474, -0.8620603540133827, -0.546482229116886, 0.8904704803084978, 3.1952313296738137, 1.7731698554241806, -0.2942981047433046, -0.28248540281751156, 1.5836289784937831, -2.1265813854425497, -0.8807193539949014, 0.010231216871389281, -0.3124135264753257, 1.6324196693035051, 0.6472610765168687, -1.7001851862130573] : -1.0
[-0.47311383097303905, 2.222123129619221, 3.2476192654573066, 2.0255553539875972, 0.042114076306276116, 1.6860746769439734, 0.3214711793044606, 0.8455397714577659, -0.03667916255324982, -0.1612132481484856, -1.8054475444367482, 1.3552307611558907, -3.166371296039787, -2.1762617369814934, 3.2885916237603205, 2.943027093040796, 0.8199389525746426, -0.5439628030448965, 1.8731204393482523, 0.07394971936763484, 0.8542704379001673, 1.3823879960780816, -2.0655103123007987, -0.4587827646181657, 1.1401871060959876, -1.6176831260903728, -1.2833586078700925, -0.4783743185776921, -2.063672684263321, 0.47429816097397337, -0.9318445058505251, -0.6014043038880137] : -1.0
[0.8114347984923814, 0.5082633928612743, 2.21721968255146, -0.33498766544864417, 1.590529261646094, -0.4422799822258564, -0.3240025277437642, -0.9281586043827257, 1.9152384863766625, 0.5841050714016358, -0.7749953762267027, 0.2598907075019336, -2.1365303809160556, -0.4354798055901246, 0.9708980551669991, -0.38353541259769525, 1.5498988240913412, -1.7530639152252978, 2.3645307277803, 0.5962507806571424, 0.9398887922645993, 0.4225062806294642, -0.47048065442567355, -1.8033096624644303, 3.3254204299640238, -2.5940681592076658, 0.35497471702886185, 0.7403289777358086, 0.034295110644687155, 2.338425457432519, 2.320571523342485, 0.1744800604436279] : -1.0
[-1.4130215635831793, 0.3678421603882057, 2.405782536790264, 0.8618833170620905, 0.1462667160579214, 0.8017488892796404, -0.23589709793235997, -0.4220806180678603, -0.5825201912065889, 0.11514748031982591, 0.8921914748876791, -0.10206465935157177, -1.6621843482460636, 2.352561717748054, 0.35927517540733667, -0.06759924852953386, 0.8865279493562637, 0.8272736717576609, 0.16501974875175468, 3.870074793627289, 2.6527309196767237, 1.633161180792585, -1.724615614450551, -1.5293655309221565, 2.2161959658017714, 0.21977074059752327, 0.25358231521397856, 1.545966877197991, -1.777473564312161, 0.7673774186853377, 0.39714173814679504, 0.6095750996115932] : -1.0
[2.2301601188654114, 0.3865910310519317, 2.985620253030724, -0.03241455137891891, -1.7331973968711363, 1.271296423138169, 0.026114407103987033, -0.5390423828592373, 0.4817446072537145, -0.6899232621547623, 2.2991664710785025, -1.6280483642547643, -3.8738554132808964, -2.668018560975985, -0.8131765100704931, 0.5412062116334376, 1.6893302295742982, -1.2966321834607781, -0.23159145624867938, 1.9393523811326376, -0.09066398605369241, 1.193262345075894, 0.5982062529719476, -0.6901648421845469, 2.0811197801269303, -0.47461528001226316, -1.5733696885770858, -0.8159384428313543, -2.4963720542941656, 1.9932177267456197, 0.4809596980680265, -1.3123887927305564] : -1.0
[1.7051939642349327, 0.7752326006919373, 2.840255233006372, -0.3841996675430661, 0.36483924355086444, -0.6416927080821826, -0.31749075175826436, -0.05341290626712997, -0.1730179610900593, 0.9798186335839695, -0.1856565409565398, 0.7511342891571128, -2.6742161506821565, -1.027792763807557, -0.541182824603754, -0.7166039118663639, 0.12192788689814292, -1.4935351449092797, 0.15108663675656908, 2.8709423276782235, -1.5899552048134096, 0.5348722783016523, 0.5004409395483886, -0.04128558909098681, 1.7531263395829322, -0.5689676707400392, -1.4695738409482404, -0.5034614247206595, -3.558106268170064, 1.5015336529003818, 2.036770801893927, -1.3022226740092684] : -1.0
[1.5691175912946838, -0.8953790336521793, 1.4264612068881521, 1.3905664899940617, 2.6227812446683236, 1.5422744611762578, 1.0798773627997693, -1.4501472540766938, 0.6587543211881799, -2.481665496005346, 1.678739793967739, 0.7626321140554096, -0.9466239708292156, -0.46815201830643416, -2.0812701074837907, 2.2176574808152063, 0.477641978418095, -2.253131460752627, -1.8489633763547002, 0.9030890649438903, 1.9590827767994485, -0.05141544834142256, -0.9877026749676144, -0.11336823762438733, -0.6013916759976095, 2.1141101735825822, -0.25439548900568737, 0.33574051899258534, -1.5915349365080298, 3.202379585798792, 0.5783612725254272, -0.9591949101934354] : -1.0
[0.5448397233175838, -3.2859203720268977, 3.6735197631192675, 0.614409988802821, 0.4350612336688076, -1.0731081445218358, -1.3156499854314112, -1.0992747632414734, -1.6424943044081588, -1.075442656357669, 0.32980993049745777, 1.7086549891429625, -3.567659576994539, 0.6725595243344367, 1.2765135222998267, 1.9125481664205004, -1.5216137944421033, -0.06780556970107154, -1.4177789141228239, -0.7253854823027681, 2.5518064804744105, 0.8316758550535535, 0.9421313074231752, 0.09642368205106247, 1.9858938409172793, 0.20140388442743537, 0.3158176128755382, -0.7953810772859045, -1.0686992283190433, 2.016868865786368, -0.4284944941841846, -0.6048614203387372] : -1.0
[1.0098909979629813, 1.5423781468308106, 1.1352719972149523, 1.8389428778776973, 1.0574992309359277, 0.35635660343744324, -0.9913229576351812, -1.3551354320428373, 1.8436149503302408, -0.7294088603597348, -1.3518980464673307, 0.04452127625623983, -0.09941206133103453, -2.438210798432582, -2.127697259331431, 0.3700786982674227, 0.41217068948212593, -0.9994387503338228, -2.6616420967329377, 1.7037173265482675, 1.3679648761215553, 1.0842607345410977, -0.8452885809360826, -0.4685818734806596, -0.8383997127634879, -1.420007673696899, -0.9217757016350783, 1.446567337593773, -1.8647743120259082, 2.5345069540526373, -0.3831561002594174, 0.8240123222642398] : -1.0
[1.2030584853988975, 1.1097974942834548, 3.6636760185801815, 2.4295607274352764, -0.26679331745085055, 0.947869392915207, -0.47689970223573963, -2.716103222238275, -1.884492047740871, -0.41878429886525137, 1.243075543389174, -0.20171607590810206, -2.7594951093444178, -0.41983594841441796, 0.8464356249909541, -0.34356466174173783, -0.7432697610370573, -2.42905745073613, -0.8166729396809775, 0.5756871112995559, 1.6559529253155403, 1.0667354722663391, -0.2605512094216157, 0.6595577204312455, 1.8040593390410102, -1.5835224670836527, -0.14630394330484214, -0.41773810250405413, -0.8137815485279147, 2.521916455760222, 1.2762173185644978, -1.348821649789563] : -1.0
[1.7108512694244364, -0.3422206588102589, 1.1243117764605148, 2.6813281424063407, 2.361556367117518, 2.9667627911413503, 0.3295942799825713, -0.5828606352009207, -0.9254983683896635, 0.08851103950514727, -1.7855430322725787, -2.221488903918548, -1.5094956633605283, -2.461413277658409, 0.39445816193842786, 0.3116441742758859, 0.2736976486604224, -0.9010807345410495, -0.9362073135614621, 0.39172798582951196, -0.5367177573872912, 0.2929307643048895, -0.8762971660462755, 0.14317888305802337, 0.9491547463574177, -0.2674371253970922, 1.0276001961594035, -1.1320589609827607, -3.22301652273839, 2.7379824771448016, -0.3166833044222024, -0.15403939236516462] : -1.0
[1.5341550072865373, -1.0156644572281182, 2.5796847006043317, 0.4793883206382944, -2.477367981576664, 2.290792746907656, -0.6665265291896795, -0.9625554702840539, -1.9541956911030498, 0.43913855951803005, 0.2249360734071314, 0.13990277109433413, -3.0749029184870746, -1.8200585736723478, -2.3811582648505727, 1.314426681045094, 0.7660953772568602, -1.7064335859927153, 0.18508682506664176, 0.62714039992743, 0.8381139841205614, -0.08084974290705796, 0.5387647533862494, -1.081956735216442, 1.5726136279465739, -0.15425105137354012, -1.1520012546680334, -0.29203900500675284, -2.2963940740485675, 2.3296568034971097, -0.30411928005849975, -2.0112173912573996] : -1.0
[1.7011042860168768, -0.5403079643655202, 1.8172813052119907, 1.6519278367190142, 1.5351161644866813, 0.025176658335980928, -0.03930040278206906, -0.22170438213815025, -1.8827887172856976, 0.4843653938719371, -0.5072409771004107, 1.6039965324728105, 0.06881497740423081, -0.03739729769883193, -0.8941513647299825, 1.7460243086348115, 0.5534228260378644, -2.6494596938000954, -2.1040908306723294, 2.1038867303988447, 1.384424067886888, 0.6627474710437424, -0.041027526699825345, 0.7345208986172166, 1.6443937817201095, 0.7068248473991425, -1.0466925953785833, 2.455514173375949, -2.981853908414948, 1.836673458589615, -1.8163729750913382, -2.2634842865591325] : -1.0
[0.6101389050692216, -0.18230885740345504, 0.5427517483457165, 2.05133205407607, -0.07192648076469588, 1.8753899633115687, -0.35493824832837473, -0.7154482287741235, -1.3251559517336435, 1.759781608322362, -0.27498311686235366, -0.6261224688968616, -2.4684313365890502, -2.6556547274025073, -1.347477993970554, 1.1383371785992575, 2.956138612509261, 0.513707891029417, -0.32861694167450417, 2.5208342842064635, 0.7145235385431854, 0.8019782679375174, -0.6357914851225884, 2.504154893851095, 2.840773801897867, -0.8075408073364839, -0.04309928251725481, 0.2409403324106983, -3.356643147424269, 1.264933312502041, -0.43139691092153576, -1.2901093153458094] : -1.0
[1.9035945397095424, 0.06355903552273837, 0.1884349751756853, 3.613023440761003, -1.9840073752613407, -0.29550957781810205, 0.20149544676433015, 0.8362559739597034, -1.7371469558935555, 0.24951169095076342, -0.8111202123331674, -0.026253952393412244, -0.6878212033063857, -1.957002848773135, -0.4619638965434413, 2.49999370026773, 0.9472529607989367, -2.611166479807629, -0.40959933555801653, 1.794665588900306, 3.076696459647306, 0.05941064311051908, -0.32859093873177114, 1.1686724495055378, 2.36693342732886, 0.5197756107584779, 0.2594321708980396, -0.2641006391811214, -1.5288433069158558, 2.526796721629583, 0.13762988548785332, 1.366352314255927] : -1.0
[-0.8767273372307606, -1.1013810387032517, 3.9319930480009972, 1.6661687136846943, -0.250366076446835, 0.05967385187740104, -0.5404373238373525, 0.5559933415156441, 0.014007727672906423, -0.7519861608977305, 1.7261601146694139, -0.1015321275513648, -1.2488318214674679, -0.1562658644252235, 0.23637351350868374, 1.3811722687013948, -2.497668240052227, -1.5678753566809773, -1.7533144998426633, 0.5468239012799118, 1.9652856523590803, 2.2996576661112744, -2.1042704066022333, 0.4574881495329608, 1.7392290756736675, -0.3682512439445459, -0.21400078350505358, -1.4115539499712477, 0.30037414596371637, 1.8123121268547908, 2.990259038467108, 0.6886415472232224] : -1.0
[1.465688894925568, 0.5903147527426659, 2.864993810301904, 1.0486411874130317, -1.2402578676479779, -0.3392001106825122, 0.3990550794480463, 0.8621001757870871, -0.042841086654728855, -2.2325353360951246, 0.6031694155568037, -1.315535793534766, -2.9861131948009936, -0.10438359203352654, 0.10426747093294664, -1.335475710960209, -0.4657474289884915, -0.12445993986439241, -1.4962290396414062, 2.1068733624011746, 1.6486925165561113, -1.1701931730201383, -0.6362168596843265, -2.0182421997762905, 0.35920755632016865, 0.6144965781232877, -2.3240628894862367, 0.9117381647940501, -1.9640664767709266, 0.59478825786204, 1.9444021618115381, 0.12755205545025058] : -1.0
[0.6782995339576783, 1.1335992803770958, 1.5738183860276787, 1.0675451827973217, 1.2278946047606194, -0.7876561676847702, -0.7981538829774678, -1.253974602139012, -1.0292302060295246, -1.6995319761977683, -1.4783990007322467, -0.5973772700888533, -2.5244870152513896, -1.0109744018790703, -1.521087877966444, -0.8642941362267031, -1.938795962303291, -2.25379046828414, -1.7683114478037525, 0.5616283045160575, 1.371960509679495, -0.10998590983853515, -0.6248158120282513, 2.144120301780864, 2.7055193099126784, -0.6065914999886631, 0.23950888516570468, -0.9658532767619308, -1.9563450793649932, 2.5180035964738963, -0.9777831141730299, 0.5368007216158664] : -1.0
[1.001134921044758, -1.7788790768081935, 2.856366498577053, -1.0215662220059865, -2.2854120709338233, -1.4964561180822673, -0.7411290259398546, 0.9907480027673352, 2.3169717822968923, -0.23541331724508419, -1.319626653202711, 2.6947779667058582, -0.01824457953529235, -1.2359813036162133, -2.4806767550899504, 2.4011245806873602, -0.7128958440858227, -3.675218891374816, -0.09767646965090981, 0.35402916608018864, -1.8144733286553283, -1.9947776707564873, 1.0506504055824124, -3.6713406407088316, -0.16532641536169335, 3.067833590781356, -2.600213673948571, 0.7914581814115433, -3.069904329197475, 2.4833439489528555, -0.16557937480452845, -0.048274908658809124] : -1.0
[1.076297929508077, -2.0547144566349544, 2.1737786881414807, -0.4262505368888019, -0.9764457144545858, -0.9027114800494924, -0.8926394330889876, -0.10471736266680864, 1.825213239490112, -0.0010950658522186352, 0.23815720501704618, 0.4473615769982842, -2.3420384799057263, 1.4619892759210342, -0.8003668366427852, 0.20704507528042837, 2.2544534954125304, -0.7160392286630414, 2.212647147291032, 2.5183608255776395, 1.4647593731721271, -0.9584712712182287, 1.873590560723136, -1.500007416675174, 0.30038998042911125, -0.24317894048949823, -1.918639183237711, 1.5674789457587794, -3.211827175106545, -0.2668340185409024, -0.027752108728315572, 0.08318702456450588] : -1.0
[1.1685107100377388, -3.1456302962950344, 1.1017944784836426, 1.098067805588756, 1.0439970444234077, -3.1447484646301853, 1.1288722134749536, -1.8115945121325072, -1.0232724011131449, 1.2533439386931478, 4.0226861614377905, -6.933185220639043, -3.2887484911241205, -0.5109222237226839, 1.282559878384838, -0.3452693727135344, 2.3750270552604116, -1.9117681463575775, -0.09926297139987517, -1.8563232321432181, 4.677027314531925, -0.4491186368859702, 1.5999721900160535, 0.5297192466295723, 0.9891162676230527, 2.000622314175699, -4.991391204549129, -0.003927576502063879, -1.342811163867324, 4.672380636967008, -1.7885996266120332, -1.1343684245877248] : -1.0
[2.6478563543734914, -0.7850709328281136, 3.6093183803294964, -0.5476382301598214, 3.574817189058972, 0.9531396384295419, 2.4709889407972323, -1.3151387799614787, 1.1588024735203626, -3.281129902242351, 3.016993481134012, 2.231530459813101, -2.2091909445414464, -2.3565091119935127, 0.402445617827206, 3.233991943433229, -1.094197976457568, -1.1205587318301182, -0.4222305405824684, 2.187290023324291, -1.2116724390410278, 1.421405839781337, -0.020484404496173392, 2.02508532351712, -2.9447849986837262, 1.4546219255043495, -0.38965946734508305, -0.8193906314378557, -2.0104482113374793, 1.9983826607409203, 2.759654048032184, -2.262327417243059] : -1.0
[4.106719788312718, -1.4781585358920446, 5.174851493020155, 2.7813382523439154, 1.3904191143614208, -1.508164297135023, -0.46930046742166776, 0.15068827454218248, 1.872764371564001, 0.04261260991617355, -0.40034996351661956, 2.1807980886584706, -6.346395078085321, -3.1653328503816818, -1.2295284371630177, 2.2442385458903393, 3.5141116859462747, -1.3972849221029344, -4.353352645547568, 0.7252130725111697, -2.3251055434260612, 0.6294346006897239, 0.6733740877957494, 0.38374382220487424, 2.6372593097844654, -1.3751810036882672, 0.4159580922190096, -2.55836647564894, -1.6790116887643793, 1.3219545433321855, 1.8394396337832382, -2.202446179825413] : -1.0
[2.087864329551537, 0.2631505416332688, 3.4055088451798303, 1.1761347688411659, 3.1828009727545052, -0.2856096594996317, -0.41202133682281333, 1.433923656910882, -2.5619786877453863, -3.2373640921337508, 2.4776842498130742, -0.10475383394894928, -0.8311395610455785, -0.8945389504170328, 0.29448353556723084, 1.3081018168586065, 4.317855550859384, -0.700612307114716, -2.031973678339571, 5.711083041484305, 0.4046541629813451, 1.7201803895030188, -0.2975478212262088, -1.2696334842931263, 1.5165102516701379, -3.42463140546388, -2.1379050769666437, -1.0779734270493695, -6.158143254956649, 0.5237878799119893, 1.9295697902881812, 2.7934560783027775] : -1.0
[1.3016273986784292, 0.636229396140752, 3.4646042120961047, -0.2715563667366899, 2.8325745945648353, 1.2392873388543582, 0.7689866421297064, -1.3851368433221585, 0.5106220111333726, -0.576085752145835, 0.6803006992333196, 2.007433567664222, -2.4033306622768618, -1.501327100698747, 0.9127958584783407, 1.6611243897276078, -0.08010190636690706, 1.4297096167794003, 0.8036887343379033, 2.917451055009697, 2.832962082268908, -2.348611091447, 0.7262563725145252, -2.146558132147386, 1.1682165997760774, 0.4021557597040154, 1.6833980917129177, 0.357843310469414, -3.4655978065374793, 0.7733878213568717, 0.5979835682225639, -3.078365073474639] : -1.0
[3.3989048890216167, 0.4009426422205213, 4.773856493913879, 2.4226809006597376, 0.020033006645476928, 0.472995708905962, 0.3965238221480796, 1.4968219939665521, -0.642861533208987, -0.3587801428797202, -0.048262530100945944, 0.01977012098806498, -3.4492437548168167, -1.3202238735751919, -1.1940613968263243, -0.4638509966173445, 0.9826297459587783, -3.9458757912785702, -0.7020738633502964, 0.8448964232823888, 1.4725909528167755, 2.1452281010759835, -0.7063622040091235, -0.5097889184154281, 2.8783872859637665, 0.04010009927183143, -0.5298275885741658, 2.2380677146224235, -1.6386413439798657, 3.3346251612753406, 1.1195336709286847, -2.4022243310533473] : -1.0
[1.423778736824939, -6.1520563497789, 1.1976810427788747, 0.2371062747563797, 1.870951798863051, 1.0554646122103184, 0.3830248523985974, -0.9576362587343272, 1.0344977486389197, -0.05645982968419927, 0.28977101615860257, -0.36465886578700496, -3.6860564885920897, -2.150045202993413, -1.3215322474597682, -0.81959023916682, 1.1934553998918531, -2.7530846402084608, -0.20527270164002054, 1.2213124047273092, 3.169566231680436, 2.311916820518315, 0.5995371222637027, -2.058458755259575, 0.7815717175202753, -1.6441857795960346, -4.187140466367201, -2.3072834476129493, -3.2615325234738037, -1.3938073931465396, 0.20550213052277722, -0.8001334172911053] : -1.0
[0.35579375525122137, -1.2762982776780336, 1.3416903099846123, -1.823136693154233, 0.2100973264888617, 1.6926846508955982, 2.7291482547867267, -3.3547169647255926, 2.2860139528993746, -2.254543653947289, 1.5576738477668732, 2.5771870727139854, -0.8140846883264725, -1.6715535670431623, 0.5806271448527554, 0.6052435777250929, 0.7395387018631103, -1.3335768466894429, 0.5726749344968849, 0.02893380593645367, 3.8738915286860944, 0.22837930430121356, -1.0293955398866952, -1.5552701154482729, -1.971958221661597, 0.32629060437368956, -2.2215035157963916, -0.19952955077915813, -1.3644914127339898, 1.5172925679705442, -1.9296348096008116, 1.8564896065473713] : -1.0
[2.3958528023402828, -0.5519839647229751, 3.5583917780685312, -0.31089004427944156, 1.5622840088107321, 0.29158824166097735, 1.8857592903369165, -0.967700751467853, -1.3206354109857048, -1.2775326915368255, 0.5157166082438713, 0.670286981512663, -1.5315771582212008, -2.4718867312343793, 3.527513279448244, 0.8772147052351962, -0.4689126011670537, 0.6779647666469124, 4.962835413653943, 2.1557538666774967, -0.4461180223677783, 0.7845068782744583, -2.0017315663813617, 3.1173126200811, 3.4507760147534836, 0.8037089580260297, -0.05321141865945089, 0.23820286478865604, -1.981861711392174, 1.1600863432904163, -2.537932195723691, -2.364736571098094] : -1.0
[3.6041453124398997, -0.00542319038950545, 5.581096345766129, 2.321004015907278, 1.0667633888447643, 1.6310555433372047, -0.11249507162957181, -3.9421185123405564, -1.6881477469307495, -2.654466527472769, -1.8261612517489731, 4.121426313443684, -3.8982758418271652, -2.690202051165917, -2.253075567997173, -0.047841242426209574, 0.6868978833373425, -3.8704898891802952, -1.4283551053641341, 1.7830142564767095, -2.2253542829392607, -0.8726090811049324, 0.3624618755754717, 0.2895372247517817, 0.6503382114861006, -1.3406712169834696, -3.240746652132094, 3.078630753950799, -2.0454849336437877, 3.2716670556594925, 2.0164722177942274, -2.7406610089449446] : -1.0
[1.279093346645021, 1.9180461056015146, 1.9065022045399656, 1.0660363927493595, -2.427964707781051, 1.1001364209316509, 0.11315394813429247, 3.149832242200973, 0.46174586504711607, -0.6876531570041802, -0.9123178814992136, 1.4310099784316506, 0.9404602614122197, -2.854834138129257, 2.332390057464706, -1.3767164835020387, 1.1956664787375948, -2.525297585801864, 2.2968815758178964, 0.5997210803707232, 3.5833510179361996, -0.16612795989656293, -0.37451738764802744, -1.1979592819905587, 3.157273910583398, 0.9265796286029936, 0.3018814038824704, -1.1204233591101178, -2.3101568187922314, 1.1208231392679382, 1.9105889808953893, -2.994834828817942] : -1.0
[-1.0403819189294676, 0.12184883434942691, 3.7279095787718237, 3.3487405411779703, -1.0179604784450231, -1.9505305809501277, 0.4379045851305807, -1.3980185853771157, -1.3711338995147817, 3.1355762457683545, -1.7416268234849386, -1.2935562042871327, -0.3628482186944679, -0.24401999223072512, -1.525868393651956, -0.6731352710048104, -2.7687205694304944, 0.18574153069966504, -0.11766482154033497, 0.5654851034279765, 1.6251453851811628, 0.7388996363555004, 1.2500187078079432, -1.2361343930569677, 0.9382414608261, 2.0113240477229457, -2.8688451882259636, 0.018350137652631326, -0.7803198780399689, -1.094439238972253, -0.18814418834131452, -0.25492278936062873] : -1.0
[0.8598213741619173, -4.52064470388476, -0.8345721857116009, 0.3801490272868259, -0.7626958708331484, -0.7501088841481289, -3.2264519422985214, -0.9995769074644841, -1.4954562536184122, -3.436719598506996, 4.955474771280417, -7.871904065417297, -1.661256463423542, -0.5609426114590048, 2.1401364563912, -1.2571197909388274, -1.0361586872676185, -2.63546391854938, -0.9265194949867879, -4.236096456050298, -2.945349031225089, 0.5103984530451525, -1.4166850060187464, 0.33460486037873793, 4.151791345259575, -10.71261523536154, -1.2551784558485708, 1.3887348957341115, -5.670168995052547, 0.8825541780734554, 0.5805343202438971, 1.884576017730913] : -1.0
[0.07030718239132216, 1.9321934298049148, 5.3535549402122005, 1.439311744940226, 1.5323000156035353, -0.34745345289539664, 1.863874259452062, 0.8084702646316811, 3.291412869462338, -1.271521872647274, 4.485861218053968, 1.9282451513610697, -1.4052645952992104, -1.8899056856058423, -1.9882620486720592, 3.650242467445824, 0.7580515829701837, -2.4452239600888404, -1.3750061350527965, -0.22013690586498025, 0.20990574439363516, 2.631532906893049, 2.779229817401885, -0.6008956864378501, -3.719608692901979, 2.0419076343154394, -3.819337375754639, -1.420889686950255, -3.9350754220916118, 0.6358701323801479, 0.6789827294919923, 0.3463404842135701] : -1.0
[-1.231130894754832, -1.7613696330901127, -1.1129318348186432, 3.2519636884172853, -0.16517331111349526, -1.6756038257528387, -1.8940227298457453, -3.9319244239115894, 2.0998183550053167, 2.0499936892681503, 4.306978519858819, 3.228527995002599, -0.7781015662047235, -0.17514798924109543, 3.1618824562665098, -4.7234691735764365, 0.029941242279674984, -1.529745738018833, 6.207395394297265, -1.3987583090154219, -0.4181286571000844, 1.2336042587657472, 0.6161372531964766, -2.569217567830285, -2.6838606481198135, 7.057645455322396, -6.014721189149047, -2.034335725274073, -2.3187656567543833, 6.924095437331122, 0.5682892802785363, 3.396618723458155] : -1.0
[1.345732798821008, 0.26931106671372684, 0.4236540868471179, 0.06961307318326594, 0.16783449798705918, -2.5165770320893257, 2.877879445714478, 0.7662487651323122, 1.4625737842642803, -1.493043857040416, -0.4618035505927528, -3.047098064746558, 0.72708142412125, 0.11413389765052717, -0.9247510044035087, 2.2737102448505, 0.5436849948587634, -3.326466853018663, 2.772329981985369, 2.491325217200293, -0.8054235799112621, 2.1051597254846635, 0.24240062573718946, 0.43641039150310035, -2.9597465941013246, 0.5004931554604733, -1.4496536689059694, 2.7770075479928606, -1.104480258849731, -1.1856567877635817, -0.6029904880213757, 3.0612728417192736] : -1.0
[1.5904370034563995, -4.622263941002129, 6.159536914187072, 0.13051945665114179, -2.893821356154973, -6.489002237622248, 0.6179440381295911, -1.2196244495244855, 2.1001189669548985, -0.9903693537886401, 0.33553672906779747, -3.5218745698156657, -0.3723283564400506, -3.2585986189903258, 2.717748180439279, 3.343042644262108, 0.7364563397627528, -1.0281273948056464, -0.7160130507631741, 0.6882322060313293, -2.616316012622915, -0.8466853472672159, 1.861197868294144, 0.974039511605763, 4.053043762159859, 1.664260109453374, -6.126990002863014, -0.33194627394981185, -6.245115650487348, 2.881471081306738, -0.27360606261319886, 0.5144760980550669] : -1.0
[4.159930787088851, 1.74658916376263, 3.4430294225828018, 1.677236696969792, 0.06133468330237715, -4.014175147747543, 3.0185160809998, -0.617612889398596, 1.8583867911081424, 0.38410464723400817, 1.6947480959284504, 3.9433631121708785, -0.8707967719811711, 0.7911781403802074, -0.31050355435374277, 4.700446704672656, -0.7102964223287644, -0.38650181305324716, 3.4723540765993572, -3.764788749972782, -0.2215272488464616, -0.7530852356784781, 2.916217796854469, 1.8943169708495171, 1.6557558149561602, -0.19352570332323582, -2.1406463756418064, 3.77962097164933, 0.5508813079083872, -3.232536852503833, -2.08138018082051, 5.597269320378879] : -1.0
[2.760814381124224, -5.152362534257022, 2.546784831184875, 1.5916234120426833, -4.846585112991363, -1.1697182636524575, -4.297823873159965, 0.9192625961330151, 6.291052664726655, -0.2262519658446521, -0.7014437938003323, 2.118345445974449, 2.0489874107684143, 2.551258773649157, -3.5173441860716603, 2.2201978340615347, 4.948809158864313, -1.5154984245614507, 2.1835227025795936, 3.954866139281747, -1.0418880343819863, 1.1398382659749857, 1.5035119388406106, -4.461879863353031, 0.11144664818106503, 1.7077597667950515, -0.6135363490547294, -2.4883442970588026, -12.821301459212886, -0.23187528897249576, 2.171794165865897, -2.463500952891689] : -1.0
[-2.8476994464990053, 0.1416408804787319, 2.457519389492177, 0.6462617422833179, 7.87306652799355, -2.819587951529499, 0.8132216609120582, 1.4984678640570142, -3.747139897370589, 2.8835435172408816, 1.8992394625434526, -1.3689178646239923, -0.930666036632929, 0.40246106007689475, -0.6685919646871235, 0.39607274046656205, 0.2008928172288057, -4.461036893254901, -0.746123475865309, 3.105188775092393, -5.3774625768276065, -0.7758197655281837, 3.5055345652665038, 2.1069595898540507, 1.9667054180583385, 4.079244988096243, 0.21681312331089808, 1.0430169350824638, -1.8350030418164058, 0.5918567420253771, 2.541774607549937, 0.7634826611460783] : -1.0
[2.2992022056486388, -3.3428900896199263, 4.8314729815440565, 1.3991399028836702, -0.4953871644850881, -4.235511151579811, 3.013787234337976, -0.4907745043338131, 0.5619508267823934, -1.7553163449316482, 3.979119414790972, 0.3904437151547907, -0.7620490567609817, 0.25200986856245033, -0.007069893063795463, -1.4625526417236137, 0.4084309641874764, -1.6145589420806838, -5.223482450924682, -0.4248227377020519, -3.319412413406604, -4.6660243009195455, 0.8661148245096275, -0.1901271729897438, -2.249345295168695, 4.430653513926077, -4.680420015310354, 0.0585999164851731, -3.3229818864514407, 1.336231155680306, -2.573440641618519, -1.7107424516124146] : -1.0
[3.7559617292885044, 2.990494833064769, -0.8818488160033664, 1.6324002152153327, -3.5393788304426765, -1.420055966869789, -0.025512440815450267, -2.850589970428562, 4.5654118586808705, 4.22051478554171, 0.35750272365227337, 0.4594385511900947, -3.1184512569897684, 6.370316471765855, -2.4878265225624436, 4.884003526259849, 1.0794746501328043, -1.3704946439222214, 2.4820652754103008, 4.641603263536479, -3.1509526554170826, 1.2785743792242106, 3.251680781334387, -4.973768772136283, -2.4717489879466985, 0.014913333860581579, 1.2199369691011763, -2.8419261393286703, -3.066317160885814, -0.7907327034830463, -0.73183153410462, -2.3740461613656523] : -1.0
[0.2271375694337272, -5.098388251813124, 0.9999087849545971, -2.0714363747571904, 1.089212728470815, -5.190698557554953, -2.6115876774109905, 2.8221967072516216, -0.8400328935191583, -1.0491855392680165, -1.6433186124858281, 1.3440645605161037, 2.6303682783387554, 1.6230149861995902, 2.1545830659811105, 4.663046063444835, -4.086362265770762, -4.8917849312039685, -2.83514180506317, 0.043021463317293396, 0.3389328935166982, -0.43609864077866306, 2.4116182538694932, -6.053300097974394, 3.3755728507850167, 3.2240886604813426, -2.4719710035747924, 5.05729869839452, -3.575485226545062, 0.16353728176657145, -1.8848446206054532, 0.1434577094357361] : -1.0
[1.6784595334741907, -3.4370721462442546, 3.6482526692765855, 2.087690168733726, 0.6589663850723867, 2.2275812882934574, 2.4017762492477757, -2.0667094866163795, 0.70020820099866, 3.3196443607861195, 1.1140926010354393, 0.9939584378193825, -5.843265401698593, -6.58109457838573, -3.0893690246941867, 0.8776485590221462, 1.1504288468810886, -3.9699851561141735, -1.1518640658082684, 3.851274864800824, -1.050771551628724, 0.39531686326768234, -0.13650211243405241, -7.109856804572377, -2.8920351294171596, -0.4202384158946364, -5.2489023730528634, -1.3978809644108006, -2.08367181154533, -1.2429536051856651, 1.4100542821041626, -7.152541449377547] : -1.0
[-1.7465884299213872, -1.6347498702260257, 6.719650176325467, -1.3459413015332458, -0.7850520924357969, -3.5723287486755257, 4.4992307354989896, -1.3730099548030426, 2.5311324905295347, 2.012707988015977, 1.1452572929013414, 1.725527950793539, 2.428273974756128, -5.370777848116143, -2.666631212158204, 1.9071774969996844, -2.9450406080483758, -3.0836311564106373, 0.1322536226838387, -1.7235453666186287, 0.9378324876825876, 2.7841914563698973, 1.573388451568649, 1.105951378910821, 1.9339304086287845, -3.985873573224249, -0.20216027300897776, 2.4282353410922526, -4.565135812278479, -0.6275960621821035, -4.063349635708999, 1.6598629832538034] : -1.0
[-0.5414093624324254, -3.978483111728, 3.390226140841857, -0.9298393100099376, -3.009995122259771, -1.03811442803099, 1.2242963917544158, 1.5328037039348843, 3.1726950714156894, -2.0768272498626823, 0.37955509631044554, 2.478685773530098, 0.1037168152704433, -1.0529577613281458, 3.2546839954514497, -3.608343653998375, 4.963634279875538, -1.4694335219624495, 1.2000581126830356, 0.1771160724933627, 1.5549932888728741, -2.962728307933816, -1.718527781256696, 0.8010637401587464, 0.7937091515231809, -1.3225437100011732, -9.464409931256748, 0.07463243379629736, -4.411497803880833, 0.5994004420684824, 3.5858099353841095, 0.37113681376024255] : -1.0
[0.3363071648795794, -4.18408552861525, -2.6811764731766665, 8.5444566247317, -4.095239285368766, -2.09378635351846, -3.8464058788567383, 4.900066157669033, -1.2408624338235041, -2.44243982780816, 3.1864311950484248, 4.542295808450703, -5.710706619677815, 0.8448441893788877, -0.8191891341395676, 6.671669925006025, -1.0436592328277465, -4.866594575057491, -3.0238875688656623, -2.4214780056049423, 1.9395418904141462, -1.6854611729667517, -5.106385994106076, 1.9462670568827924, 1.960422308520553, -1.6499764739704108, -7.772118084076214, -2.2310023020985987, -4.269958621012483, -3.2036314646727497, -5.881967373285313, 4.753378398975897] : -0.4644168940457431
[2.402267863418786, -0.5999088743879342, -5.149742449324247, 2.422329180255944, -0.8333972023896505, -1.7763126165374117, 7.550524047404628, -6.448281851269262, 4.790491136906405, 1.7791427912015587, 8.22416044074773, 10.633904350235696, 3.0669386011240567, -1.888859996969416, -2.730646759570601, 0.5151161992883155, -2.0710378247164662, 2.191572068733606, 1.7904652490694062, 7.746896227648118, -4.470401963914044, 1.2810376275247193, 1.925727237945347, -0.8128442445089332, 1.1320946382064334, 4.9481926687068025, 1.2522565540933233, 1.408519653732782, -6.263990179824017, 6.2537296507584035, -2.1692694607615577, -1.9856577469974523] : -1.0
[-0.5106171950956561, -2.637041215200367, -3.9315482886578206, 2.256842488847557, 3.5557439246029023, 3.5532058272901543, -7.183106503613644, -2.3755267825298407, 8.452078445548594, 4.518655818982635, -0.4897432683263556, -1.3606898460963834, -7.692720386087328, -4.586168341703887, 0.0471404829175458, -2.8568841456093517, 1.8296811934129926, -0.5972387369762113, -2.9918844870364083, 6.42281541784595, -2.0419627538228853, 0.2562768210939774, -1.05897801453213, 2.0439839493792684, 3.5897454224623497, 2.319761781159668, -7.205460788873178, -4.098853686472062, -10.655425228180665, 6.709319112142851, 18.911921848602688, 3.3429093408536406] : -1.0
[0.03767824215097482, -3.982157864541052, -1.4031602856732401, 7.320035491890733, -12.630085499358074, 4.9303462767095425, -1.9459375263258627, -7.888466320514833, 0.27833185895554413, -4.103171259573796, 1.1083092127530074, -11.648627332758226, -5.094589669039994, -2.5284866938063804, -1.2129752052646199, -0.2789135714185222, 3.673225535295371, -4.321965222179985, -1.1436970901829056, -1.8892238162770938, -0.26945797836620566, -0.515754668097316, 2.214724163879522, -1.6331972566907198, -8.4197818841033, 0.7605852998579032, -2.9086867038655466, -6.444847540505751, -1.7296545274832558, 0.776672954692106, -5.235523070097334, 8.371455139747999] : -1.0
[1.516820058646629, -0.6799117470205776, 1.2974850429752636, 1.3966771193290262, -2.0865574911009834, 0.9109330634643062, -1.4199912086601079, 1.7241887850024193, 4.732386779630167, -0.4246410391098644, 1.8351076652194027, 2.5302712529068714, -0.23650947614310125, -11.470733609644656, -1.2496468373032903, -0.5568697579992778, 4.019697832063896, -2.793715020130385, -5.150845774992633, 3.6584922065904104, -5.883632714127629, 1.4746963102532624, -4.1305473792030725, 2.161886995504306, -0.6292169997783614, 0.17775398293812827, -8.161417168704894, -0.8614167200017471, -9.776918054466588, 6.987719894446129, -2.383215110118573, -0.12405560809824556] : -1.0
[3.334450163905641, 1.1041376147460482, 3.26453992899526, -0.5038874049951134, -4.576735821983887, 2.897559723842362, 7.088418566579511, -8.383536959758635, -0.35326563507116093, -4.25926988926871, 4.263653534768003, -3.3612330455973503, -1.6364565365344639, 4.556846647948541, 4.94542657901816, 1.5846949008969993, 2.1873969829974906, 1.1500158735168902, -7.697999242066867, 2.523683897021301, -0.20016500951854743, -5.825375288155032, -0.7042757971077604, 1.1624512252970693, -4.800776429683065, 6.488552960073841, 3.1052988800334287, -3.6901476414085037, -3.5469789199427724, 1.4629568922972784, -6.117926846103643, 4.063766155047717] : -1.0
[1.7637273117019276, -5.055221804819055, 1.4467193544096058, -1.7047034535327419, -3.3882364585465408, 0.7310876306960332, -5.391366681872295, 0.6377458454747215, -2.668278329036725, -3.750669296357909, 4.702615390370786, -1.3595480136793336, -2.08497149302615, 0.40760275032354387, 4.341282760559008, -1.5727944588454328, -5.42883583668076, 5.520291755300342, 3.9558669882079114, 0.022304644729768563, -1.9146045398188525, 0.477596015412761, 2.341939179373486, -6.5862116534084345, 3.4591083180103563, -4.332348021425748, -9.836902545999525, 5.762055016064108, -6.950701945025663, -2.8930315739664243, 3.0338297471885607, 3.834350483316327] : -0.4647153074091131
[-10.964105758164768, -5.07375802249975, -5.624383860145662, -1.4406124710780897, 0.730898725333975, -0.5557967609154375, 1.56880903204188, 1.6736883432378336, 1.3129572389421227, -4.654233629080433, 7.668102301115311, -2.4850372447754197, 0.3790475285651582, 2.4533593454707794, 0.5151296827996257, 0.24547073422413482, 2.5523623407639855, -1.5735408470832, 2.211112140308491, 0.6531398904849375, 0.9463963446638615, -0.9734802863861782, 2.5766882601119505, 4.759029448493124, -2.0184967321253815, -0.9908586392131592, -6.24466128010325, 2.9019297595962783, 1.540945762982302, -12.73595449652445, 8.572116859963979, -2.0725766589490737] : -0.5299696922302246
[-1.7958787422781728, -6.103362667282139, 1.7312252448240724, -1.8152699334286684, -1.1375612305239409, -1.1293700421721766, -2.262775286913903, -1.5455514613535208, 4.795494454993784, 0.5339252584584893, -1.9013494313887236, 1.5616662496893836, -2.9571360970212694, -1.100827122648904, 4.100622339746596, 4.312686323898229, 0.9405555883446282, -1.7019318488747865, 1.8054482977445052, -1.5559713439960257, 1.5607687463277022, 3.6601018477502354, 6.323146873935959, -8.589752760119834, 4.391079887371138, -12.619014623435316, -6.1499195319577105, 0.2059448396307248, 2.0918166165101617, -0.42077845071551834, -2.460404086138189, 0.5612283815544863] : -1.0
[-3.5972292356837094, 0.871325052686472, 1.8839702462308514, 1.7702495698643617, 1.7903023877462496, 1.310862349412028, -2.9495074328262545, 2.2736628195077686, -2.4004137986415994, -5.126353733830156, 5.65455684462199, -11.236401163704109, -0.49199123049199833, 3.421574407916258, 4.597505515430514, -6.318018607814331, 1.1663394634894917, -4.083831362596858, -2.0223030494828755, 0.865315100927669, -1.4195289261817496, 7.978678064650072, 1.0013939577750053, -2.246214298258913, 0.2980411523540995, -2.2576179290050575, -0.44410024969885864, 2.633129194631053, -6.5603791578183674, 0.14121057619839683, 1.0129595918711507, -0.8809171676400289] : -1.0
[-1.3453451426926484, 1.0311486250630801, 7.076560445681828, 2.8751637625437745, -6.428529096215441, 0.9876285265384768, -4.591704740222715, -0.09435028675258927, 3.4792064880887046, 2.0588641433280754, 2.1681133596297757, -3.8644171680040236, 6.245187018251998, -0.48545492649314353, -2.0699977766440965, 0.5417725145744366, 2.457075589034854, 0.4914426558190539, 1.3381722883761233, 2.018039116004667, -3.9755153809213946, 8.410770535024625, 1.6471456556729134, 1.2664423950814419, 1.6566523012692789, -2.6742260310324775, 4.326305833369787, -2.1248428173999945, -4.963167807574535, 5.869210580040969, -0.9514778564924398, 2.260431751678992] : -1.0
[-0.7306843327653562, -3.6406773640196697, 1.71837026193602, 4.115087306895875, -4.889650923011674, 5.19323104572422, -2.537165797379661, 0.4023338828982469, 0.7958995977949228, 0.5880527768642121, -0.40989424450783973, -7.432314107445972, -0.4325547831946861, 0.5626176319176587, 4.242658171576825, 0.27947043183710923, -4.972213652777272, -1.4657126230017272, -0.7501978059736583, -0.4172032347249397, 2.4328890631124795, 4.714555747311154, 1.4999210999650456, 0.04624718633266883, -5.096476721719223, -3.956716821893131, 1.4207062575874874, 2.339420160895715, 1.1761329260861295, 5.143746462868115, 1.5512325426623914, 3.319009358670649] : -1.0
[-9.23318280109194, 5.351164500112345, 0.20708358909370794, 5.0963152798326785, -1.4490689885828845, -8.166586691990434, -2.7662593702300784, -6.295007175251779, -1.0668514177802737, -3.4579405466097035, -1.2984883180335922, -4.737294635175157, -3.3821288418856814, -0.7236547643067117, -0.7233051067265555, 5.573194890425779, -0.30922495052211246, -1.5766879743261257, 2.6360505633542863, -8.54763996383735, -3.700426409782895, -3.955066288674717, -5.031171419538224, -1.9594988523568453, -1.6086812010911697, 3.0748574570755847, -3.129824242179277, 8.642613530699572, -1.9217853007914152, 1.1154185618119188, 1.3781864298108735, -1.25684845441659] : -1.0
[-0.698836646296369, -2.3842047088609037, 4.178864330752336, 2.45187323607892, 2.4157590500474804, 1.5727542479694967, 0.8384326909229409, -5.992598560607643, 0.027956005356205127, -1.0504569435202855, 6.0751963719182385, -7.2131823891155165, 5.70655034743635, -2.978353068494923, -0.4826091147901366, 6.744522542654307, -2.2664405519811144, -3.5048617859375715, -4.985107223399286, -9.173284489694773, -4.644579227685838, 5.089187925009265, 5.5101012119050905, -3.1637404283399295, -0.3320924124003528, 5.164337469681989, -2.4510582252013107, 3.1181859121842006, -3.695479499127378, 2.0268772862386104, 1.9094794159837891, 0.06563849661259002] : -1.0
[-3.660532432862099, 11.359399661895367, 7.32860749420301, -6.769671297355618, -2.938500805151897, -12.408082184738955, -4.781013766657955, -2.262736375263631, -9.947253798509589, -5.152121576069542, 7.87777278401711, -10.77051189388065, -2.7118758983202707, -6.711854453957189, -1.0452821169869175, 8.807901934624157, -1.0182863208357045, -1.6617009843134647, 6.49496072468674, 5.399659857842277, -14.174072725260954, -6.132859749748408, 0.501182934400416, 4.859036605240567, -11.17356824346048, 4.137708565483327, -7.282641914077723, -7.795037611677312, -2.6595781481970766, 4.869552997464008, -8.758875982865218, -3.3187282337531476] : -1.0
[2.2407600630410216, -1.7473525166129724, -9.661251652849984, -9.775746410867384, 3.48676532306987, 9.294765739609925, 6.685793067473281, -20.978793580172464, 12.514287183622354, 1.3218860171051512, 9.238436680870834, 3.3453545440383197, -0.5927405669600097, 3.397191895945766, 1.5646380374725317, -1.2018582375018687, 3.597878088294006, -10.18914862645835, -14.966044973682449, -0.4143884737954515, 1.2659219833964892, 6.553205681755472, -5.9945306538449366, 3.3968726207190247, 5.695837533775465, -2.097894853365457, 3.222567141532732, -3.619048101632564, -12.313249920956721, -0.23474067296524037, -8.031107683644393, 2.485130779870252] : -1.0
[3.541703067813643, 9.278500741095575, -0.6776094751589736, 5.539030048431577, 2.744320802820203, -1.3929242175750751, 3.0848467197833918, -2.6841881960185967, 0.6821576870752182, -2.0103679061473896, 7.4799848352801055, 6.874840886805062, -0.6011554629551807, 2.4775339720770804, 4.614783243774065, -8.514243779767064, 7.064688281800876, 6.5647355415440085, -8.215502194656148, 7.572656176816128, -4.716723674931618, -3.8343649365578063, 4.095155173577184, -4.2772705161331315, -0.56874122063755, 8.89965729228648, -11.01815568200918, -4.96596158270078, -10.142412871453155, 19.339582239071042, -0.0032436101292563357, 4.326682717900788] : -1.0
[-2.040333439217191, 14.562463619835128, 2.394263338787832, 9.429063947140165, -13.305585359172186, -2.760141414779199, -1.0515837071737821, -2.7994980399028444, 8.588891906571751, -6.602887771187638, 11.140092241131846, -1.797995334510696, -4.026736239238198, -7.124810043323096, -11.347310574188535, 2.237111353643955, -2.2208902574066784, -5.720777369680164, 0.023272679083095493, 9.665538497439606, 3.7785772516382683, -1.4713152369222424, -10.271733293775958, -7.013671659265034, -1.7016912760636784, -9.598481584301599, -7.1616674725327645, 1.478188718763313, 8.27655404496839, 6.180406747306029, -1.2752651744735963, -0.5802011031426813] : -1.0
[-6.303397916508873, -1.1149329337197376, -3.2265312935393347, 0.07977414154871054, 0.5373102671975709, 5.496142583735157, 4.369782802788569, -11.167316815260893, 3.318148352289845, 4.670189499688122, 14.778063784251984, -3.074026901446369, -4.281910387253209, -6.726252675277449, 2.3145613900818396, -4.974437433130965, -8.616446822192536, -8.281279365062238, 1.1644289123509763, 0.9652765143778961, -1.2481212071255245, -1.8054261238041294, -5.76217872178487, 1.3759978741102008, -5.60249407421768, -2.0425311343021533, -7.411827449578464, 7.7918049110722745, 0.4795232882676155, 14.089466591826064, 2.343685300388005, -6.641485321273859] : -1.0
[-9.85098426016483, -10.511513082574742, -12.293604380408762, -7.600016824292874, -2.6708261512683777, -9.905536741371254, -5.668641827892941, 0.5252189150611395, -2.983133322165985, -5.012828736247613, 3.6399796145766876, 5.500192497393895, -3.06579734453392, -3.9591104498812624, 2.060854614095857, 6.183233375404857, -9.2166840860599, -3.45024187938027, -3.340085042107688, 0.29389550582314783, -12.749394604875354, -2.845362104272876, -4.928193897065617, 4.4295957494633384, 0.9861647273947117, 10.603394004464937, 7.462403603652251, -13.454488313375434, 4.859366999176, 8.774196576689633, 7.753925804354729, -9.113112995349237] : -0.4483023123307662
[2.692094827391497, -7.818035086006667, 4.274552329594672, 10.098092715920123, -6.019194980382094, -1.2652410536021312, -3.1766904802321014, 4.88107116004789, 13.869638290118047, -5.124510013533255, -0.6178356264102254, 7.648682580947509, 3.870643114178913, -1.1164434620231078, -9.535295143317216, -3.952661916218928, -1.8589137100609503, 11.06253624271062, -5.816471924777553, 2.987943235860136, 4.055151217589589, 6.974660618806608, -11.570997017875264, 19.612667220070982, -11.033011869188677, 5.3277016373905255, -10.987396842732988, 13.127412766621667, -8.513424041601613, 5.749961676143536, -4.730493167687696, 10.293808023102368] : -1.0
[1.1866318703963283, -6.298017786680235, -4.363988332433598, 2.533954350952577, -0.6265636943969772, 4.988666239836506, -14.965416524721903, -10.585152288665068, 3.377454186653819, 5.319300640500542, -2.4291873461440954, -0.6979691597283344, -0.7992966246795123, -10.96317189856079, 12.38246333478588, -11.277277614465744, -10.047400768791046, -8.143491943175214, 7.7305139175407644, 11.330899634064883, -2.0955550017016606, -1.100880595658424, 6.542106914557625, -5.282821512630155, -9.3255622513896, 3.870442650653569, -3.925914511095666, 1.6084732777243194, -12.43069855283849, 8.75602594170783, -2.4946316969087743, -0.2581620978782242] : -1.0
[4.969996160101991, -2.4399749978502725, 1.4741862011874445, 1.9355571868264896, -2.739457621870118, -5.704940225705014, 8.233662985770266, -7.808363417992444, -4.950778530232985, -0.08840307240300005, -7.143034321012646, 14.11793079730661, 13.022655540296027, -5.53792616281731, 6.085652648101133, -1.8113249642127398, -6.96350786668256, -9.955283228919445, 5.055454802487709, 10.312228213867117, -6.475239845771167, 1.2606467911375079, 1.364480925166628, 5.4666509354126545, -8.884272417694852, 0.3611758941084884, 3.9454959220206876, 9.97152861105508, -4.3038450529248955, 14.40294482590074, -7.074255456035522, 3.601936622225068] : -1.0
[-5.551701901476598, -8.747998444987642, -5.9604528422124385, 4.596697646895982, -13.383746015840057, 0.15849913347437616, 0.8197077850029785, -4.5477292348899825, -3.247772793031781, 14.98447339986975, 8.141298926139076, 6.684417083327925, -5.53091691331554, -7.447523042279297, 1.5482123910957486, 2.6394342464052865, 1.4198291036247495, -6.636392349412291, -8.9970882313664, 8.772023407501983, -0.20219131503204402, -1.7100262046824186, 7.8762002969168785, 0.3151219723766169, -5.366217217206831, 10.819348055757816, 2.8822025404024787, -3.783013550278705, -11.392292606227706, 3.846226237392143, 1.4975941622707147, 9.59111731517488] : -1.0
[0.9750247194606965, -14.611148170689203, 2.2979323643627003, -8.86142883259953, -8.294565539619219, -8.38401514436197, 2.3088784521861214, -4.873756522111557, -9.466392470562724, -3.352387869467245, 10.860386786201229, -1.1908397329505698, -9.29604137789312, -11.826386488722857, 2.806412124365634, 2.2444542145986492, 8.671736104129593, -0.4204652744106494, 11.298733005153998, -4.44534379288574, -7.172997863781097, -4.716910454168566, 18.156138907684895, 2.091888728020317, -10.294616132738152, 7.4586197239580745, -10.333646900700222, -2.162393041314092, -2.913208033094931, 3.9139345390616174, 6.9057856271880596, 8.409973495770354] : -1.0
[-3.944926141956519, -3.924163454170616, -0.6530259503095983, -2.390041879958273, -4.517358221865491, 4.716140211188533, -4.048243543412921, -4.4131069020965565, 6.078416127228641, 2.2040136663671666, -6.887510073768691, 2.111983924966501, 2.867698790729885, -1.2894277504832685, 12.23500118655584, -3.904849437300457, 3.4083890098241856, 1.2690249354371417, -5.4062916848868525, -4.229083754959802, -8.824794618734256, -3.7066141808222746, 3.1671967449936713, 2.3859491224070686, 0.8923499582553936, 5.5229242046816935, -1.9288178753076348, -2.6493526283892677, -5.862610734453842, 2.0520195991485624, 1.5087818822611452, 7.540335098275399] : -1.0
[-3.2757857224717446, 3.712801157883821, -5.178195710100946, 5.152715144371506, 9.799423265399538, -5.8006878978217316, 4.457176322498144, -3.213436789680193, 8.382888434446901, -2.09758022486961, -2.2837392403619603, 3.7318326538563156, 5.701489244056949, -4.104472778112298, -7.332168882050146, -1.519133766403334, -13.23506726773602, -6.921075941224055, 10.602194960879057, 11.508972774228624, -6.253490891904374, -1.9877959512337635, 1.2754466784979002, 6.123642365798385, 2.6692304224607915, 6.193189560109068, -2.5173512360867134, -0.3696618691766158, -14.021478927916638, 4.8699681636755265, -0.9766222082909823, 5.105348334131339] : -1.0
[1.65201868327211, -6.598532536125456, -7.9796617494282325, -3.66044141102191, -5.811969230710483, -2.845969501194984, 4.431752366559117, -3.61492641428144, 10.644980163997344, -3.69755972810332, 7.577237930611103, 6.430682035688299, 0.4088316676157373, -0.5775855588568031, -0.05469501631762497, -7.503315167818817, -13.771740944267293, 0.5080785679243905, 1.6004762810295097, -1.6872559907877696, -3.546736897191255, -0.09715899780611026, 11.441000510160231, 4.055116147669227, 5.738632286247945, -11.241510281579238, -1.4040517128825885, -3.13494317954273, -14.898361400588657, 4.616257932185918, -0.0930971206423743, 6.914599493532287] : -1.0
[-13.94792859251442, 1.8487299981795582, -6.189206330573242, -3.4174440396453694, -6.174385174271377, 2.75927311017914, 6.685448128053724, -3.6340995652545, -4.078748432218708, -1.2291027144212054, -1.49512885054836, -5.826084169874106, -13.442899120834987, 1.732844390974214, 6.649094386177145, -13.552163192542144, 6.875271137247992, -10.257686072811847, -11.15418866269079, 2.0006788184323927, 1.5372178120219777, -8.470727332879088, 8.063463943809575, -5.770487886240883, -4.554694861265983, 18.16429717337593, 0.618953761777707, 0.8627443070159373, -4.750519336904901, 10.386857260917376, -2.8775076028328517, -7.247970703833132] : -1.0
[-9.252852286617818, 2.674804643783945, -4.941007460998968, -15.87402214755151, 5.3001320946818575, -0.5357565386443688, 0.5350425332255363, 1.15428945593324, 1.2841935998667173, -10.532464085257995, 18.026925834616172, 0.2481582554798678, -8.473205261239643, 3.092773990376572, 5.642535575079842, -10.802498933066614, -6.603340415229908, -22.28545774438966, -8.783827279964745, -11.218194818454094, -1.3575781868435186, -6.2400907414796976, 5.409765065361102, 4.32129077289595, -2.852461715392491, -7.9267285292752225, -4.757981785467041, 10.046524753358241, -3.2735551518565424, 10.293385979905441, -3.8963729562276783, -4.436460803823953] : -0.5525409525090997
[1.9488235794689925, 14.197194824837755, -7.082742926205693, 8.999976512213099, 0.23789551444166301, 5.609737229516393, 1.2139690457636418, -11.960900226863224, 0.7886219364929632, -7.4839272829177625, 24.530568739066076, -18.209292164184298, 4.02397165679133, -6.69159999171703, -2.0220691657831233, 0.06470057592876399, 6.7364259627061305, -16.366162512739585, -11.460843115571821, 0.8131104897385923, 4.822448120752438, -5.6242889400143214, -18.572795929665833, -1.0889287765186075, 12.076784623669283, 11.848514198987603, 9.334897478030008, 13.88075228030722, 5.068766981821054, 3.764085781039648, -0.9431275342468455, -7.468134709569062] : -1.0
[-8.772097650207, -4.188635955250278, 8.57701088561112, 10.588634057768378, -12.339567530294355, 3.6146666647054078, 7.94069223707183, -2.714670953583534, -2.4891190876312796, -2.5635134839020663, -5.2645375476886045, 0.7131920886655976, -3.316955809684962, -2.6030441224048335, -18.531392480006566, 24.477778467862922, 4.59857486036674, -4.250520864989574, -9.202027454686487, 8.098211736135614, 6.6485140251102814, 2.1068980416707337, -19.55287950132998, -3.0178580507824906, 7.053554542538567, -4.9027651787150885, -2.112749373755105, 6.808892303341456, -2.209078360113904, 22.72476018311475, -0.24554149450771678, -1.4433512705588543] : -3.0
[2.7525015557852743, 22.88339297801487, -15.106441902440231, -11.490935465800579, -5.716262859444112, -4.487190154515923, -3.583829847004937, -6.816115537016647, -8.268712809020254, -12.130247995854607, 12.390297948364207, -6.587468543521661, -4.730747362463716, -19.43329924424412, 2.108076466798327, 4.92004760443743, 2.9627849829855997, -20.653042427179894, -19.003979502790614, 4.587719320063326, 1.1207913543503505, -3.2708033243352483, -8.312345941472994, 4.005022847430777, 8.921716680288387, -6.571906088742758, -15.879442134019822, -12.55605219257209, -3.262183667414075, 10.828538234380314, -2.66648481414179, -2.886278612496102] : -1.0
[9.782241065197635, 16.848929952202194, -6.1952527632162475, 5.1114161005424315, 0.4878141125617199, -15.624169178642516, -3.157073075691976, -7.511444452133955, -13.006835328359772, -2.842815977846549, -8.533892348171237, -5.010689835464722, -5.018198679551519, -10.806159986442928, 23.020642517720066, -3.8490967023146005, 0.8771707902546506, -8.534757888702742, -13.722141775763133, 9.79698951046307, 4.535260790079623, -4.686941225151444, 5.2119101120605364, 17.487338900281987, -12.664971557338166, -7.255099887619841, -7.713666228660735, 17.816010034963867, 14.456319551405727, 0.8738122559150359, -19.835149539328064, -12.755227516211782] : -1.0
[4.485701877217387, 1.1039659555553971, -1.5184809125780625, -10.4387819798036, 8.772293833006566, -13.69290686263514, 11.606550766958373, -7.8146999939063155, 6.174849404128026, -1.1323460902445974, 6.0705698220742, -13.12116486809341, 5.468871835106446, -13.525228913803875, -5.561224970118069, 7.270653023700445, 5.862658729246386, 2.8196890648526916, 0.19624161641301407, 8.583815772425641, -4.47432119951065, -24.92724584297726, -13.219445802693722, 14.297798621176966, 6.574131626286036, -0.5556778137851708, 3.6740291403046923, -3.697981666867144, -11.8110611039106, 6.887637525420251, -4.319403709379749, 2.2973012993603206] : -1.0
[6.786219934405541, -0.5422122200279498, 9.622339267823273, 0.4450487260003877, 2.5657586227519067, -10.414194066850323, 3.260803361531459, 1.9518192868908386, -0.9203485080996303, -6.175218530830165, 12.98033811317812, -13.80781471560283, -5.790125751907205, -0.7314439492439888, 3.994841041650988, -3.322749623013846, 9.556517583414848, 1.363528529534742, 1.5099141774191245, 7.207312239518309, -12.764688517042723, -18.43545611996619, 11.498085839313172, 22.318299113753586, -13.204661180695505, 14.169072475356119, 2.121757553240755, -11.465103131308695, -10.434038483016852, 0.9345164030903232, -6.55519641879912, 3.0168715967298936] : -1.0
[-8.13564945743744, 26.664544866096843, 9.605168184929594, -11.040152321204591, 1.3076839053132965, -10.839992120923673, 17.525461682567425, 6.445211037130889, 0.05293112109721099, -15.304196378430753, 16.004776212533336, -27.0169834669345, -9.91914586483432, -9.073088988888953, 1.6697151065819646, 7.640062304033779, 4.76799134118315, 4.681087026214047, -9.842355562784753, -10.945563022083448, 5.110210723211318, -1.0641944255884659, -11.875362808575417, 9.286029280880312, 5.140749260516493, -8.204424703387915, -5.999197512263664, 4.114060982186593, 2.092603730916979, 8.405251774828466, 3.4926703329939226, -3.4736349180321358] : -0.540727745402943
[8.665432211451899, 5.7563552944821685, 5.907778475072972, 4.243416513030126, -19.24926097247978, 3.5049917796953487, 23.1778018326087, -13.993709124585017, -11.304450535072897, 0.38672543387835034, 2.2371045617307805, -4.9331211331322455, 2.385330787990075, -2.6718749797988326, -19.365995936783445, 7.492554673777682, 10.023848783921647, -0.5489152754094384, 1.1051853347356442, 8.169154328959893, -17.30772947767031, -21.695534558590733, 4.312524034312279, 3.8018368422513813, -7.301660325717579, -7.877995109389599, -1.2935127386113052, -6.532203752890185, -0.41857767658478195, 0.5677432072822155, -17.00784286019629, 0.28247406551262194] : -1.0
[-7.719540507738, 8.267763958859533, -3.079185287996635, -12.10561131673624, -20.809606273831793, 7.559685979051357, -2.1023818573795268, -1.7514703470076993, 8.346111842212148, 15.383358398512147, 12.928287828432147, -10.7502129330991, -5.190787593563981, -2.8338536266156558, -1.0139293069207873, 5.947645175027481, -0.5529524457336423, -4.561275554265247, -12.652170539726997, 10.204677282059762, -1.4978620543932912, 3.400386891643734, -18.31742531403347, -11.148166550848197, -2.4788243727454384, 3.4754978198502045, -17.504878397717626, 5.197838818580789, 0.4505746001834563, 7.721280161917922, -8.901393247207931, 1.7980602446736824] : -1.0
[13.7664151333568, -7.033529720654708, 0.26995222595836177, -7.498574242892599, -7.88170014207535, 3.8316400828717097, 25.57805649742517, 1.0388091638007442, -4.899643214731655, -3.3700601361903404, 23.862340287783365, 1.6988528653593373, -3.578255901924024, -21.477599986789492, -7.322016647014591, -17.536942222447813, 5.654340977689619, -3.2655411047666614, -3.9029342449506, 6.425493772946302, -13.40774012207046, 0.36801194560998973, -16.157327916286167, 9.488135891642708, 2.631074537556759, 1.795534568091354, -6.898821920025897, -0.7172230430401285, -12.852303898756656, 6.0877561985000455, 2.220143559663418, 7.577363374162437] : -1.0
[2.325005769872785, -0.19288192657328374, -1.9281421821874818, -13.105661951575534, -5.241629075756185, -16.517626207428698, 16.200419216940407, -17.760234434213316, 0.8690777801617742, -14.292668739258584, 22.535608418601903, 7.40377684940769, -16.332316633064682, -0.030452306333534462, -8.14000515433372, 2.457807401116961, -9.6300967453723, -2.625119518489281, -14.141559759460321, -3.595817812039093, 7.679462699290148, -18.84516399747879, 0.5751839280595048, -4.323299056325993, -7.522800081908759, 7.492546591505132, -1.0148085755337428, -12.154942925418354, 15.027616338471848, 11.588957785386683, 3.8362331791597377, 5.440274717647748] : -1.0
[4.733814725264475, 7.785810651128756, 9.983134886663006, -4.11750747921676, -3.3169182586111985, 3.911486060241293, -19.039458782892353, -13.914833153289958, 16.609581201631116, 7.888937184911218, 0.09368642793958237, -1.4217163938285138, 1.4499583580986752, -10.351173647645222, -16.678108168646048, 1.5010649123990123, 0.35955742092354076, 11.284151169734752, -7.421081316690131, -1.417421246119961, 1.4616967957290221, -12.848433289545337, 8.41234922464144, -7.158366514113028, -10.488656582990846, -4.451364276720598, -5.735593449774894, -7.118886632655193, 1.265225369649606, 20.813892882514413, -25.70447960464736, -3.991144977371253] : -1.0
[-12.120970039587679, 11.288724946790145, 3.444356409981344, -2.5556510210661, 2.2979668362734973, -0.29428372363713773, 30.383134681620923, -14.119230386048043, -4.234672490981847, 0.44616664957113983, 16.045823420296152, -1.1623688334248072, -7.745224745020014, -8.117603663369206, 3.994263020595664, 6.658871255838986, 3.4984142240096467, -25.661784752854167, -0.859939766095783, -5.086371716318878, -2.162331373794153, 9.065853400420242, -18.69212574209032, -2.961226154585004, 8.459299265348248, 7.755816203955316, -0.2135545953129978, 7.77699321631834, 5.8166382143020305, 12.92849069629611, 16.082990378798364, -4.000057758324696] : -1.0
[0.3246456268791258, 8.217316840750495, 6.776711239637704, -3.7873916021907865, -17.98911788184844, -3.8889561490073863, 17.71434248230466, -0.13553368544357802, -5.300732089274499, 8.079622339458219, 11.006713598311554, -3.59887868402835, 2.8834372409655487, 2.103871911912784, -14.951999917497059, 2.8671195735362556, 9.64952252296237, 2.1065618231906598, 13.949649941686637, 1.272181494066769, -0.3883507686915135, -0.9866899203422594, -12.785717953673121, 29.684034823025673, -13.044354905002518, 8.828159853362262, -0.9605492716096407, -8.267629839860597, 7.17302372699617, 15.816745675323283, -11.263049702664354, -11.712448744464815] : -1.0
[-10.888106384252634, 10.019223929150684, -0.32048572907225825, 9.545052630597333, 2.9726299644025485, 3.375810561741546, 0.9589655368592873, -4.207969321016385, -0.5673898360628189, 1.5759232869476616, -8.470435755081711, -4.511110815056914, 11.397598741716592, -5.679519444887861, -6.177311642890064, -7.124951261374044, 10.051110998983807, -20.02745427668216, -12.09536549940116, 25.815308468212642, -21.731475242549255, -6.144615909082085, -11.684607522686798, -3.897312870423078, -6.250095473276413, 3.7868228898069165, -2.552468182555719, 5.3361387366728, -2.7200865371668095, 34.4863304597897, 5.277746820758539, -18.058272882106113] : -1.0
[-4.3650757042924155, -1.5810123801048954, 8.44090480265244, -0.10651244377503843, -1.9191103951172832, -2.6084861980448393, -0.025256374945232807, -8.49143482432317, -3.3761548178782164, 1.937781285489832, -7.012563513563363, -3.8268755053010115, -6.61086634828696, -11.119587438551005, -4.2707238999367725, 8.160663928055927, 3.458223961963422, -17.932814962421666, -25.767666650271465, 10.45898423635796, 6.118405508178442, -6.407973848530957, 1.644826238480773, -4.702030760976089, -7.260031532720345, -6.372248152406059, -8.271755142110734, 16.78755397890849, 3.0747592003759108, 23.235489205049085, -11.674001492827486, -9.20640994332069] : -1.0
[-4.790193952283732, 14.439491109832852, -4.642821764451297, 7.12854409389774, -1.8157200276666083, -5.448193769683226, -3.0150073191444937, -6.940030801529739, -8.562993551239046, -2.453579308983124, -8.136504957917447, -10.570321884015048, 9.234492574037805, -0.5315940153497669, -15.926233543910271, 5.880462690433148, 5.883579484760542, 3.7171570052994802, -9.490473404698836, -0.714930035996086, 7.7677596020357145, 6.848131472908087, -7.745989295281156, -3.5632593431785793, -2.2662747595998773, -14.822830388019913, -4.890931660081646, -5.789712314818639, -1.9208871167230415, 0.8637720483798805, -24.12576998547678, 14.829309001281885] : -1.0
[10.657949448665015, 11.751801540151876, -1.1014843278351862, 3.1847790774750977, 2.3516407374074735, -0.5370606379892564, -8.043943078353722, -6.656241809728803, -7.446166265682734, -11.279917038895155, 1.6654617685593385, 6.779003808239344, 3.1558770040455233, -10.947864922492265, -1.3177748082539722, -1.3381178207431947, 3.7895863003103227, -8.01023043445429, -19.89458899752944, 17.40480482524196, 3.9870882165277926, 4.6707124417706956, -11.522634235215772, -2.5273854818113772, -8.595862031364277, 0.5448455642751693, 10.264355825913317, 19.229442548274143, -5.655040231338908, 17.17034915326871, -8.14515065398296, 2.957139336042336] : -1.0
[-6.859639208583189, 16.078281827703176, -0.10427728633082523, -4.730628418362584, -2.731499810731889, -11.3799082422126, 10.601971695727444, 2.956082384617117, -10.587301497410962, -16.030546868185933, 7.049260826795168, -21.429850461897328, -6.537808629609321, -2.321219115682314, -2.91099912907671, -0.39825250167389115, -8.17421793262429, -12.206701182105151, -2.1295761686965786, -4.612943155642963, 3.3412921031982012, -2.6993819752080075, -17.581610682673602, -0.5586161797784194, -0.9179019698824264, -8.874544977341397, -7.459111501105177, 15.59138330946567, -4.281000428463456, 28.449740535994636, 2.8979116099343374, -18.461646120434175] : -0.4723505106839267
[-4.7823775469720164, -5.293588653158595, 1.4341224973732718, -2.6937850399361176, -20.366273780870685, 5.200031367875395, 4.901212492957695, 8.748007415752424, -21.598567197444208, -13.267163218948365, 0.7945656889971984, -18.266511450027775, -6.213144464487875, 13.16610275823952, 1.2376720911984158, 13.358586176548021, 1.2139431182198086, -2.5379476875968203, -17.4047404037925, -2.9222852808786595, 15.981108798277049, -2.059702973680141, -21.50652144320829, 1.171848764815182, 6.226320051897195, -3.902069140470082, -5.044506731115176, 1.2729006625477925, -7.6960863580385706, 9.797623401302177, -4.134022133791135, -2.911094472560575] : -0.4645205411044034
[11.331745165999967, 6.814536159191767, -13.630519118086971, -2.251774925736032, -8.405952421594737, 10.467444918624153, -7.530823838067549, 4.045231687502596, -11.624310713278312, -16.51872253108995, 13.389210677856275, 3.701332474609443, -6.876678390273813, 5.9382201211301915, 5.268303850320225, 4.241164319003827, -0.14107893628420598, -11.593991321856388, -9.317545700228836, 4.2129049866016315, 2.37668254609702, -4.992718119112166, -6.6361173976174666, -5.144550983484228, -2.251498783483852, -12.547158891944527, 2.2099637308804825, -4.264071526354704, -27.89974844597905, 15.959900669514305, -17.00569930395046, -2.5557677216725345] : -0.4662190784107555
[10.285929225591632, -2.016814865179092, 9.333002731540633, 5.654190532774868, 3.721049006384897, 14.231705392203546, 2.1222080422579555, 6.808758415162009, -14.682838686160649, 2.449811260156185, -10.330047368615558, -7.60179243953709, -25.815615388559724, -9.556299841015887, -9.256379500910374, 11.381424802510129, 6.832692067667963, -5.214171398827882, 1.713412405660156, 8.39042050187744, -2.9791224930414817, -17.80100101319206, -18.13827854536844, 0.3589345607365575, -9.667268245118418, 16.347796553459833, 8.279062244780553, -15.336591353565915, 9.063963411131088, 9.078396892584562, -1.2627145479187314, 7.473152693791141] : -1.0
[-6.229766024416443, 1.5578873538259734, 2.1839956870703965, -1.4140639502148868, -8.277980012860509, -0.5371948907603684, 6.702201765283889, 4.538874969033859, -1.700328375385427, -18.591462184012567, 15.340335149592018, -13.784740222179288, -1.0529345414722813, -2.409418731803149, -10.273076922338982, -10.814474910167963, 23.91587178459759, -8.114777543799027, -11.07075122600325, -3.824341981487665, 0.05742774331525746, -5.1978720252961415, -15.412493045497563, -2.441715416174611, 6.059233770795755, -5.1396038203097705, -0.10864961456369238, -0.36977944338633595, -12.20336613750428, 13.821813070958072, 3.398988539021804, -3.955402185042132] : -0.5160951614379883
[-2.426670035750141, 0.8001734677712529, -1.3542869109482023, 6.864711739363129, 5.704843397911215, 1.386906039684556, -6.5359378309923475, -5.547975088940987, -13.61990648344868, -16.042942781981594, 12.391100308724956, -9.279655244391408, -7.750643144392024, -13.56689389859786, 2.537624169326845, 11.76549363700503, 1.7231796606309873, -14.67208435556866, -9.766045262115517, 9.825997772281571, 9.346353307731226, 4.855160061849063, -1.40541873986969, -3.8081543270940923, 4.943747891739026, 4.973174008393485, 11.493220516045033, -16.538491697404694, -6.163742770238794, 4.665824357915269, 2.95416620175106, -9.5740307236744] : -1.0
[-6.990889148215016, 19.765319836651607, -3.101783163792006, -7.912084738654625, -3.5364439806485355, 9.784294199375228, -11.509460647130066, 4.339351601206117, -3.6190123495296973, -0.46610389915822736, -1.0190895262474986, 4.307579608579402, -6.553259815843196, -20.133714635613124, -10.569619381928185, 13.161273285298648, 17.07590503282981, -7.082106191483517, 5.520977826886337, 18.126044229650255, 2.3734025613816185, -4.746665577466131, -15.775582039259824, -2.589969071634212, 2.9502918615911944, 11.31050401670307, -12.397329624195255, 6.904859127021167, -4.073478048666528, 15.750136390598485, 1.4408556170872027, 0.4815654170618977] : -1.0
[12.58971786385629, 8.247788451484247, -4.67501889587043, -1.3703418889518924, 8.779789388645485, -7.529877711081744, 10.7461871555175, 4.892687173086671, 2.740160719808497, -9.1246798938673, -6.0367702240442185, 4.4762773797813145, 3.776256625295436, -23.51338947806888, -2.767065448488852, -1.8993565172864857, 1.9023005788893013, -1.7594494095469777, 0.07172296379143361, 17.662509632056832, -5.695376093749286, -6.1819411681750776, 1.4236593121016696, 16.78326716143003, 0.969229676340289, 3.3382793800442934, 3.4828287261034587, 11.01938826172442, -18.382818331503262, -19.0887077913052, -3.3098929353770847, 3.3348509032891274] : -1.0
[-4.082019407501085, -0.3341893482562899, 21.77369373117188, 5.752132234413007, 4.73909452738028, 3.1355785313946303, -9.724155931239864, -12.48573358491549, -0.5432816624992247, -4.3189984920406586, -10.94690037083111, -6.718473889623348, -2.8200135487220477, 13.687904731187112, 9.487858778807546, 16.454121479798676, -14.175579974453399, -14.942262658310026, 18.431336723087767, 5.063179241954639, -6.214161585336951, 22.605765531621127, -16.621837299345017, 19.66770362017367, -3.4231369975051384, -5.600768012122872, -16.82098424784076, 12.166966850473663, -13.185173274341519, 35.96212177511579, 2.631934023700241, -10.996818961931762] : -1.0
[4.471129241231806, 14.665930348483336, 19.817144061469442, -26.721796577416722, -8.678703726938915, -15.065098137237312, 13.278757129475354, 29.821367120279252, 6.040564333063299, 24.745194043748285, 8.628646021225377, -7.791560642145276, -6.1428885596880205, 2.3899202219914457, -13.246946462094883, -11.562853551797554, 24.55965671064408, -7.826920377560899, 12.672352726880336, -3.1294453282641577, -47.89519508415485, 19.902676901806338, -9.095324235042787, 23.774266411953295, -11.139543137249303, 8.894170192872863, 7.535523684710768, 2.545180570495905, 22.473336048775767, 11.81622348563198, 1.6917942051489692, -9.845009004278872] : -1.0
[-11.855266578135506, 34.15457994922218, 18.54971054262451, -12.219702084529288, -6.071136271618242, -7.80337152775936, 27.384683062181754, -23.31947642517349, 10.92474024022851, 7.887633524955344, -3.4581797505475897, 10.103055018776637, -0.7843490252436056, -9.868788711671453, -9.749517282568014, 2.202016751607402, -1.8103437193406382, -6.399565892680612, 5.512775598797223, -11.123303823682111, -1.5718443866693654, -6.904689547433948, -16.291984403885927, 17.20504959434404, -12.13582686170022, 3.1470449018602835, -5.215693588490014, 2.7724149874007193, 22.03223535121783, 20.149906565583148, -13.848604773060286, -4.839130172693952] : -1.0
[2.822229566295328, 16.513595979593884, -4.4258857158292395, -22.31327053338807, -5.9094620225527645, 10.84282527035384, 17.74144833909736, -10.388123629881612, -15.735135754135708, -3.0753236468159413, 48.5376609964288, -3.2085461421573593, 7.531264076226396, 4.342172448211157, 14.580797130374968, 6.746964880759754, -7.756905742260878, 1.9136677597080087, 12.688736994170112, -7.630308351069569, -1.309301304913268, -6.113402595307546, -1.237144811319327, 3.4185582119788345, 13.670158989433009, 17.931487778691032, -30.971524558954407, -18.25649161120133, 12.635790454034403, 29.463496671138206, 6.116247984799675, -31.66840042333373] : -1.0
[-0.39578450596375436, 17.77508075387187, 1.8307113525495962, 13.081848528917767, -5.825100127335523, -5.531871254370239, 13.309601073861511, -8.782219050720036, 14.935215631840594, -1.3545976342080794, 5.774451359511791, 9.955220805132845, 1.698679288459248, 9.023066867657477, 3.8634206103211666, -1.3066069751183456, 3.340323117554721, -17.797774977511743, 12.51936837830135, 4.31691223531335, 16.281006291015775, -6.67575477128014, -29.56784325898717, 29.911551272273133, -8.80720511221383, 11.118267648552104, 13.89227726069616, 12.235422989711974, -16.013375445345545, 29.98597368763543, -18.340193549213907, 10.835542534093856] : -1.0
[13.61259152940534, 19.924966869800283, -16.336774475275323, -10.059578437109664, 8.333329802540486, 0.42476804791254485, 22.93249703550164, -23.929778102046654, 27.00072499134732, 5.367936710381966, 4.033920985752964, 21.97077401169001, 4.587498462548366, 12.708897646241136, 39.105581505199936, 16.22105901566554, 25.213067136217564, -34.769410908146796, -6.922142167977485, 3.7693273802093756, -9.610774228591572, 7.367697741937908, -3.61614051911854, 13.825835619226282, -9.389540772237686, -6.527513985018796, 8.3625706779312, -7.002789193098193, -1.2010554300379406, 23.370430864751185, 0.4248451093157624, 5.312270189120216] : -1.0
[-1.4625246867766561, -6.061738874259593, 12.419131128357837, 14.58513868821372, -0.19697771857495194, 0.4045621992781605, 8.398281750254377, -15.07537272944612, 7.197317711375598, -8.119358832123249, 21.225012416389777, 22.140389807961515, -1.5352252706497826, -19.307696049766548, 2.3725627574244577, 3.103292618379221, 24.481714859367404, -9.188141083903503, 4.537400058587016, 7.748069377065564, -10.472708351470356, 9.488446792173551, -6.387793448635164, 0.1828863260093767, 9.85473986785851, 29.74397307290784, -8.05806221617432, 20.735209787363313, 13.493899910155125, 29.973703473062976, 1.7559030754987852, -8.718872178817866] : -1.0
[4.77653498973462, 34.94173617984753, -2.2891036095835906, -5.717326203717693, -12.842370298715933, 29.638599164376778, 16.001403302074145, -8.215300234395036, -1.6157404107942885, 4.067339731352365, 33.101236071216185, 15.000177694914768, 13.485923084986839, 30.73722740791277, -11.096401919561984, 13.098767388696428, 6.259544524911575, -12.681040397366418, 19.229411087603992, 27.949307242610573, -2.3829380575631305, 4.57960816279947, -36.64241192487235, 25.239611930413723, -0.06283134191248729, 8.959754575215872, -5.563664114547894, 6.750722849493297, -7.741372145400471, 1.9464183697301447, -22.281129987518092, -5.427135461003013] : -1.0
[5.0685419506675276, 19.212624053276357, -6.232402959909719, -8.063385516071243, -18.448504025133236, 15.881737949256921, 23.030315764001816, -13.241649791902054, -3.534839461209314, -0.5498713521327256, 19.594168718929758, -15.066678030194822, -25.30516935465227, -16.231336325927344, -0.14943619215999515, -17.281665232408237, 5.010466362398583, -14.123207225669073, -7.969770514293302, 26.590552521500378, -2.8553837928733254, -10.624408483741018, -6.98886668414653, 18.04779813799771, -3.6030955194390657, 9.678064480847258, 1.4708105505910893, 16.040257275194975, 1.8746599581566945, 14.074571781595797, 9.20662633737655, -16.10889279397746] : -0.9281149777499113
[-21.221109503600548, 14.410084421108596, -0.9171064116237124, 22.086776917917316, -13.312986867440115, -3.6090023138880136, 10.726692805727984, -10.518603840571219, -15.458263252643535, -1.275978581111187, -9.220131812313275, 2.9166019382285184, 13.76054336598489, 8.545775259969869, -0.5027033137010379, 22.886169054798906, 9.550991216892026, -19.040730423567126, -13.676953326195315, 6.449731462359467, 19.792089046752523, 16.636233625809076, -39.93764216824238, -1.1663335736349243, -6.750473353072795, 25.214595918148785, 0.24288259219277042, 7.1514563586902895, -15.30915916386158, 37.43582212493378, -7.102369718263598, 6.4118486474579655] : -1.0
[-24.967732923444732, 4.283065445313594, 6.855612533581494, 17.688680360226336, -5.7224851849717755, 23.769444261102134, 14.203514542749891, 10.660902486110722, 19.83260625835174, -0.8840331389468661, 11.419755872223174, -7.456102625489866, -9.196236048539356, -8.526353179201056, -22.219797219372182, -1.7447556172650138, -7.626592707402336, -9.724317006097287, -9.896885106998552, -15.182239365899683, -15.672321034350915, 11.872291752473396, -6.374509231469302, -1.0083068509479762, 4.631332091848449, -4.07473266081716, 2.791413620970119, 8.19732912135568, -21.863794772360183, 17.373077550819698, 4.502648825987339, 17.039348939251518] : -0.5009069009260698
[23.11782245246344, 10.491869333463455, 16.868270811693684, -11.582216884018482, 20.216037755889914, 10.154320105900426, -2.8708852440524097, -12.38305620406512, -3.237624434166281, -12.454940102886193, 5.079820589030764, 6.1687999157358675, 21.1222058663959, -0.48460524886461087, -22.640870113044127, 11.174918702693201, -1.651933961786539, -14.293954066437207, -13.846383920145, 8.786708832384285, 17.77975678520183, 18.245035704007982, -18.80765123316448, 6.305572495458566, 3.457659313657388, -1.544392939469764, 6.259519071474944, 6.191866623151919, 16.95017147081463, 20.266686952377345, -20.758928826592285, -6.638591334445821] : -0.4629692164334384
[-22.46176813590478, 12.667743583090484, 1.156095183233064, -10.723027395365898, -2.7916710210569975, -9.166682867925843, -9.808878801622686, 26.70911386210751, -8.31082017767636, 5.563761303343377, -17.049498056915905, -0.49615921915894745, -3.848257757987459, 3.2703922731130337, -3.942047961518569, 15.059270879965378, -1.3402344586304462, -17.07448568719456, 2.056987866126008, -5.814639683700648, 15.681887500019059, -23.265352539736593, -10.903277207191254, 26.597002119718827, 1.3064313889156387, -3.6880335053208095, 24.364749327867493, 8.89733787813629, 32.07752538926325, 21.17900250048478, 6.140931863845848, -6.347945621022907] : -0.4899771430275657
[-6.494906716806764, 24.16069260430788, 0.7620782981128005, -32.01159991934314, -17.319647316944945, -0.7448206285609918, 13.826801655573549, -19.096757109106797, -6.000885608166081, -2.921561990115393, 31.048283254085995, -15.404545543712233, 23.034661549016093, -3.0082114738026298, -10.28596947167222, -13.944720635899708, -13.910512613250937, -20.97284272746565, 17.720451817097114, 15.637744385534354, -12.78195723128044, -3.5223050331941304, -13.875675908160298, -2.4723724668551608, 31.52523803135287, 9.273710033821734, 7.082505903821403, -27.580346000104377, 0.553808420415181, 23.90576418364129, 9.177860762820412, 9.835477800922112] : -1.0
[-3.1932649250112326, 6.18545870102809, -1.6791980008925336, -17.641676204772228, -24.220523006863303, 0.9344279975428571, 11.115362785747008, 28.615096011232257, -9.949400664992586, -1.3647880310190157, 6.0610213852098545, -1.0185171221061824, 14.491105941669378, 20.732256583582583, -22.538664020545905, 15.038702110214818, 3.8651604793240284, 1.7455162499188628, -17.96789948130628, -14.443535265840323, -39.378485188332604, 0.31346686690595504, -5.964771934788302, 13.036879099649532, 20.007527972916026, 22.756255063475265, -45.0176496743915, 6.66681300642685, 15.61710162510279, -17.339528197437918, -23.279387928612525, -21.587363187071062] : -1.0
[-26.83907927950923, 14.24727252508622, 10.393759831195766, -30.38087402111231, -9.220229547613766, -4.123214589280145, 0.9489909108647883, -30.19301195227561, -2.111300325682414, -6.117401740251848, -9.484532757211579, -8.018712160759176, 19.503986584411447, 22.59855822816038, 20.871756522758673, 15.057897962779247, 11.722181604367966, -8.868392885670596, 23.420305055353897, -17.722932648615657, -32.78494284728096, -8.265576496035719, -44.4576335426508, 48.41367525540052, -21.398370757768546, 20.549144642148004, -5.143394850975932, 18.20192350310157, -10.511121200430054, 29.949326586807494, -23.240259866938366, -22.528098089941015] : -1.0
[-23.976403939475105, 21.359618047588874, -40.09252810625419, -26.923992915797527, 36.9346430635845, 34.66014258762451, 27.466504520299246, -27.309573158327023, 4.144375217536841, -35.51860268075545, -1.8772733073568153, 5.46710445497329, 13.611965321373422, -20.84473796141326, 21.09445599500855, 6.566553768787586, -3.4785175919462072, -12.395585918707237, -1.2454343529474006, 14.11479083972791, -5.012431151140314, 36.36849695579008, -6.879597909123798, 17.750336384612485, -22.664354922970084, 28.03648053557261, 39.519345697008404, 15.936589793268146, 0.35882896868725833, -4.430075893856664, -32.303377604924435, -5.615428220043892] : -1.0
[-12.303948983638533, 36.201202058789455, 49.099941539113246, 15.689655172392577, 7.422196193398486, 12.961272106692967, 4.492790447100114, -37.131271368847294, -11.653137087007693, -4.303064350985258, 9.780394231264367, 2.33226388064821, 5.24531400050335, 29.88767805538079, 5.90004823250251, 17.602703911367158, 14.428370622934395, -14.724989027122437, 9.165126963920917, 19.125076873777232, -14.729726854616155, 25.84295716807725, -7.741508332945134, -3.17333774893331, 5.243877349820927, -21.45910428815028, -8.883240960902501, 23.013524372272123, 5.850836900034765, 14.415571551900559, 3.6979494287555976, 7.949961190972614] : -1.0
[-11.75417137674038, 12.629251704327897, 24.965770101898777, -52.7501268972912, 1.9015843180903547, 20.99987652087131, 13.934175496702546, 28.095819206643622, 14.360908646893813, 47.7872068771357, 0.4766201582286196, 6.915747785963394, -13.298983857141032, 5.454749320370723, 13.627883232209026, -2.2014892495120595, 3.3778271853291733, -20.038028496301095, -6.99231650808138, 11.45884012760181, -9.713227742423683, 24.953320751958117, -6.968495662604702, 21.921528050695382, -28.86837126168406, -2.891091917978977, -15.346379676660145, 18.44794432016534, 18.519817719525037, 34.0860541358713, 41.55360416865864, -14.752034796101686] : -1.0
[-18.053912264079997, 28.346601839014234, 30.4988141298632, -40.35790588113412, 1.4434381925999253, 10.446348619719892, 25.64332406277334, -14.624672275449456, 52.51350589009664, 16.084378930404867, -8.419693913611995, 19.075438521345816, -15.991474714260661, -18.614001814315753, -23.085792977442004, 12.035658385866904, 17.51733099131533, -38.542118873356756, 22.741083288445246, -5.346063529092573, -12.85043999186946, 43.92579693374916, -15.382033233723131, 55.60602606598592, -27.651816910009384, -0.9376920022946833, -22.489897266028095, 17.419712857085486, -9.443042195410143, 73.9150572640515, -15.530502900949188, 9.385372137683719] : -1.0
[-5.690920275179005, 6.163141417966037, 6.749086548584627, -18.78152945959385, 3.9296415740541235, -24.671692970347475, -12.231284762711882, 0.9191465335057636, 14.625835495460585, 21.773091856126438, 19.203128607030457, -22.135646547408093, -3.653131585358046, -30.771584236079747, -5.698104405748816, 0.38489579538695917, 13.32474004948259, 1.1503587551737482, 3.9261505692263423, -6.584152156602037, -1.091905687081919, -8.272029638355304, -18.14978253205109, 5.719127178743648, -35.47097946106021, 22.303429622832986, -19.62057832951674, -3.5605502925285233, -0.664306684919814, 38.11174564946903, 15.30752348024302, 28.765848279421064] : -1.0
[27.002760893698138, 17.734326483594067, 16.396923346304938, -8.620274777504264, -8.382138223117076, -9.2547692275164, -17.83869386599536, -12.312173283716486, 17.63030954042374, 18.778838576228246, 10.562871628509129, -2.535089815165085, 47.7423852234688, 32.7957497615705, 23.249394695747906, 18.79081028254797, 8.146012271044787, 0.2995597525222955, 3.1859458615331384, -16.559236416998278, -35.337345677901354, 20.436422346235517, -19.83220980209534, 9.269710711557796, -13.3300958794083, 3.983473422866709, -20.89937332472836, 42.59288357339827, 26.316732993531833, 40.9678318907095, 11.54207271112933, -23.272218173194247] : -1.0
[0.03573657794690677, -3.5111650737379634, -18.817165653625555, -3.634734182666631, 52.19921517782999, 21.119145724386474, 14.53852018354527, -18.008032799066918, 8.571999932322054, 19.806820514371864, 30.891079215164826, 1.1337420019398898, 3.4714202186831056, -18.346867106985474, 8.817338949428239, -23.185423244996212, -16.77378243331539, 23.15612094228812, 39.10211090713021, -28.083965249037707, -31.62106254542798, 26.207767224769853, -3.9181945358441013, 26.12417037545603, -6.9502000582787415, -0.23746362634129126, -51.65850638685143, 18.244091552421317, 24.070912425747522, 17.025371071838222, -14.279772472084476, 35.149323501235244] : -1.0
[-3.7182820842259545, -29.366186740775824, 0.06417596204516585, -27.742112407107985, 3.5470556073806367, 13.407844598193993, 9.290889552910043, 11.283968505717358, -4.127498995044709, 11.573008394958922, 0.44487312673316204, 15.161384916326611, -0.49102751977996384, 40.64228786273557, -16.771972346735925, 28.53174570317802, 10.17604382247007, 4.439824953302475, 11.56109036288462, -2.393473206330342, 5.524283831398634, 25.8725419401259, -32.88725272080914, 23.932689307239734, -44.84260435619842, 32.38049148591562, -10.062401400044106, -15.735001686894023, 12.844489603770548, -12.204833287531148, 5.492380500871173, -0.5885413561956838] : -1.0
[7.3369613854046865, -3.202482122431345, -9.737261196452437, -15.031570219441182, 6.101212047417636, 30.185938248658545, 17.245320503303393, -16.73686556315011, -14.22895169211291, 16.889065736563637, 52.525808834364085, 24.63836552531144, -24.0182167400188, -12.960185928035042, -19.87369792044895, -1.782385562803512, 24.07729587663216, 2.54997083886054, 7.602166019574187, 3.2037782046438155, -13.16063373119964, 51.69099958742899, 34.570705292851834, 26.302369421548136, 31.687202721326223, -21.09945947018028, 5.992946523163115, -17.00497549412328, 12.791941177647548, 12.145911358044073, -1.0337883029313422, 20.37124546223601] : -1.0
[-44.25682108997717, 3.0428774202970352, 23.17711293989798, -3.693743609067191, -3.9671779548351527, 19.07557146565581, 0.27918876775193446, 3.004661823139128, 20.269825693472477, 23.15594868075194, 9.529094328339536, -2.698984244037452, -23.03714033398102, 24.768581161059288, 20.88801714007641, 10.00495658707296, -17.65435341545239, -5.083202636172957, 20.378154956172985, 9.59550388474659, 5.589587021884984, 12.550189199452188, -43.84471447358567, 56.62712917864866, 29.17873470957352, 16.289458339587508, 5.695792784879763, -6.3052154042563835, 22.00112524430389, 34.550126402138865, -0.4255592768264338, -15.333318867052064] : -1.0
[-3.9923142904906905, -0.7999228749116138, -15.306866531557368, -10.829771404991439, 17.92339896320658, 2.879650858045049, -1.0487451993303551, -13.89760747895183, -3.1565139344913233, -8.985035899409636, 20.79728525461998, 18.723022128750138, 49.46372926236246, 4.664511227278219, 55.20402081828309, 15.091063556786722, 15.441043789916026, 21.965656575850524, 24.45042127217235, -8.221985934819598, -6.683687184044492, 45.35733417816083, -30.616340409481168, 6.111933918002103, -35.65136483628254, 13.444474794528485, -18.38202784399462, -18.80732924695673, 18.372086067640698, 27.869551685316516, -19.110386612066826, 22.5104464209915] : -1.0
[-41.95220977976435, 18.711491406025726, 15.07458629631187, -8.088784339585406, 13.78815253661001, -37.671308038839825, 34.6190291562414, 30.783659447079774, 30.147431991791855, 0.7128886106897472, -41.5008541448079, 9.603042864922566, 29.934592528630464, 19.438024825988993, -10.873393882755614, -16.207381736500086, 3.318370868084317, -9.614153312639326, 11.23911426804978, -9.872269022140719, -35.754142570797725, -4.092912331236375, 18.329424554217994, 5.53872304289429, -46.65121847990429, -18.10493787667821, -2.361779054887039, 11.66784845358486, 31.178820328786475, 36.637000197452565, -8.925501004140772, -17.502703527880705] : -1.0
[21.762816609850162, -25.90257619851494, 22.73265546043058, -46.19109955234505, -20.052803271089886, -3.0781583578285296, 25.112650861621347, -1.2034051909157433, -38.945820246345924, -59.37707199658324, 9.186807931981994, 4.1106728300345665, -0.9768718963091967, -7.41952644323732, -4.205302469277585, 7.683960562314448, -3.929414106915617, 0.9528228576398234, -34.58059797169769, 54.53820672569083, -55.95501520985898, 14.01529069837639, -11.97519664634586, 16.53062332814439, -46.40383203889334, -2.25148260880702, -24.844925226931284, 14.075305572026927, 29.09764091332376, 10.88928935354531, 9.334343902648735, -17.55444546942306] : -0.49298095703125
[31.256745197147687, -30.73883817068815, 8.004399619621623, -74.54329673602803, 20.094749564082743, 3.7211856392926244, -19.848168417345477, -50.71408638982379, -27.403313251790056, -9.185106449179703, 13.770352430643001, 8.592988475907507, -23.72038283308163, 17.06961693025897, -52.229467587467845, 29.02606608955462, 33.396867175313005, -14.694681734940245, -0.884922813922874, -48.34387427340196, -100.01623287367433, 4.334098997776201, -8.022017119544422, 19.445512994707737, -3.1198268721295164, 33.14829618090235, -18.03214470749748, 12.612614657853676, -16.960410600984382, 80.63935669451996, -12.174810296510092, 28.818564979529878] : -1.0
[-36.99800421111907, 31.379759596884398, 10.376647157304337, -38.253769409888136, -9.294930696417204, 17.93797879416361, 49.336387784081765, 1.661457453169061, 12.735957935850099, 67.07006098475891, -3.890932524944135, 28.005053325327854, 0.17220472133953457, 25.919902215701313, -13.797876248462732, 2.9670909878285734, -8.012207959330103, -44.53765848167839, -0.6931857667826944, -17.531551946079713, -70.1396946066553, 54.71025880938829, -27.181544536331977, 21.303998392806324, -17.07916406992405, 21.471361285083848, 26.650923486933145, 32.22197488059162, -0.24364624969150483, 36.53249428993537, -20.480142062003722, 40.77124630663569] : -1.0
[-53.22651670297913, 37.178922105498174, -22.284649551771576, -45.83052231853692, -40.99162251514885, 6.024301090932327, 28.89968373912621, 30.153197273540226, -47.07907888594726, -6.3980344158511535, 49.156235424117334, 27.095577610861692, -9.196629978507392, 14.317511565637643, -19.93683922530787, 1.5352628280668164, -39.00750740617523, 24.801985602828356, -25.840821915924607, -5.0679462040669625, -1.566723092533305, -12.358913865481334, 6.424940290735298, -22.31766189324722, -36.86884480346678, 28.48000651069666, 60.917957504441056, 23.311380799794446, 5.78199243033049, 40.046766408018144, 2.0265895584052505, -72.12015694955684] : -0.4992376240816983
[-25.6986095496855, 54.44643431172669, -53.47507515777228, -24.742093804798937, 7.923412967073632, -9.630177188165572, -16.34416872586931, 28.027219107599766, -50.81060297165789, 37.153220649387094, 33.61832546198773, 40.19117760114118, 25.90009318266023, 2.729889845875201, -73.31087538834075, -11.204527989004387, 2.9873282857566603, 54.21129561142966, -24.11777969792594, -39.059683666078, -12.45047272837756, 56.646536847440146, -78.15143460449057, 33.034519335353686, -6.184825466170381, -7.460802623067973, -47.63535915896268, -3.5532957198925263, 5.009307986061302, 14.483509353328751, -2.208519513459388, -14.688244158210354] : -1.0
[-3.6264848058167622, -6.275809988346833, 6.050830013488384, -57.66525748829434, -5.698339704673462, 13.442613973446882, 44.896345635717964, -9.133804118209765, -37.32375117012011, -4.018880649634748, 14.824659041610975, -8.306495250048837, -42.199505554567665, -19.989843231476005, -25.232706825373498, 41.10233747506426, -0.4446220848064373, -55.8347052911415, 33.513860215672715, 2.4150404382772397, -56.62908635968236, 15.327423410996342, -0.48830951375434495, 42.41769338108723, -36.77715497712549, 25.058873622560654, -93.16403360006706, -11.754892758987117, -42.04119955802284, 51.92885740524075, -7.277570997191484, -8.387246799049263] : -1.0
[-22.368351175987755, 28.468427008828645, 21.519306086209717, -36.578306109809546, -21.522203075692378, 39.286539697950985, -29.371744709801007, -27.096244463929917, 11.15763572320711, 13.883709436834618, 20.998149040146235, -49.08226385671647, 48.713133038530536, 4.165799516812064, -11.908431710937595, -6.482956532683566, 28.127285484815328, -47.69033006495698, 29.13248457972832, -59.0383421631938, -59.007740493114184, 6.480044691011396, -9.595711204991007, 45.46309772132017, -47.143536250999425, 36.829775758164345, 9.724382324053224, 0.24682315681137368, 9.12366464637658, 51.89921389721909, -82.57366240224374, -0.5908314100143635] : -1.0
[37.567066174318775, 76.22629974095098, -42.77169938072116, -9.377628580979529, 28.73355597135572, 20.488501211152062, 14.725593466278267, -29.757276345620678, -35.892580191373725, -23.55574428217009, -48.39214567567919, -33.32516334614168, -30.7039941426436, 6.213185574229555, -28.70948137819756, 20.977549928865457, -23.256621112655345, -6.73816534620718, -8.799418725794057, -22.52058746295851, 2.891956528405913, -49.786042128163785, -52.49212959005827, 30.411911839786445, -78.23715322705921, 21.75370507160807, 8.166333079861236, 9.953352634058747, -8.045572999530822, -14.516911144483895, -48.038281558000406, 11.700274202848767] : -0.44845203919844195
[7.72120747995311, 3.7604942859933157, -45.990580026642206, -43.652448093436796, 8.808940286958563, 37.285950344543345, -37.910302757195595, 10.77924920077606, 30.248869439936435, -39.57206731337257, -7.910345113504726, 40.732671244947866, 16.766597122008427, 54.740137612553184, 16.49838033201072, 2.031875679028591, 75.90902997547747, 18.557395971614017, -40.86873915201074, 17.934627758090507, -50.97719758377271, 27.317085122741204, -53.210188548886805, 10.880945584222964, -1.216999869638066, -16.458869391506703, -26.329173280191483, -4.390842829507831, 19.044656654775785, -40.733374776051164, 2.113802813197564, -19.8930462988362] : -1.0
[-6.475458268468936, 21.111509673543114, 94.50657005691914, 46.50805420982742, -56.59598129256028, 17.525617544815205, 21.677263227260998, -19.9304707763912, -55.30929150407486, 1.6389631228284767, -44.76074116149948, -12.507319853559828, 16.870241977882486, 41.54464771321112, -10.816413282213242, 11.85180537382205, 1.6582101932637068, -11.136830529392004, 18.94358050835658, 31.320269594098207, -72.99181708957286, -9.375373297128085, -42.869876967930885, 19.574214460908937, -11.296303265061876, 9.761372022668148, 24.665015998657715, -21.965861410202173, 14.506401937910365, 56.44719446321366, -19.621446565984336, -45.018794718579784] : -1.0
[-34.03851884016045, 17.429837589583784, 51.74627313682569, 49.93587892624622, -4.027633077264844, -23.479180853345053, 15.751587482975562, -28.921961795147297, 38.88026856807273, -37.546892949224535, 16.252343760943436, 3.8350761925256727, -5.198361260486347, 44.105539207120174, 2.6979201880119543, 111.42397594100872, -1.8126141560696372, 30.38141242060684, 19.970009625991132, 15.652805571004029, -14.806902323300697, -4.853606136741275, 30.760651646558927, 36.65534620842877, 13.640429116720782, 21.297553481009892, 34.761181159471796, 21.87417837098155, -1.9593000583963063, 9.608748637728908, 34.80393225293562, -52.161725332520746] : -0.4733571139248935
[35.91917470878872, 41.380792337185056, -3.8314067789696145, -20.689419682019967, -48.42283729515067, 17.460325166940184, -11.071898325957465, -23.247423890897338, 27.673954443261948, 3.597930506618633, 28.587058254164052, 11.726905434177642, -15.172691292083567, 32.49115250639893, 40.23210099995892, 16.395993411677434, 20.116525446477112, 11.4018516545344, -35.125075794107055, -11.097984729581185, 2.623941199004463, 50.55673914882543, -7.553764936633531, 11.753636400998982, -16.390014582816292, 17.838767213074533, 0.9992263781701638, -43.216290554703995, -48.816283366166616, -6.969109318524881, -2.4883183453089064, -3.221605462986025] : -1.0
[-41.97538339017567, 43.34698618218411, 12.264603641423498, 20.478566364270733, -28.665672813751584, -31.89907910660752, 46.53459553994916, 26.913308793971858, -13.820460878438654, 29.587215051523, 22.746258774259495, 32.30772970867953, -13.162162137117367, 26.83939980961654, 25.375625731332466, -51.43065717890289, 23.167296547155136, 4.716346047026878, 21.286974341552583, 29.21747100437215, -19.9359414801699, -18.94546657133969, -11.984538949634539, 42.65151790885871, 11.356449594981697, 38.43207487174278, -28.51132846688926, 14.79517195821206, 12.785485466047522, -26.1844555191447, -23.85089921528983, -38.708665028535364] : -1.0
[-36.90535327413112, 11.634717994306575, -9.532709847584329, -12.522887326339823, -4.118880368135288, 57.7136591419315, 0.37983109822144456, -20.0928299227885, -17.779175731056373, 6.98817180863814, -22.17408245620671, -18.562485371318736, 87.30780413078325, -28.62124328445815, 29.482110614803076, 28.48936482969022, -10.87001487611899, -41.564431882653295, 38.30349081613157, -12.609115915066997, 35.29290291900178, 6.711672297687731, -11.890317573026644, 20.13040821223227, 20.62021707664255, -4.233668386267535, -16.91391596071133, 73.26381738527999, 4.209927472139622, 3.2955346679621975, 72.00484684689444, -44.8342118412905] : -1.0
[-17.867734776142136, -0.32454814655694975, -78.74672525100128, -30.95738201535763, 38.927613005490635, 14.40710032042814, 26.889312039891422, -21.871320804864766, 10.879598307846294, 14.19083795171683, 77.47334434402916, -4.70137263264246, 110.50413601813315, -25.01398158942054, 25.410396255443857, 18.09673200421808, 102.49123347389042, -14.99787841718659, 61.60916872424634, -72.05324009180566, -5.808715562357591, 15.2797332419388, 7.890146210721632, 29.49427395606143, 1.6510698111408857, 82.31907939647694, 13.158329798440423, -24.345847652681, -56.86683843535877, 155.28187158291593, 24.134110248905415, -56.09443702500555] : -1.0
[-17.68570396973025, 4.904437763941756, 65.51674348250589, -83.99000488383439, -15.932332418317007, 7.359335340747357, 3.504094612358399, -17.2176374451166, -17.86700674900354, 100.00004070166676, 23.83689174618771, -12.549974136980126, -154.2950336815345, 9.730045575367132, -6.82850562583706, 5.707712165040462, 19.698058002376484, 14.460541669426322, 20.328288042724914, -26.329490272929792, 49.05347472416203, 48.005385581479544, 6.210333799228387, 73.04375252137613, 10.954698857934698, -8.384373488300838, -96.39077340425493, -55.07013270484994, 71.16274152343237, 85.88319304838308, -69.2878224590115, -26.031898587608136] : -1.0
[-31.16317263443845, 88.19440072364274, 19.29728031594927, -16.733919367991916, -111.95392260037882, -42.14850903597941, -0.8695114808694413, -54.08138040990833, -5.645665723485264, 128.64642079747614, 118.1446387824639, 79.17234428603797, -35.5760888315811, -8.523482865320501, -80.85854476761533, 70.11150157366424, 59.054011610252346, -99.7874309875111, -58.95598258635872, -32.82171493524992, -109.16908138707856, 59.73048972406362, 0.4952169342043291, 26.170506119788445, 48.342736168832836, 18.785747423977874, 13.08907854876582, -9.796123384542334, 24.08856857893919, 175.9009006240389, -155.8808052725671, -19.781529037267344] : -1.0
[-58.23788488277269, 23.077695093615358, -24.740574358676877, -8.578094248262076, -7.65764159043765, -94.47018807661603, -10.117694098597589, -104.50672859763228, -28.479244391761934, -12.93797612185805, -35.760669328572504, 90.00745332390068, -2.730664632397342, 89.45969139076614, -71.91646972570743, -32.454550076726, 14.702771913131217, -22.88477758295121, 19.497608617424785, -107.8738035130079, -72.11102103412087, -21.553811433159705, -40.97381328478244, -77.9652335903795, 32.95617213467317, 11.321598090048429, -89.08763245228155, -5.548217822949738, 46.350467711654446, -24.16477987561835, -115.28033513069252, 34.29321453999775] : -1.0
[-6.45204785664642, 20.81050192126934, -16.089575580184153, -82.69866145564069, 51.51469061198827, 5.699466008547509, 31.763180951975542, -36.13086867067818, -41.33327302321052, 37.357812651990706, -33.3031362198178, -1.6300278302414366, -76.832153613681, -33.244873821339745, 21.72030925663097, 95.74019535472257, 46.461039437243755, -96.71836304299404, 18.78881989436981, -78.06545499915626, -72.16070484228752, 32.41206736564922, -29.156822813278197, -31.199550378508388, -47.87938172217843, -15.038439124061096, -75.9820019986726, -41.247151197704085, -68.16661251919159, -2.2875204348540734, -20.302986267984046, 44.12549785966455] : -1.0
[3.9336072410774006, -13.903930505444787, 56.570504655025985, -4.965957930290081, -27.748895114679264, 47.40981170267255, 11.242179733837578, -30.104769913908946, 25.131434207324233, -19.106456786530877, 11.998990286380982, -11.180511917767156, -92.87586853023639, 9.409441507298503, 26.3485927685065, -59.55466880607013, 28.634050398674816, -58.146571237073324, 17.125281105568813, -80.92631369022081, -87.87665104234242, 6.934909897554082, -58.44523664752908, 16.713574525861, 63.64756278013513, 64.11354523108453, 62.942693537501036, 53.648424345335265, 19.506763187296755, 6.668090315207223, 9.854725355899618, 52.94440327895741] : -1.0
[22.04329505463606, -15.663038240651634, 113.13733073325136, -93.0109387412653, -15.133404560603587, -26.894959173107374, -20.18073311965393, 21.924294578844176, -48.997907684587965, -10.177708860392187, 24.77288877900181, 18.179612028418166, 0.5138674939499803, 2.9248718240236347, -81.49715975873409, -18.053449561140056, -10.817343082157361, 37.2643678321225, 84.88102824751839, -73.171371831327, -0.057606469747014444, -62.247597477051585, -25.80930641721851, 43.938374948323954, -21.111794156385464, 35.40702477864945, 4.5018760490165235, 14.81140494794889, 18.13540648456336, -17.575173760327004, -82.5925239464927, -2.0723527621940967] : -0.6850729855624113
[-63.357257758493404, 37.49063846018541, -12.173501033062525, -0.07230125840824542, 69.03282967810497, -33.93285058670451, -43.462609966461244, 12.05769386905758, -9.698785208983672, 3.3892464925533154, 3.273750957084756, -43.87256019994075, 16.182819765547194, 89.08388479786136, -84.64597492706893, 127.08304938671566, 41.37587574667101, -60.11293709480661, 40.649353675535345, -40.91915120900252, -15.395938133803114, 2.590001494219898, -65.26993304253457, 18.839078317444468, -2.295255863292219, 55.68002051614938, -6.61144501331326, 0.22667461884554818, -15.171888386063294, -20.448808295027035, -74.59540328376028, 38.68906630403249] : -1.0
[-19.294812311406382, 61.44296401373523, -29.871574262195477, -116.82074824784848, -36.6072875856305, -44.68750505844427, 23.286640082067883, 15.073625494700128, 26.4618546344933, 1.0704305874233295, -18.115528835139596, -32.175872703896786, 6.551277158057156, -0.607491773555326, -43.489565456960065, 5.99458589976369, -16.555746024572386, -54.98383946216729, -39.099150849504845, -57.58610094866263, -126.5201751480798, 32.4147157113524, -56.87561290079041, -35.830943736673646, 72.18733844889866, 12.935671107876834, -34.38283777188672, 22.15574255634158, 59.06320451009078, 30.44457969613116, 98.82905844610711, -31.72013076448867] : -1.0
[-12.074845442616864, 44.34537523878726, -22.18549784558323, -33.42487399694858, 10.994356923285146, 40.35987889083841, -3.0445267033247285, 64.92783387631374, -6.890400061694059, -33.933266136606896, 35.668681607087024, -25.95745216401507, 30.850989471428697, -5.4563712083791085, 7.833790595535184, 121.33246287580664, -57.46493646780009, 22.81743452971193, -10.098158966208002, -79.90955117611536, -115.25057948502914, 34.53913940279023, 22.298773685104756, 26.132862874829538, -6.446396573914126, 2.9100466453531517, -98.92150974699214, 24.094787634131826, -56.26499540351561, 41.2613473318067, -88.5204231231483, -1.7023203303781784] : -1.0
[-55.88671713159502, 29.590924373348827, -60.804403628374125, -53.15357397977444, -27.049643433674216, 111.94934096030843, -20.196062177401032, 33.235531858181446, 45.91492770559995, 0.18081154933796384, 99.56821908643454, -23.92499827564618, 34.42173399745466, 28.023522035172768, -62.07939193455432, 16.6982209671015, 2.2052825092404102, -49.474112186353, -55.05933075161523, -35.05097935668746, -159.71954253262894, 29.0448116457757, 31.360463363456176, -30.49694098139234, 38.75054413622804, 62.47917129037768, 0.644881350456874, -109.6399743552685, -26.180462327045845, 30.420499008787047, -37.0988242463535, -49.21148670028316] : -1.0
[12.041700026888867, -22.179960962528753, -9.598715186910637, -22.881185172478165, 22.265752022594583, -58.26325246748218, -10.397497027001787, 5.1044919090319745, -53.27344166827091, -42.452085896747704, -5.678131615973523, -24.112668308147935, -22.58954999309031, 13.161489683542428, -3.1392346129009, 129.79262011930126, -27.073997835346148, 53.50313628952882, -21.96442604384849, -27.222867568728013, -107.2633223817987, 38.18694841560307, -83.29462591893682, -70.32566291004352, -10.27558893545607, -19.15189190395397, -49.541402680100276, 37.426062435476055, 13.751824000568115, -7.02628400186898, 121.53385878617402, 56.06489757276455] : -0.4763968207619407
[-39.18403838359307, 30.272944225074916, -30.58746582512558, -39.20253008696993, -6.200362305536708, -9.9235045084487, 5.527773724107588, 72.15808405882785, 50.69332190319437, 5.813293926131051, 9.389046730735332, 50.105535629161196, 19.898966118412954, 64.28399617737266, -36.77234707341292, -32.72340360130093, 59.38499417683704, -15.93393910146658, 115.17885844333318, -58.62427234115161, -104.64972215949862, 40.98611464512547, 5.9716617869707065, 142.42047925412842, -29.088644495349712, 38.824695478138395, -24.893878302168392, -45.67700044298165, -18.368917442324715, 51.67755850135699, 61.238231753552526, 5.534998014865398] : -1.0
[5.604637165499211, -47.730250878444465, 22.88903896308486, 34.39063024196589, -13.753690366184184, -59.687620765158805, -56.94380869662812, -70.95580124619975, -43.203715587836044, -5.950401052714383, -9.562684147705788, 149.68024109996057, -44.08770536139717, -2.0145622788840605, -71.99038383682398, -38.11877871263726, 16.587454994824395, -60.8170248645394, -23.099162701989382, -38.488051679449626, -34.78048129503394, 8.737696038665792, -27.718786531729545, 71.63055694400181, 23.932414681661925, -38.84919473454302, 58.55078596267622, 18.168501155440698, -25.90182169436472, 28.613230500467644, -12.326963420499903, -8.326482062470173] : -1.0
[54.89547193576468, -55.261200621101125, 78.1806991200005, -92.4219812799069, 34.138907931556965, -64.57531361254189, -2.4786740856515195, -160.6363085301187, 18.996810056848894, 112.52420952612698, 62.958631160627135, 60.32977601119226, 4.587246429029587, -51.39762548840908, -125.68414602460902, 57.29130067411792, -55.6261624212519, -215.10437270915, -10.226359755534602, -8.727094691754203, -57.713288431087314, 76.37700364787513, -14.339517798267277, -17.336296412859777, 72.12608283481451, -145.78633861557583, -94.0418060819953, -30.859381271052335, 61.314208032012786, 96.36670440722486, -72.1430100278963, -21.237299680227032] : -1.0
[-43.63609731939408, -94.61391305978542, 0.8938628695047068, 164.0150531287638, 37.54343472506384, 64.01590893168274, -1.7834564119177134, -10.647986338295205, 61.67088086735411, 6.493950333473464, 6.479432395093909, 78.67560081780512, -0.12113258011422445, -34.24598821652137, -92.70021458369436, 95.50397612211428, 121.76997679950907, -52.760376895091085, 96.61182805883723, -96.3416855527114, -56.86359440704666, -27.806441300349256, 162.41838926343138, -0.9821581053985717, -33.73731678866446, 186.5465412355961, 22.985822596162397, -100.2722712986429, -0.23913574686898742, 68.7624021610675, -126.68658637115159, -42.82207772383117] : -1.0
[-5.501144162693063, 48.03946617448862, 94.73379847135881, -9.77097020311825, -17.68144542388955, 38.54310791022091, -87.89743682737183, -34.77117101668, 44.351927371497716, 19.734359237311246, 135.76565409785005, -39.991195364771514, -48.36600694928464, 47.57449311775434, -30.04774009218636, 168.5927774532105, 103.47841335791216, -173.4625437315451, -77.07210653872713, -94.93988506363756, 39.23047446343797, 25.12112222091874, -35.672990907972924, -65.6952284172371, 35.08699512935145, 29.408727437173447, -64.5329597935716, -89.27920909956549, 42.03006868656844, 114.74832637442591, -30.89152998918449, -36.90263534596347] : -1.0
[-36.487540673587404, -3.5484717233794107, -94.72182589687299, -115.07449290927221, 12.553601287250146, -93.50813447667417, 59.267473636992705, -209.16956356611703, 128.53390597957164, -18.593237392512016, -45.503762522526564, -34.06147567182334, -52.73650061113254, 66.13673297302837, 40.26227674640528, 56.819520649207234, 219.34097664715625, -41.8368656909648, -0.9425570399767658, -176.51865520399946, -85.55736821437459, 10.088798147924741, 17.611647987520183, 30.425760814873286, -13.225269701964354, -88.80656135439145, -56.520171612215464, 10.020905315600292, -112.82740364643274, 126.00318574509487, 0.2849842889914598, -43.82913928753898] : -1.0
[-58.61946221316349, 0.5828626254554585, 85.68371275489338, 74.88209001366043, 8.22904246543371, 54.91224893340255, -19.45673178084332, -114.86626040124284, 89.97406614294151, 117.51801221964979, 5.275453636230473, 186.3436722224735, -54.555426904666945, -60.186148467345085, 25.645949822400926, 89.43506374909217, 54.585162442145695, -2.9288842731517697, 181.5999190462695, 80.50179509467395, 13.77666283702301, 87.14804115681548, 82.98704507631648, 72.18181784659795, 30.686028552735685, 96.77906102017009, 83.05949703885611, -74.47054298148443, 33.88411551793932, 135.77355597650177, -55.59470848159894, -19.579865453758057] : -1.0
[-6.653380036682126, 134.6425533918193, -29.082170391737, -28.811246872046524, -60.788256620591426, -81.30648176768962, 163.4084833617799, 23.856951943999846, 63.1032238644459, 5.043207176047609, 22.718318356765685, -2.013247273924204, 27.001045109730615, 61.392557590040255, -22.68997960970875, 27.872937802803655, -16.138362688372403, -17.359374610602753, 84.41604580147249, -93.43332609187905, -103.41090920085173, 22.73753819111341, -18.084811281988863, 96.02053223930713, 17.15902172651097, 66.06223163299126, -76.39180249864688, -10.929876696824284, 19.811562805023815, 75.98553641043884, -52.776004483666476, 64.24669412780726] : -1.0
[12.97331201106227, -16.249725788390588, -38.97457700505399, 73.58671827545531, -2.1370781037424282, -54.79707098497493, -99.81268849590305, 47.45768141413088, 61.753510177616995, 152.6071744420144, 147.28318575622342, -130.40270842648226, -85.96700540448829, -25.270945475908945, -87.57028919147274, -80.71967054466295, 159.1635056914195, -32.753362358600704, 142.7280689865252, 81.2918519281503, -82.39835999462562, 22.023302674744063, -38.673908895522, -86.14637792423723, -85.9743227877044, -46.3274637495823, -14.17491802942492, 120.71303217732047, -38.4328393712083, 120.42158799169424, -2.7083293945623126, 4.352309803992732] : -1.0
[67.9465028060973, -48.248399798864526, 11.48353370976188, 103.76235431316269, -18.44769150869447, 4.728133063676326, 207.09444188989772, 33.147982837125106, 62.52813978067628, 38.224131030524084, 12.37657004147011, 23.125910742238194, 127.84921567409253, 85.41140184988461, -7.275665860379749, 133.62867299451764, -11.003038492113824, 76.08379890775493, 109.36801643327048, -28.061734485907365, 129.74353123837295, 9.302677902047709, -76.16007944359421, -16.859953577005644, 4.106060893906264, 99.46574754846833, -100.88908366099622, -103.46762656872018, -12.877574658432668, 74.77528643459692, 63.46424075197157, 70.49893088184423] : -1.0
[31.56227423295978, -66.69447870674603, -20.045177704225363, -66.8197107457591, -136.08287236168718, -70.55906969416706, 32.1741706502783, 106.46569847315567, -129.0277254747849, 64.29539299126614, 9.43938783184953, -32.02190838064156, 57.13532815080964, -78.95886908784897, 78.3217084257484, -98.04215896347127, 242.39728046158845, -74.14850861478598, -100.89125529898314, -153.71701525574338, -68.04302850167647, 120.47859672034534, -92.17976142542345, -72.98384905370544, 101.90371583703603, 20.62334813118627, -43.30017850486722, -27.99631174840373, 60.56500427785681, 167.92703732745514, -0.8843435036711256, -52.004953078000796] : -1.0
[-48.12201563258694, -3.8755885011091173, 209.33506863229908, 53.046589457225025, 108.86642854826388, -170.8879652120218, -37.846313831093994, 27.03899289277099, 32.3915930587022, -52.28078322681487, 164.7735346163764, 96.98563062334688, -167.70643834826242, -4.545521311592321, 151.9976565545579, -30.53595510184655, 15.766520803297738, -77.2519093542219, 152.2155834728079, -62.586309908506784, -7.228260043514336, 5.2911549888571265, 71.91454202298097, 91.66600251356697, -34.955486398562186, 6.104607566058785, 27.213347923644076, -67.92115079081088, -126.05440382923825, 102.64177750850132, -59.864794716565896, -121.02871102998849] : -1.0
[-61.139793661987014, -8.585086050085607, 86.27111037216777, -29.41426292930619, 158.07141809462303, 38.40909274036921, -93.8210608482067, -15.976738281729823, -32.020039411289375, 58.01251977502898, 79.45560546478872, -60.67606038148504, 52.77726332514108, 14.985918721592586, 16.492132505781935, 170.45315162306315, 78.42880505385594, -104.2466226566505, -167.5872311225324, 9.601485127141615, -304.5784370942499, 40.150264745188665, -89.28921823185077, -48.63908091546904, -35.45787582439071, -145.04948505512255, -33.42633803002726, 80.9797577594008, 41.192252954514515, 46.15384568383135, -103.38387059548961, -126.64347183736443] : -1.0
[-1.8322105016560215, 29.360831777073273, -163.45503816810606, -79.87394856467418, 77.30512398968943, -107.48230627438214, 67.2846756415202, -6.070825381027284, 72.03251425589649, 94.343816992438, 83.84705053340794, -67.32004886571823, -38.67196660328571, 15.5288972579128, -44.085968438648095, -65.73476331586559, 49.87667713688647, -90.05099917423148, 60.671745767128286, -93.15665315086304, -189.80803118440616, 62.03122396882747, -81.15254355754284, -1.9713992484038947, 30.2669733336202, 102.71364217646388, -284.32966577706884, 13.88026708431239, -31.163841967581295, 57.33462257405274, -51.3572135719469, -127.55162755811205] : -1.0
[75.17097093950488, -72.26976497896858, 177.60102701745822, -224.64622210552884, -109.53438362870052, 10.07788719415939, -73.22506764934879, 28.02511398033689, 164.52728499104452, 101.68548368499617, 12.934888026411485, 60.72560628039605, -46.16634774882485, 34.15316888973914, 59.89208948806919, 170.9906663711957, 77.17086788946686, -148.17611775217904, 7.363970738348655, -91.98032911025655, -45.79307512097883, 118.44239837756805, -93.21818869274964, -43.410851350006666, 9.569946946306661, 9.123854586284988, -37.663654908641746, -195.29970576543977, 8.170648348849243, 62.29979208794571, 168.63548160173247, -6.446585215305152] : -1.0
[4.4387144382952535, -11.2490853047326, 90.45000287412442, -16.698847728855178, -45.64382395418303, -47.03419968443467, 92.62789414743946, -32.51373042789328, 8.546664846892309, 61.080136609176435, 134.44211928420316, -57.36030970445939, -200.36725280100524, -168.11489322993754, -172.4575647455332, -43.16328313098691, 103.54423363127177, -53.439884174734345, 95.93079424942478, 56.42142608745404, 11.449242405740385, 2.615551847911714, 46.73008791917307, 36.90093194348775, 42.014334771194505, 87.96771227109873, -18.957215513480357, -29.121122566072387, 23.12258515907688, 297.940238672128, 33.02422275117938, 46.94031354991448] : -1.0
[-46.45055627896216, -122.0178374279569, -25.88936744915359, 50.85425115136279, -118.39393910668842, -168.63719578934763, 1.6480459456182164, 64.87868077016277, 136.0680836345919, 170.60496023639098, -173.29048434118027, 41.19301113742461, 349.18625045643256, 172.4977538505197, 132.7554807982882, 63.76428315428609, 18.882360043725534, 64.97998132906696, -148.4967133140344, -97.2030097314038, -63.123412964647315, 240.81623001396628, -83.8727110067467, 37.83111671748059, -125.38617947615069, 15.704147421707226, 121.02058644755064, 49.68054988014508, -43.338728662019165, -40.73588746867354, -67.60911377574058, -256.3925724670443] : -1.0
[-32.93586965278213, -189.76740200304474, 137.00698305298437, 243.52139893277368, -21.991696728708035, 21.702373589229303, 45.10101124037853, -232.6627975078922, 150.66365986279175, 146.03511451269733, -22.605659335275263, 59.81490828265659, -34.30689763658387, -85.52113119502857, -123.30042401112973, 159.43801700698663, 134.56745160483658, -276.88010062578974, 157.3914846962416, -114.24310973073531, 63.54186669140931, 56.65799570612279, 138.604993262251, -179.2521425041738, -133.02292472265583, -75.49696842537513, -35.676117089388775, -134.10513512777794, 50.42925591842012, 168.19251906206648, -10.328819922485238, -14.965323397954293] : -1.0
[-67.69522562749846, -52.458941149285394, -83.34924318902998, -73.43938646148699, 202.9734800166231, -144.20275031938093, 39.631069798126596, -311.40375786509924, 27.71693509080851, 90.72526707866771, -68.98332029177953, -112.33381299724468, -199.96316722198853, 149.39729846929862, 4.280148470082494, 103.72249445666597, 102.97046437756953, -14.79071816281153, -7.180298009120939, -116.36939791492809, -127.55976716097454, -28.721022993559643, -54.07788407680999, -10.71328588162747, -88.34017764143225, 15.385870895075374, -94.69870469728025, -14.822583054424122, 18.77474799592449, 108.87971389497356, 0.7854479138756432, 139.29489939395782] : -1.0
[25.719945473655144, -26.953440494311312, 43.70577926801563, 13.692201255214037, 149.59024757749535, 17.17328459759971, -23.54380046677333, -89.33516205038643, 291.6482084080882, 202.08670648637647, -73.24455186773766, 274.87227287872435, -11.435729212090614, -42.307052114559184, 109.40024060520459, 176.45501322097914, -59.10554031696805, -252.38246722032432, -59.04208267704007, 105.19830806673656, -17.939305411083566, 178.96994456236436, 80.40132745430779, -97.30737832373707, -28.011837805466925, -53.36447692563314, 115.34335395516842, -26.517123832410352, -205.01272921767972, 46.620171638237785, 31.458567810792132, -103.97904651524044] : -1.0
[-242.04056696930206, -27.51068305430312, -112.68081752478426, -60.12162907795353, -38.77660698658941, -37.23272886989143, 153.00205392855608, -265.3731611467111, -111.61416144290985, -28.752350623701453, -45.402119549160275, 134.5048313974647, -131.41979448482678, -147.48036696580903, -92.09887101720433, -1.7669019981746032, 197.16390047160715, -259.77548081184955, 160.89204288383402, -193.31559994358676, -51.72173646853789, 117.88895515881943, 56.185240585998685, 124.72851539541841, 71.46532977187562, -6.696227668829119, -51.06171558880228, -74.77183508829033, 108.98083670434094, 89.86492738693934, -5.431565496641063, 141.99043980795287] : -1.0
[102.55515293014516, 87.17486809895419, -68.74883441892587, 41.88331539576147, 86.21597957770626, -98.0003666492564, 16.398351003201274, -158.93366548249512, -48.07209523948318, 175.01706393993575, -134.3714404293197, 189.60396372131964, -138.0440576438533, -156.0509497084547, -131.34341105908567, -110.62255897233045, -56.10652176305418, -41.32968587325561, 9.445813203959801, -116.36094256726216, 138.08883965382879, 85.59643811186959, -203.64414266340316, -134.63746195456815, 30.367001574573088, 185.70694926148704, -86.93710759462246, -258.7708232271038, -45.466269906044076, -46.142162613314824, -110.00450841052515, -1.1455612721265034] : -1.0
[-10.636872383921688, 40.507216540013644, 146.2048435224582, 46.846537925017465, 5.590340552814149, 29.356717475846807, -90.47273994651397, -84.61729495692049, 149.38209796493723, 123.86684276754707, 179.19797362737427, 192.9938773809359, -169.23488402113816, -2.7179153425173013, -63.489359737014354, -177.51146271174065, -4.324324989183623, -194.46607638531583, 162.7928567467356, -17.496476632759645, -110.13098918399429, 26.10575857400469, -10.516063726355227, 8.437281480462461, 107.23314656301801, 19.25193722464123, -53.43534960139434, -16.197910738412126, -129.66544883050756, 21.418944487230164, -30.968574409683917, -75.26246688613244] : -1.0
[86.49928771699359, -88.1906105914106, -102.0973283977207, 203.619702118952, 164.48062944319486, -131.27490425729974, -39.50932129791148, -91.75925138618882, 30.405998916017893, 40.59675050066066, -0.7695636550622211, 72.219897734133, -330.88361000083904, -189.20827037250137, 27.69084243648608, -153.02524422712247, 165.96182059719223, 153.67629326296043, -243.133130337083, -31.28101352068946, 112.23351706289858, 88.7595284461658, -18.69370258535465, 2.484007126224933, 105.63509306933578, -97.54075638685556, 181.4094700689179, 75.02079295101335, 115.95422796190715, 138.22573642175126, -6.136226695652553, 143.53652944106864] : -1.0
[88.75396627727437, -29.004409307120973, 48.69057484332251, -111.8594276375812, -121.38619232320936, -19.68182259728688, -74.86416226969405, -200.1334119419704, 36.92438962883701, 105.66774149791003, 117.77890983789996, 70.63203234388246, 86.41562439838985, -13.454596986963729, -113.7657592146387, 49.88167430518247, -1.924079071992935, -97.67165550448533, 106.36452627253291, -53.33983897075815, -122.41432757636801, 233.31986685847423, 174.29310825295454, -95.50387379359226, 42.55995142415724, -57.89895012019757, -58.328913110729445, -234.52094305456086, 11.683727996446066, 278.35737101133384, 49.24836782801735, -87.91260748384563] : -1.0
[212.05247099279893, -82.45586361044285, -21.781372677319077, 132.4456476916053, -22.596022359198443, -135.82204626361593, -172.92247083911334, -82.48589097629798, -107.36464273945938, -18.953002809361017, 4.817544273902101, -17.705414399219855, 134.03984105646833, 48.28147317478819, -112.42347891094238, -28.055372980033994, 131.75869463263496, 7.899362457732423, -72.43720439870131, -55.21672116117828, -69.02784318147431, -73.81117463953976, 177.76696953868563, 217.4408554715291, 98.56881007670856, 11.001215931573267, -121.60734394623623, -7.744807024608171, -88.38911511152804, 93.2432610393187, -177.69421738257137, -4.26174660536449] : -1.0
[-48.11976566098048, -7.646430650548641, -130.5323050279098, 73.32642584657376, 93.46887952502534, 45.28096976163736, 118.82606897700504, -71.8278922468849, 56.32570737729713, -70.7012666619352, -14.190257103439343, 103.51048211483248, -91.56846846269377, 110.269654032385, -35.78023815773666, 147.38439648990465, 47.888230466349015, -107.45767313020596, 85.71337882484922, 139.31504650214876, -199.05339883025997, 97.877582679444, 77.92296454503631, 77.72672166881232, 163.01809983589322, 27.162297666512423, -43.59306319563928, -183.11887642457538, 155.53211220041754, 251.41926372941117, 36.98687643600137, 28.844557174373673] : -1.0
[227.89494002816534, -60.589495099621814, 28.469540565279598, -20.755597500220887, 125.96834244584011, -7.554462951733546, 76.25993630976967, -162.30096959637484, -86.48439204550607, -8.930349295959239, -217.2743579480968, 196.63854517703777, 106.19174203915404, -135.37607412776777, -141.05960244638277, 233.07110433418944, -20.807635386613633, -10.794871665863639, -89.33460529885768, -140.39494526338416, -184.7626132714279, -100.20086637320756, 76.5656522609938, -88.6679880217529, 112.63587507962603, -0.6645641274249723, -49.78583110671735, -51.395630219759774, -10.46172991753571, -55.8954766532472, -257.87932861925185, 125.56874406875673] : -1.0
[115.68497902076602, -83.91319818753459, 4.835594680605585, -69.70419467717267, -54.44582336363017, 90.45093497458089, -97.69033095255253, -64.33576843383884, 95.09129323123298, 51.519091037235015, -2.5484562628970266, -153.10658604234868, -60.508196286258865, 72.59355314526879, -194.35074928882767, 166.4868884943488, 45.90451220299656, -279.64384383997105, 225.48666701006314, 132.80675274076103, -96.92388752957828, 47.17654409965917, 136.3243652089346, -2.9313691445307395, -1.2109183438237743, -46.80261253873666, -335.7764502797452, -93.70432640419187, 4.543400049441454, 148.30214955583895, 94.39019734595048, 24.615707789509326] : -1.0
[-212.43234409618054, -62.93394442240625, 184.28095095581708, 30.76799798278679, -124.27046572657908, -61.81600183811829, -31.36627344012271, -80.63458937623932, 114.33786490560021, 208.609650183983, -40.882942576444634, 161.5600427951742, -68.07699576767048, 195.8986713517803, -98.22427240800573, -4.7265297786351965, -33.74286988082485, -225.49570040141288, -101.55193288189085, -326.50810118719914, -228.29172831926235, -35.60058521981885, -24.276286286228384, 50.01871257118618, -90.9594267694822, -3.611291357150631, -129.18000898047643, -293.450797855017, -114.11220561238503, 115.35517009268045, -464.57081529378416, -28.632975479324664] : -1.0
[-215.6079796669212, -3.5767922068283866, -341.1408421687442, 40.865689968398996, -52.47965888564118, -205.63297221624362, 170.83885637887465, -313.4604005895235, 357.0048429421914, 287.3670839823876, 227.77865552845554, -5.70292577330207, -186.58041448676028, -223.62514810365303, -107.37506991340595, 41.47925723133909, 338.18598626067455, -282.4626502308814, 15.4934398393152, -390.88736305435, -325.8870940364373, -64.57578828521744, -374.49148659325033, -28.78212906218937, -283.49243190688406, 93.28566251989349, -318.6849678785849, -94.64739041577812, -77.72675308471369, 407.5112192705229, -8.046004262691355, -123.55095914678222] : -1.0
[150.99612387325215, -354.46454233953654, -225.27921052286405, 275.1469335748692, -181.24762692180997, -113.43520500859852, 435.0323553205597, -429.1605070824426, 183.14717265733293, 27.736106557294363, -40.10229767101503, 43.68136254327776, 127.59005218673934, 85.5783521142138, -22.805303044306974, 178.63345790395618, -46.17078989632107, -203.9393465944024, -173.18321176205558, 183.3166056384701, 176.49342058953053, -119.53061987753529, 2.845769569105192, 151.76166593067816, 52.14895698196686, -2.6715377803155897, -27.549601975804855, -208.9039750345433, -162.29232659262073, 108.05738980384956, -437.3425714055661, -530.6648248441041] : -1.0
[29.637427534659267, -156.99233713145298, -239.237220500676, 310.79074483715783, 272.9439337330028, 173.16635346747557, 253.22542992653322, -58.59213771485826, 89.97529209626197, 143.69050190263002, 89.71298710348009, 145.27972434021342, -97.1055804738709, 5.138542610046457, 30.006695044782333, -20.404794269687372, 70.62564349945636, 81.55402222816853, 1.1500705153652229, -325.5626514794059, -347.240149638457, 341.7776632959375, -82.38599205415628, 155.37092425096623, -431.1557297065058, -78.71380229667339, 141.5060542350747, -36.885671366392195, 15.6117489499701, -194.4780280465274, -162.0898206393903, -95.11622339374239] : -1.0
[-96.1641471639187, -128.16422497207444, -209.7627924534526, -75.29270058585709, -70.23180315936507, -64.04287914109997, -144.6391514906839, -393.8849927819049, -89.66247963852491, 113.26418013833845, -150.47304029571328, 378.4943991003456, 173.46075940789427, -376.3719645040164, -442.0186243895594, -57.31561004258579, 27.05977647056826, -28.46907645071859, -71.20410406317103, 245.81923842616897, -352.94875736670446, -4.410024787881099, -325.05899650200035, 287.5497562192653, -215.9640033861923, 26.801732234691883, -240.21461856247754, 131.4728345933442, -3.2096240240800036, 654.5092755338202, -58.43454515494078, -137.307783885959] : -1.0
[156.1283160795509, -197.70483199732183, -111.82290702832583, -218.32885326689265, 224.58692484777964, -83.44036982479649, -44.12256636882166, 80.46466344721146, 245.425120697605, 300.290753957284, -96.84716642443816, -39.75542627902321, 534.7259460280526, 0.42478170193172105, 191.50121639462748, -171.0333532831183, 211.7052927646543, 19.447999259200827, 179.88105722018958, 13.471128463274994, 1.5566166184806498, -84.38403884621815, 234.74570354758876, -224.2755546258237, -292.88851963643265, -320.4453025148961, 168.41556729098994, 3.030858390904541, -103.32216166054218, -244.23891581647655, 209.06729685927783, -143.3732147989627] : -1.0
[-248.21003162286573, -52.87207532540973, -111.50640372862186, 216.4909495136071, 83.3462270050009, -176.56440477482394, -42.75451450220381, -153.56838258370908, 321.3478720555278, 243.8577846053774, 147.65940907390532, 283.20252569052803, 110.85675017778973, -26.984980072717143, 65.40705062813326, -230.03255024356395, 60.24245470564711, -543.7659400501028, -233.9336899026668, -30.87750401793356, 105.69134955544092, -61.01400260165133, -42.470302205090114, 74.75947272666019, 195.93327453347518, 245.27645884194914, -119.52274051417429, 351.86540954142595, -35.461258835230886, 223.74629426223504, 444.9380820727777, -151.97412499226488] : -1.0
[11.136402850203538, -41.8372576919987, -5.5749637203598965, 103.51615484185783, -113.63040233210371, -58.33260239085074, 46.17544532847418, -264.9197213625654, -132.34968013652252, -170.62390166979787, -235.98758069834915, -138.38800948350928, 296.41077640716185, -149.76414960465087, 204.3794908036415, 268.8620092898965, -177.18979586114762, 222.55506144803383, 509.95079038491355, -473.49583356179943, -60.51946437559512, -132.2113174085877, -79.62928558604722, 138.8395854310242, 117.18531689769183, 61.53199850005668, 267.2240986355812, 20.330480698738697, -236.074739558359, 280.30966726120704, -17.249286602329832, 84.49906661755075] : -1.0
[18.79837883337359, -271.86724645423914, -101.75228990515552, 192.97820176234546, 60.76357953160756, 209.29757949560639, 39.748358499499126, -43.250711555576856, 107.99867599121865, 318.64880714972423, -296.54904132960985, 47.405756954671716, -24.745097697177144, 15.90082923301015, 96.75808943674892, 137.1557008145253, 99.96647750954335, 3.617542751531815, -203.9066083435522, 44.28393866832427, 60.46446217207872, 210.88846540811215, -77.0834329535042, -29.948343867946374, -47.38861643585893, -116.72507005525512, 291.7991467480145, 232.28966978133226, -159.16258335696563, -137.43406454828627, -195.5297224917996, -319.7317121371634] : -1.0
[-139.09460573638694, -108.58047658648408, -42.11360002171485, 188.2731217325996, 193.90927397160527, 157.72201890352295, -41.7172096679212, -219.37756965900525, -160.09997084274852, 453.97285007455065, -76.78684949306574, 265.5700923557141, 149.70064547386548, -245.91896290751697, -283.5106566470048, 51.00376124921792, 364.0125566586202, -462.29528162900414, -91.81420516755561, 258.6706601191079, -119.30479785077463, 128.80919530843465, -70.74534185581962, -127.78574653862125, 288.7076985695312, -313.5998218052034, 137.00595371625738, -173.64255160916542, 48.727899582655546, 397.4350779330441, -80.56372212687285, -182.11532384051338] : -1.0
[-13.584794893514953, 43.638005553465334, -329.75336100578204, 24.970184324457442, 133.5854923613511, 161.2323067278723, 18.872344239909662, -282.92366515638497, -55.51379093845979, 36.98677550574669, -60.311407877915954, 353.86829551899166, 90.69524349163022, 21.037478547423284, -133.3921875764485, -22.121471367952836, 172.39674089596238, -3.8003565842041667, -70.3302055960471, -20.513989889055708, -310.60184728156963, 244.94057586188615, 284.8517166624359, -307.8518584370195, 60.79147216450126, -458.70976269048896, -35.39553762128129, 6.547980169767044, 17.79317672545227, 185.96565073348302, 236.394237337552, -57.885535558235] : -1.0
[-25.930801973442286, -61.556575411437144, 42.205486332548425, -128.5935088639612, 154.33501306443674, 238.90911310946535, -21.068258927829277, -212.66207608646346, 110.33188439609377, 59.86898668151787, -121.2639277039484, -115.60211297472145, -9.24168781110562, -156.2871527337821, -85.63296497920292, 100.74140439455125, -363.0050365166181, 83.43048427700226, 128.6809909637384, 291.10823562275783, 334.85627293034435, 380.7232124253103, 128.18331697484834, -174.203809674953, -73.58783382566072, -11.195954017954252, 394.2325527757141, -125.01958837366965, -407.7804939508124, 161.6409372926845, -93.11055318121173, -15.626841953582861] : -1.0
[-83.86633649015673, -251.1844970689587, 101.79930657637206, 262.2538294731193, 180.3103890325242, 181.90398749442352, -66.20165451894144, -110.2032920963904, 53.22934729846576, 201.3205694044216, -326.01972487311605, 229.6344368367709, 329.40451934436317, 179.80749708529845, -258.6788068319024, 418.9130619308943, 100.21519166034781, 279.7813413076005, 118.66560802323316, -239.47401016349642, 213.85112094957717, 367.21280349499636, -131.12395531725824, -111.81137500981335, 222.33821434774734, -97.58854149969778, 228.32775693422457, -14.225659713877654, -123.67228033008607, 500.3858539693791, 293.9408162554901, 32.30425902492662] : -1.0
[-28.404534846213732, -159.19263148403053, 226.86393557716445, 104.56823165901332, 268.4454100775931, 96.56670292548988, 130.5872959163717, -192.08718033361333, 39.48617045065751, -4.707021967221266, 68.94736538993669, -9.395516144680272, 1.3615075230560834, -270.09377904380324, -188.312633181456, -147.54756617940944, 270.134696528155, -14.599899017046098, -120.95005724307674, -81.2909534812448, 417.6283647047435, 298.72742626363254, 52.34715709371607, -308.34158392266477, 69.49601131138901, -153.33254354079807, -14.180382589447973, 311.36539192512396, 192.66918623463013, 378.5796428695622, -23.96321834339283, 132.74328384722207] : -1.0
[30.430782359530383, 106.05677878945811, -213.46088430220072, -384.993049931399, -119.00452273997783, -234.8260327151122, -0.06397096652132461, -397.5399028071865, 32.04659457798657, -178.84801006849108, -101.58383642407804, 157.6108239600888, 342.7933446005127, 201.86734482942492, 73.12575096832757, 107.76254097484951, 33.50630344010777, -199.02439617755766, 189.41189650816483, -127.64021598236857, 77.13438801006646, 139.9208442328207, -148.4010402039785, -194.60661636286534, 24.450631669498193, -440.0844511688277, 202.03080776448417, -135.00745086691808, -81.07970860189334, 382.58395261088515, -8.770319084673659, -566.2231589775207] : -1.0
