[0.19012001026956565, 0.10782145994190022, 0.5646966180205217, 0.34837156831274013, 0.17698667994673725, 0.8909419910812733, -0.3216732889438014, 1.1047638930455181, -0.4988121303625955, -0.6911484692169159, -0.28357569132618593, -0.32343804679321875, 0.5761479366002166, 0.837753145770761, 0.8749321456466655, -0.8461683937494846, 0.07699472488233028, 0.6148018257810617, -0.8319165621483622, 0.4302689347915961, -0.4063127372375633, 0.39332795245511865, 0.9740229967211586, 0.5635210648283245, -0.7558152688898396, -0.6216466054675309, -1.1862971796311752, -0.5523319942930158, -0.9513323553928249, 0.8248083614588515, 1.0918784575808311, 0.3334726770101726] : -1.0
[0.4458158069116626, 0.22962138532499327, 0.422223944239927, 0.17693691048552793, 0.08942182382529305, 0.9209906944033815, 0.04299621641261947, 0.5953456913385236, -0.6185671229335563, -0.3642034534516899, 0.24109264908361994, -0.38843192768588597, 0.4937460136459276, 1.0644155262369304, 0.5328898705224197, -0.6194259198552081, -0.1771772003559479, 0.6156414304727187, -0.8316565293043845, 0.43074758806575403, -0.7329433162237518, 0.3921937015804215, 0.8396874452197415, 0.08456747642232249, -0.7112588106597737, -0.6244368457629815, -0.9957264413990716, -0.3688939511647693, -0.6799481266253924, 0.9604333624943734, 0.6767612132888153, 0.08212336511287041] : -1.0
[0.6900344487029051, -0.25810715189488914, 0.4374169504726184, 0.13487109002168726, 0.18333501820483444, 0.8148164595186548, 0.3113267753407777, 0.9197673814182364, -0.3750848444532734, -0.3813201626454626, -0.017630258482288923, -0.15945099655485154, 0.44787253080517664, 1.1730449067022002, 0.6847309650863918, -0.9596648047687135, -0.015486582681320575, 0.5591642804725364, -0.7499954100661921, 0.48775898356963027, -0.47824213686392614, 0.4326292584701429, 1.067502091824377, 0.3498514196454504, -0.682134882800967, -0.4091096162149831, -1.0033095298180228, -0.29579890028970984, -0.6667108692191868, 0.7965276118762983, 0.8006820647829741, -0.02838286932181286] : -1.0
[0.5144627967744166, 0.3020604925988637, 0.5026451839674998, -0.2460169812286035, 0.28395266553491, 0.6690619725285002, -0.37593559082711686, 0.7729985200299876, -0.6342252019843704, -0.5183796699244456, -0.05410020867804262, -0.3930346512914886, 0.5931837009760733, 1.0822009132313313, 1.0959186117849566, -0.8833538015221176, 0.024746359619005565, 0.33495413682498637, -0.8183043003638137, 0.5242118173097607, -0.4713022728104813, 0.4426398256487621, 1.0121811017988847, 0.5319579437290062, -0.885952591721634, -0.26941038787981025, -0.97383055186807, -0.5280785208137355, -0.8370583711024241, 0.6959980233853923, 0.8375469560438908, 0.002861346646328679] : -1.0
[0.6146462920028793, 0.10217556950348483, 0.212383789804456, 0.7206378101773288, 0.3427465526227903, 0.9708774534837605, -0.3469448167264869, 0.8154910438975167, -0.14621623978182074, -0.6156615848894693, -0.16883864431019485, -0.16763435520181155, 0.5095837127885634, 1.0202485848099827, 0.8786846175154001, -0.626063184761599, -0.34842964928879067, 0.5916214682827522, -0.3953221508918357, 0.48771009938562665, -0.05114696737473884, 0.15735479867192426, 0.9497553577635952, 0.7926684092313729, -0.9522562783867493, -0.49039865231068014, -0.845462750749309, -0.3710418127584337, -1.0266489716676774, 0.88563755032904, 0.5637772471469882, 0.2553715442756535] : -1.0
[0.472795415915102, 0.2448082214493133, 0.08463478808882735, 0.14685368931331297, 0.47395078120707895, 0.8741909436410363, -0.08620245039863805, 0.7188253261184969, -0.588234086317741, -0.6070025770339337, 0.0017767350269516438, -0.06369200296031563, 0.7249545109747, 1.072583446133979, 0.969530801663264, -0.3884109744592334, -0.27443809240830075, 0.7374699358403011, -0.618052838901513, 0.5960365064531266, -0.40874014507759193, 0.1500189213562688, 0.9805934258998982, 0.5359945871991956, -0.8008376222373783, -0.5068152544363729, -0.6438915633104619, -0.24183186471223114, -1.0256718315933806, 0.9867094597855293, 0.6660222341210419, -0.03738066688480912] : -1.0
[0.4560487860555599, 0.06163200545820052, 0.4451574642354362, 0.3153505005055755, -0.034711268107548016, 0.733198791680246, -0.24402520151622475, 0.8684455110680962, -0.5492594875539568, -0.5350058039043452, -0.1698436122926854, -0.2444597841548752, 0.4288096684158419, 0.7975825124312266, 1.1581442424147304, -1.0061712756447219, -0.26735271045137293, 0.5001673679916149, -0.28940640340947094, 0.41939851623948415, -0.18720983920310227, 0.25719282241519004, 0.9807316500867437, 0.23221742301027143, -0.8020981936174645, -0.6666822072203119, -0.5313452883921481, -0.3865039442126837, -0.8573093891943878, 0.7341599306626022, 1.0924228393602589, -0.07083086187850349] : -1.0
[0.6358926570803946, 0.06280528001116102, 0.30959075508943207, 0.36836831781268686, 0.40349456360724345, 0.8628393371630604, 0.0030773566030804916, 0.7569040409794224, -0.6837030986190614, -0.34555887037376387, -0.1731238011711686, -0.052387856506727504, 0.2784018107849063, 0.6940365785256049, 0.8518565595186591, -0.7788013178047355, -0.1267837550272609, 0.4321387912591165, -0.5892631193719101, 0.49476569598319853, -0.1651889537226596, 0.2759456894552894, 0.7994257011195156, 0.35242244565392455, -0.9585072582014207, -0.8292660588929508, -0.9070834277923571, -0.32948259465019547, -0.8907968727097806, 0.741336680043639, 0.6397907692033706, -0.1430854233445186] : -1.0
[0.33919650695039494, -0.14339064384301003, 0.3978477918430219, 0.3705623070562082, 0.17946550286699234, 0.6802858874165975, -0.16133478027755963, 0.9631981991122021, -0.7999046899855851, -0.5626361429726111, 0.042223231211260814, -0.35058924926777596, 0.6104805425553055, 0.6740091446585017, 0.673707253974634, -0.7449197398986867, -0.467078577095914, 0.6024255382200229, -0.7101433937651068, 0.18537512600921502, -0.4724098829108243, 0.22858194897225947, 1.2428766465814862, 0.4548959683515961, -0.8776271420448214, -0.35488315536831816, -1.1425024471236416, -0.6493565444633721, -0.9383969037420657, 0.932843889668851, 0.8030229511668648, 0.09885540692137883] : -1.0
[0.47586580710524173, -0.01578456985349852, -0.11986533115090647, 0.27858326627431795, 0.06928798605774386, 0.4282469200449724, -0.13081850453541402, 0.8709324849717188, -0.7223245433065782, -0.45326172943331555, -0.0260972601421681, -0.04292867801639913, 0.5028425402359122, 0.8175756451976384, 0.612858586111119, -0.928702392083775, 0.0342323607886665, 0.5951832681101603, -0.3659081782353418, 0.9048999623878033, -0.43108193132307593, 0.17711786072295813, 0.8998278400373815, 0.33832214275051775, -0.8546644430744718, -0.589124358191944, -1.126256490905477, -0.5300417164765759, -0.7042248116525371, 0.8092756785713998, 0.751050724476663, 0.04686676828167802] : -1.0
[0.11920712844961512, 0.46583489070843725, 0.5837696082034031, 0.35948868394555006, 0.0830885559571324, 0.6195864177948837, -0.09453198116110177, 0.8275967894048875, -0.6403132517869781, -0.43353002956140385, -0.24718183850892472, -0.1644526517174651, 0.48116440447871667, 0.7206267055993218, 0.7108328800789759, -0.705550708194923, 0.15909031371208093, 0.5732199144121619, -0.7813333850280133, 0.488290673430651, -0.06362551811384276, 0.31206095252929356, 0.976294437005621, 0.41733906507961543, -0.9371294878760836, -0.5923617437325729, -0.715735884471431, -0.5051171975946462, -1.0060346662707311, 0.8616668310978254, 0.9679402383217246, 0.3669184006577343] : -1.0
[0.7520471211618801, 0.09908131359604525, 0.45014276218407695, 0.11081522715816572, -0.01183036127409054, 0.932195448667302, -0.23085408012409206, 0.9650113586663255, -0.46102563450578926, -0.6768824340137855, 0.1778514726668927, -0.35574129319421693, 0.026079279539250266, 0.9908344727030255, 1.0394557933862225, -0.6516529170955968, -0.20728121197069552, 0.5292950209810231, -0.7049561633393682, 0.4134923518233939, -0.1284585372293121, 0.07805161350326818, 0.9452485052241029, 0.619797617668329, -0.7808094804108455, -0.2853274256253826, -0.8640164129444544, -0.5637113298522143, -0.9978516665186072, 1.2055957458683004, 0.7881264897847913, -0.2898384805435715] : -1.0
[0.38585598349769806, 0.3752664567215697, 0.44701579051685575, 0.33613281560521463, 0.344348043482538, 1.0078781959239091, -0.058078243467459156, 1.1113940599598378, -0.42448216172118536, -0.5030571450511662, 0.23215828982729514, -0.48746321881587806, 0.36914122937407196, 1.411647951697844, 0.76411076947265, -1.0245617483763854, -0.07815544138329647, 0.7261949992290893, -0.5322099289917539, 0.2993254486345217, -0.29827807503490844, -0.022030968701743453, 0.412033389896704, 0.468203270036009, -0.8474620565256198, -0.8422477267482926, -0.977054902596173, -0.23365041349011173, -0.9121821255071216, 0.912643869125467, 0.9350259777536707, -0.0858606226518392] : -1.0
[0.17139991118447867, 0.23652881719908786, 0.6406569968899609, 0.3079317020993823, 0.02316320720090384, 0.7561469290849692, 0.09171114210819453, 0.6261945145798247, -0.6836925189168688, -0.40939799666505666, -0.2506765257049366, -0.4422326975416886, -0.009837443789732558, 0.878231234419684, 0.9554017373269289, -0.8078222756134281, -0.19358592826792656, 0.7426246015997086, -0.8337439888213743, 0.35367612795007036, -0.3269858366230913, 0.13143338323503354, 0.5742105812022713, 0.58528996142707, -1.143480605285753, -0.9591031023221808, -1.2920388614829363, -0.5019085028871862, -0.8497704676159485, 0.9685667189747016, 0.716573023355219, 0.2612649707166126] : -1.0
[0.7444158785935684, 0.3348641659497447, 0.035020312488903915, 0.27561068586755705, 0.22618791687037793, 0.8917956844218983, 0.3388369005128272, 0.9714728484360128, -0.24116565477445673, 0.03196891741326968, -0.6673298420855356, -0.2361890018082514, 0.5082362030849558, 0.7497651398200729, 0.6335776962649482, -0.9889299113475832, -0.11473515268910972, 0.2515025596974461, -0.7170340443237629, 0.311984185780021, -0.8113094876116935, 0.21072020107403755, 1.3045645292613468, 0.4506501986510477, -0.9726712953113654, -0.34988665991460227, -1.1252949925907934, -0.3071330324942193, -0.8362892300651926, 0.6511116147236686, 0.9426952438826677, 0.2206071319133152] : -1.0
[0.19875327982115013, 0.26155695553828034, 0.398631624098182, 0.15542782930582782, 0.06866537514730882, 1.0138234192574624, 0.05210080307456441, 0.5949853975781609, -1.0367556788581647, -0.07910789672041418, -0.14215405986132545, -0.37424039896378664, 0.7516385683196075, 1.2250661949529191, 0.348430366118541, -0.4665595628851221, 0.03496774459440072, 0.6424957591080162, -0.4705366605363025, 0.359171570847526, -0.3343768913717756, 0.3996825520275567, 1.0871665528485792, 0.5139554510921582, -1.0529805067576223, -0.34796172485105015, -1.0428816816758066, -0.40349678246998705, -0.8969783426100811, 0.7249388312468157, 0.8255128312007256, 0.2715557622984338] : -1.0
[0.21500576759311385, 0.3045487557004032, 0.735665261170509, -0.168624279056769, 0.15466440626657896, 0.8862250678953303, -0.1430525190751034, 1.1997309712823012, -0.6700526633925058, -0.464279149787352, -0.09120469367492329, -0.43065426094581427, 0.9157936288799925, 0.8247480335953864, 0.7106069100051673, -0.8976097159416063, -0.21701043104055584, 0.3345777476104206, -0.6289653431729738, 0.640015648733967, -0.3375718275481259, -0.0755259091422732, 1.4176413393567853, 0.5352854300319235, -0.7972486232944161, -0.7781323964593312, -1.071836086864465, -0.026114945496261477, -0.8938919074455814, 0.9623987284492095, 0.8208666965101454, 0.24330613575007598] : -1.0
[0.054030848629014194, -0.0017448376138428784, 0.06115396166090348, 0.5616459125773415, 0.2676604407937815, 1.096534320155442, -0.02418645677240694, 0.7774275829469308, -0.5252320018499586, -0.449236777993713, -0.3998600129997559, -0.1738262371498657, 0.5092874974740144, 0.8013834482916764, 0.6054375479650959, -1.1127242467740301, 0.007001845639512061, 0.36042672707377404, -0.9635379684441933, 0.31949002708249385, 0.22067880660641082, 0.24670939791080482, 1.3196096551655903, 0.9298038452677619, -0.7797419193282827, -0.28596489022692295, -1.1429630167062828, -0.5821609591598602, -0.6623321885405826, 0.8484489067758892, 0.8698530374511741, 0.209326834154001] : -1.0
[0.21005057261155446, -0.07566084936117166, 0.5375188145060831, 0.43015933160563613, 0.21499355773555653, 0.9920294032672019, -0.41423290999562623, 0.74784088618318, -0.5983043344966199, -0.525857356622361, -0.0780261403851775, -0.26142405246216854, 0.6010927589554816, 1.039270669811222, 0.6231839514270869, -0.9615295402400711, 0.02145581048294884, 1.1180175702377966, -0.7904989373441625, 0.41683550179206025, -0.7301375148819702, 0.20660102846464046, 0.9827946633074428, 0.42898443037658396, -0.9323221543214552, -0.3663615802330886, -1.1607340884142103, -0.5229601648156095, -1.0173269434914904, 0.9419238954839522, 1.452442167020927, 0.36550717244063324] : -1.0
[0.8006664644006174, -0.15312756516660614, 0.38518421669383107, 0.25242497733254476, 0.1835408984149845, 0.8975010710709572, 0.15458689965898884, 0.6948361776219426, -0.5059602573641985, -0.5721071751023851, 0.3020579335462324, -0.13525856095049096, 0.4231017400599495, 0.8114025244950518, 1.0614089892502552, -0.540417696263821, -0.27066255958360097, 0.8115060406305838, -0.9824014202772898, 0.017969254642068222, -0.6470297127500291, 0.47521969709292455, 0.9859939590688251, 0.4485575656427539, -0.958544173416433, -0.7983437402230151, -0.8583051468981304, -0.12712962849023518, -0.9815741044844222, 1.0419503971820006, 0.9276979137901522, 0.14062737571187603] : -1.0
[0.40377885901743443, 0.08925047582129324, 0.5413384900618057, 0.5658729174220606, 0.2476718632090403, 0.7030594184645867, -0.09024869548733397, 0.8969988779105526, -0.9443476165439656, -0.9007817853075892, 0.6073947452269008, -0.19207060887020017, 0.7073916880578428, 0.5974920204412062, 0.9322106997942182, -1.082499729632414, -0.1630581776998405, 0.3170707746423133, -0.38521561819390815, 0.19526288890733395, -0.5551595001568623, 0.38448933997981877, 0.9300302609144196, 0.23012684052836674, -0.2426444545985429, -0.8237738704981855, -0.8438083392566315, -0.13256445916067555, -0.8467406677637382, 0.23866802954703092, 0.7945151071921668, 0.31805837490586736] : -1.0
[0.3906485049795301, 0.18089866575967126, 0.4866511532656154, 0.3664311343830704, -0.12868872082195387, 0.9688509952270925, -0.2137626350942543, 1.2479545948925312, -0.5642157376808273, 0.09276523110577362, 0.22383034271349167, -0.25982006437150107, 0.4580539625822358, 0.5296026577880676, 0.6012304722466997, -0.9277652589714491, 0.122247261871647, 0.45807882861659915, -1.2319246059705322, 0.22420836932931948, -0.42344553797076534, 0.6092670362763666, 0.8945084984940324, 0.52258369103619, -0.48919198560603294, -0.41593349742051217, -0.8593568229963429, -0.5076574714463344, -0.9778243451604469, 1.1037624207855423, 0.9608462429581021, -0.170214336383662] : -1.0
[-0.02350729592636347, 0.2503067639479884, 0.430250716021942, 0.39652571196918107, 0.3527337607821114, 0.7280205331555846, -0.05374444789464855, 0.5363384837868094, -0.23193314380063434, -0.23726017227409268, 0.23742142544021028, -0.19838453828000316, 0.5831871794021483, 1.0462196536166812, 0.8766440771000272, -0.7066534693177247, -0.44371320335607956, 0.47194156239983953, -1.0628057048976562, 0.9436529938682079, -0.508200897658044, 0.5489784832020533, 0.7216212268693395, -0.2349406495727705, -0.7955210193863541, -0.9445522284870487, -0.8049529940769496, -0.8852415213223255, -0.5056954838907586, 1.2176256996565318, 1.0810495080693556, 0.32156479695012113] : -1.0
[0.6493377080344966, 0.5021090921801831, 0.2721678139031078, 0.6164457682113484, 0.26477577413430153, 0.5731442803723374, -0.09424066835906053, 0.8009335357620273, -0.5531669297477578, -0.6569115319282176, -0.25744547283750274, -0.9104234825991829, 0.757174377171141, 0.8899101206121935, 0.5015983747803645, -0.42318876860115723, -0.3230893351973839, 0.2617346700156581, -0.5905019575623025, 0.5749855911558396, -0.9038924558551412, 0.7507357771874366, 1.0591075512876043, 0.5132171014743648, -0.666756085584422, -0.5748879981652314, -0.9562453560855824, -0.045426328801877636, -0.8872322566703877, 1.165169490365707, 0.6942683392954236, -0.1594235329476953] : -1.0
[0.23921207711765172, 0.5175112596822665, 0.48090435982486357, 0.05391945207542323, 0.1276599495807933, 0.9816380541700689, -0.22781323185639268, 0.5423107179162858, -0.520479506056963, -0.6426569235468732, 0.0898493688020455, -0.24841224039548743, 0.40760002422106034, 1.1867021806020703, 0.637149168206663, -0.49579789824956155, -0.1672236837838829, 0.8576703755554409, -0.6584655789223879, 0.39310703839077615, -0.720264516734433, 0.2718988135590703, 1.019602870977141, 0.28329720196600167, -0.7886459931820254, -0.5775116600152239, -1.2389215844246202, -0.6676612007284134, -0.7685781433888782, 0.5350023766737797, 0.8624083241683044, 0.18286180124576257] : -1.0
[0.5053869796810525, -0.6891543932930171, 0.2420370582991249, 0.3926090007141717, 0.44983760484593754, 1.1638036742966693, -0.08663672151092228, 0.42219048046900104, -0.1451431093858645, -0.4126933020248455, -0.7981460978624824, -0.602984556628559, 0.20463028785335596, 1.2727742593263245, 0.580284819500678, -1.3257984462807477, -0.3223631780362973, 0.6702916488918128, -0.7028568670505289, 0.6424649660920007, -0.33701933600552453, 0.2003406823316058, 1.256447467681688, 0.5687314184579527, -0.6510949604713054, -0.5885012090971412, -1.1258088631360137, -0.37072044593654757, -0.8337661602560962, 0.6194360510218812, 0.6765598925620446, 0.4559440836023264] : -1.0
[0.4937532064515826, -0.2722321271684757, 0.6817427818349654, 0.2985813813349668, 0.3887851336232668, 0.5451825430054222, -0.17392939800830362, 1.0219025543435993, -0.7733646332901694, -0.5971636678031421, -0.04059720461253558, 0.0833498410348828, 0.35916699466322954, 1.0978667417126937, 0.7775514122913172, -0.6103904086271112, -0.22197966667581584, 0.7914689605701859, -0.5613756108835006, 0.5790141649336377, 0.05636444828483789, 0.4387973266805378, 0.7627008446592041, 0.44257632609527725, -1.0508519436062334, -0.16202244092605467, -0.9730592351104056, -0.46434196750679946, -0.5962594564737665, 1.038645127046254, 0.9565773789357144, 0.5256579757114368] : -1.0
[0.8432508459799791, -0.08180904303948909, 0.6367515727172188, -0.29520465773462534, 0.06246511298070487, 0.9864007963204903, -0.14587223556261872, 0.7487584207616458, -0.3718522801610724, -0.3046515742440108, -0.26725427301186205, -0.21693500757061324, 0.3958506067670089, 1.2102802550328937, 1.2580253118793179, -0.7310735240011264, 0.025519464134750813, 0.336318779122162, -0.8014893870637599, 0.2066836857875179, -0.9063603068743802, 0.3071849974140845, 0.9153770990962324, 0.3632835678720121, -0.8550171318034181, -0.6534120149340121, -0.6580141861558855, -0.39662249515377895, -0.6411825064459502, 0.9459596840676351, 1.0088511859577576, 0.09315717155859911] : -1.0
[1.2330521142496877, 0.7524077114322655, 0.3255593858959368, 0.2169635205278387, 0.15513314634099742, 1.1783852652267803, -0.14957965704707388, 0.9565064871358966, -0.7871429704808783, 0.09151441198856924, -0.0013967528285115383, -0.8821636748376296, 0.2868277340250462, 0.5604134750151513, 1.0023509316020296, -0.8386594477116255, -0.2635084745364366, 0.5943315264052351, -0.9678901342682517, 0.6593067743145502, -0.46273884288042993, 0.27166178107979827, 1.3166922387436273, -0.5444729774177178, -0.4339274168478411, -0.26484002222481795, -1.8899049617899721, -0.7253487663286713, -0.6172279787689222, 0.7010035826387898, 0.6551757815988968, 0.41054833195527024] : -1.0
[0.5864755295955809, -0.0722871987574055, 0.6209835268960622, -0.025336623580902884, 0.11077048185526095, 1.4327053849686016, 0.7918662836552552, 0.8308543790721655, -1.0291915177519222, -0.9419947591208893, 0.13827357050589212, -0.1301795716968198, 0.7494023113841576, 1.0094247879069085, 0.11950462626701064, -0.27927463237633965, -0.6752956156710535, 0.7062125336478309, -0.39939547545157494, 0.3672616324769871, -0.13580067838051546, 0.2702439738279537, 0.9271331893700255, 0.2485894742591122, -0.7322046918919503, -0.4617919141637439, -1.026016994451163, -0.44737282002714146, -0.7855255548767721, 0.905100550059662, 0.963804324400561, -0.40513303855885424] : -1.0
[0.741090055387893, 0.16461225007744187, 0.31170319296800053, 0.3245501316009, 0.7308172480045305, 0.537864128256499, -0.25330804562147735, 0.7227989580164791, 0.1900776196494658, -0.7855849438715257, 0.14659842327225447, 0.09118200035284701, 0.27180465703186696, 1.511221710900338, 1.11684984866059, -1.250520873106261, 0.38860512186502644, -0.01412976402166749, -0.34309571037333647, 0.29949714489751034, 0.03325995715256036, 0.19653567043789538, 1.1557371092324729, 1.1122815276882405, -0.6545324974944797, -0.8073938118778781, -1.3064159583787862, -0.2776774806654418, -0.5221158995645023, 1.7912611772731788, 1.2031805030801883, 0.7912163879626619] : -1.0
[1.0713025914723182, -0.08998190463032688, 0.6578353398560028, 0.09014931797606474, 0.4020421113241647, 1.4051440871257943, -0.0889074248766826, 0.0948863496652067, -0.8361440033554501, -0.7723195125040203, -0.48010128910332694, 0.2771812024053008, 0.28313340766349976, 0.6360959852322694, 0.6012867842817134, -0.5740952641195458, -0.4369469516428288, 0.3572488511940376, -0.5120026386488532, 0.23060699962634715, -0.4744583690270186, 0.4813553256615519, 1.1128192388126137, 0.44190193537257283, -0.8249161253556929, -1.022830548457439, -1.5046863704721745, -0.2548984378805727, -0.6449148806635826, 1.0131679763485868, 1.3049519955235929, 0.12878839480909388] : -1.0
[0.6875987976684426, 0.11899204647199585, 0.7190393272685606, 0.3401730007885322, 0.35588926647272245, 0.4925247214070189, -0.5220917952225624, 0.7591629052069329, -0.23913504322583834, -0.12688333844137967, -0.646754329703677, -0.7130799319309772, 0.5952877644834909, 0.6845494009807306, 1.1813200186303316, -0.4138252134855236, 0.41617435866432856, 0.5812578676575039, -0.8412594690842284, 0.1634245958190358, -0.6912667575803174, -0.2121859047482335, 1.9924373614728275, 0.23411433367673012, -1.001978651346596, -0.5320254467400772, -0.9873332421491003, -0.14273483294649889, -0.3419647495429472, 0.7823171308682694, 0.872855286697354, 0.5043332814071522] : -1.0
[0.5972477487965552, 0.10937664659957687, 0.7923999627698679, -0.035374536568380466, 0.27669902010372427, 0.8638666604320707, 0.5167312915491374, 0.41586002080712753, -0.7934230519490044, 0.07616104973813015, -0.3371429942135673, -0.4243062977418863, 0.9237541441970485, 1.1323736783930614, 0.24092918062379226, -0.2866370543318456, -0.35785294344660895, 0.8451878129997452, -0.23902591276410529, 0.33605278779525216, -0.5551243745980662, 0.6577435611083682, 1.0180636581169842, 0.5117362879317668, -1.0069125611758003, -0.2677589302348213, -0.9866278282294303, 0.011700622268179472, -1.1154109680381137, 0.9778323865968366, 0.9887337783929779, -0.6106136406158178] : -1.0
[0.5800683921321519, 0.004801763564090372, 0.09302881115623737, 0.6279825440832705, -0.22396107366782098, 1.1265555280820552, -0.565033764054526, 0.9663062235665151, -1.3119241858227966, 0.1300888236265917, 0.44879385288504464, -0.29671708586798434, 0.5236341217428419, 1.433692923126598, 0.9670495649621622, -0.5587468175719574, -0.13135903849016983, 0.2722281126504322, -0.2334865409328763, 0.35239656991304236, -0.8926501766364825, 0.2927110192597728, 1.2112952888391137, 0.5503110242351797, -1.0608452649568163, -0.13400554486493899, -1.372330656915878, 0.06639137857608868, -0.5562824863267729, 1.0011069085415314, 0.513946787311848, -0.16868238427871596] : -1.0
[1.0681269518937375, 0.3906241044843086, 0.384486813725452, 0.4498777744623992, 0.11940924617326051, 0.4936540591844154, 0.33335428106094867, 0.9106305118276469, -0.5475780547107542, -0.6848786853252865, -0.7119519692589178, -0.14342881141912234, 0.2862140516405203, 1.508765107306137, 0.227074303307981, -0.7494950040427185, 0.37633725956951675, 0.9981536189553062, -0.8604344968979324, -0.15557782370948914, -0.08790795761740167, 0.3895108115488319, 1.4946457867346314, 1.1276572398838698, -1.3263003058024394, -0.860414626798151, -0.9754219039546385, -0.6965785847905991, -0.7140330407254329, 0.9532292175303412, 1.1513985070684205, 0.494785045484854] : -1.0
[0.29410259916024595, 0.5386838078728826, 0.4616732303662007, 0.3177633449486371, -0.2959834594712674, 1.3335562702277848, 0.478171853547838, 0.9200618620171436, -0.3357434049652046, -0.34689443135556713, -0.611878431825575, -0.25010347782394216, 1.1467508441909522, 0.8486464720709078, 1.0655375369230218, -1.0959770153564063, 0.3082578286436196, 0.45764803211314103, -1.228575650180008, 0.13154910529212138, -1.0703196234792762, 0.45435194782541266, 1.668540580502553, 0.3466115533088888, -1.9560889092624696, -0.07092801465284598, -1.282055208895108, 0.048332789838044454, -0.8590431306321628, 1.7248286582037666, 1.2778607160343602, 0.17862646765422752] : -1.0
[0.845005580429725, 0.4749492489639513, -0.15520175195541336, 0.3090551441269836, -0.01533337366756618, 1.134448472374829, -0.005666313286358721, 0.7771724094471356, -1.0626451675296615, -0.18748995295946522, -0.8372217806224274, -0.012450171740996996, 0.9215693116691672, 0.148310181626089, -0.08657477964655769, -0.9905310034628779, -0.6735832143029358, -0.005680381699941284, -0.22361186326000432, -0.4877576363941938, -0.6094770446507518, 0.14131341319644858, 0.8541076159231411, 0.8721384712447324, -0.5149854250831258, -0.6518705960168182, -0.8285346508531755, -0.8746391250784801, -0.8108849309646073, 0.927609258248615, 0.5111613947326377, -0.0608293027053492] : -1.0
[0.6176487525799057, 0.4278836440871693, 0.485797712171006, 0.6571948651157815, -0.06705601033443337, 0.7276892532030261, 0.25461615278633654, 0.41917744421210323, -0.33562786174752135, -0.18531983963899362, -0.09617798711094033, -0.4532219505785616, 0.31719172359265796, 1.138123774625188, 0.5536104746582913, -1.0937954585532652, 0.41967208451945515, 0.6679189058925955, -0.41055501175616094, 0.10302009466555861, -0.36200971716785163, 1.0173371296467764, 1.1347715804285052, 0.3719281001264573, -0.5832628874061772, -1.0199922524563685, -0.975336059241114, 0.40652493419688274, -0.8318037497397961, 0.8881741253607291, 1.3241180150735314, -0.2915067281450659] : -1.0
[-0.04194771491870797, 0.3663102474809775, 1.1509311428027467, -0.014344441489921561, 0.394196703951012, 0.676933283516377, -0.6860030112404591, 0.91998297635478, -0.7651549827127258, -0.830285493865865, -0.8725476970365804, 0.14467380419028403, 0.8909230720025909, 1.4251358551093398, 1.1272283639076082, -0.676601624665577, -0.15543089904919702, 0.43560408445206006, -0.7126021192668912, -0.3095932965393223, -0.4202589929326894, 0.37496848423288454, 0.9801894474185355, 1.172781359692902, -0.8159841766557739, -0.1434966281793224, -1.7122326302092987, -0.13705761821295642, -0.6732561884306341, 0.5237154134450502, 1.8435685159463806, 0.2752343991369678] : -1.0
[-0.32093202956905154, -0.09317204794896569, 0.2669799940078014, 0.06311221624504568, -0.3749896780519836, 0.7099194689211759, -0.36930065320109595, 0.8206342590233522, -0.4843994763680386, 0.04381266515792487, -0.8946910811198867, -0.12158709748002833, -0.011312574858440061, 0.7888261403759552, 1.2736093750019917, -1.6005574446812392, -0.16577193859776773, 0.9057171706963407, -0.6983194278688236, 0.9952252032062592, -0.6268546513709073, 0.24929912268981774, 1.652894297175439, 0.382955230508949, -0.6484879217096776, -0.4623974090218091, -0.6887117849788505, -0.04518937436771586, -1.3246767650269065, 0.7370614678326372, 0.23907911920141223, -0.22999353354600377] : -1.0
[1.037635563940626, 0.005740940054498933, 0.11723182883527353, 0.4400495533751092, 0.6950514135885816, 0.6402814274674573, 0.444124440593462, 0.7968781054337261, -1.1919613433239415, 0.34730016334529784, -0.163021042539979, 0.0890460983891595, 0.2941942590911361, 0.5244868473271873, 0.32706032173010346, -1.2629344726159042, 0.2687908543427112, 0.7378189493467666, -0.5108521776299874, 0.21717587365613364, -0.4168373930509348, -0.07257479051667681, 1.0392684906716827, 0.4272316775714555, -1.1419971263858402, -0.46228956498300505, -1.3871270578640247, -0.49503527312624684, -0.9224417665540817, 1.2966192381564037, 0.8940235523424835, 0.28210860693015494] : -1.0
[0.2966731299922797, 0.3129231390958473, 0.988192438147724, -0.4371626670622589, 1.4698287816873965, 1.4150699012694035, 0.3716483121704819, 0.23249837737295398, -0.7376581085266201, -1.1113517708747243, 0.3631076740100516, 0.2210605463971408, 0.42261931975154576, 1.3253562769310456, 0.8350959914200724, -0.6707076141406862, -0.1784510082249271, 0.6330185802563482, -0.6599208302796211, -0.07906993079814983, -0.9513222114670915, -0.19363308642720117, 1.5709394434137445, 0.8217418932185161, -1.0068275082501175, -0.5647888632329956, -1.1666310590914721, -0.23528716632913838, -1.2198496911233392, 0.7041317027443952, 1.1985886412093723, 1.0440773927874554] : -1.0
[1.0482461488287675, -0.3382580901374216, 0.8375366576162363, 0.07132627044524784, 0.17722481473733476, 1.0921546336433143, -0.7314499490628569, 0.38316444551631035, -0.44643025196310737, 0.13910126319492344, 0.11752970969741564, 0.08741224502751577, 0.7139781722719978, 0.8302180916436513, 0.514523759862457, 0.3603056572739105, -0.031926782193367115, 0.31522040833507425, -0.2817754714844644, 0.42868697841092523, 0.25022357880803126, 0.829101168331583, 1.1370906356115735, 0.35387409533164116, -0.01777111100481188, 0.1860838578598648, -0.9151978502684011, -0.6089987185934089, -0.6804156815846631, 1.4731757039741877, 0.9545029888490246, -0.35338822621213567] : -1.0
[1.183458614507332, 0.10455111198196448, 1.5400100490230249, 0.5704347972464777, 0.39330443724686676, 0.7717118904059088, 0.1676849729794079, 1.6671982843922952, -0.5333544161742402, -0.3249837315576589, -0.02608693018119275, -0.16093439334043194, 0.6024456842268431, 1.0133501797173488, 0.44833831181218636, -1.2048236248827184, -1.114980667495938, 0.39029941366302273, -0.3542345216362105, -0.11818494853574513, -0.14406489820684953, 0.004191563864521186, 0.3515113110397341, 0.6877058593274281, -1.007868463705384, 0.04835303653367817, -1.4998120502961665, -1.1607467376850098, -1.2401436399292378, 0.5290457435138632, 0.6532505603827026, 0.3239730961776545] : -1.0
[1.5735247531141596, -0.14651514781170616, 0.4289802139357784, -0.12668095684728234, 0.9286392052041335, 0.24728515836768972, 0.5036910665731273, 0.8140438987885966, -0.48597949262588325, -0.19429267938110523, 0.22796753920178126, -0.6400912861494968, -0.04278616535321106, 0.9547933652181217, -0.0969236383069062, 0.055960542532989876, -0.06401300369059829, 0.41194412341219155, -1.9138852218532154, 0.9372987458381057, 0.08726765225825811, 0.2369956600855787, 1.3001040567520465, 0.548667779554127, -0.36216873481049106, -1.0025491879260855, -1.1531117962589343, -0.43914190388562063, -0.6885571110430206, 1.4871336316441015, 0.25989809347998694, 0.6582667814300378] : -1.0
[1.9652541223057918, -0.6006969819121649, 0.17680980964298115, 0.8526641655244581, -0.3393113711881084, 1.4930194712012885, -0.16424820035067983, 1.046071739957982, -0.03203626936550574, -0.6098930588293053, -0.1403587139532403, -0.5678585659611461, 0.9959968957056679, 0.5955051501112498, 0.5103304167547751, -0.7527363170533633, 0.13918242070243383, 0.39216617595937864, 0.3087876024527023, 0.26583779006231234, -0.8915936544373273, 0.791266196292947, 1.543193084743279, 0.3933448398806917, -0.45477995985889874, 0.14842012847700636, -0.5074116207330329, -0.8310184176416842, -1.2013497844444672, 0.790461435137833, 2.185710784099695, 0.07230959376203289] : -1.0
[1.541975814805948, 0.7918900587393597, 0.21392365960247245, -0.29283921047955774, -0.21011209921430413, 1.2522411195783045, -0.43014440896106987, 0.6976717174828252, -0.47837579501585914, -0.220634611826466, 0.6318907095725279, -0.15165831870676338, 1.1590607491502412, 1.6805988842350954, 1.5196138474947642, -0.5842751097993043, -0.769864355054368, 0.012296259337574833, -0.7752916030948087, 0.1384351375499555, -0.0011785584059274545, 0.4869070714307687, 1.2315647033747308, 0.36970454138455366, -0.12047292402600829, -0.6779113102560587, -1.6352846112277013, -0.08821531216672279, -1.2426035708277585, 0.877572240588173, 1.4239528783931674, 1.0195477029224842] : -1.0
[1.094278964469555, 0.16593696133866248, -0.0434297663869323, -0.08284591438008984, 0.06550993965437474, 1.4923321470042794, -0.19412752790631632, 0.7339438375338815, -0.9897850526278057, 0.5493109817806678, -0.09786242218708917, -0.09511531961220832, -0.2143058058177717, 1.814753388615734, 0.9813613401482117, -1.2790823417847406, -0.42893701926912475, -0.0501408532863345, -1.0132335077037382, 0.2723681896146481, -0.6784755401123181, 0.5267279853420013, 1.2944909278818566, 0.41146980627825047, 0.686660980529983, -0.4985925720823162, -1.6073557614814957, -0.1648293288635735, -1.0539704476836549, 1.5667181135970774, 0.2330066311583725, 0.4532053702135904] : -1.0
[0.8292250157622343, 0.011471983723006285, 0.7723025930077849, 0.05762629791057834, 0.02485874781068864, 0.6638737891953019, -0.20022968608923575, 0.4047374862574371, -0.7013654520341994, 0.17514698520499095, 0.23167946708217813, -0.49912586534301423, 0.22083801727930866, 1.4410464520848496, 0.6471673602826274, -0.5143707207050792, -1.1681168349350568, 0.7565842768315449, -0.37296770470893914, 0.8596278364458079, -0.1373629013376912, 1.0000160840790984, 0.9123161539487632, 0.34663750884732336, -0.40682894810965015, 0.31506753862879533, -1.3197863281314635, 0.07181985365274013, -0.09847068320243024, 1.5507060420604528, 0.7083148908870159, 0.48221360503003996] : -1.0
[1.9084864015033869, -1.0768620911980333, 0.8753271575914346, 0.56331817548652, 0.2565260615476265, 1.5879008083319461, 0.3495307293292257, 1.3464388874462387, -0.1214327898556039, -0.12990021911186195, 0.6707557526133235, -0.22335280697969714, -0.173233473327705, 2.032850854473433, 0.7350545386572822, -0.5668855281622858, 0.09333853144733997, 0.1415494954499174, -0.4036570192266367, 0.2341946320034061, 0.32519120081680786, -0.39719555382400934, 1.533096512387165, -0.7719535572242531, -1.4092768487861929, -0.8726779300318127, -1.629204533856735, -2.1501466112891903, -1.1808802120379274, 1.8521618156740185, 0.8932594229865003, 0.2774800817627602] : -1.0
[0.8498502734809994, -0.44584842474070097, 1.5087586009377003, 0.11333946280865874, -0.12995162371444086, 0.6543265886914735, 0.8453157261198198, 1.1879072816409968, -0.709450425082925, -0.7025239675884246, -0.10100120906593701, -0.5642045289281039, 0.1021527607783479, 0.8992304143807568, 0.1022910455656646, -1.0802353756599383, 0.4727324238772799, 0.40959031158121945, -0.4952768030593884, 0.11913986347841965, -0.18319476697620535, -0.09439875226165317, 2.374584617787033, -0.15554901607264404, -0.5781940339104221, -1.5168746706976155, -1.716451587095778, -0.22918211380349698, -0.8438645980398467, 1.3329459811637008, 1.17006016799171, 0.5820450215906108] : -1.0
[0.6937591718327956, 1.275778273939753, -0.10944225298024068, 0.9864971604074735, 0.555271912134589, 1.8118043143190041, 0.5698290634634275, 1.8094339385811469, -0.916387552791337, 0.20698457739487564, 0.9201938895469883, -0.17562059281077055, 1.0796724971601497, 1.5342249661670624, 1.28737054729448, -0.9054514409277309, -0.14268344638539657, 0.4278845958481884, -0.24334554108958445, -0.0037174144606145765, -0.9088258095651106, -0.3134380591517238, 0.46153551763226996, 0.17371543557451705, -1.0718040057238396, -0.7638329208744281, -0.7726338404369854, -1.371498162904825, -1.4503078784173362, 1.2906888111209778, 1.212046419785354, 0.3691387182960687] : -1.0
[-0.21749215030822788, 0.620803950300471, 0.2965691697124816, 0.4163336474740398, -0.7574251639359018, 2.178018230308384, -0.2703072472742842, 0.9968727589159706, -0.9851737104412066, -0.2704268911354937, -0.024156393871112784, -0.8574986484494129, 0.03984550761078354, 0.8301364965447253, 0.4810858037548996, 0.28290815898491783, -1.370323640044875, 1.7934281946315238, -1.5239395143125696, 1.2456832634930999, -0.10757064523369925, 0.24841095317826464, 0.9076106879360291, 0.5918667212143569, -0.287590374464793, -0.11877222891958139, -2.297906245341953, -0.21279656387023987, -1.4006633098297319, 0.18150725423586878, 0.4404943976517682, 0.33446307334889236] : -1.0
[0.7785914740010085, 0.3106672261659356, 0.5278895682060338, 0.06314182768669227, 0.13226119034750103, 0.9187733095652411, 0.29047742434958546, 0.47510495804140834, -0.7314351480793877, -0.819744047112429, 0.27230824563184214, 0.19317501144068505, 0.6833748494978626, 0.8695073208718782, 1.7662180571548824, 0.12111600834359837, -1.0915466744775049, 0.20373690447749826, -0.43789115411933377, 0.5416482109935409, -0.8624772411584032, 0.43315047334827816, 1.318354013768451, 0.2094332368064817, -1.206729788068082, -0.7483168650160774, -0.9327857008142872, -1.0761155635686648, -1.0423056415478902, 0.827100467842395, 1.006838803114951, -0.5977211722394113] : -1.0
[0.931458536709802, 0.8419447342994556, 0.829842159055286, -0.1073943899618687, 0.9903370131463947, 1.7289299992741984, -0.09372040388977537, 0.2831755109256689, -0.7804437222191104, -0.25567088823435025, -0.3389440523359507, -0.09614221045415716, 0.1261740076626704, 1.0815793300724115, 0.8250746448806128, 0.10223998897381759, -0.0017121950488930282, 0.07982050193893891, -0.7797124903122367, 1.0132741591011643, -0.9988725044976899, 1.1410677567226863, 1.4061113377009944, 0.8383793615817798, -1.1389273925186942, -0.37473731723968456, -2.189892479333985, -0.052237639977575245, -0.7770438934546453, 1.0764138308449085, 0.35888683373696295, 0.30977571149734534] : -1.0
[1.1895501146381946, 1.0923606917903153, 1.2178696016911683, 0.5980715623310604, 0.5760079586360536, 0.2838241351912335, -0.028708492295447204, 1.6979420344243998, -1.0791976924025422, -0.6156245980294657, 0.7681195598326804, -0.060600819128458716, 0.1884646075340482, 0.577272404587149, 1.079507420261295, -1.3540660931070185, -0.08661178311765017, 1.295546387470395, -0.6918885079131623, -0.35390708991629316, -0.5863692618295369, 0.330341550927667, 1.4186667953991134, 0.4773560323553125, -0.4659258624243519, -0.7150073106150059, -1.587995860304157, -0.8863795295444072, -0.2193574904104899, 1.2811448395841052, 0.8142117724203506, 1.5303691002607818] : -1.0
[2.02623066717943, 0.20510824712143624, 1.2337999188284123, 0.5437877306302866, 1.4374858968903053, 0.9012842086320824, 0.7980620570585106, -0.846334689181196, -0.20296042299646028, -2.527293766495687, 1.5303765436521566, 0.07193329372977622, 1.1582902204336625, 1.7579384822909487, -1.1435045419506125, -0.7367592332964202, -0.5554676498118136, -0.45558081115380594, -0.13771789986005561, 0.14413783456767632, -2.0959460737298143, 1.2422810297939124, 2.154155793400344, -0.13230174137994533, 0.3880945548146295, -0.8871887001835188, -1.397755305976958, -0.06589282339325059, -1.683314099391892, 1.6200370381848246, 1.8934255658041397, 1.027895233102122] : -1.0
[0.9123352893580804, -0.5499059489168301, 1.261227486440729, 0.03510619301480456, 1.0701914004043083, -0.48964841431170236, -0.5907117549327588, 1.209518533880423, -1.2571179750731907, -1.2095675856287256, -0.2745614321086076, -0.13226960731451942, 0.4822137513411249, 0.6893532155564186, 0.31003669006009327, -0.6598789169891832, -0.2900521596111544, 0.8518607075382674, -0.24230342335174443, 0.9585451719502477, 0.00209782155590138, 0.29800018516713656, 0.9902121132056592, 1.6416433222567328, -0.2617904545094022, 0.45077606881830173, -1.8380680058743792, -0.19626084948587474, -0.8564629327457345, 0.8436246716791402, 1.603988669846069, -0.2557414053448404] : -1.0
[2.206427565417658, 0.243002165137888, -0.01735152377418836, -0.05877282386815237, 0.652265272994715, 1.1496830663537176, -0.3324347542042252, 0.4810666727347498, -2.1107799212951397, -0.20143681071008612, -0.6092823750222369, 0.713236085373175, 0.921441175004522, 1.0585098235593615, 0.4876863855417327, -0.2983067620648116, -0.7737536931263856, 1.3136490618022174, -0.937465661541937, 0.6608957260944043, -0.2665741013585862, 0.09294309027093758, 1.0582465138209602, 0.47807332174188955, -0.6914993030115447, 0.16590090253924128, -0.6358558212403562, -0.4818284773826964, -0.8823553091966272, 1.381495407473598, 1.6678674609617965, 1.1092187580440438] : -1.0
[0.31444313082253195, -0.4935292890088885, 0.18421146427937918, -0.770713673951081, 1.0990495271539293, 1.9913076520780093, 1.1807656590669713, 0.2562129512089653, -0.3995346130919909, -1.1506770611734198, -0.21332311881413488, 0.016096191074475956, 0.7740833366305011, 1.814029903119321, 0.6299474639992507, -0.1358804580690764, -0.14655998276494336, -0.3446684491089224, -2.445451666277999, -1.2992958882060024, -0.6530991040862404, -0.9057476026260773, 1.5218798590406004, -0.4266421989708593, 0.36896942709806324, -0.9628589463875206, -1.707250473227959, -0.05190650381754891, -1.8890216065570344, -0.5163555562975679, 0.4978114032940646, 0.9356024710648352] : -1.0
[1.2230630121316404, -1.445019443578093, 0.4180071829939453, 0.2569082310834107, 1.7905927536580313, 1.4260006175117608, 0.5253043427137488, -0.24863316346031572, -0.07035401369751831, -0.7897252353628154, -0.40583897019128934, -0.9349231637501294, 0.8081471350662915, 1.6431795001528733, 1.8867827460355187, -1.6314835115692397, -0.7781710327114971, -0.11509106626376103, -0.7948960433790416, 0.761594219416826, 0.576526299641815, 0.637842097706327, 0.999045166882985, 0.7169228982280896, -0.179911648913736, -0.02712477094857052, -1.628372615071331, 0.07868363972203973, -2.0163989773657605, 1.064994757550632, 0.5132738373017465, -0.33709997814290654] : -1.0
[0.7802036001023283, 0.4014480878646935, 0.47391018663310536, 0.4516534642310309, 0.6695138644530426, 0.8359518628910523, 0.8123703666628753, 0.9918747647489181, -0.8397347953588061, -0.513070484299589, -0.4359761001134893, 0.6355732696719433, 1.7521524263012878, 2.112791894962516, 0.3112948032614442, -1.2825416937662648, -0.6782408797882217, 0.6982097704049792, -0.010350740043969298, 0.5283991000887631, 0.15824636315765916, -0.1844341089244276, 2.308417840530865, 1.148671513496584, -0.15605429199392762, -0.10213465776699732, -1.2264754138484248, -0.6233936045242762, -0.9945477813687411, -0.198160716840043, 0.691085069199147, 0.8500948833163144] : -1.0
[1.6862537043986556, -0.522307772770873, 1.3761416828799922, -1.1134177800577125, 0.49742486375563544, 0.7654650606508735, 0.6489687597374039, 0.9954961795132583, -0.815806214102156, -1.0870033828399355, 0.7212222206656818, -0.19495548321856035, 1.0917715494033136, 1.9255459071023338, -0.3593030844084605, -0.7759779257816554, 0.3793742962643859, -0.01593455954706069, -0.48803299833176306, 0.706346689291524, -0.2474837725852794, -0.4349243777173547, 1.4814101371388348, 0.3752362324316161, -1.3905760084313972, 0.1273034160080071, -2.3948551271002785, 0.1499749013535614, 0.10625877032612085, 0.2508833494316244, 1.2821848965186406, 0.9867884506192894] : -1.0
[0.06041101213750566, -0.7007711047636738, 0.14390723766677793, -1.1667126702088642, 0.12944238743372027, 0.4519575311167583, 0.5788531146517436, 2.2078822465188686, -1.3669306689777305, 0.36184202951301053, -0.4734597154832092, -0.2785096130723198, -0.4592834411135205, 1.4838253208862224, 0.520709980754593, 0.5192418048189731, -0.0035437435792174954, -0.9669285887374621, -0.4955219264405952, -0.44429694234688244, -1.6522733869140493, -0.3332742064568305, 0.8427304414214021, 2.0062135439794795, -1.0494051232550112, 0.33355297834106884, -2.3217442928163976, -0.7528670286730098, -0.7479510647979847, 2.016497198196938, 1.4413235833514326, 0.5054392331751709] : -1.0
[-0.42852508248141563, 0.8920287554418335, 1.2286424749544909, 0.27889209166857853, 0.055415844180067175, 0.011142533766209217, 0.2020751194109188, 0.3352927201019698, -0.13880774368030185, -0.564709168944105, 0.3448581988057984, -0.46000862370398105, 0.6915997903065318, 0.9988009552027284, -0.7213776787019128, 0.8387309487388264, -0.4805188910824092, 0.412414631501623, 0.018825829920957382, 0.1250985579576373, -1.1452874406278908, -0.6278492771970791, 1.0991016099942905, 0.6134325794837623, -2.4219696728565734, -0.5606855950185916, -1.5791009011733788, -1.4008575360880189, 0.4274314266634842, 2.4639077178004385, 1.2605622107842596, 0.40802480896143534] : -1.0
[1.430071633770616, 0.6250661105995473, -0.3256280007196054, 0.8787655969402851, 0.12618619746246518, 2.1724672522827615, 0.7880705903506374, 0.4351292663388884, -0.64369220386995, -0.2450904729734975, -0.9371119271912156, 0.2885690981503912, -1.0295287027646278, 0.7805139350151349, 0.038158450622269746, -1.1096481956389295, -0.03501520193045682, -0.1550081383186988, -0.9600908867264116, -1.2516284518395269, 0.36001844127618765, 0.43147555546336747, 0.7490501392390716, 1.27046551751903, 0.41038961814721775, 0.08101269074161443, -1.3055937010603396, 0.42868045787555775, -2.1681643378165285, 0.04201529711009333, 1.5808950702214721, 1.4293526925155386] : -1.0
[0.4607544750722403, 0.7593084404994692, 1.1002321455757464, -1.0092557960360096, 0.3123565454262236, 0.6082531439842692, -0.6795832783764312, -0.373438683055082, -0.20878774430103825, 0.03537676825870767, -0.2977980797878169, -0.17584411882499032, 1.6511278837225603, 0.7068835211840759, 0.08734866679299425, -1.3352619103675338, 0.5293046159778262, 0.9928171513015835, -0.38051238762591183, 1.1524343756494533, -1.6576022666461223, 1.159024881285331, 1.0050595783823604, 0.8222938234281556, 0.46559789136598806, 1.2799064131156206, -0.3845590981755186, -1.113353424781082, -1.5157762365271044, 1.31088142280305, 0.8415821959430629, -0.5219948119362932] : -1.0
[0.959323315500712, 0.16833773318653805, 1.4433526556434522, 0.335820126723578, 0.610412527744005, 1.0766177905540313, -0.6072233331711779, 0.9218073489705338, -0.6767174918378471, -0.8361634850611497, 0.6789624261084111, -0.5446756544930292, 0.8480449384435873, 0.35351937398195465, -0.2816438988350637, -0.6074511882207323, 0.7234639139778036, -0.12889507614086543, 0.37631465990915003, 0.7889483918215955, 0.7990076763153072, 0.607689129909977, -0.8964173686626735, 0.8532335928396579, -1.2093175766919955, -0.9089861030156572, 0.15859780478974606, -1.880087705062969, -1.3358806907862384, 0.026445871997729964, -0.2842184186155341, 0.464778174893723] : -1.0
[0.4111831216643185, -0.160205954567245, 0.2891547841313289, 0.998880562681833, 1.6239933538832547, 1.3268356465601083, 0.17615670749196363, 0.7209848467133866, -0.5577513277994767, -2.363495495804808, -1.5646986599280888, -0.42164641962273336, 0.9657353936895066, 1.8393464347868957, 0.5828818732956209, -1.5995560626422678, -0.35880461190210083, -0.14471490912838264, -0.4655996307257104, -1.2172550830054938, 0.0893310767671528, -0.8565625383177815, 1.9010112535594657, 0.7365618591759733, 0.17195839649926137, -0.15719142916399756, -0.7623966011317611, -0.183838993324152, -0.8712997927438006, 1.435399530729735, 0.08893920501132024, -0.002521068968441953] : -1.0
[-1.4279150856811904, 0.3487686721386528, 0.3691390556347085, 0.8649404576569514, 1.237729435040439, -0.1434093090917984, 0.5042306189440622, 1.546152385136693, -3.938886011151019, -1.0831266528633978, 0.8799315331729832, 0.44778046086304263, 1.0498598604559077, -0.6109731158156013, 0.6699461756633917, -1.501460945971429, -0.4915191337843961, 1.9829171627815647, -1.9318158105708232, 0.7990348909972127, 0.0665662605302112, 0.743642766097633, 1.0091723658106446, 0.21487765083807325, 0.4066098204241515, 1.8172664692974152, -1.4912913576989644, -2.2165510436964553, -1.5354932847953866, 0.9439113180190399, -0.3272444309317559, 0.05337467145428032] : -1.0
[-0.33847984654519636, 1.7837591637500643, 0.5704123054397612, 0.3878138959309796, 0.22399232500441035, -0.36317187066831935, 0.5030009659176161, -0.7347232354267393, -0.7403974495291529, -0.964623350546271, -1.5321982825720737, 0.8229964983192931, -0.9917165453544686, 1.3704905011368127, 1.2299594345395883, -1.3117704779683372, -1.5038199842595548, 2.5192620142796587, -0.9873562182199292, -0.8433601710237872, -0.8162209480776733, 0.7622565873342073, 1.30464625065077, 0.23573085950530057, 0.5229307311770315, -1.1768556488349455, -1.5753628774693451, -0.841430355466649, -0.8957297737121416, 0.286898036861418, 0.6079946680415103, 3.1209200264559334] : -1.0
[3.369919618975656, -1.395263978878307, 1.2143930734401889, 1.4846845038225258, 1.37040021508695, 1.3140752121366883, 0.26770860870080315, 0.3044265672221251, -1.2629146503604187, -1.18470662551322, 1.440991593381247, 0.40562052623259237, 1.0974517867740072, 1.2776954445609912, -0.2898942925040522, -2.517066346779581, -1.1681282122172212, 2.36201076436498, -0.47848572425904357, -0.6470153929384542, 0.5460576170600491, 1.4332622340951664, 0.44981445520412766, 0.42800529630012807, -0.859609342139315, 1.466781533601476, -2.8743649104581492, 0.2961229192117773, 1.0858927958250457, 2.3051582772627244, 3.3070448915575996, 1.6626155436058752] : -1.0
[2.2204281590908246, 0.5255340591428797, 1.148288867763287, -0.34793971548167313, -0.6128779991908975, -1.667313496589173, 0.6363992192594452, 1.7801305954440036, -0.5031400235738894, -0.23009281702156348, 1.4867226888881226, -0.886446359998521, 0.205379878655723, 1.7326338105198715, 1.6116134016255361, -0.8614901962181821, -0.8938245777673894, 2.772047738732086, 0.18673089317321834, 1.2896048492928882, -0.8678496869703167, 0.4215699206599778, 2.6687851764207284, 0.3183359892475402, -0.36318951916864284, -0.1406886478407689, -2.194830515194586, -0.29644603163765587, -1.443663911044898, 1.1593046432289655, -0.05030316799855905, 3.1733695626479683] : -1.0
[0.9870762352573845, 0.21315844075304263, 1.0321513013574937, -0.3665523424385533, 1.2086329959851865, -0.7983550558124627, 0.6746267285657449, 0.583466409156296, 0.2986960916982687, -1.7049063244052127, -0.3107836880426897, -0.9465537892279525, 0.2747626884361902, 2.6735942607380547, -0.4704561512463027, 0.5265440811840949, -1.982798680434964, -0.41851122592886125, -2.471138785487624, -0.27171449243749335, 1.1248417530904566, 1.501418502562574, 2.6839439231152546, 0.6224143576766923, 0.33263660191694167, -0.5890445034149676, -1.5871613497045198, 1.0790727800923603, -2.086553938774788, 1.4480478425249985, 1.831832974333334, 0.04346543313026918] : -1.0
[2.028387145661635, 2.8624305789137687, -1.475841910320463, 0.8933497826291456, 1.2940835052683026, -1.076106921849743, 0.8219442146143614, 0.9100388675193565, -1.3718413412997472, -1.4733155264029536, -0.12176755874379869, -1.6930229727236468, -0.9793326540121531, 0.8537138518259058, 1.207441324831282, -0.921551796604914, -1.0571411633825853, 0.7701592861059607, 0.8851096900275796, -0.27395568242943985, -1.361878032299563, 0.5968404316884219, -0.8030229126089319, -0.7118523556610432, -2.5905292688884356, -0.3615437013110496, -0.6251446557838342, 0.4322190978707586, -2.987478643773523, 1.84057369800833, -0.173576353402215, 0.9475259303647509] : -1.0
[1.6947497237057765, 1.875414430610168, 2.131408778958829, -0.049619112939880194, 1.4821860651760104, 0.7734220026891492, -0.9144397842558446, 1.1213856709927692, -0.7430825959028532, -1.6733201090321537, 0.4426234090928474, 0.34301673922575115, 0.3196648314247786, 1.89884286253536, -0.9942460686181204, -2.118709367610725, 2.032729831854881, 0.13247099038435028, -0.31225648691904445, 0.5284644076365623, 0.8599036194993572, -0.5710795781720357, 1.0847914593444326, 1.317961639446237, -0.11801565468959906, -1.9064752082159313, -3.560535045931378, -2.1808048604703574, -1.3107861761836042, 1.696840956886748, 1.08103462132312, 3.149617478776179] : -1.0
[0.08647996500527055, 1.714093773319528, 0.6417099965714874, 0.9596345647253464, 0.7797346422246934, 0.9409301078977814, -0.8312064989093336, 0.0059162337140789, -1.3344874097137644, -1.2978288964760076, 0.7418795638832483, 0.7496648762587209, -0.1797312327451709, -0.6096276865373771, 1.4131332533292031, 0.34286502863689905, -1.3560602147747949, 0.057388413639415936, -1.7334457172761502, -0.04343727806750697, 0.800957785730168, -1.2000896142937343, 0.9170975328335959, 2.781932794709408, 1.0326826353617558, -0.37718635096810726, -2.4778667489039607, -0.12038109120344298, -1.1064548650386934, 3.035571040403945, 0.538783986649921, 1.654476301621568] : -1.0
[1.8506817854299116, 1.6900079343956214, -0.40451954312351746, -1.317571116889175, 0.6955638656354074, -0.02578085946867359, 1.390579898696605, -1.3932915233248364, 1.3746264555854708, -2.3131880682455046, 1.7820658734812451, 1.2872911534272051, 1.7347341273076484, 0.6758935787534368, -0.02047518612963417, -2.9398863098727617, 0.3225796302318407, 1.1472959465806065, -1.033710568176941, -0.7573772320524959, -2.598630698143934, 0.6593929644990552, 1.0274482873739457, -1.1450358807967236, 0.24652368129079924, -0.27070599307184484, -2.2161554141489685, -0.7460929643816792, -2.297388112182287, 1.4351952693648877, 1.3310021882012322, 0.585401400671861] : -1.0
[2.726009428805289, -0.07055819761591392, 1.396533339022396, -0.7347895578986279, 0.7140574865249076, 1.712784445744394, -0.27476608710393496, -0.12385228513901969, -0.01690800746591692, -1.0158708024184957, 1.0228849005588023, -0.8416908137511219, -0.04606685347163586, 0.9784911518745327, -0.10802126646572979, -0.7778517736388405, -2.113010534323694, -0.24208718052890132, 0.7117808684949846, 0.8884762077727678, -1.5285308112770206, 1.301052402633611, 0.530206831072086, 1.9446825207825993, -0.12355704710731966, 0.30902387111784546, -3.5229704642768076, -2.2281082146436733, -1.7775879959010306, 2.5126647045680626, 1.820472105372503, 1.104732054088421] : -1.0
[-0.2010838631575118, 1.0591242117801016, 1.3189998698101377, -0.5997091355809641, 0.3605843898633909, 2.196588725467297, -0.3109533885156082, 1.630885385976207, -1.5859760878338456, -0.4725674020856522, 0.7890610404570663, -0.3140927575210522, -0.18998665232418144, 0.47201336514390657, 0.6738999151054836, -0.24188282225418534, -0.73112929247844, 0.8003590548086102, -0.721782372127916, 0.09473716344515323, -2.1403861288254182, 0.4930408975689849, 0.718775261596913, -1.06948913753866, -1.5326139997612644, 0.9809788984207601, -3.4537878138270726, 0.014310815379666941, -1.977838108766893, 1.1227034196186054, -0.07587510145887477, -1.415243676117101] : -1.0
[1.5682667938398878, 0.09572794396402023, 0.4662970693049061, 0.03755240180289571, 1.505649877554128, 1.364326732248709, 0.21763795681784873, 1.5656120305998038, -0.9312092370094354, -0.7058158390916813, 0.02043101310281642, -0.13734874868298177, 0.374184027749758, 0.4344520728423512, 0.34836493888094955, -2.56413685537907, -0.2804863910861875, 0.6792233027732729, -0.22905906640268198, 0.7971640087885986, -0.612981066497232, 0.439840141173519, 1.3141473748402346, 0.31119608954283473, 1.3465392467932966, 1.0841727718663536, -1.2718523284933057, -2.0913901015793983, -1.3045622288379337, -0.4426749506281189, 3.1468222865292015, 1.4504537647488536] : -1.0
[1.2327421873411235, -1.2159969018886636, -0.5201394406427194, 0.6637536979996066, 3.77782298538491, 2.2541893023321236, 0.25158844371657774, -0.030749738329534315, 0.738261941435843, -2.5565752092672644, -0.6859331750472555, -2.121804358295379, 2.6481889114862702, 1.6930054223596813, -0.0012688527486019452, -0.13615871473239616, -0.842776600293091, 1.0702614883023003, -0.28825217772025336, 1.1263248804441157, -0.33576503129362756, 0.7272017813757072, 1.0734549851198576, -0.7285740502840274, 1.0576262238644683, 0.22897542137033533, -0.8999698056625899, 1.136965503098749, 1.157992263845773, 3.27596577987134, 3.7261435323699565, 1.130610571972497] : -1.0
[2.3903644186344515, -0.6705459235059753, 0.9446557554065915, 1.109362684904412, 0.6026955567000756, 0.8146677953051007, -1.297559271764182, 2.2354196245955134, -1.4654601626784682, -0.9523472201460592, -1.1883331811804831, 2.466408448271046, -0.08279888875375185, 0.44478393171972774, 1.6741618960994562, -0.6990683727143652, -2.504601902493714, 2.1043228423649856, -1.3023449491051755, -0.9911000228882464, 0.7177355703396922, 0.5886335330158373, -0.13692807187311984, 0.1539220849890912, 1.250317898767382, -0.14931796617405146, -3.727849191832815, -1.3797294997867235, -0.5400060721079858, 3.2364356124235183, 2.070726624135933, 2.0265346358269927] : -1.0
[3.7376172491121773, 0.8073759016155211, 0.21504246639394597, 1.4781256492448498, -1.0962321246405164, -0.07117120493971565, -1.0695702621403642, -0.23569233586056026, -4.6230446761780435, 0.030198350481497993, 0.8190318420440862, -0.1791627884839972, 3.057410926602498, 1.9724066705397019, 0.2601446170639592, -1.0864465105805032, -1.9358356925492113, 1.1706088630111986, 0.2580382311353915, 1.413481499650819, -2.691979115246259, 3.0708512178891665, 1.626423646005395, 1.022367408298737, 0.7255050898112283, 2.3520365789435607, -3.196575780960492, -1.0132315882522596, -1.6356220735265259, 0.9053332824244316, -1.953067960839694, 2.313527640446685] : -1.0
[0.510967539271607, 0.47418863666492034, -1.385698926429341, 2.2914921337084984, 0.5669635866776954, 2.6839216974650673, -0.36723245997512727, -1.4508505938247125, -2.5157942498861003, 0.9220561343114837, 2.5227415595760845, 1.3223629184953984, -1.6185474281813628, 1.1151126858810394, 1.5289327581233918, 0.5877493712987951, -3.1067669435513983, 1.951713610969773, -1.9493125414559858, -0.3866589274154558, -1.974241537673342, 0.021242369839684416, 2.066909897718118, -1.1613852870819639, -0.9982729919236082, -0.7850458162163485, -1.3021323741858308, -0.7589706388786228, -0.6507288991566591, 0.5783531695648093, 0.5173196302580801, 1.2194320443162643] : -1.0
[2.620819799362368, 2.285646713660687, -1.195521153525724, 2.931726870193347, 1.266741109188841, 2.729134429662164, 1.5765176087687227, -0.9727887625050057, -0.5646949471211045, -1.899249532499934, 0.627654785939697, 1.0469897560997061, 0.4614072404652097, -0.6397739183156222, 1.038456314289872, -2.1817285414947665, -1.668293590965794, 2.4593569755859144, -1.8318846301416787, 0.38890312598158805, -0.02494558638423336, 0.7113522810940065, 1.1029292370894677, -0.1654130554586951, -1.2739420278958078, -0.12733332424577942, -0.5101509692980384, -1.1005373871263382, 1.7027221632546932, 2.5954172118989796, 1.6902540503828125, 1.1745489838949281] : -1.0
[-0.10116163196318712, 0.976055315487413, -0.8473194532662297, -2.9029116518570617, 2.2875216708784842, -0.2088512563903777, -0.2536048081929629, -1.7763935763555794, -1.588969543825394, -0.10997248161310458, -1.5848835235695706, 0.8519505695725748, -2.2306898211475668, 0.35313451718064626, 2.603933199080018, -2.2680307385656513, -2.455121074628086, 2.3826607428951716, 1.584118870751228, -0.9310525140005272, -0.6850683266442923, -0.23596612123691885, 1.9897849575042155, 1.349028334909851, 2.4778886565919476, -0.6437010426989365, 1.0295974028110144, 0.6617530178073768, -1.7849498375254966, 1.0534977112173278, 2.131564619998041, 3.297467929831733] : -0.4711298509077592
[-0.4186339068033211, 0.22228999624592333, 2.539801602480311, 1.608251750059177, 1.8013170307532849, -0.6526800226505278, 0.2611127477292905, 0.2412916334212808, -2.31180887189458, -3.0410488376233005, 0.6267208985943366, -2.492408877076223, -1.651431330253616, 2.9353682992317696, -1.540850498058707, -1.4418632165587333, 0.8690290115269821, 0.5934158525523379, 0.7181911731020711, 0.5924691920792797, -0.39434221638533523, 1.7952112169123078, -0.9718317671350918, 0.1053960657454587, -0.43948174336051105, -0.582038254896075, -3.1675253654745847, -0.6727437987316494, -1.98378327860895, 1.70376743406128, 1.0580813572833296, 2.3615752964292342] : -1.0
[1.642402085218409, 3.170115406218337, 2.2322657980594203, 0.9276514515595313, 1.2691400719638253, 0.6320748155639617, -1.502520475830462, -1.074352174268339, -1.8306495571791102, -1.3846402770885926, -0.8241561508544439, -0.40880500427158006, -0.9541826122018361, -1.208065232889457, -0.4385143490078989, -1.8373981198652505, -0.1204314447501611, 0.6975233502779263, -0.25289897198513667, -0.710038114631355, -1.0282613215706948, -2.682100200927994, -2.3470376478279333, 0.11373065770489366, -4.537007761982801, -0.5243333448360619, -0.8477235831734771, 1.662216019025068, -1.6125419106426533, 2.266609007029269, 2.2731941604341586, 1.7862003094958725] : -1.0
[0.2562233352333575, -4.298814742698024, -0.05139769670105521, 0.0378087883713345, -1.1639099112946425, 0.38617715200218455, 2.1570337721442776, 2.1541072857193506, -3.4673627909103573, -2.7382766767952758, -2.4282336329776464, 0.02861513842200661, -1.3863454356889342, 0.7046428134316727, -1.8210655608943482, 2.1060167770232647, -1.530782998616389, 3.990848807062249, -1.7513701707331522, -0.34531264466663475, 0.4609107648176099, 2.9097984194641473, 1.0073257584799167, 2.1324743681851848, -3.3004203701181263, -0.6158527895274952, -1.3935977002203386, -2.4234620246039658, -1.1186428099606953, 3.298100319608209, 1.9624782513849246, 2.392743709386754] : -1.0
[0.3546635341504192, 2.0023671510721157, 2.1820161257573427, -1.674105496313607, 0.676643463244484, 2.57391689656486, 0.33098477997503806, 1.447244970790671, -1.2503069383184346, -0.17033411939277254, 2.805007634133079, -1.255273960195371, 0.1397165652788968, -0.2568790415346508, 0.9456118851686559, -4.491674395264557, 2.2860992077314455, 0.27271081858212165, -1.9100514287283226, -1.3576048737204889, 2.052063435363363, 1.5905129583466773, 2.4154435447411107, 1.348861200139022, 0.6830022159593094, 1.457937476748505, -1.4471120141889782, 3.174646546381062, -0.9093890296639782, -0.7555737973607959, -0.15373289154082004, 2.7626401038346655] : -1.0
[-2.3500661760378994, 2.207268131692733, 2.566833008978907, 3.0775072376003356, 1.3199975276340057, 1.3131593836727846, 0.630550889935059, 0.008396444906911937, -1.8565038783267396, 0.958742227916245, 0.803949317799735, -1.2281101106425099, -0.11172921478852571, -0.6365023508201887, -1.875197077060215, -0.0077242675069926214, 0.14081497849183022, 1.4757047693260403, -1.0779156690986815, 1.4905314579852322, -2.3658762436885654, 2.98411924693439, 2.1738265048362067, -1.4770304360903328, -0.8650297794346654, -0.42508702332137777, -2.1648287424573365, -0.5061279824470682, 0.5340092727647054, 2.328998157739819, 1.976765451868233, -0.5415543971440371] : -1.0
[-1.7370343479607993, 1.966576594546078, 0.08575119327421532, -0.10779803350802863, 0.0011271389383142871, -0.9912321096882681, 2.9870349760071413, 0.4998286021805577, -2.1255622611575204, -2.7700895466830664, 0.5498865282500011, -0.8688628244165245, -2.071078598461717, -0.4482807728243704, 2.012550887131793, -2.212247520901557, -2.0649594551170174, 0.49334835545557865, -3.1758284149205833, -0.5347045649265231, 0.9504493999579795, -0.1563278646311499, 2.0348548820834127, 0.9201915384880849, -1.080752342371964, -0.4758143707346964, -1.3997019151966748, -1.2074084519700237, -2.7980451181415953, 2.940921247936586, 0.9781202700128577, 2.952496104706604] : -0.7423878583041105
[1.8715438570026275, -0.40789561278840947, -0.59653585645159, 1.3594382072167206, 0.05263736476144876, -0.6258164191286536, -1.2915922537991613, -1.1079543008073025, -4.17395097976093, -0.46166317834548987, -0.1265776602171812, -0.7384190199364131, 1.090260070613577, -0.7357260538728426, -0.280634722754032, -0.8586082153961662, -1.0355548637882481, 1.6628390973948093, -1.394412077512705, -1.5402453104394125, 1.9555527401797288, -0.975554284272564, -2.98111770828927, 0.18299597298899398, -2.173967536610488, 0.5251500879276465, -3.775487652111215, -2.96824263674401, 0.38473150310851323, 0.1519263958759871, 0.6377439196391532, -1.6905736354359415] : -1.0
[0.5790160840855438, 0.9774909654732293, 1.3012702947492816, 1.0954926998628787, 0.49060964461822, -3.585036818640097, -0.5197019809556922, 0.5363205562598389, -1.750027148889449, -0.12015415944962637, 3.471234344861353, -1.5832801650419328, -0.22213292306422594, 0.0209169973619453, 1.4605617700874212, -1.2142533590622735, -0.5537445367549656, 1.9506970592872896, -1.9231746000401795, 1.625302846851561, 0.3332377698660094, 1.7222210961769393, 0.616427276495796, 1.7947462240756147, 0.003388293629648636, 0.5853065158788608, -0.5500833500296602, 0.49196658385233805, -3.547179282269937, 1.6529127630425275, 1.2309258744960223, 2.022219936015804] : -1.0
[-1.4442032383805072, 0.3038181701366463, 1.0720076304919666, 1.46320152848421, 2.6170739021160987, -0.631774947849095, 0.8511040985864701, 1.08116253048306, -0.06414996866029665, -4.550918389939737, -0.04689087036225653, 2.273299043256493, -0.49620318678480346, -1.377920969595671, -0.7071056514489706, 0.7684835713720202, -2.3461065791320372, 4.605548399409367, -1.0822504542284532, -1.7532340822297225, 0.15329806178598343, 1.9361102198854998, 2.1673346867374534, -0.39848132844713924, -1.9298633047882168, -0.559793032159194, -1.3508527961373717, -2.211196023671776, -1.9894590339582474, 0.3131142259274703, 0.9137078061610961, 1.2738810396418492] : -1.0
[-2.520720951746575, -1.4418174739529914, -0.5852167631699104, 1.6045636950867417, 0.08455025365215463, 2.8678933882525843, 1.4077669219595639, 1.5195708569666655, -0.22931328843153387, -0.8424909608042781, 0.2183425864267139, -1.8821974862957909, -0.37917657972837404, -2.555080740323927, 2.3049987252097512, 1.5946499555024816, 0.12721277863591252, 1.2528836844939277, -0.9165064679869062, 1.898443177669402, 1.546553827662647, -0.1635800989014493, 2.6902036714640096, 2.770913086740215, 1.2873590654342784, 1.3329736472492248, -0.3094831761558454, 1.0489044290361171, -0.17011830890229473, -1.292270270183146, 0.6470461800722718, 5.238524325762276] : -1.0
[0.7092603732202039, 0.6023170081664941, 1.6408456531428686, 0.3341794367246427, 2.398637267148243, -2.4682458845985025, 1.1179155306125432, -2.130219406541345, -4.869301504455022, 1.863447251849176, -0.5375936366872621, -0.8026746580725468, 2.2183608782637156, 3.1333083274568354, -0.12171521282059494, -0.42322089242542127, -2.458596539639858, -1.6795652615048202, -2.132249585342496, -0.5457505875827515, -5.75347255033744, -1.837630676142971, 1.61078509050931, -1.3651399313089398, 2.3309684033871996, -1.270821847754669, 2.637922865645919, -0.0306170165808628, -2.294228766917249, 5.424103688908287, 0.46309825441948066, 4.225689781008771] : -1.0
[0.498889750483132, -2.6898305883185953, -3.7102398033328723, 2.3001141008314234, 2.807929459861876, 1.5900721410414018, 1.8334702663771736, 1.7293019980616056, -2.1902131215797693, 0.6270353810331948, 1.4077266819769005, -1.5036750691130287, 2.7580625595525, -1.7499680580264871, -0.2030057244217343, 0.2294147638274675, -3.0259741410851095, -0.23521458230259418, -0.5515299168949839, 4.2777300625200265, -3.501365801541678, 3.4047769378520583, 1.8954089720998724, -0.520651994785343, 1.3019049294239071, -2.7683192992342076, -0.978187070062503, -0.7743358599052201, -2.112570367039398, -0.5804485387823524, -1.2817074166513396, 0.8984938469566847] : -1.0
[1.1282811869034495, -2.8640663943242606, 2.164344463245429, 0.8060956785826168, -0.18702671163603884, 1.973425489014955, -1.1549263824706275, 0.3566095835573836, -1.5175195707915106, -0.9429423383316551, 0.18270433718941015, -1.2471792825512167, 2.931298863972323, 2.012540812504963, -3.228127612764032, -5.857059057308055, 0.46508664700622315, 1.610098644764256, -0.31656187863283997, -0.8876901188748834, -1.8510573628308076, 5.217284058373287, 3.0214274065488613, -4.17078551934988, 5.443329228501481, 4.417213859709596, 0.578814831569634, 1.273199331107572, 1.9427637407093168, 3.1697555664389827, 3.331115887950404, -0.9463320766635086] : -1.0
[2.671398995999062, 0.9688392112343763, 2.1858100429376193, 1.7831276801729288, 3.5986772841111674, 0.4931425419157125, -1.253882113926276, -0.05718175644184159, -3.3439232150627634, 2.9933640012021, -3.1865277327522494, 0.35435452429421044, 1.1017426062124605, 3.335751917928391, 1.4923913492149083, -4.622110253560869, -0.2552587612150965, 4.640269295682714, 0.5702868343058639, 0.1839842366533739, -5.067150779388858, 4.675838610573286, -1.9953062103835106, -1.6129437868715688, -0.9499209465921151, 1.958574891792014, 0.7363736227912603, -1.1666700447242735, -1.096904082948233, 0.5707505723878281, -2.8032297612901584, 2.33124673510017] : -1.0
[4.703895591678713, -1.8980856564314754, -1.7574357710276098, 2.3380583799207284, 5.121149940860832, 0.09852182389642328, 0.6574273982467247, -1.0580726744779745, -2.4420382761780206, -2.567890009254152, 0.6825292150082869, 0.41588083704957224, -2.163427158267817, -3.540097631873043, -2.9817774860209902, -1.7872335088265017, 0.13600382648651954, 3.8740958618014516, 3.313225508045378, -0.6679480629630816, 1.613149665780587, -1.1149345539682958, -2.7797757561384966, -2.6682820817471127, -4.686221552992601, -1.279243543076315, -8.08455180436627, 4.3357467516500945, -2.0979095239739545, 1.292056705727985, 3.1959333490214776, 2.7746630858552774] : -1.0
[3.3683719589519527, 3.236376901935529, 4.276519700457486, 3.746139478004802, -3.605353415545361, -5.207100129032725, -1.1593571984655435, -1.126665098458385, -0.5718584056210063, -2.3460584383977627, 1.988352346479894, 0.7255046450111586, 4.301680928947851, -0.5834222369419482, -2.899617553708284, -2.0990007565561264, -0.8577357262955276, -1.0447943799217838, -3.597349062257809, 2.776163429704758, 3.4141872376923197, 0.7004933307997635, 4.2377110736673895, 1.8495893409717068, 2.62145115652466, -3.253679450542478, 1.9057747968747587, -0.3840910030078904, 2.476978924771971, 1.159666229089272, 0.7456899975336404, 4.646583798335521] : -1.0
[0.7782287924710471, 0.33591721853783363, -0.14954420511793284, 1.1074177346998395, 0.14047713103409756, 2.894430457365408, -4.176322319928317, 1.1024051751267256, -4.218239632472578, 3.215136519651287, 2.1468933922911315, 1.3485571169266206, -0.14493438132917835, 1.4407718969824397, -1.8729155825504922, 1.8082675369377952, -1.8499348245080363, 3.4933877698241753, -0.5655540544217197, 2.5284940978210226, 4.217741953270258, 0.07790495027105959, 0.27401896573494944, 0.5948642849800421, 0.49512598045993417, -1.6975830319184295, -0.5025817250171172, -1.9821810375140712, -6.691146578156777, 1.5841622959844388, 0.4920182828784222, -1.1377350751900195] : -1.0
[3.499314848468309, 0.820026542267546, -1.930207983530218, 2.8209109009568865, 3.705239152004625, 4.181023683276004, 0.40093233655061783, 4.667725115355562, -2.296151714017423, 0.9526203101419612, -0.013920984249229829, -0.9282917751708946, -1.0184911647251909, 0.8776481089984323, -1.0072768463172845, 0.028224627301703498, -5.73009074650789, 3.5700636011677416, 1.1603450297914946, 1.6651827709063218, 1.8541077856634516, -1.7003616641349633, 0.475659460946423, 1.0180914868005715, -0.9320642882429196, 2.910595458407665, -4.182503294356814, 0.295558676558347, 0.14156876207357216, 1.709952058581257, 2.580268965204516, 1.6378969185527825] : -1.0
[0.9458038621528733, 0.344919593512925, 4.263808566804098, 1.2334229131001773, 1.3440298079898663, 3.6281302957768427, -0.5653888226329113, -2.271866018061706, -0.6507679622342835, 0.7644418482022393, -0.5149029251722063, 3.316870197735837, 0.5040791866524126, -0.05159703012382488, 0.36391236371489977, 0.4909884952682666, -0.5840728332473755, 0.839465727248423, -0.46805201042216765, -3.6537346215316653, -4.197300540596306, 2.0086073712568764, 1.509190483110209, -2.494190593791239, 1.2611305023078283, 4.5717341168868195, -3.7949453654829464, -2.2709929327195457, 1.9090504531144132, -1.0040574109201819, 2.8964589887194863, 5.000398823632063] : -1.0
[-1.0885468541807841, -0.2511862845988043, 0.3706957224404356, 2.181865604455135, 1.9329998775895696, -3.0652429643768206, 2.8407364647910645, -0.8842060222872561, -0.08170100442775885, -2.382972517608802, 5.999610278564796, -2.7808366706872967, -1.5542904272090374, -1.2512562893754997, -1.8795833259059909, 0.9154323343761195, 4.296993912695165, -0.8729472853709104, -4.187396358902309, 3.146963414696478, -0.41606334220932517, 1.1317026711406573, 6.85002557269578, -0.336773340646203, -4.038185830236063, -0.8724724866844553, -1.2223103932517863, -2.969155168387906, 0.11170896151421617, 0.9775711853476503, 1.3424185045585995, 3.1865749956499494] : -1.0
[1.8758180347632438, -1.2171627054100922, -3.2467115440231686, 1.108317160742243, -0.5490956285532729, 3.1997945498046247, 3.6345226253494305, -0.8941159849637272, -6.722879190045859, -1.7642822641315095, 1.3088849317299287, -3.31074244051413, -3.8908047039290876, 0.7662972602021583, -3.576775845717339, -4.3723341755190805, -3.540573249286254, 1.587649141776149, -0.8928523153709849, 3.7253279867487756, -2.6628594520628033, 1.511647657531066, 2.2435380638391993, 1.5806054483503076, -2.7829217072074632, 1.9651783525476065, 1.952018905243659, -0.02783549681222164, 0.7410306807625364, -3.6787503409381292, 0.42987406071885537, 3.9101654268641584] : -0.8980369567871094
[1.3736693682479735, -4.001506894713275, 1.4790083669171372, -0.9292304242842384, 1.7049896848459996, 1.4355267856816072, -1.179758836381226, -3.3037933876287466, -3.7519181753636586, 2.042180304965147, 3.7071786465443615, 1.0446627350507176, 4.236412133650616, -0.6098164379183626, -0.6368180516682767, -1.0493489727594116, -5.536144920750727, 0.7723222504299008, 0.41802919984053066, -0.06852431884770338, -3.61942972662483, 2.441819373665765, -2.506544014540161, 0.9415145721289738, 1.960220752290343, 4.152075700836714, -4.357876106681393, 2.3173261733126367, -4.7346999152467255, 3.3397837548924576, -0.820535373958531, -0.5674372483605563] : -1.0
[2.921747701721902, -1.0446480780665088, 6.748802217258752, 0.509722714662634, 1.4277297534206905, 0.3403453413329015, 1.6947207537817095, -1.2516621833112413, -3.77552230404952, 2.84803576507885, 0.7767449647255622, -3.1745341775895315, 1.9632545124619079, 3.3611815907969333, 1.0925433137861595, 2.3706622770581802, 0.645271817548192, 2.2841353769085746, -3.0275191500601903, 0.5114738219045314, -3.281295302577437, 1.7983296046701542, 1.4965286519558962, -0.40448917963246, 1.3224429595942766, -1.0044092874328496, -5.227294780948394, 2.5998499631982357, -6.114031466243132, 3.297703502894151, -1.0241980543728713, 3.6483950746727087] : -1.0
[3.133553811830873, 4.011199591655467, 1.7905198416864014, 0.5049635848442888, 1.5674000795372658, 1.546966912471159, -2.801593407551403, -3.5918483628736, -1.8244009009619504, -2.4286580915640577, 4.666035633522176, -4.370955118282438, -1.317682255506223, 0.514576157829282, 2.340311520542417, -3.932720747417185, -0.046453509308202356, 3.3387226529298464, 1.8750146880449114, 0.9228810688232642, -4.246236297004856, -3.1819281165178683, -2.348430254460003, -0.8355615322793437, -0.4954571455799677, -0.7989298102182671, -1.9692748653791499, 1.8961349340443117, 3.3499711507245302, -2.570967364639038, 3.025034885473344, 1.8671059121587994] : -0.6760091781616211
[-1.6751494874267747, -0.3748242213722088, 2.909680497668362, 0.5086393178635376, -0.39835814007241366, 3.105544276562107, -4.687687583975119, 6.8761192566673275, -4.83753252793621, 6.247268165215685, 1.9144599174888592, -2.9489404867933113, 8.336942985928077, 1.6136719524531555, -0.6176286072532086, 3.6723437035471784, -3.7314565469227268, -0.5038593787411207, -2.0148074996592564, -5.654972566487518, -6.234392747878589, -2.8735682271200607, -1.081946964841689, 0.7575021903719077, -1.356425312506694, 2.4700801300307393, -0.9578012275821441, 2.2048251698313432, -8.120187150355987, 1.087162660729563, 3.8544945258402326, 3.7280281675489158] : -1.0
[0.8284046527275533, -1.8437976104969174, -4.8788092686635816, 0.1199942286548974, 0.9123588346838605, -1.191910519637619, -7.252513639871725, -0.46664139100460666, -3.9395102927399694, 1.7520552864636485, 4.281947639014555, -7.851035729535681, 3.8937728200825443, -0.5253600964831371, -6.101059059207139, -1.2038620504578348, -2.624054644486926, 6.1727925084230755, -0.137171822364611, 5.4404809133018155, 1.2575986277385494, 0.9899435329326379, 0.15764337449456756, -6.482797112782038, 2.366106416623349, -4.495750982987572, -2.0128352678344283, -4.224447746031695, -3.949995586472159, 4.082963547856009, 1.5965300151169344, -5.189058977308313] : -1.0
[4.866619054796846, -6.488355260986168, 4.031072683659311, -3.894108390121893, -1.7725835731760893, -1.8954844858806306, -4.039929514261755, -1.5792930441298543, 0.1707538829307662, 8.75498358834991, -5.430532008122845, -1.8801878688535352, -0.04512808363841536, 4.081327346140997, -6.555407643537291, 0.01603179865270654, -2.8671120114688926, -1.7256632355795432, -4.196682486593799, -3.0589754893371017, -1.8439991417171975, 0.32534171868964656, 1.3606914220529005, 4.297107946608463, -2.4423078378490284, 2.7046383014193314, -0.2865572235110929, -1.8478128707649735, -9.437955416038262, -1.023390547112018, -1.8697763211036742, -3.106598023629342] : -1.0
[8.108568270835114, -0.001467963783496673, 6.823435208299761, -0.3656939545595428, -2.5783676575425543, -5.623375522851001, 0.5612064496425488, -3.1843040276126864, 2.339392416762398, -0.35468314557154845, 2.636146296924133, -0.3006209732104432, 3.1067524250606207, -2.1738843183639336, -4.987139986642805, -0.6594628484078597, 3.685031171807001, -2.9241659826321724, 5.240844865699792, 3.689749145510282, -7.150895736201988, 6.378910827999855, 1.439753359374416, -2.0646955165977294, -1.457119181344476, -4.990058774946839, -6.982818745601523, 6.288475752253536, 4.7481543888512405, 5.946074897916745, -10.741004933431771, 1.3927764911335463] : -1.0
[-2.085399653016959, 1.4830799045161305, 0.5752354678991878, -0.2446735256737469, -1.9334798153374524, 0.019783785695117406, 1.2430942902275763, 2.3424153234817737, -4.8101338629778425, -0.5701469784260889, 1.9203688668271306, -4.080627739230377, 1.8826722820954935, 3.911517791584851, 1.0435033269008311, -0.44864048882315344, -1.1244184264816868, 1.9683516235115825, -0.09056772400473678, 2.378995508384099, -3.150335137363222, -1.8997010619105321, -2.988042665790556, -7.807990038447299, -1.8047174801702885, 2.004210501056215, -1.6962592788421, 0.1980468468393809, 3.2045627983074008, -2.9524397057242977, 4.064469901217622, 3.1535252751226013] : -0.7375065196644176
[3.5873445452890538, -1.5846772327664826, 0.024382136060901394, 6.175138024881226, 1.7337652711166736, -3.6838562080772173, 1.218749976354317, 0.2576585911457564, -12.821835069129957, 0.8008605310670539, 1.4456705232677907, -1.3728450750536245, -1.4135787245539104, -0.1496438204070476, -2.7413384703011605, -3.7308791636786016, -6.618116816858336, 3.975537721462315, 0.799457080388733, 7.043096967147635, 1.5343789300329544, -1.419704276272054, 1.7787530651588428, -1.4823883812879177, 0.1895803599332968, -0.11803433518892464, 3.849842286301175, -1.718322737017389, 0.08658541361532057, -0.29588049514544634, -2.6327796065041578, -1.1711595700819206] : -1.0
[4.707804098033822, -2.5941799614164136, 1.052290171453399, -0.4340973731766977, 1.446721209631456, -5.67538004722998, -1.832608388778865, 3.0989555901054047, -0.937282017693625, 2.435135903579945, -1.0076676423485789, 0.4336122895007791, -3.529883475550242, 3.7290781936728696, -6.950797838483758, -1.6226059376270112, -3.4687229020958883, 0.3121494118949472, -0.3487539090515536, 3.1989277500312614, -7.173126155463675, 5.3889445756941114, -0.16571764439149872, -0.9310461407178064, -3.5912861610859257, -4.368616409138928, 2.54013241460754, -0.976597101691115, 1.7162889083848076, 2.0851542222834802, 4.281657832275051, 4.8496262490476365] : -1.0
[-0.7929933784930063, 1.9804261158479846, 5.78006394342716, -1.3124831124903606, -1.8050694996715015, 5.535611855517621, 6.174226730029977, -1.0720668397991393, -3.614179288406066, 0.16664623930132638, -1.9731509514075622, -1.4733126187002004, -1.8748224731696341, -4.843799623994828, -2.4501600952204408, -2.761949244600936, 4.3948353093586725, 3.661664119369049, -6.570457017486326, 3.713659481787111, -2.2984287857937424, -3.7888270490250133, -1.2175048805072093, -3.845955310268919, 8.372672399647694, -1.760117441581115, 1.085162564201037, -0.4257104209016734, -2.121875323680092, -5.4820330245297955, 0.6193371161469253, -0.7378230523795075] : -0.4778053543784402
[-2.392687342922055, 4.037800739482508, 7.7265069223176015, -1.9374237700957593, 7.716963810041303, -0.8529846085293303, 1.7162024285421185, 5.355853507108968, -10.913880122337233, -0.4470043001345796, -0.05915354224710446, -0.8124418904317992, 2.206658516648101, -0.4919477674950403, 0.4288402775248734, -0.8787037946442624, -0.08487700849219437, -0.7785289734422216, -2.864764400537647, 1.1620210780853943, -0.7801530196668587, -7.43309597146121, -0.0052823889574680205, -2.721754580272645, -0.8676856362947478, -0.6056459105504279, 5.214597339966972, 1.2113835091695937, 1.6059374107948645, 3.9181266076064425, -0.6959841878674172, 0.8622104463118132] : -1.0
[2.457970118268312, 4.582011259773761, -3.004106175890902, -4.707220130020839, -0.39385707119635827, -6.517456513429224, 2.79320666136404, 1.4175795455866265, -10.131072315958727, -0.699341346919317, 1.4161768307676232, 3.1704938401452156, 3.0869528512641944, 1.6984569966135052, -2.5519447516761318, 0.7712207122174346, 4.733306873197064, 4.459882441492372, 1.2625724201033326, 1.681802711418401, -0.7171031869655673, 4.047462984653954, 3.487283202771304, 6.436356900010779, 0.4997386908668602, -0.058665422186970184, 2.6634542997141026, 1.0412397350985172, 1.096338675880726, 2.617234595129954, 0.4190735145787323, 0.5244807632007733] : -1.0
[-3.9933775015443262, -3.028724869763194, 2.5881570114854346, 2.1671076547611743, 6.373655469416157, 3.033030221705319, 5.914444968266322, 0.7730087953936654, -3.371543001316408, -3.114956895639515, 0.5966861461867343, -3.2329699821065785, 1.935930447155382, -0.20626077781578833, -3.372669690689473, -2.788380084490866, -1.3757817368879786, 8.173224816312647, 1.171818130282173, 4.478140622483742, -0.635311550601573, -1.8876638293809376, 6.897617208450362, -7.847246208879472, 0.4831934762712091, -3.196763896677256, 1.8100733183428195, 4.533856197958708, 1.210766584619974, 1.5517411347527994, -1.8926773214417585, 0.36659924991794246] : -1.0
[-1.1445885806474254, 3.509126821978516, -3.1128561652585782, 2.6944081930522374, -0.8068603217527044, -3.874349365646009, 1.6687126137833248, -0.34382119887443013, -8.230217840685992, 0.9235147831004047, -3.400390722378611, 3.432161720195651, -1.6552495042336814, 3.3992533340655564, 2.111681799501565, -3.3836476250748504, -4.3207146953357505, 3.2984687145817073, -0.1360293035057727, 2.9196224574868173, 2.481643842920495, -3.1059708892025397, -0.07277463262842798, -1.049253379097731, 7.6516082575096895, 3.1712970637351843, 3.466581331238738, 5.172265042551944, -3.5014064250919796, 0.5160449894294317, -1.82946690977015, 1.023346900448173] : -1.0
[2.8739087364236147, -2.371151223606928, -6.166779590582477, 1.787353636728759, -0.3247701794184201, -5.284835089034518, 2.2129970321034573, -4.53868933866374, -5.250732099065974, 2.237318534638711, 5.241862688331612, 4.975580560508069, -1.2272117929029265, -3.82947898853948, 1.9529738122539593, -1.610531066356847, 2.781827994710917, -1.8432913885720545, 5.307841514583483, 0.19548713611921464, -3.6135062258446635, -0.9197520499072076, -2.264467594841413, 1.1792450928488143, -3.8471292480167407, -0.8523472037417552, -3.4257073821920363, 8.734574018205082, -4.7971509370833125, 9.71862237908765, 0.30407806919041536, -0.23651754559961935] : -1.0
[2.3034840089839186, -4.369832697567306, 2.8689166524288514, 5.517782738216716, 2.1146295129789876, -0.3349584887383125, -4.802646399953723, 1.6917320004333951, -0.13963410088613148, 0.5162336503553919, -0.44707081385209435, -5.785781910078219, 0.961786675916878, 4.712704667216697, -0.9175841737682436, -1.64673617085174, -1.3650070017020464, 3.0450955782871185, 5.000316897296637, 0.4432975778311338, -4.1379907775047515, 2.730420442629993, -4.402091079000002, -5.940837031379415, 5.80127856281133, -6.904421412682313, -0.4215749860955601, -1.6307529240942031, -4.4321279707445305, 1.655914400641238, 4.189983692413631, 4.104513781411823] : -1.0
[1.611338394325487, -9.954242589673775, 0.03969028107122452, 2.9418339631395964, -10.923047692965007, 2.017645702633266, -0.7780479997563838, 2.4646161127164197, 3.862355006474486, 0.2065859066068989, 0.5160949834555769, 4.71998487238189, 4.582745171128626, -3.6637103717239876, 6.261610362462162, -2.414418990644591, -13.711701764454357, 6.022690963883222, -0.7348643340505991, -0.5831645164382887, -3.597929199136638, -1.8595420544542192, 3.3501904304282517, -0.11265675163707412, -6.575379534174948, -1.1682862287106885, -1.8068323712505676, 0.7605940959018471, -3.7337583431031764, 4.715389290207529, 12.032106373592724, 12.500831688786514] : -1.0
[7.498993096537266, 2.2100249640356076, -3.4508271865699824, -0.19817138043137666, -3.2495642430227547, -3.947945274069308, -10.617033145266912, 4.099462390512986, -2.332740335850971, 14.720489446389085, 4.448361180427247, -1.2789880358145114, -2.644155029253477, 1.9713648772345116, 1.1109355273722228, -0.7720079212267971, -9.791003706779934, -1.86942904309326, 0.48703450577112384, -11.055717692574989, 0.025957218493235512, 7.1957559342775275, -2.2484817589312485, 0.06417701002422249, -4.757166790371594, 6.014965625113015, -9.58175151844447, 0.2832148774290755, -0.4108181377055917, -0.14593802006620127, 0.4733140752287556, 0.7206385370044743] : -1.0
[6.903752210211876, -5.718006158061897, -2.7138424711205906, -2.8005101912520076, -1.4096231057442061, 4.417630358183598, -4.542136005586454, 0.8119977850880269, -12.644660888758844, 8.947147759590084, 3.9183355776361966, -14.637914025531465, 6.222288233908417, -2.953287798657473, -0.9008800910168357, 2.538847168241379, -0.18830862134232795, -1.7711242044972269, -0.6265485441209561, -3.7435916538990237, -2.920123096933938, 7.827455468176629, -5.637013740431852, -9.550522560475065, -8.134085217108685, 0.031807490125300486, -5.990293638488142, -0.08679640581801044, 1.5714298180006097, -3.2867605556946327, 1.0580750143068611, -9.850528970759155] : -1.0
[-2.429575439659869, 0.6576469729269876, 6.826795114686302, -2.152491336689748, -0.2585994121704826, -5.040757248952208, 3.089974040528871, 7.429541780971542, -2.2507662269446116, 6.012880860803286, -1.1228318697005353, -5.1936365254790235, 1.393620590335249, -6.537382118824766, 0.39926375759118926, -7.339772100013925, -11.349827012064258, -0.11040732863587821, 0.01574246712967675, -1.7411815759567153, 1.2284484528583333, 4.535491232453822, 9.629234270713377, 0.028710629806053767, 2.5337963870973583, 1.813684313730351, 1.3750425755784912, -7.525327303491324, -5.6343885389237505, 4.092388625506571, 1.45809324526377, 12.852845811849573] : -1.0
[5.9338860447019535, -6.577645722740984, 2.5459243403364913, 2.2729064612705634, 1.665161136456299, 0.8581022634805312, 1.617132637307964, 3.888845316156247, 5.516677906819975, 5.388529594694337, 1.170948126532774, -0.24890190762113695, 5.619997526536964, 8.390447746556653, -8.495502629915613, -3.5774775889677453, -1.4416177083562172, -0.2936775525927915, 3.379367080548016, -6.573918612763045, -4.298624952807717, -2.780243813095236, -2.036776845584569, -3.965472197079004, -1.6955776962082252, 2.796397455793689, -1.2676419971815478, 3.8385557160231905, -1.021513359105616, -0.6301669779116992, 10.654032545238941, 1.7160934927245346] : -1.0
[5.904304929519244, -3.1158817962924092, -3.077976708541416, 2.1427049034305314, 0.48079213229801654, 4.200632460551619, -5.093402069447121, 1.511704974631586, 1.409985934853406, 7.170557676233631, 3.676832691813411, -0.3623804897025238, 1.1973771268694744, 18.748878263649733, -6.586023754828167, 2.643661852794936, 1.1808919948661352, -4.276229335408833, 5.8890772949253165, 0.362635568495214, -6.734713379239599, -7.9319209935473545, 10.49355968147957, 6.917350685521745, 0.050206729006100126, 6.033366095175836, 5.231591895091418, -1.268240009779847, -3.313422864185558, -0.7271873460318012, 13.864317742777446, 2.577136573984544] : -1.0
[3.9466211240661244, 0.17736481431337814, -4.118729847904278, -1.0907274450306843, -8.433136826559153, 0.891549263472705, -5.188083095133075, -5.575850306464999, -5.550963847816718, 3.9955970757195156, 1.916442717686952, -2.371518093034578, -3.9176200689443674, 10.098395267044866, -9.186210216117079, 1.9080378332757215, -5.6234744023245815, 3.4643931878208516, 3.647576973009539, -5.713729632807072, -6.818454582854644, 6.329529431754814, 1.8052661127568197, -8.567815854016255, -0.6257307369378527, -0.5171126298175526, 4.051397778393385, 4.31642801170925, -2.6312859232481616, 6.760874701944303, -0.16578631400130878, 7.195171023989218] : -1.0
[10.228218455642086, -1.7082188519945636, 5.278164714089339, -2.402308026669905, -2.4217227798165624, -3.851483625919399, -3.3898950393748635, -1.950100946106932, -7.038362070192468, 1.222044165438522, 5.957225226984463, 0.27265556043389694, 3.6060800370814436, 4.04005691129126, 2.169628124542302, -3.2991593025506925, -0.8300130777559993, 3.936042421444607, 0.21579660016033708, 2.3921803267214967, -9.266455841756699, 7.520794192827136, -7.599289454502215, -4.97588014000676, -7.008477733923436, -2.7641240448771924, -4.108065223687499, -0.6718325248565086, -9.449422954439399, 5.633750642900223, 0.4017941158460625, -0.5408159164994497] : -1.0
[5.935689689581214, -3.796744782675368, 9.825285816010037, -9.177712634795574, 1.0731199191252683, 0.118448691581582, -6.860189904648026, -2.7951200348241603, -7.165155976682506, 12.22872208510012, 1.1751636284834865, -1.3314872416702297, 1.817502391857969, 2.564839740742179, -13.141060770211702, 1.1424710321162501, -8.41283992895544, -8.462540088810693, 2.668680690619477, 5.945476984230125, 4.046655327233402, 1.6306630625055214, -1.0542043814387023, 4.7948326498399965, -6.7129187655536935, -5.513130470561429, 3.44502308544761, 10.48131172678745, -4.052620639411442, 4.546199216582318, -7.4440594292142634, -6.512872833188925] : -1.0
[-4.094895984614858, -3.0550659320784637, 6.6474038409511405, 1.5580565715640655, 4.120246881069659, -5.8442401142939735, 1.950140207038952, -5.1377689517480105, -9.03193840206211, 9.312086480903506, -0.6938428335259856, 1.9253547517893055, -6.997971227844019, -10.583657743312685, -14.0065895528316, 4.29714404628847, -1.8272080476550554, 2.9078649366764404, -7.053570605879619, -0.49544804512322876, -9.568890220460904, 5.370087970304853, 0.6917743709443853, -0.06162188157224646, -1.2873020613150543, 0.8558029709448043, -10.914718479741587, 0.03807023623249489, -10.719576274658657, -6.85424033552714, 3.225121078402347, -2.0115236723965] : -1.0
[7.865103861103912, -6.423673815571323, -5.787196048630051, 0.33023469061879374, -9.61495328072882, -4.6014197270425425, -4.957023349705393, 0.14073965731199634, -9.590694812930963, 12.71888509232101, 2.0853287010073993, -0.04886409779633727, -2.4023528981190467, 7.09885566955821, -0.711985018944381, -11.293036021662045, -1.7919280639456776, 8.821272353841627, 9.538207140193673, 7.652897632561385, -1.3658862204220674, 4.880535256167435, 3.480338940511217, 3.124179198373819, 9.84031440308218, 3.7123734916904327, 9.826671045577935, 5.721538444099909, -2.760155680643878, -0.9152269141165545, -5.823106744120482, -2.8919214012533794] : -1.0
[3.8849089440224653, -8.04475103431614, 4.0579017775157045, -0.7722041512079271, 2.083232371581752, -9.259792835159653, -1.1946474286756312, 3.802061569059701, 1.9450518385269362, -0.4531197428295437, 3.048658660354955, -7.437203267975768, 6.943864231181157, 4.399861546938168, 4.325074927341515, 1.3582216663639601, -8.502422021884525, -1.4265282948808224, 4.979993806526792, -4.883539430104813, -6.372407778081781, -6.110905831950446, 7.037212901593547, -4.849709822633118, 8.16731200398178, -5.138520285139725, 4.655724291544196, -2.4072233988931857, -7.632078237373449, 2.381702950883737, 0.02176508086045166, 4.094887280489058] : -1.0
[12.459539760015915, -0.4801181801847536, -1.544506705379424, 0.6085611247067945, -2.800008746805926, -0.8158802380019035, -1.5611545124329202, -3.05987120849478, -6.123957592214866, 10.701903721886206, 5.933200037706685, -8.121407131886569, 12.33694182267101, 1.6882605081698492, 1.7783233400765095, -2.586397188670521, -5.118440399203733, 2.368758209213162, -0.7582946152767156, -1.4460881818593665, -3.910088708447326, 5.954432082710894, 0.8507140552520529, -3.1618229345657234, -2.8313811822526835, 1.4121827948687833, 1.8676426663541053, -7.421408924758689, -8.994283097392195, 0.7422225726015101, -0.5411318588235158, -3.504618858924515] : -1.0
[2.898575343856172, 9.31129985308101, 1.1074473523229558, 3.813348865259274, -7.044389308595102, -0.17491017997555647, -14.694404360317401, -1.371005360993682, 5.304533023208421, 3.6371159854081743, 5.512011567256595, -3.8562359109539597, 4.4869747608518615, -1.1446287341700951, -3.166623854454573, 0.1255450001937629, 1.1334807568755685, -7.148108663005135, 12.333035083019205, 5.443160731561566, 6.689145655104763, -1.5582608118821373, 1.838838098299179, 2.5620390972574225, -1.0242306908808612, -5.9110810203640884, -2.5346226799692064, -2.5182202957604787, -2.0532312939606188, 2.7061998040909927, 7.1076907496279995, -0.8296975948648577] : -1.0
[-8.115578184417702, 6.2142236738073935, -3.8133450490374905, 2.812329639557284, -9.935839315965591, 0.3154485291806357, 4.2035993402742315, -4.116519527660052, 1.1645418567498813, 15.581292683509854, -3.897307429375827, 5.495057395534644, 2.876901891607934, 0.30095918827842083, 0.4710326962043657, 7.4984980017732985, 11.549084291324323, 4.4803947918688625, -8.124344880276228, -7.532493730754688, -12.597224111486796, 14.673807478208737, 15.888258687107665, 0.9515419480676774, 1.4692920849099078, 14.728318937406819, 1.522412703420029, -0.4749407679490791, -17.630600897908863, 1.3185794793046623, 5.866306197922979, -17.003629368660366] : -1.0
[-7.93167172401799, -9.812155835922105, 6.139382730686827, -5.2317241737158025, -1.8978236886083026, -3.7520691540617825, 1.0279891493508284, -1.1390833998115903, 6.522207061878326, 3.939120797878778, 8.699270711787825, 6.796979213709598, 11.961898425037065, 8.47647687292938, 16.468469925918672, -5.820869763417017, -22.497435826988138, -0.5474295062361456, -0.20940472946404431, -9.660338486464042, 11.13724813059084, -10.740193252990586, 3.0171057388335605, -1.5629104663121047, 6.194589289781597, -11.55945922060715, -0.5473512681845478, 1.3500962772395915, -14.336116195549225, -1.585556561243709, 12.215737501710901, 9.681740986976948] : -1.0
[15.578223445727923, -5.8148630441511555, -7.712261718221015, 1.2408687874049158, -11.127900895049073, 8.64801655731737, 5.702381601379616, -1.5168054898244225, -7.255698247444456, 7.233160758757618, 9.80783370318835, -9.080913133180715, 4.696524143648958, -2.848439843950257, -8.770607952854881, 7.399433992367109, -18.64988753349384, -8.98903749370088, -7.170201311351361, 1.0139008803297607, 14.225790933803886, 4.734200564546599, 4.483986157060844, -10.107785183062187, -3.1731163925598427, -1.4540234119913307, 1.3277603550674648, 10.031300966014893, -4.983533697188477, -5.864734909678971, 4.949055503526811, -0.23634467294144734] : -1.0
[4.916528415610118, 10.538764749821151, -10.768846190169322, -7.636374045647067, 1.275991604306708, -4.584377511181913, -0.819028384090513, -2.432091155427128, -20.863012614958144, 7.265852029239002, -5.55730441262504, 2.7844072988710513, 9.731516653881446, -0.03663424127143866, 4.05041826660584, 3.806448482136222, -8.46146795954762, -0.28178968183215836, 1.1048381197237047, -8.44810180026738, -12.259420443389816, 5.106092991637432, 0.2824748025903041, 2.034955323686831, -1.404092106315313, 3.285517294786324, -6.473346674935647, 0.12181234331856688, -6.183690520158047, -8.613215269746924, -5.158845407914601, 7.369510479635096] : -1.0
[-1.3510581280601426, -2.5680129817174517, 7.660314323701469, 4.024927718432298, 10.300578433807615, 1.1126438699133656, -13.343407419616735, 1.1668351311189413, 11.743436808779093, 3.1333835331080833, -1.231067911312206, -4.204323720611584, 10.034693655857719, 2.464954194833536, 5.632480282179926, -4.650112482424582, -14.935593960159387, 13.471677809089247, -0.2231544960048606, -0.41384697568528095, 6.245754839672038, -5.4194773296626, 2.22167842326816, -2.4667345800022256, 17.941633442676057, 9.90678610901597, -13.528447455041878, -16.4057437855728, -3.1093461398626214, -0.3097946782347454, 3.633170809461588, 4.3062931614285915] : -1.0
[-3.2593107740616785, 1.925819106982221, 13.679058181259194, 2.6045191392872153, 8.850655019592894, 9.902072569764666, -1.144206165583662, -2.865373291506927, 17.90620160221191, 1.5823348983155574, 12.779694089528682, 8.883151703542762, 9.730775723929861, -7.251743290360256, -6.636438834124822, 3.498071795234801, -15.723947439936646, -10.289568441727344, 6.098638200784645, -2.095880120488243, -15.112415095049611, 1.5551315965259018, -8.997696695581833, -1.9712684902582238, -7.840674877682934, -11.412224077259506, -4.72279088716834, -12.37419258412863, -2.974410412983679, 3.2597171859177925, -10.597327843148136, 8.649883636756362] : -1.0
[1.6857509641587627, 3.5595778949994505, 2.000670908204963, -12.54062711695504, -8.500998726884536, -11.186497198480437, 8.904205242255209, 6.380756945065594, -6.809119627363685, 16.49472887723336, 12.048136373469298, -8.162296179305327, 2.835988074871763, -1.6232221037385506, 1.587207367903704, 20.923825580243275, -7.203439729663027, -3.966175118440584, -10.52700386750469, -18.578927921711422, -4.27947946127275, 14.489361864823909, 2.672126003679858, -0.8702821130369658, -7.24574592667865, -13.321965893502105, 0.9875479617611473, 3.3201747285810947, -10.199704428276736, 1.6853937895876512, 2.4978254987101822, 0.864331023350104] : -1.0
[8.716471527105476, -13.478037805266396, 9.471731106161364, 7.448515302202557, -4.308209486632648, 8.482459836737055, -4.679152417630964, 3.243122931546425, -6.477387249332989, 0.9709467029603074, -5.2791517838043065, 4.65261387026556, 11.698422936182494, -5.266897632509985, 7.418253574507253, -12.627207950122983, -9.315004257705064, 1.106859831223375, -3.6470202370265885, 1.543597117179588, -13.101400334669991, 0.12157397662950142, 2.48496392506018, 2.9760348318872207, -2.2368403331484252, -8.855546531493427, 3.373557429413381, 4.755356376864247, -15.258161945297918, -6.883031286221312, 1.9235396536412779, 2.8557919983353237] : -1.0
[7.2998048091894265, -15.150853497912806, 11.19021307469239, 6.0715881399168055, 1.6404541465463414, 0.48184370913811675, 12.226370018893999, 3.5386857953853283, -3.670629567326702, 20.226558011654525, -24.77834642687355, 3.631479890309791, 9.391745441522577, 19.958478112502227, -10.84047969825801, 0.6493026767779819, -16.751399813073164, -3.7842709685974385, 9.579221482376829, -19.368062893576568, 4.580916332486304, -8.716285954001297, 3.7427880601171535, 2.871766994880634, -4.9482322427473875, -6.979488105954001, -9.521770210609706, 3.907248672629181, -11.752487973930299, 1.8725504125051238, 10.130893424836302, 13.452723217819273] : -1.0
[-6.470312300013802, 9.32383040235295, -0.7380947082826956, -0.8714787069587634, 0.05183653781412456, -16.30670037580239, -12.229422097817832, 1.697949795721915, -6.680264022767489, 6.710033415285619, -8.854818945617598, -6.604303097505443, 2.420028914753374, 2.9087070253830865, 5.642275283683928, -2.0987965605002055, -18.805176910401645, 3.022158117935553, -4.230435195793056, 0.7890125889307811, 0.9858256800952914, 3.083852335616697, 7.507412669451438, -3.532274028694003, -0.6015612980497593, -10.067262952691863, -11.71261119144042, -0.2367087862884595, -16.94249069032855, -0.8918132382040846, 0.12666187822316566, -3.596449961934403] : -1.0
[8.364457717525003, 0.874286598920226, -10.858036883906014, -0.6524815718821358, -1.965204994365683, -7.29397935644709, -9.99800710567434, 19.216453917932338, 5.854220514144776, 3.238444834188448, 4.2311178003637195, -3.188051538225114, -1.260282119433715, -0.26689604873813655, -4.54104352861881, -16.129852315668817, -5.688767128597906, 4.879215460762907, -3.692049756328571, 2.181600257139948, -10.329479540268549, -5.7257378304445306, 3.072593752907628, -8.73186551036554, -13.909407612727472, 3.213869796538682, -6.13016288559729, -4.309335241803327, -5.17931941119916, -2.45597576651142, 15.741211320257486, 11.618820235410606] : -0.7570874474265359
[-14.032954101160223, -4.836963260217764, 0.7582165877018255, 1.656416519290592, 0.6174845270876457, -12.842857144789193, 0.07158811301180679, -8.161287542464494, -13.310650882596331, 3.8089293571042937, 2.134824970274542, 0.2919540008994359, 10.590006263288503, 10.18185727878977, 6.604223647462054, 18.30787088274478, -8.136191379690356, 2.467418436959427, -5.302260217978898, -3.2140139957590854, -5.476896896104964, 2.1852212288059323, -8.661068820524882, 2.4740216220284106, 2.652947684039967, 1.3747211500424703, -16.586567260207563, -6.01750509958406, 2.450105240097925, 4.220227678783065, -2.5279191809584933, 2.9766204704279957] : -1.0
[3.302980771636608, -3.5911140288967545, 2.518528265926809, 7.6125069122040285, 4.314345385814063, 3.2663528982674457, 9.266411273214104, 19.84319396096009, -1.7306023540462077, 10.463003681804945, 0.2553106926140172, 0.5368578539260784, 4.727263232746095, 5.44004605282969, -12.581636214912281, -3.359749337272244, -4.857984136013974, 0.05889414203520449, -13.13771436563397, -3.663063139137059, -10.51009232046705, 3.920005218463888, -4.4691962925895545, -0.4558397516051511, -4.740156420527234, 2.858806212079987, -3.2343387107152606, -1.876032865791338, -14.769803116721162, 0.7554761513488296, 12.253247238541459, -5.720371064995141] : -1.0
[-6.067316263429806, -13.692231710921163, -0.728695788930714, -2.8844540661856946, 4.604035754526537, -9.901528822245607, -15.139976270604638, 0.06112890603190779, -12.46831723429671, -5.639104464185844, -8.576780279578642, -13.462206666063336, -11.679870694793841, -11.47835596019798, 8.464072635589691, -7.284159150242159, -28.345802631460657, -0.05426215660577194, -11.62361918373372, -5.67076631838785, -3.742242473955402, -1.5203995118212292, 12.834136188418658, -17.970322266136005, -6.309758069479155, 9.627171446064795, 5.306588608682337, -3.884022023661836, 8.17484718508226, 12.380017282786605, 4.141607302932684, -0.5886461221434143] : -0.9713798002763228
[4.5628396934327, 14.758606772198172, -9.403238718130455, -29.951422933016108, -1.4405132338583035, -16.410269216629228, -13.463316599299542, -17.612811451010636, 12.784792229246769, 26.07758075519203, 2.9032418874847146, 5.549710325109277, 11.383291238015124, 25.101665699930923, 5.31620385716574, -9.553136527688359, 15.560991439753561, 1.8239769787818174, -5.369238268369113, 0.24356929352661716, -3.8882752533992457, 24.970040317706527, -9.80985484024079, 25.62672666403585, 3.159075511054476, 0.9263186592288262, 21.939465737817567, 17.81154319378537, -12.988592161796474, 2.3312439183023494, -9.756547751989928, 1.4966488938266718] : -1.0
[-12.241973745810386, -16.552727494623806, -1.7736067008719933, 10.529331572490513, -9.868727963140174, 28.949739656825347, -0.3699639795835947, -5.580806212443317, -1.3724951045777842, 6.859114274661504, 10.440537793188103, -9.054516095942713, -4.242826484258246, -18.88997249727823, 2.2741447745711447, 4.044903314138325, -11.069855850923418, -3.642667437303121, -10.811608307835897, 8.187224142072031, -15.550295435090794, -8.910175826324108, 1.647048058083044, -3.6936787712378356, -1.586328493033955, -22.926432732345084, -14.799575091395589, 30.628786685446112, -23.86322723680496, -3.382000964184136, 15.073697412274603, -22.93124389581618] : -1.0
[-17.578302070932196, -0.7489480741470529, 1.9755996432085303, -11.511743568197687, 7.587186988442897, 2.7878742612371297, 2.8325483381040275, 0.7147164020807035, -16.144730162232673, 12.095999722187987, 15.695231878716527, 29.14651386477716, -1.8386457902159306, -0.6890289958777371, 1.3984481278336638, 2.4707589709976476, 2.3303674306134656, -2.8772992384110596, 16.303346506827783, 2.901682996070827, -5.738285936950653, 3.513919047193202, 9.096619424618964, -6.434366628704343, 10.074968321942363, -14.479283854158734, 7.543011781254752, 0.84658933335201, -5.29036568394612, 13.681883819592551, 9.12385391568264, -19.94929989446299] : -1.0
[20.263273790099802, 20.153033402954343, 19.62406499480784, -7.280371409745147, -18.230927085214727, -18.74337551866955, 13.359655754304557, -3.087014249397712, 9.68557759033827, 20.718820307078857, 3.990494642754065, -10.434399581721326, -6.070452797211707, 4.190592795066528, 8.320952269510896, -9.109308950129211, -10.17964534310435, 5.646705943280435, -17.977988695817483, 5.825705810032515, -12.834196777880576, 1.8408529202526487, 19.398535891864263, -4.02866565145036, -9.118984228038817, -2.7351406358544743, 2.8080308623188728, -5.101902021954772, -6.53778316555665, 14.544510162850836, 6.135701381070549, -7.484908975801062] : -0.7178622159090909
[-7.150939281687199, -9.561974877230957, 9.345286221097965, -14.126911303956899, 1.7983572814790048, -4.249437723021435, 0.9894039641696092, -15.808056949619504, 2.0899692763481807, -13.957831268414163, 9.292968097370728, -6.588841142219478, 13.179992026306444, 3.003997584352137, -1.3178083821754867, 6.391578653905881, 4.825531749792653, 9.346541764937932, -7.8108605822179396, -25.34081127351402, 12.725984315757849, 0.1886369021233434, -4.948061730412048, -14.46665725760359, 6.829606083341378, 16.03092775370842, -6.781852998388645, -4.499093058102398, -30.221036620113253, 9.04767504377484, -0.552378995665955, 18.768801824595784] : -1.0
[9.745132889135489, -7.700334472981533, 1.484927244196009, -7.634799331978639, -9.879424430185878, 18.057500260622277, 7.863215090964354, -8.932830191294489, 17.37936240943098, -17.026467740224483, -9.608543804160597, 4.2097394460203015, -9.440624265731955, -9.291129728224645, 18.790634859272707, 2.91567794796787, -10.017240124382518, 9.641276591321454, -1.872548838035778, -8.212080908510211, -13.327059650564388, -3.191371632607215, 17.124821864762346, -16.8420624068266, -1.8357005053029405, -10.176591429290035, 7.3302188634143635, 4.16771566569627, -7.410561132481303, -4.232242187624977, 1.217074360308918, -8.19774682921671] : -0.4850680177861994
[-14.155435745332403, 17.22521915678569, 3.006791921497957, -13.849872051268974, -5.752357767796913, -4.833632804278144, -11.575430036686377, 2.114138623615631, -3.1697853259125917, 5.585542983763748, 9.553485325400954, 2.109219670943811, 1.4290339799193479, 1.058487581111728, 17.201467778546494, -12.980451614047219, -9.947483503785893, -15.22424224696614, -1.3235198097347762, 3.9662378469034962, 16.254085225648055, 8.30252081183065, -17.353735490532564, 12.206170671710256, -6.2018952167508274, 5.548474236493989, 10.290250738394398, -0.4225716886564557, -14.390488656141663, -6.086314796388883, 13.538050672663163, -18.024090864188647] : -1.0
[11.181015820050726, -10.93670188255162, 8.223766134120886, 17.941794145039804, -9.000812078114244, 12.217793335102197, 0.8662930720312108, 1.7066684626451347, 9.903558102432552, 20.89571973185666, 4.265253369939285, -5.455588449856377, 28.324852063000385, 12.261837134713028, -20.96088434185349, -5.3890816250695295, 18.280547080707105, 1.0912954161835628, -2.848142523915645, 1.8806319434633867, -5.32606107237703, 8.471838940440982, 11.365329445916348, -11.207090236737253, -5.487833207555797, -8.109665994562754, 3.7160071450008862, -19.55984178368373, -26.54933667243294, 11.750428313219954, 9.940998307535727, -3.3646731902546776] : -1.0
[-0.7594435206499174, -10.378195670050033, 5.8006207081063526, 9.992407198032927, 5.111861381541499, 13.366983545411498, -7.950279563855324, -1.012414789493225, 11.73076830474286, -5.022514066567224, 18.648323123692155, 6.664202471517363, 7.562873338118022, 4.261509679007236, -0.0534449556218588, -9.182566201424295, -25.681921894141936, -7.517666974530998, 18.88322652892066, -4.394632145141459, -10.268128355315483, 6.404795588388749, 13.526416504521459, 13.21695508521053, 14.767323296893098, -3.145030445041222, -22.104453995308504, -10.049085683283222, -25.755252690599637, 7.868620026276745, 21.41552360501003, -4.038835708355807] : -1.0
[-8.690772875630094, 12.412905479652961, -12.186803344456367, 14.714998838137008, 9.536419773230385, -0.0437407432755646, 0.048473007787507294, 12.443834913161258, -6.058721829774389, 14.33223314718964, 2.7804349556019394, -2.523875560251688, 17.26423732576321, 4.329425676791878, 1.8860996825711032, -2.377681844447656, -38.18308470577953, 8.093271465226373, -12.70608980712526, 6.07098207346611, -26.65830215330867, 19.655589810960947, -3.4508627513426546, -9.704347438691633, -0.3516140248782267, 16.709211701689046, -1.95918074559393, -15.620084064411795, 5.519297661696422, -2.232423340876509, -11.515977167383099, 7.445179754311129] : -1.0
[-15.28403528462656, 1.7129223753449248, 7.304675040609334, -6.494422695724718, 6.673786016363443, 11.281116393505283, 19.293082923912966, -3.1760796076814937, 5.886771353182826, 4.864076427295258, -18.54813615786836, -0.8363903543314364, -0.08921871513681445, 16.02112802279197, 10.726835900054109, 4.659211799222229, -16.782843106143552, -3.976813341111872, -6.731868358368874, -7.233185102688703, -13.645648613318434, 5.989303528517888, -4.094638071866406, -11.739995853448105, 19.55846323745498, 16.72200492966917, 26.438483731442787, -9.598153601983272, -10.32596880656626, 4.310553062264591, 0.05812254385082127, 2.3929276102841768] : -1.0
[-22.274397349658923, 2.839249112615941, 4.093694730314667, 23.110275427315486, 6.998279815812944, -3.488980240158748, 6.279949993669803, -1.9373920242849065, -29.055753094444974, 28.583716096432063, 8.141401022321858, 3.6898017618133614, 17.047489740149828, -7.2562646492761935, 4.4134975904810005, -1.944366816743313, 0.8988381826495591, -4.925212797665692, 3.492066167437514, -4.391309186170293, 2.057198318837445, 3.634841542251529, -2.8437979082451186, 3.827737649958996, 0.12954476849177343, -8.431871091504284, 11.440730018391026, -6.882852775833169, -6.436774958309386, -6.954029603433537, 20.281621816157184, -6.516760748521673] : -1.0
[-13.471966925244725, -4.573912467987409, -4.047947608119389, -12.788819918138875, -8.82264188272232, 5.67156698321928, -5.606682404697098, -4.687281694905118, -5.631731872085297, 20.218535535615263, -10.135057247472652, 8.80319758184876, -0.3397019946491229, 7.696178136834125, 5.63470570149431, -10.723246516548773, -11.930328475149707, -2.103370274079488, -6.577174657055604, 3.020725851834598, -21.989865680867315, 20.832971247919936, 12.045943457653584, -7.561135446088861, 1.061697115800615, -8.767783941930883, 3.3431596921401328, 2.190189200467174, -7.422305788100514, 3.076745103453865, -2.706607096910968, -22.22778226892816] : -1.0
[-3.2518761508658356, 15.453145722635627, -14.736417231600521, -8.072073744332638, -21.878189123645132, 7.743034356891774, 1.662308472884818, -2.771395966329015, 16.663103590733996, 9.029895643097472, -1.8635876555540039, 3.036161083974356, 0.21396440414400786, 10.489422349401725, 12.560830216791032, 2.8694586727765907, -21.793325197016635, -0.5829201359020243, 0.7096860032923944, -21.07603848511765, 0.8340523299059308, -19.592782429093894, 28.145384805848565, 24.368836594468895, 1.928598644673734, -8.402849372807125, 21.163952460128616, -4.285145639694078, -7.5379344451776324, -17.119890468115187, 29.83066851693289, -29.467301381587788] : -0.5043041922829368
[-6.3541493600952785, -2.962102403219228, 22.34839581431207, -21.538538899664236, 4.688298635472771, -12.03904481980441, 17.38364819029459, 20.2160682063393, -48.71125541228708, 17.93496981320304, 24.961068738220384, 15.965386789796778, 3.350672871184564, 16.092316428094158, 4.647398778194361, 19.890311108775172, 13.102704435341396, 6.182677970873851, -9.483883059386836, -15.360188840822413, -30.175879681459353, -8.135324060589804, -32.41931221706317, 30.349197819458112, 1.5685105145758937, 21.350862830230795, -27.334793079982838, -19.987552921685385, 5.610735503719859, 2.6988598430241364, 5.685282101793525, 13.743080290695659] : -1.0
[-21.419185536696112, 12.879481979918104, 10.714254997380301, -22.8331658152149, -4.3934649916399655, -30.9774819866403, -18.159602013542383, 12.68013225141413, -29.72790701321135, 0.599237183413992, -14.700058597859249, 25.92273885238887, -9.223169884818773, 6.691591150324412, 42.86092078405227, -39.126766050394345, -22.242523164496625, -10.793486931167394, -2.286415903805003, 3.6013013334216275, -29.248376761406995, 27.523166834905687, 8.918265773421382, -22.455486828951546, -5.424752832168426, 16.71046757260898, 31.286253288179587, 15.539748514964408, -17.98330296500045, 13.911965208805137, 8.32536747446809, 22.78380985928333] : -1.0
[16.554465278721267, -23.06565805723284, -7.267814723922704, -0.5762760243061127, -6.869935559917861, 7.389372579742163, -5.836349745478763, -19.540249280478506, 22.513138006926773, 3.3380344231229113, 28.76973963493429, 6.732287415575107, -22.113314135716514, -7.1671214166122645, -4.72952752672692, -21.734291182141536, -8.43369584721549, 16.08840585409817, -4.385977268887071, 6.4742585466530995, -4.194565017641717, 27.219331527313265, -9.955244731648218, 17.009046290061157, -7.234868898443917, -11.248066231617344, -21.335908907870046, -4.285052176655894, -30.60462287432339, -19.268375906711412, -24.623604153397828, -20.309993836968054] : -0.9255636388605292
[-12.631772569568872, -10.638029758539542, -2.322606480314369, -9.710550953015929, -5.391476646498518, -10.867978287617722, 9.153827707595822, -13.902939967562054, 7.688501412687496, 23.955263256632946, -14.633544935308107, 12.98382385583967, 27.450296459643095, -4.432818533512096, -10.848766540884837, -16.186635723360013, -32.871011292857375, 6.42075090434306, -35.63792329755063, -13.250969035724362, -7.69921031249357, 0.292533425459661, -14.355424453348254, 0.20810893452780022, 21.37223849456748, 12.012468479736903, 21.658732860590025, -6.917544484901487, -31.109009296985153, -4.712153498387943, -18.39236216307506, 11.919096811877022] : -1.0
[-23.7016380801623, -11.538569938083898, 8.089050679202575, -19.808189415367387, -14.312453206718576, 21.08213442861336, 15.923059123250518, 18.023705395359052, -14.491479324136062, 1.4312308692980231, -4.361858371433039, -0.48617566005841084, 20.068617858629665, -5.25276484603279, 16.795082602516793, -14.254184043664967, -5.399548096542135, -17.35470728419857, 8.150570019462485, -1.1400092631989556, -41.57757678107709, 23.164193596346475, 7.569169456159459, 25.445678000326325, 33.201006301105075, -11.509985052266686, 31.17510730774216, -45.04737370756211, -24.354617151931865, -10.801188810976894, -2.033395578356684, 11.047528492033837] : -1.0
[-18.033001688433515, -16.80506619392921, 7.745119948167949, -41.037644657490745, 27.511016593187545, -18.792972882414187, 11.556165357302913, -23.719930954700914, 25.90854989400524, 0.5430695079310617, 11.905027807581414, 34.38014810493633, 10.23283059609584, 50.82465722238731, 2.508789780446676, -0.6244100001199322, -19.772102709095627, 7.385558139957639, -5.36655172903923, 10.747923038872047, -18.612657156901623, 17.68900129986701, -2.8307578561486078, 12.313328937903751, -7.360813430410646, -7.655153561736114, 34.19437128346772, 23.43904206921935, -35.453943561694715, -14.729107632253845, 25.618092792860534, -51.71478273592706] : -0.4766983552412553
[-22.898552962595907, -23.318331614410408, -7.7686219918239106, -16.825684829676707, 10.460220097979855, 14.236273223791484, 9.656239020308806, -5.983904086528459, -0.8522954732648675, -6.258506989741091, -1.8450608236320605, -26.775373080029514, 2.6278404240959503, 2.818379118886627, 26.476114668705126, -17.661752845128984, 10.42108819783191, -4.112025975957833, -32.39386159288885, -48.88993429476809, -34.47386846705835, -1.1610220150619845, 12.823054379911897, 11.559599327312704, 15.937973688281117, 4.4681513449632195, 7.710978924581614, -0.7587778067137307, -58.51251784516618, -14.055571148390031, -14.598804326102279, 1.7205362256923422] : -1.0
[15.89845481282547, 3.848218914072229, 6.952106347835458, 0.5994833830699999, -1.4401154118793957, -15.796022073352157, -27.532708101191407, -32.89873274031994, 6.3571933235125755, -10.118768953821808, -6.789399033689614, -6.847972835870112, -12.564103542777545, 27.964241241434948, 6.907329823019177, -27.303061280901954, -0.5156528411035084, -20.923397730967096, -11.752984444857, -14.74421144769823, -6.028989497695907, 13.435146060025142, 44.94063815188649, -15.470371030920983, 6.139358307456856, -22.224478940192878, 4.747650020054716, 33.63878196583113, -25.15799592906364, 11.686520939055518, 0.2822022031984486, -24.05447306002334] : -0.48541636900468305
[12.828682026725854, -1.1932343465928068, 4.220531526441186, -12.68338647606965, -29.226501612901796, -3.0366675125926, 2.1467946447890487, -41.16882088249623, 1.0394200231667765, 32.62742742184253, 25.373922527941886, 3.363237768435861, 6.272534314735955, -5.189333039866678, 3.625855022393733, -0.7498334702779357, -4.305649179577337, 8.892971187245099, 16.61245533251877, 45.98911697599347, -43.21752785194133, 18.817109014327627, 24.580296259173327, 2.2361440528317837, 34.140435422910286, -6.2138794364925545, -25.53115518305455, 31.803191222537883, 5.973428008716777, 11.952998240895912, 13.566158844265772, -42.903865854390034] : -1.0
[-51.52479501933939, 37.747261641220646, -0.2187201298286663, -7.50714137413389, 25.06543452107921, 19.813933317106386, 28.22912717501863, -16.023619257424002, -2.2154028192323336, 19.861234565301, 26.137260007479377, -10.691674131585813, -15.59339690346593, 45.27123479620921, 10.371523853566053, -18.00497055532793, -10.165025905113227, -5.032677449182314, 2.0381751882667163, -15.285589654723445, -7.070515722215229, -9.695818269426963, 12.538915128923854, 4.87803815838892, 13.989840837948234, 8.506093429235191, 3.7303559292829074, 0.2622045353733711, -22.51302554097397, -0.7121312438852709, 10.07419854846501, 32.31471650634053] : -1.0
[-6.021039160443882, 0.08729513843123504, 12.615339170171065, -23.10658283160602, 8.66550467099993, 18.199086826065308, 4.714163389238793, -16.194220279439456, 3.3677359563075617, 10.397783061304104, 3.3296476129698815, 33.577196021981, 1.0691784111382256, -31.61528301737568, -15.717124605299595, -7.954031989150359, -23.681774552484676, -18.996494300906456, -13.858170546636856, 6.661599088373668, -25.857989578125668, 18.29463553536919, -23.942702371606806, 15.602662812556474, 20.65134772658462, 13.36637732571285, 8.995099829484296, 6.125472096743933, -28.21475019901927, 18.66586638802719, 15.633693685609796, 17.88377615006693] : -1.0
[-46.473951324987844, 22.293997493061717, -3.6751898597952444, -29.417740292360204, -9.630590833266977, 11.000693741413274, -0.9610211303767349, -10.540001978380598, -0.6398775515046822, 17.943236109431098, 7.325496958624853, -5.670370431526295, 2.980245115854095, -5.97985540700644, 4.082809746652721, -11.940190547262324, 1.8230460947753684, -10.510477490681247, 19.9182061924726, 6.567645529130674, 23.991251092617443, 12.803267946705478, 4.069651531906118, 19.68402799929656, -4.047036876888212, 25.190850379788017, -0.07709033573281587, 20.61848121101808, -26.528099265476342, 18.420799366575437, -17.936656245215275, -34.626830960463764] : -1.0
[-24.633499669111135, -22.66614005334655, -0.591546082536878, -7.963432171701695, -22.352208776070412, -13.105206475776198, -23.081698274664372, -12.211727226582102, -1.0323431030083872, 13.156791942277948, -8.595551807735715, 21.261507780318503, -1.3862499656375515, -24.63260599187847, 30.687101698721502, -28.296015690898688, 13.860465203268024, 15.163843790545378, -24.71647621861128, -2.9734435318241825, -19.54939616990216, -9.77276764272447, -22.16061336058551, 28.21434817343823, 3.362428736115027, -1.7832160998746067, -11.652973212196688, 1.669552424082788, -23.02566755343344, -10.801110278643469, 33.01384103031784, -33.70575613345189] : -1.0
[4.917707136482155, 8.296438472126265, -25.325852563783496, 13.460231135326744, 17.514077225964964, -4.181251400514834, -23.185771320122097, -5.1563241131320225, 28.790505546284894, 21.58587000834263, -14.21287770552277, 6.477935888261155, -34.86818400848153, -12.01266481372168, -25.228873114963267, 26.91825647333825, 7.009972346328669, 3.0293150598672027, -28.185332211984772, -28.408141284273764, 38.145184661872314, 48.73920098443452, 18.765104177462334, 16.07350767786379, 8.067391203401412, 27.7646910756496, -5.3833431017965685, -8.981671617029555, -11.054779797056435, -25.308395168811064, -4.2845801427299435, -24.95955974646599] : -1.0
[-50.392723121983366, 3.5288804539550815, -60.22430959307117, -10.649129239329982, -44.472866747579346, -11.682328043187455, -9.192646978668467, -2.9243958078387458, -65.32133320973979, 32.82098289271932, -4.309784535601395, 0.46224903168226206, -13.596615294302827, 30.54717048782601, -11.270711665937979, -27.948537584980077, -21.040034909161182, -18.806348895879538, -32.20540294416382, -41.38964468932497, -119.47722096406075, 3.9958392785385226, 43.15261086638667, -39.45073842493952, 31.15224406028198, -34.53427276535143, 5.616347152854495, -32.76464251718886, -80.72589579666754, -18.217249563006025, 28.4247084182047, 12.72031702010912] : -1.0
[-6.240643270214576, -11.298982671654601, 2.49835328023514, -25.64099294748882, 2.3977429636237795, 28.714796936177756, -2.0050396982104886, 4.134047088252242, -32.43232012911106, 7.318882385334483, 5.09755676509925, 2.5742879320467864, -27.28032667443452, 15.242088451125724, -36.51988156337225, 3.7881933950793254, 11.026122317220548, -21.68575753878192, -54.985691362756924, 24.196745273748604, -45.192658931580254, 45.78881376154174, -55.9087026852907, 2.3960849713734014, -19.31912601238938, -2.6814652072612315, 18.23535669482723, -27.51946980746377, -28.82808993822895, 5.948182075175852, 25.053616683358733, -22.895950080381937] : -0.4974034482782537
[-30.93627044005145, 11.798840117379457, -11.980291148975159, -40.20413255165765, -9.391801093522828, 1.8510691057918045, 60.935773411945014, 25.8829595950494, -23.264119360246237, 16.043728023428514, -32.34228828625427, -17.062717196157614, -13.205507795587598, 35.831981857034094, -22.904735031952626, 27.55739391381372, -35.28469876044801, 1.421528003964199, 10.324007967912014, -2.790824124942982, -7.46853044751041, 62.816879671421624, 11.213291026993877, 12.303273448795547, 3.1395031740561246, 13.885615912349582, 7.357497257584189, -12.683329716731482, -21.371712188035186, -1.5659075885010625, 21.9584835264231, -9.479801064837508] : -1.0
[0.8133471983944318, -59.536212962020365, 24.32471817015896, -5.195664146108317, 38.325896389139636, 44.329369545194766, -1.6127898221249435, 31.357434358250828, -28.114527859375812, 52.26240463694087, -3.6538173939633456, -6.699590811513334, 13.615541030095212, -30.570548054999918, 11.250307706251531, -6.123443230740457, -14.937934348389703, -31.41013840886457, 18.975057126951523, -35.55281993284267, -13.536950082885546, 17.41523618938458, 26.25128510723843, 32.09350702042874, 6.983615098675754, 38.1947464167478, -24.00638669864697, 10.162408615397615, -28.06335169202154, 3.1714627462639573, 29.67655363055655, -18.919049491914556] : -1.0
[-24.992689419109723, 7.460719052259579, 25.918857234390934, 6.231813134079555, 43.18248194194366, -24.864189634268087, -12.066230206993026, 9.320239298999379, 2.1809774703463276, -47.494867286937136, 28.327820610639844, -0.16791760646607834, 9.396460755720648, -26.2751488592979, 19.96733541845123, 58.711798036457864, -23.904597405037276, 26.214652905680417, -45.73469916797986, -45.08131993987216, -73.18735670919389, -38.96000902577558, 13.509748963508029, 44.99875908052445, 7.485634605194084, 8.927476711151497, 48.76873551463547, 32.75667140189921, 22.705047311907574, -23.869321300171872, -21.86369112501849, 28.52362167455938] : -1.0
[16.73233231334364, -38.6680422193753, 30.323757987325152, -8.941647658092723, -1.504542596572363, -5.889826601679156, 7.150176186546139, 67.4663094695443, -36.12130285487713, -3.5294971439362612, 12.352158449938907, -11.608497546420951, -30.16393845000365, -40.74557776937904, 43.778537853948364, -30.044542410493815, 7.310415552464564, -12.76476026708707, -7.631732797043939, -6.321384371194386, -25.73488586899359, -1.6851082349678377, -19.445273867778702, 22.17197488030017, 34.5962897358192, -34.157258378336124, -33.71228454535075, -30.244728512368425, -14.40393233368218, -1.652635408935857, 23.228734151074026, 9.181619334824344] : -1.0
[-26.190442516767824, 6.3993409256819405, 38.569841079014985, -27.968757094497125, 14.64990372732324, -26.89720090525622, 2.962875869911422, 56.09076265679148, -7.324932569469816, -20.793283000140352, -27.77102192778176, 2.0917496647317186, 6.163343529230501, 8.80921744148706, -25.481046491830796, 19.488542323256404, 5.4681022010476035, -23.39358555113992, -19.594521926882827, -25.467699336289584, 25.42066213447416, 1.0660224734256785, -31.559138877751877, 17.867065835180593, 55.60352684059854, 28.83813927368758, 26.520294535942213, -15.674632259656722, -56.99005266858994, -45.97469218377022, -0.6450346765158911, -25.60555292795172] : -1.0
[-18.779608380077963, -10.036031449589387, 62.38554434419716, 31.411859780623104, -0.8864790337530277, -14.769060400834883, -10.821665623889288, -35.750212704751135, -16.793951259022496, 12.674677650322753, 38.27550293612475, -1.6650498974212145, 19.15961220575746, -42.33454028287954, -7.357246446842323, 9.261378999377818, 2.331918228677379, -46.257179539121125, -40.66995054071789, -14.981841832548433, -66.01102401103174, -13.94450578816054, -7.784801225289721, -30.777048942996494, 5.216228896333927, 23.62959339663672, -10.922240107644676, -12.442529297385903, 2.559154307961414, 19.019079504204637, -19.570341710872526, 8.036613268193928] : -1.0
[-22.35598260458916, 21.368166902128316, 33.70489009616522, 9.001409560599612, 7.317360460893125, -48.832854344239074, 35.79841467667576, 26.588614051688758, -60.90728484966294, 10.50642066597152, -7.394149024213201, 0.3033180467312988, -3.376342817476422, -0.680126778335322, 11.50081313543227, 25.35012034436169, 7.442181235396571, 13.839498986835956, 22.236091582249003, 37.6295008129709, -28.655119168740868, 1.0635499928241785, -15.610883119272962, 39.77895344211441, -18.48988025554429, 42.034995214466605, 68.94050949112538, -1.0945882210291424, -6.639640310752386, -13.19499638481107, 20.511626313670845, 41.28518379552387] : -1.0
[-24.250281773003096, 12.145331361075767, 63.95814885266162, -55.384533488043196, 22.5580665015398, 29.83866751835862, 26.116095072876167, 19.165520822060202, -18.263712685812262, 58.78632960327039, 18.567800963677506, 16.96964437433197, 17.871776579114233, -20.10571282313004, 28.127658877730312, -20.367123592334043, 13.39835070201373, -29.016488020095434, -59.931145372700044, -5.6751647870638084, -50.59926972584333, -8.883559519641771, 12.92313448499616, -33.84210475328882, 19.10231586827975, 29.202729820587493, -16.464078219452233, -41.53556881087982, -16.1549465275234, -10.529721324498642, -3.6949232263278633, 31.097050980024157] : -1.0
[7.560147053561989, -29.489398995782572, -12.91561511041185, -28.90406270813712, -29.22199777663359, 28.656865057535185, 26.971792684942255, 68.91320924838668, -2.392802858808338, 18.71699424836931, -29.277805736734148, 6.7060489513126464, 11.23014406984126, 11.68158591525851, 43.13851877098273, 1.6222249884584379, -0.37276199727520787, -2.2417316136615044, -36.0054795259696, -8.159966701152202, -44.46069702548267, 30.80011310212126, 9.908779610833145, -24.39892870047941, 5.340658174444107, 26.756265874853767, 15.431399736724146, 3.717199180023238, -51.83574329763108, -12.234755340660854, 32.77913217093403, -4.630105595566368] : -1.0
[-29.868300517312136, -13.743027771294381, 50.10067278044602, -24.22533964774373, 20.478463427490034, -1.1949758492233826, -12.631451709207813, 39.757713437575326, 18.332807471079253, 18.165786948285167, -37.430616001581214, 31.425766051307775, -0.5990445207188895, -5.99732029916567, -20.43684086171467, 27.258204199394655, -30.540277702508927, -6.647971366451463, 36.13351036187772, -17.547507224412712, -46.54181642601037, 45.246474282343435, -10.130629218246295, 59.06832826763719, -3.332928603489453, 45.479178920969225, -14.729354328846991, -10.51102102690311, 16.643702206032543, 22.794423351481676, 16.333399691980745, 52.52696385098778] : -1.0
[6.198672600825434, -12.18895717969828, 9.999745500282646, -34.126845834351506, 42.394143233685135, 16.38076813129313, 25.828054261518794, 35.27336864520234, -32.216861060681694, 56.427772047044726, -2.6184307304203047, -8.185591054790292, -2.111135123175032, -12.507178242502711, 45.70339461066388, 21.197314226498516, -70.6519786805647, -29.751945985046518, 3.078187411063656, 8.929684694924626, 34.0439295324515, 25.161362293687557, 8.134664827417778, 19.049953854604027, 10.66740490485072, 12.256612233742754, 13.66189796722163, 3.8153307327214137, -23.72831942125763, -27.398547591522597, 12.271289606786597, 32.420662414533666] : -1.0
[36.14434712093557, -16.27801090872603, -7.881272819800092, -17.230380162151288, 25.858392230612537, -20.777406702825886, -69.22032754129128, -15.603656948448753, -60.60420293490765, 28.76831318848285, 51.03348575488231, 12.515078426880937, 19.03642084341957, 38.641773293130754, 8.930151044206092, -36.79387539118164, 20.0139765011562, -9.621173640478569, -36.9853374132436, 3.422383828421358, -5.335877398952039, 61.74864968656686, -18.54957019712463, -14.8086709983772, 8.986738771056288, 22.036630914526036, -11.891178216450935, -12.201007779605566, -76.89856619345261, -40.91405023931991, 25.59545206012344, -24.011145522050754] : -1.0
[12.242929477225815, -5.234981645473861, 11.002196790107345, -0.7971080615486521, -68.566470160305, -79.29382444313052, 4.006781182526657, -79.75804663778263, -61.538664705949216, 22.063142214143745, -6.875645971762511, -41.94248505858477, 30.839854685314666, -3.638846065504847, -104.46758771711909, 4.935150592416566, -63.89784590604805, -8.030275843809545, 10.64021115535727, -50.85312432673223, -89.56296488770124, 65.46267986715978, 38.9321624454593, 17.455690020855194, 44.88533208852752, 9.537451079686253, -18.65371393331621, 1.3125743160687549, -110.91265699405653, -45.034888481696, 60.64132342871244, -23.986278735234958] : -1.0
[17.184064262438568, 25.960293382789256, -2.6334883346722506, 56.70358350265466, 7.241065416194427, 73.87144704764862, -59.22933589963951, -2.1681003429553414, -38.291289550057, -91.66088931285269, 91.84307286960617, 28.254728788543826, -19.988002440914595, 23.60469069662482, -46.53145594697644, -47.490560174684525, 56.75660264613688, -28.843604245797497, 43.52849968854931, -17.260431235824974, 42.053307782745314, 17.965309928776154, 69.72508939617397, -81.55672682407567, 14.976369539164114, -44.47407008583884, -29.13244901430984, -61.783748286612095, -58.29837872292417, -29.420232454110405, 34.53231417515505, -42.0372266542312] : -1.0
[-25.62924603584737, -4.083430050856105, -9.515807363585282, -4.092294689414393, 0.655760050089377, 6.36604407749305, 65.48430209032902, 33.62024672406166, -106.94037704406486, 51.39590398527405, 35.98444863958963, 1.3567316319164204, 19.59260313758508, -44.07967147176205, 9.010008460051482, -3.3526936625373325, -63.900929502029705, -46.52512775700723, 23.09676095738343, 17.908523989541944, -62.50232992729247, 42.02347852017186, 39.90308459284185, -63.386382677539, 75.3061505896611, -54.20684525660779, 23.777020974826236, 47.401267254894, -64.50795964419692, 9.655618669262877, -30.726206238902993, -46.42821326424592] : -1.0
[-24.346681823842108, -17.844081057647458, -22.109722421590607, -32.16167214049894, -93.67792001401651, -56.61236953996327, 24.908672527862215, -27.707352808564114, -51.24829407108536, 38.81008357483374, 63.28023551967454, -87.01253150255576, -12.597794714075842, -35.943185178844416, 46.33778219131282, -8.469585106320043, -37.68121889511174, 37.35399833879047, 8.732660766031783, 108.89633985738298, -54.084469995227664, -38.74226234399199, 29.664234322185564, 32.87834598415987, -11.308994495717673, -69.8242125615751, 46.28100731782081, -25.230633230341525, -47.43125206593434, 4.6315775557381045, 12.723146176493959, -36.76012251394616] : -0.5032764781605114
[-72.85674834942594, -20.711652806053, -61.1487075535302, -93.32364821689451, -125.38562812972997, -22.367537133465426, 67.79534433205484, -14.497129899145538, -72.2010433393805, 47.53935939861495, 1.9480758584913573, 43.4819560860698, -64.39129585533686, -30.979228747700347, -30.97779992129654, -14.297507582549954, -46.068546863670036, 51.09914306662849, 58.09539372291974, 25.06189721325732, 23.187387207538528, -28.74821183152018, -11.51623549125907, -63.64259410485173, -2.071552630230201, 2.1384736311825594, 21.269389684835755, -36.222724097230554, -73.34464685982985, -40.30805926185781, 90.4712290616863, 38.377806802971456] : -0.4973991567438299
[-67.70855556064208, 6.515811307689741, -75.92025521155823, -21.17862146389578, -31.601227897713997, -0.7732302450920077, 94.72352369412306, -57.876622977148145, -118.26058534112056, 6.182460160860771, 52.97514873070582, 64.3813445786838, -36.60920441067214, 52.04290333608389, 3.9948128022435365, -19.20284648656238, -11.926147387992607, 89.02889896604717, -69.06005492036876, -15.531189350802, -95.07493354561788, -66.60290608848831, -15.626924457392956, -88.8555067784569, 47.23424570619048, 50.89283112461543, -2.2857980895558474, -78.42529286797375, -43.337710339487856, -26.094423138751647, -53.8115947013939, -19.19521107351913] : -1.0
[-10.477044872322558, 24.64771155187908, 32.74191308487808, -3.9794057888332866, -50.454845051404945, 27.242578877770537, 40.17277511451084, 13.72455611262142, 32.034188005983985, 1.9804329991718586, -28.543531524463315, -19.177125317486627, 70.71715439026298, 2.4344582908032857, 24.488102004182554, 0.13654964736217612, -46.35856489778094, 19.825418700682118, -10.730303395198721, -39.97092576073692, -6.9817167875680965, 10.548398371512157, 11.075888523762572, 78.1493255872462, -34.64028877715786, 4.376514644938082, 11.748224076262316, -35.763882160081586, -51.74498503232899, -30.72153282335814, 28.127706436862972, 35.16879659159845] : -1.0
[-108.590932718517, -9.988530119951065, 75.59295680430525, -23.218211263222006, 27.754715799331283, -69.78178788887524, -56.423518798623434, -20.297602789865895, -29.14001918624831, 81.2310331341255, 85.64563820586736, 40.70007738443231, -80.66782723030592, 13.963751421639586, -64.5983036081237, -25.85357638535847, 63.6522036553519, -88.35970474191524, -36.140274661278305, 28.393101724016613, -73.16384804765237, 36.66880949360025, 66.39208270693273, 41.41076294793759, 22.134845192356778, 39.56213046938148, -46.39811689248453, 33.5099426418435, -71.19452617223101, -24.320731992853766, -40.69537935739818, 14.345993964714749] : -1.0
[-30.32379805064088, 40.94717467519735, -36.73864714177456, -79.57257069890102, 46.70700243064604, 86.26631943285663, 55.36892927230567, 35.13746737555151, -40.15206430184837, 56.30564429937451, 5.970633922976332, 29.102084354133883, 6.159821922959494, -0.6353011627832696, 51.05971130966065, 96.65805323095407, 3.4971896238411375, -21.599360949031272, -84.9241816060633, 25.86772506499636, -20.27342306907409, 18.505533917697186, 30.509013275417715, 51.56192586261988, 27.75382187112273, 65.0699097002287, -13.051211121470283, 4.424876224955556, -70.82962608438903, 45.016507213406555, 39.1601049692715, -8.640571344989148] : -1.0
[10.331292149573791, 17.842768711125473, 13.811849067513094, 10.521615653719019, -30.462942907676947, -38.04071556019932, 6.017510110338687, 5.429834676184019, -57.78117157693502, -1.0965196518619464, 4.010493084146778, -1.4621810166919884, -16.260674348770532, 77.81867194317115, -27.901351283706745, 13.383351915606937, 46.73115364077759, -19.411005576138805, -48.30829968841999, 3.2454066479699115, -19.54640082359964, -72.24115080336604, 102.41559068200064, 46.132883600615266, 39.685169459682484, -4.447345958768549, -55.030856844193934, 21.451259204791604, -78.17564709782134, -84.56053079983543, 56.60297993409712, -39.755326876328574] : -0.477314602244984
[-9.261192318889105, 2.631459247671624, -15.250193783866951, 16.292852881038385, -70.28110934493053, 84.98918320632973, 23.062128608784278, 12.527979289919891, -75.9102744996886, -14.79783610743743, -18.460859158444727, 7.54849546727523, 31.334926542472974, 36.16396350161287, 31.69092962265041, -24.181561985936, -48.09092412549468, -5.0277330049743965, 34.52393892690595, -61.09072741353131, -20.106383054429983, 3.741353504703131, 22.614371712613867, 68.74886698817438, 53.37987460272008, -27.604453603001357, -26.57674934336923, -1.5483274878867785, 50.3562082365882, -33.45106044567323, 24.564420667808978, 32.680682245624475] : -1.0
[-86.01833182031933, -61.42397286628776, 2.896631752714123, -120.08121439177694, -44.88329834193787, 8.300617542985233, -32.20971456579444, 90.58499833305599, -69.32800039986971, 22.13225005491099, 23.49941293917786, -4.5415704591526405, -13.94759813553862, 13.567622580236417, -6.1826191664690064, -20.788068622565955, 15.769177919528815, 2.667175485107803, -27.238689947174798, -14.61895637598102, -84.23266172503705, 15.356298368396132, 29.25559233147429, -32.17282952848169, -41.9328009053455, 63.04246139692973, 99.06848750255031, -69.21809200951431, -92.08782616528583, -19.69120459973754, 77.84907581270596, -26.341234241083725] : -1.0
[-75.45689306622553, 42.941019054357014, -40.829392193335636, -90.96917439069365, -26.091274684348615, -15.79359115680134, -24.112030296133668, -12.416445593334572, 18.29654695312349, 33.098950069327586, -24.731992856750445, 48.80212621361723, -8.387211216589622, 22.712200450646435, 80.76299490404418, 47.07683556565561, -30.55116321005191, -78.09126800942568, -13.331221422948943, -37.80226323359663, -111.50936274660206, 29.29742981386971, -4.472777315810955, 65.34598730420024, 5.313591456398001, 8.92058030192877, 14.95980885167596, -42.234523243062895, -41.220709767911444, 45.54103755956321, -6.509099622248478, 14.317920748536581] : -1.0
[-39.00797193478536, 34.46872052878347, -30.265272571293387, 58.06741951780486, 128.3947366125876, 47.44275392342901, -62.83946556518487, 1.8492549217299263, -89.16515696915882, 81.20541871489868, 21.89138496045537, -43.06608166181708, 52.68815820989873, -7.888351575529088, -55.638527714748676, -19.18443980774675, 10.259368593484304, -27.79885946398208, -73.21839236496275, 21.90728941432752, -43.16166736013846, -48.87838635497965, 1.7277234858217554, -32.962223759161226, 12.210352507199444, -31.423378192045746, -107.89542355486147, 17.555663029560954, -64.8001966353856, -5.893091328188954, -1.7169701379011002, -9.035093312548069] : -1.0
[-38.10995144021844, -55.71993450709372, 11.887772856883299, -52.68929091550419, 23.265247760511084, 22.748464441467004, 9.35334647965348, 58.27810155809873, -67.21866506617617, 105.59935890316952, -75.1417868858345, -61.44704638254067, -38.364140575045965, -124.18169217784856, -120.98806030359592, -26.776574010551634, 42.11627223900728, -36.32750855962115, -47.61069454671926, 96.58663000541569, -68.99433991072615, -28.088186044965486, -81.435464117346, 129.6359926023635, 76.55003097160176, -56.60836904602077, -16.164589503067877, -66.60520090939488, -221.18204910566294, -147.71104600109308, 41.67875067776928, -69.62135303315668] : -1.0
[23.167726351219336, 4.097846641518941, -39.693009423864574, 28.096056663677977, -53.021232597313784, -63.12054567091117, 63.25965021919915, -48.40900739192387, 72.0419905391852, 114.42672129494026, 124.37443380648944, -82.7907912302785, -7.251619487170748, 24.64439288895539, 4.446828410670754, -53.71583671467444, -68.8291973508627, -14.601931305100084, -60.128160710009034, -68.03598243355057, 14.135848060640079, 58.54589571968329, 11.909685226597663, -126.53626183112839, 28.24106438447356, 7.151027547553197, -72.48400260103529, -56.33000472396632, -147.51234326187935, -118.42992334241636, 24.915384157473575, -72.32498607498482] : -1.0
[6.011813940621931, 45.46058028533731, 78.19253948748835, 58.47967329941187, -92.49587473945095, 63.587571463468635, -2.246014156444806, -135.78084556523729, 67.69546675519666, 20.74393217407071, 48.80831543821499, -89.35270823735696, -31.28350552719384, 17.27472310522733, -26.81335246235307, -62.214066439509395, 101.82569579717895, -43.044839778491365, -152.74926069348584, -149.91535161488775, -41.52538178647421, 46.809308574985494, -17.13386091498387, -9.592307255703577, 7.740078528696561, -33.67032485771527, -8.626826039930787, 12.456978708529004, -113.59790199381746, -19.695752147843816, 103.1496398712422, -32.4835734333858] : -1.0
[-47.67083863802102, -29.845202588498307, -76.7577462685093, 19.865412425241114, -33.47094890384725, 34.622287020594065, 5.040280592704476, -171.72769650865172, -61.553669953354394, -146.09302633846914, 43.835026549750445, 94.4017675860459, -8.493716335469434, -2.300335993183054, -53.062806208376394, -18.71589812674941, 84.60127883777056, 1.2405426750708308, -38.54756160411648, 12.801122323925782, -62.319293099768736, 56.07247901564148, 12.30313365734649, 25.429985084076563, 16.579848104530306, -38.305493480893546, -92.52258793722467, 32.839302927297666, -172.8712105329226, -43.16323585458231, 34.321712320075356, 27.636767272816407] : -1.0
[17.302069363515248, -18.51521246557338, 30.76934039986317, -60.358959637192754, -154.27142891900786, 51.096365345055844, 53.6373293764904, -8.96886489754985, -126.83168877609569, -30.868302319866082, 11.180540837399729, -69.93986430477578, 4.300006780374707, -66.64120562685216, -67.21911035852533, 47.735889551596316, -14.73261322680801, 79.48453392661125, -40.51223409190606, 27.77343930694336, -121.1529082565618, 159.89351307746114, 124.31249947788815, 39.97915523760729, 187.44657601412712, -5.687377053133371, 13.718290018502602, 21.674452692299354, -13.844934424291885, -37.150618693057126, -11.061842711144905, -107.3938241660122] : -0.47838198054920544
[-147.18749340934806, 114.76755384150754, -79.45296383909846, -71.5915632758374, 70.28734409922255, -66.61151149817653, 49.36852087974003, -207.92572060127767, -27.078859009309255, 126.48147987377874, -11.35208085549079, 112.6633039641042, 30.177722703797805, 67.74174810071054, -96.66417990690525, -57.463246784841246, -13.958983652667957, -16.28513390623113, 66.85782793698024, -124.87445840106592, -42.23478372376936, 112.71127132765402, 37.62363268406997, -70.9942840233004, 17.148889190768703, 85.00511280819099, 85.50035268488827, -8.807646576588827, 60.57589349177714, -47.79443490224579, 16.69943643290984, -70.96465229328257] : -1.0
[-46.97227130751973, -37.32253739488959, -52.90254096079348, -115.33419599599735, 19.986540310754688, -55.470421419878406, -128.72293501825925, -70.0592178065369, -7.573475643039757, -62.86712432507122, -38.03736437963476, 17.090436853780517, -132.42868795455928, -28.9009504687695, -0.8104132817092449, -70.04619917185587, -95.43486941808086, -73.93751272148185, 186.53688809529135, 3.0210636802277584, 54.869705761860715, 114.64108491566401, 88.96348451803163, 56.21189008607469, 110.32731347588316, 26.526799660921963, -34.39681417091503, -45.82345788049716, -70.50026309940434, -101.68007183561275, 39.9917532161113, 51.055017282616426] : -1.0
[-87.82657651384864, 13.347882645570394, 82.0071293153308, 36.41692545603276, -21.910282566252015, -108.93614065170044, -90.60229957192452, 8.910902990218474, -129.10704048660847, 27.330995729141513, 17.292281533933746, 41.278657136914184, 8.308909751372205, 216.18954525220786, -179.65945165413717, -20.72761193255038, -42.69774512887279, -16.876425734727768, 138.75447196645396, -143.69874939350413, -114.3208984871938, 6.230213576578951, -27.770684308306144, -40.69993850579204, -33.159391897823184, 11.223437983865594, -19.107443690097007, -74.45295774162082, -84.29347270250021, -36.62076840932426, -48.20320860496393, -58.998263741625166] : -1.0
[103.05455696305725, 32.742289850073625, 34.94487403566641, -47.65679872828696, -121.62323951162614, -7.663100629697822, 66.30936217306035, -72.90749907401711, -157.44122553388064, -81.26064603036787, 90.22485707729234, 33.05242879814712, 20.013641420693954, -3.2629488954599357, -89.79399914454007, -28.25117029130501, -20.312419725304917, -87.77671886503018, 92.01410687543155, 0.8235461960954318, -162.7300679262121, -31.514363321655825, 85.00610336632496, 60.98665944249312, 75.95961720737155, -7.701286143585993, 55.194355754516344, -37.18832475244086, -90.7364040704038, -0.46041350474675014, 146.65057730327038, 77.5185849920133] : -0.5191822485490278
[5.199735750016952, 46.365726345785895, 56.49988372134027, -3.5381579847728286, 111.26223289465288, -43.930550376985494, -44.86866321581531, 23.361283950019185, -101.7144926959287, 57.06784003688579, 9.57334902904616, -11.122753840109358, 73.56966154856147, 42.409271501363776, -74.3314400027819, -54.32137448513738, -6.148866152779336, -5.882715729403823, 0.5114994578952841, -1.2382532245871793, -75.61169644901447, 7.172148217868237, -63.7309241371366, 0.4528440730157328, 100.00526020118635, -67.01736155470651, 19.30510647166173, -15.874931438580877, -53.57615884184316, 97.4761855735982, 121.8469913596202, -14.578994118869705] : -1.0
[27.26883009118388, -16.53554555402009, 9.171882693611868, 68.67740109575604, -45.557733027217225, -13.71386154908997, 9.76598978550265, -0.14683570642249677, -109.45333000834654, -101.96450795580017, 100.62589613188055, 38.707932643926235, -9.741559334877826, 36.409606308632995, -3.3642208514151264, -76.5143889936247, -2.3487280209497285, -56.869029055884795, 51.31387357184292, -79.96530540401398, -107.96161904829555, -89.41174274499885, -45.15620211811873, 2.347740838412662, 20.121357097734723, 8.564820602871388, 107.15033491699316, 107.21474499670344, -196.10102714097104, 30.44575045800094, 73.16664037654732, -40.12366705649035] : -0.4835589582269842
[95.33871972726907, 26.27476938956325, -59.99436088898253, 12.566485389217526, 28.002292071292818, -112.51876602206026, 88.09471591136727, -33.92988020082911, -208.6886191855181, 96.95164763565457, -47.337843385657116, 104.79901859230151, -58.964307197201634, 111.2052786118524, -1.1388243991820133, -181.48867843947247, -37.47442352577001, 86.57825503165206, -59.141405543686524, -49.40247665729703, -40.593265991018846, 21.999183097409304, -4.863096701436589, -52.736691862829815, 51.85325199896012, -83.06248581414856, 42.21928400403826, -7.320404409365874, -107.23890681121303, 62.15600765647021, 2.38829204434062, -19.03656999776756] : -1.0
[-38.62412631770427, 40.722894332513974, -29.446712901096845, 71.7802228613149, -67.31293341457602, 46.91895546219882, 53.60597628028359, -17.1780789081406, -45.10217307952199, 128.26015403257975, -39.14488967093481, 36.66314482211949, -53.80880174784715, 163.38284636229847, 57.252260900549196, -7.909500426726258, -105.73395474524852, -72.26860444572942, -20.635085796386072, -164.3729339861216, 2.9318041717504713, 110.4079269150281, -31.503808893091147, -147.68243442860987, -120.62799311024357, 17.536779475324575, -163.3131441427869, -2.8634652614333582, -80.58411816800452, 12.504850742618888, 53.95433130339083, 46.9759829988697] : -1.0
[12.435310963729115, 156.81435653808575, -47.38380749638795, 113.46621919793327, 52.146730358953334, -33.361544647076954, 63.65225385099346, -9.950686829153618, -148.24284356533184, -54.218146188915945, 31.09754872997596, 70.71499925127806, -34.99093006938498, -16.306043426561132, -51.710277197481176, -52.98156218340979, 64.5976318879859, -86.65110641969747, 41.56631534375878, -26.338708502192475, 7.880334571319729, 42.85649894451701, -0.22303473957550324, 35.628535199860146, -63.21644810161864, -40.88509838019746, 18.84617106489864, 32.80870534708018, -229.07409147827929, 33.04288089198627, 30.144057344690445, -7.138911866110455] : -1.0
[-33.32881578607806, 72.4991399560533, -66.53722122328708, -57.899285796359486, -21.085168845205644, 111.3777626595055, 150.62830060114175, 151.4728455422234, 15.39217569676637, -35.733882523619684, -93.590413106727, -54.39355757463933, -199.09410982749085, -39.08702568132124, 142.6992781777601, 199.49306734785068, 45.06149680015473, 32.77978766608838, -186.89253222225105, -19.83127758157311, -98.3497101625345, 180.46771722808072, 41.620753141812415, -129.27998305968612, 62.16242358263422, -26.212151364945008, -13.482199833038433, -12.23111060875522, -136.45043354041027, -102.55236240753523, -104.46238351581198, 26.54199313679773] : -1.0
[-81.2072959312091, -111.97280757616518, 12.966656303159574, 8.566487816207927, -33.32150032874957, 91.10566178277222, -83.05821552085818, -107.95496075302609, -70.47962460159184, 70.13962834178704, -29.454651566023053, 8.351930672972934, 106.78462775792153, -142.1229755952661, -118.76403317571686, -271.2935710073074, 98.92959282600992, -43.120734079026775, -148.67677530252848, 187.38748612657048, 56.398135538498316, 121.87435805833474, -59.41664412760604, 253.59260919985874, 158.62005189245662, -205.04175995347222, -38.27554046879396, -124.315138484436, -139.85929631044547, -80.62437768151256, -96.32508064837981, 87.64160540000792] : -1.0
[10.241144910918962, -170.80718763984555, 36.72206595753389, 38.54027501956626, 34.704171884790576, 160.3488524750515, 118.72985841606875, -156.26651036833104, -54.89098264986065, 183.92272995422638, -103.12459358933279, -185.29253989365554, -61.26326308490942, -64.69968775998957, -235.53004937830127, -2.3939859576304556, -102.81242190028377, -140.55673346237577, -194.4784297404031, 117.56044210223351, -232.99442168640147, -98.81806279327841, 198.25397036053914, -163.1047755067119, -273.3901648725589, -61.325390506117344, 23.667614927229252, -116.31759601859522, -107.09055868534122, -140.4684764530898, -46.97848712997822, 89.40537464024776] : -1.0
[-14.651915298709941, -256.7516935170124, -244.53413310411435, 45.72934374842953, 5.682807366456043, 137.47721683591325, -64.4898061562423, 38.342983858409994, 22.19276639364437, -11.739367265288564, 123.01778171485007, 54.89036850811639, 25.678340418798612, 1.1860086950957047, 111.85327774937399, 59.904628979224235, -35.804330307873656, 133.2689464971392, -106.8323240008767, -59.923734501082635, -67.69023022609949, 162.74847333583338, -84.86130876764202, -11.842281142946186, 37.23267661242792, -45.96741716239259, 29.16915670113734, -64.70339903103849, -222.69072270785455, -179.23472616392445, 204.67344576792226, -157.0462395355309] : -0.5140815648165616
[-136.84091407886268, 17.298282801615223, -39.48541699249802, 209.6798698490658, -109.07365521791147, 1.205255177075958, 64.98342616858291, -119.26968686571838, -30.826173789038265, 43.092004011890694, 146.10437612300174, -42.14770164356806, -41.60139473262422, 190.59628191051814, -50.257051661898856, -244.9612571040509, 36.352146000177115, 8.645283507650593, -240.93348934339807, 174.5251910972883, -6.6585440628709485, 180.22933312628345, -81.98107569987653, 239.50637925597982, 71.1096507336554, 147.11479051391552, -84.23895718386186, -43.918455420844694, 72.45032004233653, -88.16756296154784, 222.77430649402194, 141.12383950745584] : -1.0
[-84.30524266364209, 83.32261202483055, -146.81297216885193, -115.02480902434056, 50.41244376735047, 75.20464049645918, -9.360220274615358, -19.638677878486682, 29.783989014202696, -38.496451428579945, 47.138629858412386, 83.7871735246473, -79.32866730400109, -72.50721634847937, -105.90427922415782, -199.0499693552634, -109.1439486192151, 196.1775276225219, -71.03060626270934, 100.8672298038912, -124.53153528396061, -14.322726241051512, 49.88057100474954, 4.664132284516391, 100.97141708223575, -58.7243772179837, 162.54058328913248, -213.63367214383382, -157.0054375471875, -14.528989363428067, -39.16783500234196, -57.59119045266657] : -0.4649575406854803
[-53.74606106448561, -118.77267278504465, 23.66511165761229, -80.08481585789937, -165.54421683328056, 83.93910297622739, -17.9904184868591, 55.7598347067768, -71.6568170108847, 89.22068701923058, -12.533795646975504, -22.43866270295422, -174.0136313617027, -185.7412908628891, 54.66230740776541, -80.20379307402564, -133.30242188382744, 151.67725910297395, 29.956667113089672, 42.69995041935677, -22.02889061074815, 113.38373523429749, -35.91862322355137, 94.77428368983644, 136.7704538051604, 14.97772395853774, -40.11899298214581, -41.31307136418855, -74.9548047298497, -112.94849632947724, 115.37304960898942, 4.238662980843728] : -1.0
[-77.13298670638831, -141.87819560294213, 150.12576759796497, 62.36378640774584, 17.327260465961288, -76.97945105574776, 89.03351470656472, -69.62665582157106, 81.09811914319747, 189.596478767458, -76.72119982968185, 10.770494449476942, -255.4246160394273, -100.07326531082524, -40.54588160438446, 18.401724129010965, -112.2500077330669, -127.93205397700027, -208.5569988533351, -58.31944000021032, -78.59320999229372, 102.5368951601707, -145.91333528519192, 7.55704411737404, 49.47064419325214, -113.46564886847963, -135.73841984276754, -62.56740050076368, -70.96907756780436, -231.27380465808415, -21.446883029046873, -40.96186500945208] : -1.0
[74.70483525601486, 102.82828336338157, 26.32771987401759, -23.035230944956755, 112.65073554434116, 14.362001072899835, 69.73039833857777, 17.999132054257856, 107.88351515268374, 65.52743904257144, -8.372455380576048, 56.83382777648374, 167.33121024039286, 114.99221135762092, -234.31512172842616, -43.90921295777131, 34.81578665260983, -7.281349965491074, 24.128863641397167, -42.39539914052041, -113.92253692530522, -174.95150202796708, -89.6963010228355, 32.3137985899451, -76.9546831000172, 127.22473984725343, -109.47726726549652, 21.591875684470487, -191.5685820849801, -93.42478369539847, 253.43673711272962, 33.14978408287067] : -1.0
[-122.62343351112341, 142.77314911416553, -47.52271568518267, -38.88528168265661, 46.93313359433887, -88.67050845993359, 27.01146597107158, 24.766357537234867, 205.42969030124098, 96.916864439898, 96.93998557030199, 160.10642967542267, 9.139005883125478, -169.15467093402452, 60.30253649961996, -75.31126295369587, 21.36985665233122, -118.67598164357582, 41.20288222807634, -70.40120582528596, 24.982346701089355, -114.24241809357164, -108.97471253666288, -84.62212610096171, 154.9483207324352, -223.33298940885595, -86.07304796833026, -12.084654312845444, -403.28606380782577, -23.991566292663236, 21.679322698879574, -127.33415046770997] : -1.0
[91.57945908249002, 197.74072501551092, -23.872953655935426, -123.70490788366611, 169.64619834540824, -109.10059698728074, 82.2295567053771, -72.0685762021445, -95.69323473254215, -47.946484968566196, 44.29818778170333, 145.11746910052912, 2.672016955440732, -74.35869116128298, 56.35761762062654, 9.210850792226232, -18.791043481068982, 83.8478589616615, 12.994036887952916, -28.023831172773455, 24.900759315458096, -108.9971968446971, 183.93900661976596, 213.99647713118887, -45.37577577913869, 14.950932778076979, 62.10414000636425, -146.66967860591507, -239.13107526274263, -106.02323396712589, 116.48529662645942, -31.87313361342514] : -0.6835690845142711
[-29.764719733124107, -91.48578226694335, -48.97198966160393, -304.9121240760254, -27.038397151988715, -22.50318014329483, -49.860818687471586, -73.39126118892915, -101.21347627095696, 107.0068609652271, 68.83568198420268, 66.87455378997299, 187.99915362009673, 164.43738891896854, -77.24384926091611, 53.22224333262596, 189.68473300837104, 102.21963129424913, -31.28100063541181, -37.21492239835814, 159.40211469951302, 65.66480625775532, -31.82560651287008, 73.01976888602437, 114.65532777681229, -14.97442065224729, 114.07378955624094, 15.305256932498168, -145.12821286149995, -144.51692842382542, 78.45892904680122, -192.6698880787843] : -0.510979479009455
[87.0019417242556, -0.6168261558391519, -36.1822823003415, 136.74646076118523, -35.6906792815691, -11.202128659954504, 31.644333105314264, 75.981676307484, -109.34449585573303, 82.057757718424, 190.06350731524898, 42.510443154208154, -118.23169028698285, -76.12504665167735, -107.14152450639747, -173.25922601509268, -10.617622868585112, -189.91742023566397, 3.3346692279581163, 54.58133377159328, -93.78715539454066, 149.72426048238438, -83.03921092912483, 48.87704602831766, 120.53645865601491, 0.7324506684068695, -121.0510952545734, 2.923203702960272, -48.30660580386102, -27.306544020340368, 19.821714542217862, 85.87968612569215] : -1.0
[6.21176867584289, 118.81668946296867, -73.01922859050964, 94.19200980999001, 41.28349921004039, -126.31809327911812, 33.87039311861008, -125.75930277402465, 75.17468346989651, 194.4553588945455, 68.40530861691119, 96.02858404879623, 1.9583475512935635, -26.98596904232742, -262.0402591109688, -146.21970441851263, -27.25191657422188, 192.0610862650598, 29.92114518123399, 22.402779532161336, -23.396727879706575, -42.332034429375604, -119.34958751874612, 61.524441121151945, 107.97995036483103, 137.862681709746, 12.797152795915068, 169.71661357968895, -89.77087501625994, -4.182068244464432, 96.5896141145762, 22.165345319485212] : -0.7906551361083984
[-126.21966288374466, 54.297014673268706, 1.3901407087393647, -71.53130833169608, -24.383448428875017, 163.1206763247132, -56.39391960914628, -224.05166142030598, 44.296536723972196, 338.6324556445494, 88.98950168593258, 207.10879072794373, -234.6955858212463, -119.60170746551353, 133.87599934518352, 151.42216197387614, -326.28057004101055, -371.0567198207124, -260.8844769950986, -120.74295281732421, 83.57823451738405, 542.3675282667061, 3.1497613973190433, 26.013019112199537, 58.65305117200842, -187.40366890783454, -164.40767028903082, -379.58996185127006, 227.0047628592078, 161.54365815693336, 130.36837916990865, 334.936384543089] : -1.0
[144.2359904381034, 254.78913934265046, 40.17180575546201, 52.595793152385006, -11.900847734425657, 168.22617483805948, 44.545667390485804, -53.752299434225904, -94.467860649361, 45.673710318596264, 67.42453510259269, 141.1553644858798, -74.17888550864475, -123.48868386426003, -30.323359223090932, 169.00553966163415, 9.662443306094042, -44.631976170849676, 55.12481133975618, 248.05679148716612, 126.26258378617796, -31.580736488951345, 117.53923071502015, 93.2130319893217, 68.19077947089473, -51.5163574006935, -7.108730916654405, -30.35314474216787, -295.70730869217186, 36.517212209343754, -46.15625265974149, 110.41756577347243] : -1.0
[69.41892682538261, -175.8519997973733, -182.3267151131443, -100.88595927720553, -15.38974465845579, 11.251116466510638, 43.239207905674355, -70.04433124551063, 34.25075014772398, 258.8925213375628, 83.10682479848099, -159.22729304713755, -159.96706846739949, 166.4299760634375, 188.57591941752588, 106.38782386591812, -111.73891039764499, -126.75404470289527, -98.6268701064046, -11.145661970606966, -115.14360231102259, 126.07904143053744, -32.66587998476835, 130.9394846691636, 39.663111967110225, -73.41596259108897, -209.24811291627907, -389.4803780564246, -155.65254875051315, -220.24957440556557, -55.17008851946476, 133.97753184541708] : -1.0
[66.88109423814234, -71.6986339490153, 234.08852104305603, -197.29715272746546, -28.30942281961817, 294.75865456969524, 206.2162697679725, 25.25217052315102, -10.343846860173741, 127.92726640015326, -153.11653399271717, 81.41338899916624, 92.41334442377466, 236.57520442716105, 11.78498485184386, -20.632231128511858, 19.703146972273398, -29.79715817225169, -114.21204033552766, 216.72512568199048, 124.66962358698986, -114.04032630116157, 62.116561406196546, -422.15080362026396, -132.07238370287442, -46.36183963809472, -252.2107052304491, -119.09947891519246, -108.30587790632939, -20.35872167401753, -195.49341237557056, -88.63761246217086] : -1.0
[-164.14024821930155, -192.94989773091095, 183.05203035419916, -143.22262756213564, -15.833798205815654, 12.337267147840535, 33.26087558389247, 127.47043874489223, -105.72999969078047, -207.24561693660345, 48.203198428779146, 105.04115062061825, 0.6233133104191353, -120.69767110789505, 230.78789574343142, 17.172832495994662, -289.4604009071643, -237.11837390139058, 28.26835384269259, -87.33140677640958, -314.43922474721757, -25.468307476953697, -77.15079987587845, 272.2541049727125, 72.09885044390548, -248.21628413394242, 230.96719597075884, 22.835203822576467, -353.831957058418, -147.66920601660723, -38.70117906142152, 405.1559304649454] : -0.5148989504033868
[-145.37174015017501, -66.3953391885005, 80.34845367581045, 110.80030150497582, -170.88597571112513, -128.27802444667114, 128.6304785873035, 38.04281329330168, 112.60894084825107, 33.23245133557007, 58.98882197928954, -168.75695445893464, 41.840969283252846, -212.60275010512177, 189.5727577301031, -110.89383079927168, 77.82785349782633, -26.726561010428266, -287.1138052266783, -121.32725881467283, -177.330912787566, 178.6873660875204, 126.30041110026727, 21.392986509946198, -68.73510159181541, 152.0358069643512, 73.8533089164741, 52.164054581049264, -214.6553182740868, -170.09919711562688, -26.015704052674618, -7.403755044550003] : -1.0
[-248.70005430430584, -266.8666942205557, 141.46161685382762, -41.99700570647532, -95.74328174208264, 64.94694123491044, 45.88160923001695, -9.550871774746298, 34.00665307587499, 220.67776794035908, -162.57608000488554, 198.20537309149853, -249.15275249724698, -165.99730699808612, 154.1344037367478, -139.6830145070508, -126.04814011879006, 5.905263562872381, -245.2120758613728, -183.98293127773542, 9.669385633139413, 186.8169830668826, -175.2629293377077, -299.21023735846256, -123.73022843650284, -244.8779168187191, -157.44289721246494, 84.81979813282572, 7.470656777603423, -312.8867316913475, -304.3796125552834, 78.58124220465702] : -1.0
[23.615452900532162, -85.46063187238718, -119.2534576755539, -8.670209337071814, 18.173895554396566, 254.46104456820174, 161.97746924971437, 6.664034744820899, -19.118683882904836, 146.54334843210177, 15.026760043899586, 150.59655937330126, -342.4608670520414, 193.42010658718957, -294.78068970514016, 139.48197876513927, -148.4794320055264, -123.26893203247577, -5.941585803198706, 88.09534087849096, 219.1316100794084, 83.48849054207164, -23.141195692963926, 162.15189190393278, -65.25075058834972, 14.710170669411262, -142.54954483283177, 360.5874874069753, -210.1108226234099, -16.76388145616174, -169.0084052829848, 162.44337580505666] : -1.0
[-277.8152143551838, -227.77808182020345, 31.37237534164977, 16.138514457674386, 295.9066363183897, -78.79961240899496, 155.09738366293237, -136.94669063962166, -125.82630336891106, -23.77456897836683, 3.693163826690416, 37.22397224398073, -80.99190591473523, -259.8522843622806, 116.15901404737468, 131.66174435567848, 118.98320220011331, -42.82349072265144, -173.70497383749844, 11.37481462193675, 104.28622903598291, 121.26222337836926, -51.36404574517363, 15.854449399795019, 23.489556492102235, 197.65082979678877, -34.1173076628008, -240.85574378282737, -313.6470330891653, 117.2186838609954, 75.99309306742805, 190.5083923829647] : -1.0
[-51.82165230975198, -22.9862496684355, -118.09064783005928, 23.89878546213355, 73.60032570244292, 199.92383471383226, 248.1189641575179, 151.70827965436462, 80.92255785021165, 240.276469932143, -261.5528903714936, 87.2159670795732, -252.5199166469692, 161.99552167690163, -184.27770660282022, 347.79451516436876, -590.898899985765, 47.23712728375142, -105.20449212686368, 94.7760782472755, -266.40674108381984, 116.22931446072973, 190.90151905560145, 15.360921400051991, 154.75278080149369, 80.10998875418144, 196.6093909061988, -343.3976800900615, -285.79496204346435, -0.3468718065848009, -123.58345474624207, 320.76765512216485] : -1.0
[80.22560457095148, 103.0646213095715, -67.60622996496079, -28.7142131454625, 22.645840326965036, 86.3663698923515, 271.4946678786768, -261.25772441660246, 191.52615836626845, 293.33017369165265, 131.62234546726415, 116.14192169002266, -81.4712865407491, 180.2164231858605, 71.44358032728951, 2.0623670814769994, -90.47554845869605, -119.23204539837722, -399.79820116938834, 262.3216821248994, -208.99871230542237, 276.3990532288112, 5.9422485245722525, 296.9904201565961, -200.7328119287485, 6.157978246757608, -59.23888428217339, -265.7077012733376, -48.21641493359727, -138.03627871115663, -96.15627532041628, 139.02007744960238] : -1.0
[-94.93734109832721, 198.69285896777853, -100.10188470170347, 187.04964037178445, 88.34538877163817, 199.950478724443, 303.6248677200241, 241.80931183175107, -3.1434693328990484, 79.95250008015006, -11.237217840385398, -229.34761087217805, 52.53853600651236, -281.73242382978486, -117.94514108890371, -122.90034962100871, 27.393561558564663, 203.49587211832537, -168.47746887702053, 133.4404359900435, -143.029146414868, 184.07180816471657, 18.721470070865692, 53.54668738531407, 70.92407136408508, 362.18717320795037, -89.633498461708, 212.82056188447768, -244.50110378115957, -48.8973475070743, 121.15857214489358, -235.05307346140964] : -1.0
[-110.70197190153439, 74.34762133634729, 307.6291950608164, 405.39663247053016, 183.72057265961277, 249.81709934737182, -229.0958528705125, 311.1378211505582, -221.0969380913823, -7.373021006009154, -272.0434390832951, -63.96300291303538, -272.4960500125844, 44.419324878100404, -144.68739919290894, 137.02853493845714, 217.05194048444906, 172.7452975825433, -213.20374232193143, 220.92007156927534, -111.87001624079838, 0.8272730467946872, -79.0209938818031, -360.3921774056963, 155.2745586695117, 19.99486358879144, 103.80261377861886, -38.07373998668407, -308.6043797789566, -364.53714530160727, 36.14807722778245, 55.53625475466506] : -1.0
[337.9522275393067, -50.55082082314868, 137.16760169238762, -111.15609371835005, 72.96123222320762, 121.3486788977314, 125.66599004630605, -203.2849036386159, -40.68422589808284, -74.41104827790068, -51.19093000754279, 139.1922625048311, -14.830600967849193, -217.44090334272434, -249.10195726707903, 261.2147387401069, 454.93579468376663, 38.03152901974907, -285.8098393466359, 325.65567519146174, -497.0183756554592, 61.03269287337196, 233.91754564117335, -163.643968139256, -97.83730770937856, 190.01914081886957, -75.37073481820389, 42.61318197190186, 96.11879976474884, -600.1189023846104, 39.46750092790895, 34.66282798859567] : -1.0
[-99.5055558465022, -48.94184406609095, -43.45332655029907, -495.6138874374174, -42.38204928142019, 274.3073634492396, 5.737126453674353, -673.487772829982, -2.9156422586321007, 75.06064901134141, -145.25049132253434, -119.88857888296502, 283.2549918931566, 89.86416692622842, 440.7254985444764, -576.0163978202222, -48.388083208333, 179.37707422954298, 30.529176084577387, 220.5931955708062, -132.34922072131948, 189.08960378218927, -56.17420424130795, 218.0333233709411, 208.40849089753993, -196.11984221220092, -125.09395722251128, -617.4893850064975, -480.97857642484473, -179.92655244508555, -198.48327766138516, 190.9619730178045] : -1.0
[402.7520905299099, 173.29155341553232, 25.110194027972916, -217.56967923769167, -167.81392327373078, 337.2618922197697, -47.293835119364786, 328.842582709592, -27.01637570761121, 204.61267035095398, 57.29873979078284, -31.340533439536827, -128.54647429230147, 189.97683779089326, 588.7607989952354, 261.6115819840579, -97.86759215527235, -143.7996093118614, -732.1650214726633, -154.68403636322324, 5.366047095385525, 246.8604937872284, -56.552816165944535, 147.77201802240754, -42.38726361908333, -395.47001429137924, -260.0795800963221, -220.6620245181116, -347.69760946240905, -412.451333241237, -171.4029897266063, 238.08540322789855] : -1.0
[-109.67711387536242, 92.2003901193949, -91.32731392114546, 76.60375993144794, -37.382808032599, -240.79658670286003, 537.7546443146233, -232.26649499449525, -38.937935726451514, 238.91754627601165, 594.7048394468776, -48.56353961751503, -96.41044589068389, -144.48975158133877, 152.771587732925, 227.92914929155833, -523.4363797688654, -58.56104122387252, 33.466977908739636, 70.91838365282482, 169.75523566073537, 579.3510841458476, -151.562069458921, 185.0724370939094, -117.37129282881857, 89.530155816381, 43.531892916500496, -143.2357607053711, -166.0836914411446, -55.737604080223186, -259.14541774918104, 614.5410244723904] : -1.0
[-63.670710914532336, -155.02850075479273, 90.76768789581052, -443.597787747398, 141.36777628116278, 1.8917244692291604, 40.69260050043475, -121.61066669658368, 154.56626682113347, -387.7937695138935, 361.9123683009688, 184.49161111196136, 289.9358240544348, 46.40185397278187, 220.32985080127742, -22.120484614316595, -185.60485891345553, 185.8476871331187, 115.66062410773992, 94.3885495814872, -100.41583922061687, 12.308626405662778, 186.9169082367998, -19.972010871298917, -64.15627742997958, -318.4611043892452, -55.17808671171386, 476.4962674936859, 28.693630334127015, -47.46032603789358, 290.9030582483265, 317.4515533856483] : -0.6669780124317516
[-329.7219052194827, -205.68408332524095, -103.80924723331393, -222.17648331165452, 247.94934163988023, 51.94129936153628, -148.1628442708854, -163.92015734857992, 77.62265988421174, -45.00195581957098, 279.50017531726957, -190.49304404133213, -37.66190099618949, 170.6362227077245, 228.7096743804824, -65.8282320286063, -126.60374471358563, -515.9042784314613, 460.9148607999824, 391.30483282513455, -169.25282558203273, 155.32645571892658, 485.98727086530005, -205.55712935364335, 77.78701669199526, -70.3686971928724, -262.3946290470364, -577.5599401495194, -19.338223686705472, 309.7930792802352, 156.11870634286356, 423.97102551705154] : -1.0
[-165.76507121893593, -449.21053094507783, 126.46694191930739, 132.2806773399305, 38.1556962947148, 306.73604146562946, -282.90647666373405, -131.32754102341164, -48.01988568844334, -40.82661863041611, -106.97362734705942, 108.8424624032827, 41.90552707711052, -151.9652204707405, 443.6171440766675, -133.7528432893524, 285.7501028366219, 43.69834671307322, -82.16424102828593, 645.3836259297454, -142.90455272327802, -133.41726376498954, -420.67533867876784, 207.22786263870677, 98.17949174575566, 56.879978138251246, -255.6647501375395, -364.1827915197837, 21.852762069174652, 420.2316753950459, 92.12134800120401, -15.074328680298208] : -1.0
[41.594799189228766, 274.9643293614956, 104.08409195428936, -136.1046763307879, 501.73780541187614, 268.1728046391379, 122.45779097544846, -49.43880933904431, -132.99861342594716, -7.115808660874194, 357.90465214262156, -179.17495797486512, 26.223242706229456, 368.39760128418976, 241.91106294662154, 206.50230573875314, 9.105620439542605, -11.014024500495765, 123.62771007089094, 378.8651879821948, 224.26486184992078, 363.7081330520883, 18.20512944381276, 70.30384952183094, -278.9361263941565, 171.7348937298882, 68.93373247396808, -73.93812618954756, -482.52814757615505, -123.65108247578443, 178.07625281207316, 475.8396033894519] : -1.0
[27.65395883300746, -90.8839912623164, 135.82833426634045, -97.74154062330085, -122.06851745742013, 443.30346505555417, -163.42433513086513, -627.4197023627795, -291.27389643427364, -100.29174792328288, 323.75461059635984, -348.1735469542107, -476.9578639126789, -1.8144636999183632, 390.6733664133137, 194.83863201944155, -206.17296366539455, 140.311793965152, -512.0623200739674, -119.3911774594285, -327.0260855435629, 327.45645994626057, 403.0942648576354, -272.6467472409139, 34.071307299590124, -188.6983609286961, -62.0728204887419, 18.499592472102734, -26.537981794536428, -206.56646080891355, -79.71119886806277, 363.0375943791589] : -1.0
[-314.87323436927215, 280.5808181921913, -36.25847641899615, -79.92762741115227, -275.21335546867266, -50.92309211742011, 158.83912612942038, -469.81719775433896, 48.917441154507124, -303.03705441208547, -210.1416033810928, 100.31142754349452, -29.367530079371903, -459.7354057287743, 269.1211119737316, 133.4898245788409, 219.73492340195577, -230.33572539945627, 77.75691750209532, -310.9293979870973, 24.990327928714205, -86.84089691849115, -34.59922448777553, -111.63980099974762, 195.6462787975743, -58.5326066673766, 64.05739997293385, -150.878001016136, 2.960739301083329, 1.5564476226338182, -133.58990298150508, -134.77142811406137] : -0.47040917656638404
[-167.6498633588492, -30.16502544725346, -374.58362829410623, -45.2390660236244, 305.01870773732827, -79.72982732494904, 128.62924052959758, -56.17427523536769, 103.12250005876908, -480.9362473209412, -261.60856670035014, 168.98641749558067, 66.15012733832376, 219.50298265833794, 291.45524804393744, 447.9855451579151, -316.3031230135725, -51.71083977938359, -333.1390432949147, -308.02557966667365, -11.116385993718104, -1.2178756646971465, 3.7553882851016596, 106.11463465633962, -354.43460964294854, 12.93576270156089, -248.59687909046778, 148.91264742260523, -363.7206545983351, -348.1546533318294, 9.921952851629428, 32.07953694853592] : -1.0
[-111.5190962597372, 111.39132596640947, 330.5849317338233, 100.97994157875442, 38.80516335302441, 1.7979982790688922, 255.548235846742, 102.18422430260048, 263.1517458460255, -101.67637205180264, 19.202417303765067, 183.94204626688702, 111.63635219166665, 253.7289024500742, -174.4255311533385, 253.1345833874049, -229.98485118246379, 12.969216419765104, -148.5187203347758, 298.9171648067057, 268.0809693421474, 59.53521118999646, 269.7069507455595, -68.77658285723633, 396.26143247003563, 147.54667493246512, -110.41593581971038, -640.3736462034012, 342.50660773519456, 428.74405795358706, -192.38066034613686, 204.94279837879884] : -1.0
[144.35742645928406, -312.55357640350746, 2.707881527625064, -32.05977318631435, -92.93596134445986, 161.00832589573474, 58.62752618553843, -280.03905606627177, 321.2917619268079, -51.141432999159235, -233.52090665188982, 326.276149540852, -155.2180445582401, -280.62520291013533, 2.5068624426778143, 490.0566214988713, -279.72748458181354, -241.1573574671064, 100.7945893126822, 148.9474299291884, 185.82127752084907, 548.9175292100927, 159.6231830060742, 408.9064924409607, -478.2485016083386, -259.92996344916594, -250.7817695759194, 343.75488179449144, -618.8349265641949, -639.4944772681421, -154.39361350059386, 80.56750198944844] : -1.0
[-487.25120759432275, -66.38200214335467, -23.221535659192195, -13.728576798153213, 284.43204805742505, 316.69099425655185, -321.73813194610204, -178.90753547716872, 14.730881700177225, -67.39182173364682, -68.10833222372227, 165.2581149214929, -159.28224631364554, 284.4787778918386, -174.16530100475808, 3.375865294403866, 567.761381949976, -34.66202378469191, 86.70002269880777, 95.9504869088284, 376.58532501798703, 442.9307681030873, 43.623788149678184, 186.00092069197296, -129.98363385518374, -393.10751366557986, -163.71708609635263, -221.44976933046732, 254.02734134933996, -400.48404324266374, 137.7981951312901, 2.582291990297051] : -1.0
[-210.25552399602608, -385.9486031202812, -19.92477598211939, -313.52060705873964, 58.11292408572241, -240.35002355886158, 81.21403240216375, 74.03270392683007, 31.824610321702238, 341.4590712632635, 250.832802579607, -188.47266398380563, -588.9490591688743, 318.02605779935703, 215.41365919054283, 85.11660199750963, -293.5574207235851, -402.896621737925, -90.81679436258803, 136.27419123246224, -79.33029231373919, 243.11688328276057, -69.56702075040377, -256.8302795061757, 373.0340981190087, 206.75815983258246, -176.78729727554918, 99.26385065116796, -296.59232108637974, 2.59477620049859, -240.56615984816054, 45.481340080455865] : -1.0
[0.3973430555649556, 0.006434304767096138, 0.3892466836059536, 0.39780635763384675, -0.22376769267332364, -0.7487352515185062, 0.229472231238882, 0.07096527193511462, -0.33104335017623127, -0.5866923556930281, -0.4062498516158063, 0.09833630856187617, -0.15719799182968744, 0.781231536756587, -0.5565161421120283, -0.37929560777100624, 0.29891795524792875, -0.9463442645990517, 0.2430978722849942, 0.4900487183658281, 0.7839479752876815, -1.0713066001128777, -0.08653359877673543, -0.4352179120573917, -0.3052159818558796, 0.058608574577844186, -0.819554937313828, 0.6148168367517644, -0.6628693296989643, 0.7092896461574333, 0.13939419637508327, 0.17716468453648346] : -1.0
[0.4549278853434402, 0.4424534277398266, 0.36605598668902056, 0.30350762260340114, -0.3135890059314277, -0.7682444092827014, 0.06384812083566067, 0.012022115412020598, -0.25872085291528657, -0.7965711390286518, -0.2714993690579419, 0.45439868703594266, 0.2626268597708137, 0.8358940267749839, -0.2531024537693014, -0.20223131981633286, 0.21219427121341722, -0.9750184184337828, 0.3888153265117461, 0.6705163190402054, 0.9404120416606905, -0.7082906948348724, -0.1714336765698153, -0.1598306544233786, -0.5390005691034272, 0.33408844454726394, -1.0501086592051578, 0.650032031767288, -0.5861685312031268, 0.6370188416926978, -0.36263157788525596, 0.37255471169897986] : -1.0
[0.3323968276040772, 0.22550813399161546, 0.08881362503759954, -0.06726542865335819, 0.3969439804703658, -1.0712572365012143, 0.30224138853331006, -0.012268173051815656, 0.2398257364687001, -0.46004165898554644, -0.4308519131088424, 0.2812741670035446, -0.2780600182004746, 0.8639187049908426, -0.7631015322671579, -0.43926502997269673, 0.6548419095750092, -0.7532031218764905, 0.1684709141786921, 0.5373881144959727, 0.7654035121523006, -0.6832023902351465, -0.31462496026797904, -0.4942184785588827, -0.5874698356425612, 0.48318071006953234, -1.0304953353189106, 0.6587827156636997, -0.5097882596065578, 0.3585897244520919, -0.4650740608130225, 0.3516044454841407] : -1.0
[0.3729703667865956, 0.07466119862231299, 0.3369128894130378, 0.18895970384507985, 3.6333008740892236E-4, -0.6341947358434599, 0.06674223673266881, -0.09820106027146691, -0.019734435966883318, -0.5722974116387202, -0.4764832397511686, 0.2688767287467305, -0.17655441263870347, 1.0794968420405073, -0.46355607181588054, -0.22440293520342236, 0.7499643917286365, -0.955993342479273, -0.23685893342294095, 0.36498707479141146, 1.1260785499821562, -0.9305737760372499, -0.15698612779291668, -0.39409864978630554, -0.06944787361452431, 0.4740808434914653, -1.0545463310581866, 0.8802847122480252, -0.542823697544578, 0.9666360958594895, -0.06562180889814995, 0.3196052814609507] : -1.0
[0.15176666968568014, -0.04333594293934076, 0.6309485929406253, 0.2930834049734611, -0.13163076183095795, -0.9307694895109224, 0.326536451024482, 0.27276594010422206, -0.30131990394966174, -0.3751220082510155, -0.6828947637130947, 0.08366200631544116, 0.15414906687472396, 0.82207065877689, -0.6253202682297508, -0.24528884427163095, 0.4054587315733455, -0.6533666267622237, 0.29812355043417194, 0.6850131475880554, 1.017460785929032, -0.9910117875944925, -0.3545416494583805, -0.08546252875074473, -0.41822822888266586, 0.18315619221792087, -0.997530088758879, 0.24920921139599855, -0.48767267692956245, 0.7455738988587016, -0.41342500633450324, 0.20045478663044225] : -1.0
[0.023114187858774393, 0.2911140480785947, 0.5594308239069099, 0.24095785068952233, -0.20575370716965563, -0.9090264415406814, 0.3934918378224221, 0.16333605147215413, 0.16156617829064573, -0.5401719093087741, -0.56954029423997, 0.8218662151774659, -0.25123417516204316, 1.0029332298063338, -0.6730815344606809, -0.13406027038994103, 0.8263324518806554, -0.8448994722171731, 0.06400065568220287, 0.48200992671248866, 0.7126579656752845, -1.3827447144095348, -0.1277000451821449, -0.06657310653302084, -0.15818824991568092, 0.16633459475633322, -0.59992763621489, 0.7710333430974556, -0.43315221471372634, 0.5500144916444869, 0.010104398100131834, 0.05899459507579276] : -1.0
[0.2727862147508144, 0.15621620230545713, 0.637517150964469, -0.13967720688499002, 0.03143479133633456, -0.8238633968423844, 0.16543461427143952, 0.13785214405578894, -0.15412655243792434, -0.7776512694777972, -0.5878393632577407, 0.5198043689999401, -0.04713104107363351, 0.9203891699721172, -0.5884670505440563, -0.4105803819100639, 0.8610273374465022, -1.1629714480935918, 0.18339568613429455, 0.39012145547285176, 0.8540950966913704, -0.8298110379373647, -0.10752105383013029, -0.20057103675672813, -0.4684368982635896, 0.2645848520541271, -0.6398140463340386, 0.6659246868367293, -0.5357750722099841, 0.38252957465859283, -0.4012588980608758, 0.33555497308288007] : -1.0
[0.35077703956960155, 0.3191171593816132, 0.296831093168739, 0.13040308658466487, -0.16341744461812663, -0.6731964762095447, 0.015085159390996139, 0.07794307329983766, 0.10216384919193591, -0.7569295537518925, -0.19386004154623127, 0.1910366719290007, -0.06680240342893966, 1.1453784451364888, -0.5356133007371036, -0.08420296891769544, 0.5917936339700679, -1.0104738531292983, 0.13849911863656866, 0.7136052404938333, 0.7761765015663138, -0.9420535558817844, -0.31928896759966474, 0.08121593841462826, -0.3643057258822735, 0.31778685697076414, -0.6270516568103732, 0.4694587393950205, -0.7419221067228987, 0.46983244350552517, -0.17641075362802813, 0.08158425865474778] : -1.0
[0.1656753235342434, 0.2579593206079457, 0.22824035945746943, 0.37094807741252145, -0.02323558158766373, -0.6465118183467709, 0.2602010035798588, 0.05487187135259227, 0.0011916776601690188, -0.6018001310670911, -0.6114150718415895, 0.6247346857035905, 0.051508179328260545, 1.0316468988958434, -0.5784860890189473, -0.6511439043865215, 0.5321640303933659, -0.8941512815500914, 0.5647403973668186, 0.5650230176544252, 0.9972783726878875, -0.9730831310338702, -0.25289532260661496, -0.2971660322823803, -0.45371241277435265, 0.20321515025372672, -0.8730410034191134, 0.7177547520468055, -0.9490550172126064, 0.43519332978896846, 0.07287154952538061, 0.36997087368335757] : -1.0
[0.26655388184074785, -0.03704607038220298, 0.26346776705581737, 0.46219400865171284, -0.03560062658876502, -0.8932083227606888, 0.23721106656982788, 0.17731926188868635, 0.052478816648351925, -0.6717029119969511, -0.7988691295453345, 0.44295916770142196, -0.19831013941949366, 0.6309483741880701, -0.8295805755164025, -0.08528729941849536, 0.8429658878711981, -1.1037203446640724, 0.32177564519207597, 0.46629291539081036, 0.8817395225435007, -0.9205793824472932, -0.11002872340219355, -0.3508942870113909, -0.19433186998354404, 0.4567063621446518, -0.6845403676059636, 0.9060518537044879, -0.4866724966449641, 0.5883893546802703, -0.20489808090895142, -0.021161486365527754] : -1.0
[0.35682206112517645, 0.3004774365101176, 0.1808082856083361, 0.22697170678425488, -0.1492419598273238, -0.6183227596151636, -0.08248828601096003, 0.34585218753798086, -0.19783327745940735, -0.6547523370990741, -0.5691921716561089, 0.5254538881412308, -0.0257837437588945, 0.8709180190630731, -0.5687576756903189, -0.5623512976426247, 0.8148323168307388, -1.348344283932032, 0.5155986780443217, 0.5432522801900199, 0.9248701668446224, -0.958884754364404, -0.21714957823265987, -0.4565687311690108, -0.49935022136791185, 0.47582451988934205, -0.7618237774602302, 0.6325626432136511, -1.0570274313199262, 0.5185676193438479, -0.334326218433992, 0.17654515099691143] : -1.0
[0.3421002509099618, -0.1436272115120557, 0.4700244928420826, 0.22401483644982972, -0.08835079539144433, -0.5989635726976836, 0.35865394330575395, 0.2461117885945691, 0.2614702534022196, -0.5291975089680547, -0.35836738831083476, -0.05284465119721693, -0.03338974724552221, 1.3826903926678449, -0.35908178768969334, 0.04181659655221287, 0.9488148996746457, -1.1111520605971816, 0.3664742431044362, 0.6449134768848012, 0.8230024651762308, -0.9218084324862947, 3.2163536155244143E-4, -0.6683977809318711, -0.45471380120708205, 0.32757147438550366, -0.7538716255554602, 0.7509855902828236, -0.945620790964409, 0.5949202018790715, -0.2975296680171314, 0.3101676035111111] : -1.0
[0.36541793691447855, -0.02821103931862845, 0.17662425808260987, 0.5242211808962556, -0.22389766879887496, -0.5524112231184244, 0.28414458355803207, 0.014729537749560838, -0.22060022184197697, -0.3339307395725221, -0.533362338351334, -0.013339674754776432, -0.04183600517648875, 0.9735243635116675, -0.39938398294281363, -0.09633663291262082, 0.5472076030576769, -1.016289366846293, 0.4277174926697267, 0.9184203940318175, 0.5452067814971846, -0.9487174508803261, -0.15543238532061782, -0.3228691779007845, -0.25554416023423754, 0.3025557533757307, -0.8718430822841032, 0.56288637752783, -0.5294963731371282, 0.8237972652166403, 0.06852639600119359, 0.01831614330407455] : -1.0
[0.2525756880500104, -0.21786213835157664, 0.20112791283372075, 0.18535199593528007, 0.20825946159743208, -0.5303663869241498, 0.039964493368450885, -0.08319641918117568, -0.25549137435710245, -0.9433974278999826, -0.6656989062324996, 0.015528887479382802, -0.06308715697482539, 0.9499613097680106, -0.6500163517753598, -0.27204060521859147, 0.6591653716264635, -0.978238125985897, 0.05797985491049401, 0.6199186591339683, 0.7736839923300725, -0.7727853076268716, 0.27781136765887, -0.4094640397738741, -0.4555551392451259, 0.22458265425762336, -1.1142792990197017, 0.7783821513720852, -0.6062211232342465, 0.38147941619297804, -0.21675061558248515, 0.4807690103356631] : -1.0
[0.15888341071881737, 0.061936813134382346, 0.30621578319365633, 0.37660738225573964, -0.042834706733200556, -0.9412476950725412, 0.43649675658731724, -0.17680793204697265, -0.13500938529249626, -1.0403534066701476, -0.7876826614470591, 0.2445273543982209, -0.08915050053177558, 1.1191517445493346, -0.5650380889109741, -0.18256128216367223, 0.29372580006369337, -1.0003617254935313, 0.6584400012381124, 0.6668978372873242, 0.6568339722775491, -1.2138958690998383, -0.34882891282132195, -0.3495338194515314, -0.05665996589425448, 0.9176312626585661, -1.1153424368229485, 0.4285196263169072, -0.8068357168299118, 0.8299931199016298, 0.0558949307290168, 0.23548209400907505] : -1.0
[0.6973778918397523, 0.6117640191031228, 0.4081310906566446, -0.18819876880278577, 0.029740503824679368, -0.852128424830564, 0.38855877355326857, -0.06484312571478029, 0.04488484920844926, -0.659207889506116, -0.7593282539281714, 0.8200969813111726, -0.15087575558430286, 0.9486915896110268, -1.0044019622345757, 6.650179174442217E-4, 0.21361221392253713, -1.093777380089586, 0.43619651783479735, 0.681173660474444, 0.6198888828974974, -0.7828123730963761, 0.18570320519858668, -0.676742800936126, -0.22801314712166593, 0.2543812961594973, -0.4845442608623712, 0.6036875794842742, -0.5582931208079133, 0.6603182760825898, -0.08300161293824487, -0.1071040907921108] : -1.0
[0.41252952249292235, 0.005987434530429214, 0.04389383215814452, 0.5217818471603115, -0.2881939082125257, -0.6627632315501262, 0.010859135467313263, -0.07287603691867212, -0.09671060705228315, -0.9148059689433565, -0.49828395091632627, 0.4746346141431763, -0.0815769251564316, 0.6158605709317473, -0.8496590072907149, -0.24506243581745207, 0.14863612374155294, -0.954452630385752, 0.01849520644330091, 0.6683625829484523, 0.8841461635383121, -0.7435646689332959, -0.6066509929273564, -0.8310651627509087, -0.4100398039008704, -0.07891640261624866, -0.9214358703191142, 0.6018676196562699, -0.584835480415202, 0.6589285879921503, -0.5373905092358617, 0.02194165902427117] : -1.0
[0.2513884580097947, 0.2846596530969937, 0.3058796619370095, 0.21068229195855032, -0.234015928821749, -0.7566048668308583, -0.35937819845671976, 0.07581096121787834, -0.1627138117974991, -0.5262636471188474, -0.2582331401991148, 0.5446341240219185, 0.3955019073916372, 0.8521919719409886, -0.689313602768062, 0.16243910703232373, 0.15555621913383133, -1.1492664232016776, 0.10933480963742395, 0.0718297619313672, 1.0032336895837957, -0.8329451152791661, -0.4776597937791606, -0.4992054492002359, -0.30440345574706484, 0.37661200948705664, -1.073288737785855, 0.5267176071648425, -0.5388756621228394, 1.028353446613636, 0.026358569052230385, 0.48506639320576017] : -1.0
[0.20098345318097802, 0.08281888992392332, 0.33579795806163554, 0.08391067867211813, -0.04197796115811084, -0.906298318266614, 0.3807041169735047, 0.1975296544796368, -0.0012080811370919486, -0.8202191161051083, -0.9779530245292951, 0.27994921235810266, 0.11642295193288782, 0.8168975198510253, -0.8380352613191873, -0.21401341127124784, 0.40200860939131033, -0.897030175845079, 0.06277901248269374, 0.48558934119397773, 1.089290018457095, -0.8526392715652552, -0.2564150677617019, -0.32752665766363454, -0.1738389873464573, 0.6058713315016779, -1.2813294086128821, 0.3249400270817674, -0.8984424775977471, 0.835475702907404, -0.09098917934538463, 0.3892038138240673] : -1.0
[0.5120314185991202, -0.20533623210361912, 0.05493314054201848, 0.23280068751221877, -0.2035090932926549, -1.1622504334285049, 0.37459560953207804, 0.14107865769993513, -0.37841227706037983, -0.38968819586449466, -0.10326399753047227, 0.1625871352353695, -0.40157176294451197, 0.6012923290573178, -0.45201961558351444, -0.14734055414369945, 0.4806687064285698, -0.7208341726223917, -0.1725256708423404, 0.5035537121456244, 0.8936569402737679, -1.2138933953632185, -0.06915729319016498, -0.30644607607871377, -0.4737059473825705, 0.20445557937671865, -1.020818463686976, 0.19968275435377253, -0.5768528421492791, 0.7892278330472495, -0.8233811914364023, -0.040522591707214395] : -1.0
[0.6890364736828314, 0.573604387920155, 0.2626421857247362, 0.6157361362324887, -0.8729862049489087, -0.8526330938362918, 0.5009213652486253, -0.18096240706331906, -0.12517780234880532, -0.6571686123303597, 0.40844773241396154, 0.5052416245665617, -0.2878614925551221, 0.9478816157677675, -0.26919533606060786, -0.376873630352749, 0.3285560861655575, -0.6619998818286639, 0.1825892647331408, 0.46077097313144155, 0.7242640017496492, -0.9696399110509232, 0.07903380706753504, -0.5155126719336222, -0.25428303619371784, 0.20609003277948773, -1.421889341504753, 0.7200340642748025, -0.9235532759814193, 0.9385176569691182, -0.39678556705216916, 0.24558178883617493] : -1.0
[0.21766106894644927, 0.3734282338981599, 0.7433746181008715, 0.389291563988286, -0.27914067213721594, -1.2076696713451045, 0.33721346553404674, 0.32404453529608956, -0.19137238349606314, -0.645170460648923, -0.21302409720605542, 0.41824731372117163, -0.27241344479789303, 0.37649335127847167, -0.13996758270334037, -0.0049960219747969825, 0.3254920693341668, -1.0829093753285308, 0.3983885526204409, 0.35163771387509524, 1.0190736807834488, -0.5942940459380328, 0.09626890048486408, -0.42887251899945095, -0.5994310883646561, 0.1565582555713475, -0.9175222567701556, 0.4636599115108174, -0.8838332376153821, 0.608161360459958, 0.03172842874015305, 0.34936678832859785] : -1.0
[0.4945395743712202, 0.35455947100512497, 0.48884778576280946, 0.42421349024239036, -0.0659098977756486, -0.6060253819680851, 0.5508854450204326, 0.2800352568616738, -0.4132615283436456, -0.636085922810513, -0.32328155956984184, 0.5923762656902696, 0.14103813548234015, 1.0712970197141476, -0.22906280871229484, -0.7198869116107853, -0.04491564756355804, -0.7163536856658028, 0.5599409445454726, 0.4460465934780356, 0.7620222472428209, -1.079739257996801, -0.20553627770036187, -0.10973547428293529, -0.10288945953137635, -0.013046184315355147, -1.03148841244727, 0.8148873207103453, -0.37958206354836777, 0.6931893939099774, 0.026846501355952263, 0.3375392406960104] : -1.0
[0.7015385024628953, 0.27961437561006264, 0.35135353258441326, 0.4485410735421642, -0.016140242160118487, -1.01386518892456, 0.09916802659304942, 0.12454648781217414, -0.14915451464035984, -0.7454452264467275, -0.394184405205222, 0.7991570216547003, 0.3201708089157474, 1.1622767581398004, -0.8348147042275511, -0.3238278746089887, 0.6872647127780351, -0.9790164592401482, 0.06417500220411437, 0.6157292850844238, 0.8075646890861934, -1.1001678262522032, -0.3831167545904424, -0.6900397268151843, -0.3993115300825013, 0.8623431910598098, -0.540414024599211, 0.5964117831630581, -0.11820813044075074, 0.7417587871106271, 0.3583196738214479, 0.3106861221955851] : -1.0
[0.12178561160325063, -0.19048837077941622, 0.5210676464580493, 0.5216626076760995, -0.34206898295760585, -0.5861294053914254, 0.4720989727877197, 0.08309392122908088, -0.3725351286060002, -0.29486157549633013, -0.3815752620963919, 0.8266512153229778, -0.0958082687625457, 0.4838915502694388, -0.5958270589636382, -0.38536340014278336, 0.22677967563083548, -1.2919483876741988, 0.2714158722114819, 0.20369382219115817, 0.4958448864258743, -0.7833465004393759, 0.32501337073128883, 0.23269702604773995, -0.5230117814552748, 0.21539240839486273, -1.137838138175577, 0.7564251588738365, -0.7236908610270322, 0.8052037691829526, -0.3836629664822715, 0.26544064239124315] : -1.0
[0.3467417781197077, 0.20027099683568125, 0.380549429279875, 0.13031833059137093, 0.48158363297430135, -0.44705788209421093, 0.19171237886341455, -0.055301157174421, 0.22164008226015966, -0.473307924123724, -0.44197114829841766, 0.16485783186766867, -0.1913697889767877, 0.4365151028367353, -0.4636786926791483, -0.5314004986910302, 0.33266914494005706, -0.8144171405090149, 0.06887161120946397, 0.5093878992245121, 0.5530572584406686, -0.8341318438609736, -0.046004486674469075, -0.1879592779836851, -0.6927896387276544, 0.13467732758459877, -1.271172513360201, 0.7992000962029392, -0.13282033288471434, 0.6636401791758957, -0.3324358665451401, 0.3247646352502705] : -1.0
[0.6096971158402194, 0.30065842343556193, 0.24039424440537632, 0.10948268213230039, 0.05127291885091963, -0.6688064521719735, -0.05098783397646142, -0.05588377253552678, 0.05599941888855664, -0.6013128105329449, -0.15026305819101887, 0.23446471397058363, -0.25156776671473763, 0.9878821097248376, -0.4889718156678922, 0.24481832375737728, 0.18116511982039607, -0.9148908602088199, 0.25660702330011265, 0.5504759811259865, 0.9122441993872425, -0.6316650884910795, -0.5482541955353283, -0.4640102175203007, -0.625246114264433, -0.10271894354762551, -1.0703090288190322, 0.5870074948478947, -0.4216931515225671, 0.6818528149640025, -0.2769962409471671, 0.3344499206587934] : -1.0
[0.3892714709648694, 0.5928171802873899, 0.14740090012979934, 0.28911584859755063, -0.09386937440499227, -0.5770321896526758, 0.0984534779738952, 0.32696130407974855, 0.075654011129237, -0.6911765014785506, -0.19008074088013877, 0.6414076502479729, -0.21989142314488602, 1.1368581416784656, -0.6996029129586033, -0.5791300675289314, 0.3624452415556192, -1.0302924664932824, 0.24270634783479694, -0.18619978589216035, 1.167018186948377, -0.743718742308622, -0.45533416179067576, -0.3656540263319046, -0.39953249215257136, 0.4707349988236064, -0.8739754630127518, 0.7269889738774135, -0.09527691745214045, 0.9575862092292695, -0.024144552956396143, 0.40030655971080886] : -1.0
[0.5250715024190489, 0.07134923867752829, 0.4415771194251735, 0.1580539074877638, -0.03466828820592188, -1.2436782433867228, -0.3286937292651047, 0.09286585576580764, -0.0125074213515875, -0.7490425085540734, -0.19208931539409307, 1.187838785468824, -0.3193281992693364, 0.8754598460225327, -0.9549261381027347, 0.24966260445080904, 0.28629739325486453, -0.5684067084502895, 0.5984930024437967, 0.20432995775165907, 0.7843429894296583, -0.4604166040905092, -0.05729261309490913, -1.0823328791131965, 0.14889479857330468, 0.24151976527708846, -1.0064672771352514, 0.7233966111171799, -0.6811111362517444, 0.9634839784694699, 0.3208787696104468, 0.5103781330358069] : -1.0
[0.3383398267482975, 0.04773675743512176, 0.6185056933669109, 0.03740790667353258, -0.0748525024558776, -0.899767712286456, -0.276757403897205, -0.8028803968673316, 0.26990979284133515, -1.2926284439128, -0.9284217627038314, 1.0113538914658344, 0.7706338266954073, 0.6794427127502841, -1.0482928694024873, -0.04730390443293622, 0.4081811456371168, -1.3335969093467368, 0.5373817571702838, 0.34576768285363946, 0.6656583976332321, -0.8385758163133291, -0.10447068133069853, -1.0198311823087605, -0.4255972957719564, 0.9114965402266137, -1.0296782413187207, 0.44782602880513245, -0.2914149546794714, 0.9506385015100901, 0.00221762849958948, 0.2126190381616493] : -1.0
[-0.051245780824024034, 0.07758444207073165, 0.3988555280390409, 0.4971043843991796, -0.15113294296580926, -0.7023448704812885, 0.04995497788124781, -0.13177924797985263, 0.6438661776805796, -1.168553281499915, -0.8426424982290424, 0.9368282740911849, 0.2434999337924697, 0.5557775875368574, -1.204371018086415, 0.3221733623157478, 0.37428931482028127, -0.856009827022447, 0.45587513934018287, 1.2881761953834576, 0.23998984175908677, -1.0961931744996496, 0.341318293304988, -1.2338423111419252, -0.6125054481402892, -0.0795451670323854, -1.0598160165691477, -0.043515984782197314, -0.46661408383710623, 0.885596186980358, -0.0247136680870627, 0.126085112771245] : -1.0
[0.30238748223369283, 0.9417856494866157, -0.1297581293883433, -0.14977162446761727, -0.4782489942205197, -0.8195344955284893, 0.10943841529631004, -0.07471749773326092, -0.024363247250174858, -0.3711017075079684, -0.8890019804936176, 0.2984670562410645, 0.23177936642879488, 1.1869588912044176, -0.8766275429991118, -0.8672823206183697, -0.0728994207105777, -1.0400696801657152, 0.4931115703855041, 0.8830503010735238, 0.695219322737409, -0.810972962830161, 0.2694799695808503, -1.1209038074387825, 0.12228275916230869, 0.535964690401518, -0.9919022844891225, 0.748330108871797, -0.8279945177299927, 0.4859030978968543, -0.15378711323766014, 0.37511687324568654] : -1.0
[0.5407473291602719, 0.28027814151283614, -0.5797949966556375, -0.45237403136107995, 0.167019930563712, -0.5882441944038822, 0.2548361540628399, -0.11804125584552508, 0.04261109436128095, -0.40813866922895153, -0.9621233284086654, 0.8444280811240573, -0.3634413395990405, 1.3261700710823285, -0.38665717591248483, 0.0363582261858974, 0.009608526834663955, -0.889950281079989, 0.22995798333285267, 0.4102587266675365, 0.3584140542891372, -1.2607524691979666, 0.218095915123244, 0.24158169284089737, -0.11370599621268052, 0.7292951551484674, -0.14636998682853286, 0.5742492620507997, -0.28221147627604654, 0.6347563952476645, -0.1882293655900975, -0.5645293698571672] : -1.0
[0.9616906861952337, 0.5205384418832473, 0.627002142480968, 0.055004182317452466, -0.3949651554549005, -0.5438898773309844, -0.2272890920466643, 0.3368368565212672, 0.12808020304851436, -0.6010518778891387, -1.3132215207890119, 0.8457146708507424, 0.3828381603727706, 0.4765026116050297, -0.7715084755744779, -0.2801790486642609, 0.3740593818837258, -0.8290899044037086, -0.2021745469527938, 0.6945129482973138, 0.7325587792157939, -0.9984151797213758, -0.645031635448328, -0.6942157013143192, -0.193495656382187, 0.587532936803789, -1.2278985532667042, 0.865230235979928, -0.889574150192579, 0.7795732749732179, -0.6686169848122342, 0.7090293684481116] : -1.0
[-0.1023342520402043, 0.1650204396643538, 0.3249465584374011, 0.2880978974758557, -0.3935059721480086, -0.859455598367382, 0.28223919486462096, -0.1292674131750665, -0.4207223457187692, -0.6505696200024559, -0.597938431675432, 0.22744341502694976, 0.10730238198446186, 0.5482783296472988, -1.1892953871026404, 0.6790598788682148, 0.7035309754207049, -1.228958125313372, 0.5673444152805734, 0.15527691192894477, 0.8975126395196469, -1.0170496432497214, -0.37127742410732684, -0.3457508337376545, -0.3266135083901051, 0.9108849029630599, -1.382260062162993, 0.6712105207638449, -0.4893505684937014, 0.5639717261667487, -0.3039916948368282, -0.25994736866097845] : -1.0
[0.10242400210851904, -0.18627235961497512, -0.3636673356474697, -0.15018315770596075, -0.22457086997604458, -1.1119774664161641, -0.09860359009735653, 0.06386078867885679, -0.2758871689528822, -0.40927609510400187, -1.438841666329877, 0.32731050003338313, 0.04386056196581117, 1.4565649069028657, -0.6046902355045496, -0.380136943930113, 0.7871554432056111, -1.2375431960523924, 0.3756629960867239, 0.5513153158947349, 1.2393545698552866, -1.477189331022855, -0.6330557699959204, 0.007342440848458698, -0.48571068181037585, 0.313658478970801, -0.9048401633125214, 0.7079276288474509, -0.6597225863653443, 1.020367304641748, -0.5841914813933624, 0.21718183682335523] : -1.0
[0.7211354220140274, 0.004110995967913228, 0.41338764171956294, 0.12757408974683393, -0.005021212535842742, -1.0865045469300596, 0.4882116858829758, -0.07978789616590555, -0.17864307153938053, -1.1106520864456808, -0.583901335696106, 0.2912474745069547, -0.19101299895021406, 1.0616254350675463, -0.952207912796277, 0.37114472887349104, 0.2458139658880768, -1.251816608260768, 0.1703852651184335, 0.6062509878160697, 1.1659721839393287, -0.9374182662631971, -0.17127437115909191, -0.3070969751779496, -0.8506813998611302, 0.6270319815216836, -1.0722435282078229, 0.30517834889496454, -0.6512626322217938, 0.8402154572518359, -0.3431848969662644, 0.5995179388148695] : -1.0
[0.04527625730836132, 1.203534226915907, 0.24336064789715567, 0.7512961239890374, -0.24941461258551065, -0.823870304545691, 0.19306078254318965, 0.25414610141855126, 0.20473781341729602, -0.9487376615773642, -0.8431637112617391, 0.6770317224710825, -0.04992032035309284, 1.0713448758283477, -0.3331743304134127, -0.5258482587396469, 0.3189866108224379, -1.4563976155853584, 0.09388722357604656, 0.05146685945981011, 0.43042252919517576, -0.7290467928673017, -0.16119003320178432, -0.3181067662505412, 0.34052827159396554, -0.034174179393942794, -1.0654506550721656, 0.016560890430984743, -1.0272803711786302, 0.7932415335866411, -0.3922137660629241, 0.020163447371045945] : -1.0
[0.44142744450809157, 0.7767938973998234, 0.03700759335361839, 0.19379783818676405, 0.7074509668600635, -0.378669917832049, 0.6816085655173364, 0.03814757561359218, -0.06541738828688531, -0.7399715288375737, -0.2512379043173198, 0.7004773897758114, -0.19358405357533887, 0.5551723989961439, -0.751412347682124, 0.3130475106359134, -0.058758465879445054, -1.34651824146002, 0.7525796955095923, 0.8618877090990683, 1.3040405178299141, -0.7747598151189732, -0.36378284332010397, -0.7148710074079163, 0.1205328216051959, 0.8602222755745909, -0.5949634817304579, 0.8679605379248101, -0.49582320965128435, 0.8099838810851447, 0.49659551083405606, 0.39976754604832987] : -1.0
[0.47255405168675024, -0.05095789430956266, 1.0987637316323715, 0.334644958207544, -0.045767954517384996, -0.3453367459615321, 0.21231705012833563, -0.36797837683495105, -0.18966672139870344, -1.3975335331427292, -0.528609894287984, 0.5622184311985553, -0.07295450033314956, 1.5896896084849605, -0.7944962593733826, -0.3670654996772542, 0.43392932534831474, -1.2037993761682817, 0.3595821737135147, 0.930995533607146, 1.1731164271356618, -0.7049978140654819, -0.6236619105396484, -0.7237793709152847, -0.43045389857268634, 0.8086239563542907, -1.1625323036667061, 0.5212957982152908, -0.728594388038792, 0.7202209458247335, -0.06682747900431349, -0.05008693135807346] : -1.0
[0.8118040722373023, -0.14332386141343034, 0.35797493116812446, -0.05955571580652341, -0.2712104468071355, -1.2340583179184441, -0.10000322932059746, -0.04413844794539922, 0.050856433527487574, -1.3138518011499223, -0.8127984771122954, -0.029802540453419124, 0.3465174663253693, 0.5964320842247335, -0.8338038436457353, -0.3345550416159252, 0.48036755106182927, -1.1037928473650047, 0.25660652518083943, 0.4016069417101167, 0.7048383082367651, -0.7995041160943654, -0.48810602328631725, -0.8194288076824194, -0.28161848447941434, 0.7256265961750846, -1.0013798142206245, 0.5710704060095844, -1.289331740174426, 0.4434188808729492, -0.3049902732714781, 0.04535645687148489] : -1.0
[0.31922325704640575, -0.11004133655828685, 0.7619843563366656, 0.513755590363348, 0.22628261852783638, -0.6299208293854802, -0.25991289430646264, 0.7268025095150177, -0.18629696277741137, -1.190173845022991, -0.3103354924832036, 0.6011408577275542, -0.13019436028595033, 1.0406265163389872, -0.6402187609797589, -0.31521664858734877, 0.2940170979484112, -1.6138549271016216, 0.10754418168193441, 0.9754449774166893, 0.8992205551282733, -1.1330382241246433, -0.11007856929119547, -1.0364801450092906, 0.23080102330208146, 0.4987181789446641, -0.9358789192931206, 0.057170900628238264, -0.655231248820637, 1.3089622167720392, 0.017644782195163772, 0.5105873119122162] : -1.0
[-0.32269599010894384, 0.7831052415579908, -0.14515069641534994, -0.057188618121600254, 0.6438990022411099, -0.5170801508944101, 0.26784885960540356, -0.06351087786451536, 0.2942140343585288, -0.49751261033118327, -0.9122487174643581, 1.6124863139655874, 0.5959977282464327, 0.4231707282101643, -0.829028222569144, -0.7595712601444944, 0.5914682577149977, -0.1416878240895838, 0.5163905140710414, 0.755584698980498, 0.5706994398034568, -1.1933378222881772, -0.31820386377545234, -0.8238013496918457, 0.019809964172369687, 0.12524111859571935, -0.5837086349379101, 0.7983307604008862, 0.5378156547545178, 0.027995070169136715, 0.46502147580049596, -0.29817130210311066] : -0.4593884728171609
[0.9423940327993849, -0.16962517338480682, 0.5503113299511507, -0.7983373643224931, -1.2260286139096432, -1.207845165020443, -0.31975027300643344, -0.001071013777010299, 0.916962045635015, -0.7731614274337133, -0.748040120769428, 0.5654186001976822, -0.284815994776782, 1.6289704604984212, 0.033963210441881775, 0.8985733235596695, 0.27489850949394634, -0.06170272128988319, -0.13571409402930412, -0.2558649986986923, 0.09877579976509088, -0.5299444385604923, 0.42432923033739434, -0.5360033119664046, -0.861011494919463, 0.4730419103303961, -0.9878930357867496, 0.6506148541370999, -0.17255396619430935, 1.41196367675178, 1.1114360758422546, 0.8895120174542575] : -1.0
[0.7404609086642326, 0.7957296031683485, 0.4534604759673757, 0.4903846687490111, -0.9008097857112726, -1.7048336221285454, 0.0015065088140066019, 0.2125892738025742, 0.5370799157543453, 0.18805272070484302, -0.3649910680893527, 1.4882789304736135, -0.5002207498626128, 0.9006221193895955, -0.5892931988656551, 0.141877964633338, 1.0480954295885991, -1.1592457469809907, 1.2335184891217525, -0.2974681835395043, 0.823664418638508, -1.0953787959840078, -0.15237248407158244, -0.7971360222330289, 0.11398094703746006, -0.5608993083728375, -0.9198954375028088, 0.45555481933985453, -0.34462157248934167, 0.9640078792230088, 0.018684329653041034, -0.5357318844798122] : -1.0
[-0.05699951992750857, 0.5802983225081642, 0.0033200135795954377, 0.18829033963558223, -0.2421624212921998, -1.58226320393366, -1.644814555856569, 0.1506994218958747, -0.2220615597609571, 0.708181594203781, -0.23422400980266955, 0.8729648999690555, -0.5463399344091988, 0.6024793914667197, -0.2646901024811814, 0.4552865247664664, 1.155398677453033, -0.6027547742681922, 0.8995539573344653, 0.6239097548099105, 0.9236911545768708, -0.6252787071887416, -0.49204182642439337, -1.5828432468376046, -1.0457413494509347, 0.2535952642239738, -0.9789225515441021, 1.3157169431880935, -1.1304423255620375, 0.7967739164565519, -0.21476435669518917, 1.2749660186568914] : -1.0
[0.5634766068247758, 0.2188659975511044, -0.11080711657978626, -0.2258012538067021, 0.39855025395785043, -1.3276762625666125, -0.4133090569044763, 0.7881379540551507, 1.0921890443862987, -1.2076118625339127, -0.23946302853847717, 0.200397733997435, -0.27040468029625364, 1.189939895773478, -0.6327566815918897, -1.3885315546299968, 1.0710584906146126, -0.31660627530897256, 0.981452796450243, 0.3510597982040531, 0.08450178909582118, -0.7586682578851108, 0.6149867622843425, -0.6016681026286083, -0.5106350060761216, 0.20930742058136587, -1.3906735011691578, 1.4181085923123367, -1.6444366710819391, -0.14008803448306484, 0.08700206528410237, 0.23298984538837555] : -1.0
[0.4776234927977722, 0.9759598379022348, -0.04521412254135271, 0.231252122089646, 0.36744608883990915, -0.11707793270251743, 0.3163564939811742, -0.8458542232439539, -0.15331938457644928, -0.5692305431879401, -1.9112030748420001, 1.412088575454595, -0.6856839870755179, -0.41275510627902223, -1.2924320294877232, 0.0936863967311527, 0.7715558670376687, -0.8669130143481434, 0.6786343165208724, 0.4519014591633588, 1.3236340493638192, -1.827593760365524, -0.6106445827795661, -0.8985637846053992, -0.7808650005933978, 0.6292524345739541, -0.2433261560063864, 0.726026549105882, -0.8220447027127848, 1.3682634098995952, 0.6415609712376521, -0.500000299804551] : -1.0
[-0.25501697167864507, 0.5029146041281103, 0.09474825336827325, 0.23718662379170286, 0.8733752481965998, -0.4219478509503979, -0.3327066511896359, 0.5494374676628571, -0.3203621363911035, -0.32343561175596336, -0.8626001069988534, 0.6415484174290089, 0.667057513279252, -0.05632194861347317, -1.5070570168850679, 0.5379178019718148, 1.3182665644235927, -0.6263431003373534, 0.5690948033200455, 0.2937456852515552, -0.2244929624520089, -0.7437818091056413, 0.3124470804440664, -1.212310532846966, -0.06099369620705017, 0.17987832484372818, -1.1589476274614259, 0.4180843204009695, -0.7255107236530312, 1.3704276669413114, -0.8555925576211058, 0.15467217138681227] : -1.0
[-0.6885506418485006, 1.3361754189980335, -0.11572017401772927, -0.44190244608871354, -0.7218913360126308, -1.2316411401809497, 0.37633750532039867, -0.05792353440924464, 0.5197181677041056, -1.3415615802788459, -1.3576366520380458, 0.8647249034988415, -0.11353687351768377, 0.49606324905515164, -0.40464073919011845, -0.23991997107270993, -0.2216961553075914, -1.6135640164599812, -0.024705973298220885, -0.3183597093653665, 1.1530018530585675, -0.8153222084037839, 0.13421588070311738, -1.2370572040352432, -0.2751069734280568, 0.6048538502758005, -1.3792375383505926, 0.7182175731215926, -1.3576492353938243, 1.2443658236650061, 0.7934102244422714, -0.2604345539146156] : -1.0
[1.0006402399388823, 0.1058394172975892, 0.5250049109241148, -0.6416664172455042, -0.23180188280239852, -1.8369704719639326, -0.5111324362799936, -0.28276398722279295, -0.783533240213675, 0.0434031521607674, -0.3319656442687602, 0.930690830599613, 0.8890179982517958, -0.02724409130251426, -1.643907335020268, -0.14045899837217804, -0.0872424763543258, -0.7426752529231706, 0.4605136312345396, 0.07433533473348986, 0.2599067682401636, -0.29294223284170384, -0.3808329684850381, -1.4866403408739268, 0.15010670054943867, 0.17753760966844867, -1.5982701464332356, 1.129097536975448, -0.21613124962616076, 0.3147588592697512, 0.9194435699087594, 0.19482746698304368] : -1.0
[0.06473629772930445, 0.9922189374369962, 0.6327359981884481, 0.7600996954806891, 0.3428795813914098, -1.1734481613438648, 0.4300106772664031, -0.22889045406910205, -0.21557843363480522, -0.7002666632682106, -0.5537403659051686, 1.240150596356322, -0.5790623911212852, 0.1177797952610965, -1.9419509244693325, 0.4002364710290864, 0.13016601872993405, -1.040973862155871, -0.3787510901448551, -0.2412868319614555, 0.023536262062567426, -0.7543056670973962, -0.27970612906658837, -1.2441144710257779, -1.0133957920015162, -0.7746737335194214, 0.28974684888968816, 1.2601511962698024, -0.9705854396698212, 0.3157952960857543, -0.4461847434019808, 0.16755767508564917] : -0.4772004647688432
[-0.018929496753488706, 0.8207669121084451, -0.07595491301346252, 0.36210954472457324, -0.08076705098960339, -2.2458402711294303, -0.5118272813901746, 0.06213543193780788, 0.5392734505056669, -1.2402643027138347, -0.2179069763415749, 0.9967073656246078, -0.007507938879285192, 1.4914470787286227, -1.526195436230179, -0.12401807349210875, -0.17376767592552433, -0.6528894365958192, 0.4579103974662399, 0.6017930980782562, 0.0021382538791808736, -0.4184002186292833, 0.13518773282424323, -0.8258980243916285, -0.29024255839781365, 0.590809587703437, -0.47446264785740433, -0.8538627659694572, -0.7333682411439599, 1.1772506709256416, -0.6269722765245512, 0.7687488694351976] : -1.0
[0.6110164093166872, 1.0502662760397612, 1.2936234467207355, 0.3945135509274488, -0.17284021335416877, -0.9401799634984656, -0.3637193913323585, -0.7117417887934818, 0.33128295437850397, 0.14423260561815376, -0.4370718040376397, 0.8567893420437328, -0.15986239516520293, 1.0526560062978025, -0.3492112545817977, 0.3080829367874512, 0.43087770227794264, -1.274801661358741, 0.1838631907614401, -0.38271561875972204, 0.7258576491142517, -1.018842940218048, 0.5773458482655416, -0.985576050200579, -0.08782113187913047, 0.4369149796718743, -0.5168837203556342, 0.8079935228791544, -0.7609142863758787, 0.6450922296282082, -0.44458820428810836, 0.3158270156858254] : -1.0
[1.8532644455384106, 1.0700752535826725, 0.5453888197709764, 0.21423160739492608, -0.761748944243604, -0.496358314049145, -1.2715867090806878, -0.9875535123092409, -0.178037721508237, -1.3627435064825688, -1.0239737428439035, 1.0599600660505417, -0.3654521580522425, 0.16980051468762147, -1.4047585564366556, -0.09493468890952456, 0.11108339271625409, -1.024626789557692, 0.3594005265188116, 0.0393260018547667, 0.10754128715410716, 0.024854253058113174, -0.14076897413622802, -1.0156130840160422, 0.7399546970553319, -0.03120875945547763, -1.9211257733781912, 1.7450027618163526, 0.2411500017074082, 1.2617723447385556, 0.39296728728756375, -0.07553606897605714] : -1.0
[1.1259990971270952, 0.3930988745863542, -9.997320149055522E-4, 0.30079371734673443, -0.008411842667044436, -1.0908478714387047, -0.1820086342710175, -0.24697998092080964, 0.639335929540499, -1.376754606261969, -0.4173780540475204, 0.7335605180097584, 0.6541110162227327, -0.07049488642768642, -0.5449695627754232, -0.09812094743637564, 0.24270724418543602, -1.2234698335518348, 0.4412624868616425, 0.5188707069330948, 0.3701125156870466, -1.161471813131202, -0.2099776562042059, -0.46763219146954027, -0.5464428310656291, 0.09358582882475674, -0.2756026881809561, 1.1676181183777945, -0.4719096149189323, 0.842361577729978, 0.5919602620173186, 0.7388694267658954] : -1.0
[0.7813775292988867, -0.6816966249748542, 1.4748034889280972, 1.160780135861156, 0.3723137539796061, -1.9238533544109986, -1.153380188616984, 1.5376458726992164, 0.4414035428311701, 0.03370590067989404, -0.9310238880804022, 2.3104154116820124, -1.0249976796398135, 0.9068633729559263, -0.6798871113020826, 0.42834679952626065, 0.11759583556914999, 0.17120098720893417, 0.17271128170775302, -0.021137075252311045, 0.5982151240680847, -1.8280820244802776, 0.41441901073575116, 0.5646200030428519, -0.4298571210556227, 1.2623581897372214, -2.0169599006998107, 1.5488976451447154, -0.5537975142356094, 1.1994975375181087, 2.2508806192533646, -1.023874007552099] : -1.0
[1.3231137379572109, 0.41635951888107364, -0.20617096444799332, -0.3003225487776091, -0.026623167704410644, -0.5832006849366725, -1.032448729553542, 0.7914724265071655, -0.4093075162160714, 0.3924820078443731, -1.914900158332955, 0.838823405854917, -0.3166969341940053, 1.713986661249364, -1.5836522279527037, -1.2075385239133518, 1.134816576538456, -0.03827555539004435, -0.3879183306959263, -0.378497760003922, -0.4849444414617019, -0.5234217898265787, -0.7394426831434345, -0.7186693635276795, -1.3710494759609861, -0.8751027506323741, -1.19220906209547, 1.0088248453439919, -1.0004608582929542, 1.7891252978331997, 0.2036624906998134, 1.3860656828657576] : -1.0
[-0.04630544454612273, 1.0858784250166522, 0.24784720871876745, 0.13348767685951315, -1.8872157093406325, -2.4677652443157605, -0.37615588157000457, 0.07735276349089994, 1.623871298720815, 0.8017429763501016, 0.14467643807047337, 0.7313317716781871, -0.14464630690891397, 0.602864207862793, -0.6175237879716542, -1.464601256444956, 1.3389774069173312, -0.7588074351135217, 0.4173708816995736, 1.4160152533210317, 1.039061799574734, -2.843659862357402, -0.041260350374016985, -0.9568427176610468, -1.1241513194988653, -1.210955321108102, -0.9207480654845146, -0.6479656003182621, -1.5169696617948885, 1.4530348868962895, 1.0395054988221677, 0.14955603177397336] : -1.0
[-0.7127168405105687, 0.43682008194501865, -0.2546212010276132, 0.03132883372091752, 0.750555608765318, -0.533536930793144, 0.718979828941695, -0.700082264050082, 0.2711902613025269, 0.5888639501334332, 0.2355856727611445, 1.2314363968644368, 0.15615180182476607, 2.1653783974071157, -0.4369176012185002, 1.8741389952575662, 0.5709609834382382, -1.2084008779265298, 0.22519534398072188, -0.972234615693072, 0.667268996160767, 1.5713199406708749, 0.4348785429572471, 0.6744420939347151, -1.152596989339153, 0.16808026578679025, -1.241041424396982, 1.5583670051581855, -0.7793313736921015, 0.9578887928294537, 1.6679710397295138, 1.3023837947685244] : -1.0
[-0.05659723604051525, -0.08571090958829752, 1.8596272325077323, 0.6546051928874133, -0.07067677045403747, -0.8082183899298224, -0.8776769978063217, -0.16058970656310212, 0.5085306063528364, 0.07982423216631723, -0.26863831523311005, 1.456703021559115, 0.4200236647660759, 1.271653093078798, -0.6462444209459186, 1.4285990751070625, 0.005890745729379199, 0.4692948692641783, 0.6369039609573653, 0.20723039567263277, -0.1441427768388277, -1.6670037161787004, 0.22654775846162473, 0.433425600366794, -0.3124767574047605, 1.236218480751753, -2.8298345624160803, 0.8869026671459591, -0.9925326295796009, 2.651014405256981, 0.29880402003210593, 0.5115343019427334] : -1.0
[1.5431274672647928, 1.0224888073183864, -1.0949136362243768, -0.5210128314943887, -0.3352028810243679, 0.7614137903749632, -1.22163762542778, -1.106801017198615, 0.6344864097837236, -1.9406998201621888, -1.419457377544095, 0.4711771926734013, -0.05574592866225908, -0.09242173138816501, -1.2726778974386341, 1.1080450679558007, 0.11603445370393617, -1.095396068774472, 0.8829770709711322, -0.33017184429790475, 1.882036097401697, 0.48293528685011433, -0.643259918591069, -0.06620011773799206, -0.8157464164419529, 0.3715469176216405, -0.7609540015176839, 0.9443871220822542, -0.5034977487909883, 0.7847015673592481, 0.5328909941911826, 1.214303104271008] : -1.0
[1.2506269677747133, 0.9594600488028334, 0.7867221279307625, -0.368477653924362, -1.0721652151055405, -1.3347763793648018, 0.23850645167326678, -0.9971043446138784, 0.35348629415498334, -0.9103560006667599, -0.23418770252895382, 1.8922330344572886, -1.1525497883456297, 0.6626017301712642, -1.9445066164999845, 1.3438985692491252, 0.6466670082223237, -0.3417603323116334, 0.05240386646144235, -0.7099848267551783, -0.9700889249118438, -1.3517646449905727, 1.5507960131137373, -1.2037395545078238, -1.3055173284975847, 0.6781545431617859, -1.1642551963385603, 0.6894390627045572, -0.8671270289929128, 0.9005523967316048, -0.17462516739291023, 0.7362956509284929] : -1.0
[0.9820129695941286, 0.1945057295978284, 1.2245143938286365, 0.6285810697745394, -0.05279154656033869, -1.9523832537494465, 0.19870782248959296, -0.287561046315834, 1.1376486312614267, -0.3683416090566931, 0.9115427354040031, 2.0683742150087063, -1.149148605642697, 1.0036424066967833, 0.2582007818232339, -1.3737992542850976, 0.585604002080427, -1.4439867350354607, 2.248209268356506, -0.12584743277156532, 2.459122179870092, -1.5871149692705133, -1.0101465366825568, -1.1361993908948764, -1.8897289891615288, 2.0568104757557206, -1.678567647684317, 1.6990285654019033, -0.2664205433502227, 1.3433510808448645, -0.3673767256395756, -0.4797142586068412] : -1.0
[0.8369152606669981, 0.4814057783937653, 0.009788035377458149, 0.08529249303452799, 0.2763440783623008, -1.0319193067985788, 0.803762105465213, -1.217363305278019, 0.5179296976620053, -1.8989816696075859, 0.13375576873151096, 1.4217406593689235, -0.5631543069752222, 1.0092318361343464, -1.111180077840424, 0.6400203097929535, 1.0312798404799441, -0.2661038710782013, 0.014913652989454795, 0.3029336687102991, 1.0123867620234628, -1.6327240989055576, 1.7552384084022918, -1.5449954286901781, -0.5710621150522205, -1.5193309294306248, -0.6644571366836021, 1.6053461712662416, -0.3505911043966004, 1.215080968953167, 2.192411318025333, 0.7549596726115029] : -1.0
[0.09711228453260429, 0.24395941546800856, 0.43848049045172854, 0.3033784499177765, -0.036651720022473966, -0.07095359808032509, -0.26054897556236245, -0.859347087256381, 0.5473790264468628, -1.8694745587531822, -1.1935830743833655, 2.3001433283697463, -0.904444306195605, 0.27502679213503245, -0.825985408991665, -0.4164578207414026, 1.6280748699242498, -0.06725403232421184, 0.7761952615928938, -0.8667872946983171, 0.13681005272234437, -0.50478206651953, -0.45427232488653513, -0.8020878320182696, -1.9023171365988798, -0.19893403962541112, -0.4207393526893891, -0.07344880133108711, -1.5706726005471372, 1.6657948210375795, 0.36470047409313966, 1.2261982147625412] : -1.0
[-0.08778159602886215, -0.24869251197552922, 0.290177850610505, -0.31185762853456633, 0.6894826694145988, -1.522394367338178, -1.8602316291235885, -0.0629683781304746, 1.8806406380931042, 0.09975912345433002, -0.35805543399370426, 0.6499038383645895, 0.2649499496594362, 0.7867089556640898, -1.002491818318679, 1.7854003214975844, 1.3066141233272939, -1.581712432684294, 0.7207327448526181, 0.9724175862621391, 0.06526463765161372, -0.08184822425346172, -0.8352495265746651, 0.43733078992666274, 0.2830198835394825, 0.9093490744583168, -0.6206547346447536, 1.1695388448376063, -1.035210490420197, 0.2974129437229399, 0.42673718932930793, 0.5081125295199864] : -1.0
[0.12145023615914774, -0.1066836639998332, 1.3136113875752873, -0.7245423997814323, 0.4785528015166307, -0.4291179755351716, -1.3212823881054092, 0.7628333802649637, -0.2996924861344926, -0.3674584685022243, -0.33333899407848205, -0.7021072844022657, -0.5387433722064013, 2.419819297156759, -0.7582336356794455, 2.2256679653150018, -0.5277007702491231, 0.2708090881473765, 1.0043934739170617, -0.22658525889041484, 0.7342700410860431, -1.440154648679998, -0.4281151968432033, 0.7465376798997976, 0.4166072131474201, 0.16888116671900855, 0.3339503599607979, 1.340104785601502, -0.2347247253791062, 0.2030117380501575, 1.4520976052602093, -0.16399199604046627] : -0.4769523360512473
[-1.002093901095817, 1.5842275034857292, 0.6515105816309272, -1.5297095675966674, -0.9757790206244341, -0.4427503480804851, -0.25240352501732144, 0.32067384758917516, -0.8826699988829019, -1.9496371265310137, -1.7498739459599486, 0.6033197557561722, -0.5520560444803159, 1.3882337852683975, 0.28132870923264375, -0.22110861572529228, -0.35934292597140327, -1.8876573541939001, 1.1250860212279674, 1.5897114499156828, 0.14419900409684316, -1.1069430294889375, 0.49198570575127853, -1.9856659616651668, -0.43215424526606616, -0.3151074756173574, -1.2433957936735063, 1.1655527150304106, -0.6346778132256296, -0.15815174251012865, 0.7223636552509884, 0.5709632250557111] : -0.522766416723078
[-0.716650866919143, 1.4507440205615452, -0.6722201728730479, 0.4107999442820227, -0.9848394059952519, -2.7027494675239274, -0.701903728070552, -0.5516498786494778, 0.7861058774949488, 0.22842098973187402, 0.24307884137210034, 0.9565564388283522, 0.49468834878795886, 2.3604324832167967, -1.2299233168330488, 1.5275928909862224, 1.6669724149626977, -0.2948165514587134, 0.9193708445814672, -0.008250339317742654, 1.1484472415241669, -1.2056755120336784, 0.6977908805684785, 0.12736332300779685, -1.023425537991201, 1.2477843816493022, -0.26924221616455524, -0.1544436187809587, -0.383392361598501, 0.6272186056892672, 0.2516135694300682, -0.022536532999322012] : -1.0
[-0.3536537002382706, 0.023659297169843163, 0.8306910883801867, -1.6071903208706775, -0.14561964652704326, 0.5869206386032457, -1.7412881766423205, 0.8378189335081787, -1.0621823579042617, 0.37729969293049914, -1.7499845807766317, 1.8492128670236943, -0.7900133376212601, -0.18707302014853067, -0.3509590853386174, -2.476052125573619, 0.3147157243893621, 0.20616920815044093, -1.6781019694668053, -0.4991973161955424, 0.7593978305673013, -0.4649623024683205, 0.6273986757234169, 0.75030357643928, -1.3869004181618023, 1.0424586935141622, 0.49150507631051754, 1.1734014697654997, -1.725560967450688, 3.4599111303787673, 5.213756323492626, 1.3825445372273537] : -1.0
[2.4667907046167885, -0.5714807845726353, -1.6827636498593486, 1.4809721295089315, -0.21275850747656097, -1.9014769227747141, 1.1889833742843494, 1.8708901851591402, 2.3121942897383163, -0.24018059027885982, -2.2806517600651883, 3.91810518466004, -0.7554605330450619, 0.6913584417363875, -1.7864142295159822, -1.4258577092643383, 1.680613197281796, 2.2370499389383367, 0.7504778862205714, -2.1144066738231957, -1.3136545369146346, -0.6428691124162114, -0.8919396660309408, -0.2842326844015715, -0.08833687608602536, 0.9133829608395743, -1.7537698232862202, 2.188699153632804, 0.7495412711357485, -0.04959980360944782, 2.315285691851243, 0.20019785615156735] : -1.0
[0.9936334894319636, -0.42226811341028025, 0.8841942493419184, -3.2384577499056943, -2.120075190673245, -1.776392701636318, -2.142623526015328, 0.009599157023740923, -1.4159485171238506, -0.7919371229229049, -1.2055865685905585, 1.0465229450519866, 0.8118700549293645, 1.5210925243972104, -4.651176644869711, -0.9684597311905747, 0.5717061756573995, 0.5494159605162963, -0.7803228361364579, -0.7192110141927525, -1.2089589867742796, -0.6852767011093988, -0.9436733598762309, 0.0030246664796266184, 0.02304671160952454, -3.004611756757965, -1.9171718799320026, 0.8996324336765893, 0.8819056941068646, 0.7721615854836424, 2.2751945951397277, -0.5652314110090628] : -0.47948720238425513
[-0.01589016633503082, 0.7201913927522812, -2.4997960839355025, -1.9940069046949889, 1.5021437809378198, -0.9467700171041761, -0.5908338268618006, 0.36250150315951557, 0.3090488975040077, -0.7547575037849912, -1.7060499029634246, 1.1664824488577121, 0.4933329286371478, 0.5507465524733938, 0.5044934105381074, -1.6038404650581195, 1.3147134679271824, -1.068203771430901, 4.533682766129415, 3.7476277411518457, 0.0947920324986603, -0.9390191463585628, -0.5943123342185331, -1.1273226710132231, 2.8919406269949355, -1.4841304822517036, -1.918666593654012, 1.458546885503479, -3.0664867028935703, 2.1800891646015312, -0.031126533611529394, 1.5973227715726181] : -1.0
[2.4012586154532745, 0.08050024062565442, -0.7257113175540334, 0.6160954455609908, 0.8208276079366145, -0.4878827813094162, 0.832892949052136, 0.5009905226340908, -0.03886806814935001, -1.1011493362994538, -0.5444552571076426, 1.5101354431277434, -2.6525972248015157, 1.0000993259214632, -1.412045009690162, -2.370400381187859, 1.60702995079265, 0.07953636541894055, 0.6270787053397612, 0.2577485402015928, 1.3050015863712288, -2.06401724533381, 0.6998767954812657, -0.7285905595442902, -0.8138329690723485, 1.872691520377286, -3.6550356805064292, 1.3941119823613652, -1.6390142947498954, 1.6929617075768766, 0.9363237267634277, -0.46535245671575287] : -1.0
[-2.050924625656224, 1.077400232583291, 0.8854210402708302, -1.0298452408074854, 1.1263842332743135, -1.903652433824714, 1.356259704867454, -1.0302577365630565, -1.3426467565911988, -0.8279352264606581, 0.47709173234430235, 0.21410203289898178, -0.9776257126171315, 1.8406391847439423, 0.43126554178774046, -0.014458184032980367, 2.0658373622917505, 0.00862227964917106, -0.9744593631816654, 0.22764681987722987, 1.6820425353054742, -1.1380746005885396, -1.161589384234632, 0.9634414137063125, -0.6645660855605607, -1.0579595784685472, -0.7989097045662928, -0.4672612224640489, -1.4906795907892119, 1.4123198490329978, 0.3779013541275892, 0.5040577470578618] : -1.0
[0.8352943539076916, 3.591520218370462, 0.3572645350383938, 1.0939847921163306, 0.01883381248355781, -1.628060937882417, -2.4056706310948544, 2.6353382596409762, -2.206597263703793, 1.4644388093316068, -0.520724856031163, 2.954235723528106, -0.7861536038827166, 3.3857981436567215, -4.231588415306093, 0.3979568242323061, 0.6262492133247688, -1.397003261068019, -0.6752323139901826, 1.0851731123286752, 0.14994727872190783, -1.1417385307412262, 3.131904937158894, -0.9904214360816339, -0.5863512161607352, 1.670093411702024, -2.146989372496665, 1.4962781429310765, 1.942550036573939, -0.15716959271495656, 0.9840444684861057, -0.0029075000962975883] : -1.0
[2.010041824052011, -0.5779189149045375, 1.072388947320957, -0.6666757350324304, -0.7548405052957506, -1.732181186283586, 2.452932157827453, -1.586871033714623, 0.8417584516712728, 1.2369167667202257, -1.1734888796784468, -1.044647395630088, -1.2573881976483496, 0.6022214956220411, 0.4270927648043734, -0.8147453985940876, 0.44360398980597304, -1.0296685034282038, -0.3521252211383348, -0.6650120062577709, 0.8434297928757891, -0.8240165547106442, 2.543144846316018, 0.39928645493850057, -0.7334215984721755, -1.2198912112088685, -3.381794292180171, 1.240619001541529, -1.076145907706063, 1.2685759047569811, 0.03698795116663267, -0.48172817027400394] : -1.0
[-0.21884204476973568, 0.8916323781771117, 2.503952413232192, 1.2519238252893372, -1.6342773515403712, -0.557897079509369, 0.9038508887746124, 1.5751737961665757, 0.2614993278807826, -0.2983030033548425, -1.8295780114234215, 2.034151817481011, -6.847034663766127E-4, -1.1183261062528664, -2.177089257600548, -1.4949574097345018, 0.04265879947575135, -2.6694604084287636, -1.3872124555819696, -0.3130458434533029, 2.4862432265183623, -0.27426128727122245, 1.6368866672780773, 2.73722416880869, -1.4846372305159958, 0.2016464733196264, -0.5204550409083981, -0.10858204599177279, 0.8998779395905128, 1.71161350937177, 0.37140955501066253, 0.47311893746653555] : -1.0
[-1.298972212061134, 1.2117385418699482, -0.16279893644134014, -1.6628604749651297, 0.9088966774223491, -2.798499276263968, -1.489882998706392, 0.07985281890967877, 0.25054588383063814, 1.8052656110436525, -2.5372962252612643, 3.457169630640246, 0.48294812214638166, 1.5123345050140227, -2.4869595899073134, 1.9877689372776852, -0.30300097766634726, -0.686016991563319, 1.1214158125121263, 1.1481468083940543, 2.7351715245546777, 0.42902258141174365, 0.80098417279339, -0.4498415718465034, -1.4572974306068045, -2.0824754667272076, 0.20025025230802962, 0.2867635363205807, -1.505618789407655, 0.7083090171405917, 0.8205767488787159, 1.6349830500814349] : -1.0
[-1.320722841137171, -0.336170506910838, 1.4777043541011698, 1.0374622856188704, -1.0337787413294506, 0.35500366074491496, -2.468221211117908, 2.987025259208785, 0.6038502593272114, 0.31270389355496364, 0.6507828796310741, 3.008713421457416, 1.4224992995229606, 1.6397698305628787, -1.7894803182282848, 0.0073492789981543655, 1.3166201518035463, 0.9101446624911103, 1.8575994264154103, -0.19308701629687292, 0.821298447565387, -0.8195413595940877, 0.03684223053620983, 0.5301639880093254, 1.0153402727609695, 0.31902875691959076, 0.39391774835251114, -1.1150635841556524, -2.042671327669634, -0.3962271610537993, 0.6713200118882261, -0.4038752905363072] : -1.0
[0.02431910517746738, 0.614463255512614, 1.0562192411374762, -1.3706835090049418, 0.3644948227593724, -0.8718152138238109, 1.9664638155430738, 1.634758659485712, -3.7530083678821002, -0.6274150722245461, -1.6314685948456331, 1.962190553350432, 0.8215962162544317, -0.36473027162918914, 1.3270047549973076, -0.8380035775240923, -0.13823729591065637, -1.2843322035280458, 0.9176947922970041, -1.280339950882799, 1.5999667186981141, -2.102001605445049, -0.3348077733823429, -0.9576633252700955, 0.8704271426555766, 1.7478106348554725, -2.09256500070971, 1.1261195633435852, -1.5699884628284626, 2.0513761667241575, 2.4236253896875066, -0.8451539440932807] : -1.0
[1.0738381670731814, 0.5939559053601442, 0.012732039894712721, 0.6347426030644707, -1.047623751441644, 0.5115506903001898, -1.1547259278752025, 0.797046849372135, 0.6288432022743758, 0.5063355235845044, 0.8857799393711182, 1.6835252296128913, 0.02836808361452192, 2.149292422432016, -3.123707242837944, 0.09792027283592056, 1.6473129319017956, 1.4336736251403694, -0.3643058712418086, -0.41297111294955946, 0.839512482590048, -1.2479664305841074, 1.0567424495611408, 0.3321206844850147, -0.7424135974935563, -1.4469694580750165, -1.2529250808340482, 1.4151371275849187, -0.5473218589971349, 0.1164511359245688, 1.484543902399629, 1.5608027725736937] : -1.0
[2.0653303732667534, 2.2183162904479694, 0.13602322800290212, -0.6599582770191919, 1.5157978522279736, -0.942731084504413, -0.7377292558036845, 1.986187194500309, 0.5550894476774292, -1.3268473550541662, -0.274413498223519, 0.606290869909158, 0.33805594743481376, 0.4380159674003108, -1.7024759619258476, 2.7004354055170356, 2.787912116270154, -0.32912057625862595, 1.497307948432701, 1.4501873265640246, 0.9348328855732869, -2.611623749300611, 1.469225814277687, -1.024740265060128, -0.6065972331224965, 0.506563495259377, -1.1619964091300494, 1.4942655019476503, 0.25199857592849795, 1.873290874018581, 1.687824884573247, 0.3918197166700167] : -1.0
[0.992657578508179, -0.03692423399762493, -0.39594458405789074, -1.276505778706833, -0.009457725800385786, -1.9924711089252332, -0.9445814460823321, 3.4683148703025664, -2.768552143809789, -1.1406952211780421, -1.9302949770732958, 0.4540809174914262, -0.005769176922869601, 0.10695519667385445, -1.218513173429663, -1.2581717293183639, -2.2222086223293123, 2.6323897769142, -1.4160918138723748, -4.794023624874409, 1.9338912273725641, -2.1704351996214264, 0.5953941684666088, 0.6499305898028361, -1.1411631914162381, 2.649408137731522, -2.9250430467344506, 3.7995157324194224, -1.3346698968397828, 0.05705083746518258, 5.0636303625015415, 3.33058155109511] : -0.6669780124317516
[1.2208420211530768, 3.065140783337058, -1.5392690802187414, -0.6899135260827066, -0.44397361464646334, 0.10913996910356127, -0.0872226140493183, 1.0916391315142306, -3.963559277344195, 0.5629323103039898, -2.1904731291281037, 2.407446562079001, -0.7801512623230673, 0.043932970125398985, -2.32297150018945, -0.2949868944658438, -3.1516741100739583, 1.2609029958395517, -1.4291941343183818, 0.5393389839415104, -0.48722622689278855, -1.3092016376792364, 0.817569814158605, 1.691940656177509, 0.5093610254058842, 1.1225302129773542, 0.8524568339991441, 2.1371680418715524, 0.21325856604731253, 0.3198059703606755, 1.4180916215392299, 3.4107611662038093] : -0.6860007806257769
[-0.09048857578447833, -0.5991918754146077, 0.6921038290973983, 1.819245720692146, -3.3211282504003368, -1.6245240326030121, 1.449621903155971, 0.535270728368785, 2.6502541841702003, 2.4589703455069865, -0.07889067663318605, 3.1483071697380494, -0.2102990600489283, 2.666779549825389, -1.3661231991887197, 0.07969932397329993, 0.12154628352880525, 4.034924522655675, 0.6787703873124753, 0.8998312235155052, -0.19055110831837907, -0.6847578555210253, -2.3503285847239543, 3.6213480599285104, -2.439045865594885, 2.7096924131894724, 0.022296709854149332, 2.099772566272473, 0.5260593694538369, 5.251156337754128, 4.895894054480328, -1.9405008243748632] : -1.0
[-0.02790823516123664, 0.5123519849384651, 3.166990924762901, 0.950586576310361, 0.43108689224493285, 0.25567076712609493, -0.4218471105711964, 3.054811065303675, -2.7176177270453747, -4.4648918529271295, -0.726939095001543, 1.119772502464433, 0.8202074313889701, 3.1425762761307285, -1.919894326498496, -1.8585141078039342, -0.1685088388652829, 0.19362760868469236, -1.0319949652385851, 0.04921200737420057, 0.11370085624471696, -1.756772702476948, 0.4637098320838569, -1.680845111946462, 1.445691131209527, -2.1430827614811307, -1.5552158520629238, -2.074536487298572, -5.357771635725008, -0.09130875461451371, 1.283471710244056, -3.031101111603101] : -1.0
[3.399414202818967, 1.2795472385703421, 0.7414578556497978, 1.0357991862984584, 2.0761150995077, -6.3134569432483625, 4.5470720544008625, 1.9992446003237663, -1.6587086530851747, -0.15016730600232, -4.483322373147672, 3.3958497590148555, -1.88077255607767, -2.219029744371085, -2.2906963168906413, -1.5035488685018104, 0.6754567290904542, 2.4420334009484854, -2.4405149136309316, -0.3985156644319399, -1.6031083866393026, -0.8437608477726701, -1.3116678280175111, 0.5111196154425184, 1.9579679848983675, 0.7498469736899993, -1.9361424190552396, 2.26817493920167, -1.8287103771575024, 2.4005757197512625, 0.3405500636869516, 1.3779371969110303] : -1.0
[0.9193786771780144, -1.1280320989152859, -2.1411978591085408, -1.3951707122080745, 1.3438528535526808, 2.5368963201350114, 2.258239112315735, -0.8952230232723061, 2.708413368337627, 2.5981948018549272, -1.3865935363102588, 1.338077351950759, -2.042653811818397, 1.9157837202824264, -0.4398651891257119, -0.5654564214465192, 2.7187365816961657, 0.3967715104037902, 1.1964572381325924, -1.0074064312835642, -0.8565459559631194, 0.539150330688057, 0.14426028581506578, 0.285991493473083, 0.8280452177548641, 1.6394369778373123, -1.1670512312157162, -1.1098838000364628, -1.5913155911454537, -1.5205563870382466, 0.08304029979549199, 0.3735592819958132] : -1.0
[1.9801012296362517, 1.9420742855232664, -2.9905309248639074, -2.3384585939305476, 0.7626987247251731, 2.113343382100203, -0.8071030664604716, 1.1889484063828613, 1.3417243090559585, 3.209869936283154, -0.29325602994480504, 1.0201320815074364, -0.11791172864144916, 0.20041360134274616, -0.4602641053515628, -2.97031778136098, -1.0681381879338887, -0.17284702022013054, 0.17389964818477932, 3.2545011108608484, 0.7383578782343774, -1.6635965513085846, 2.7219145285986364, 1.6106546565634738, -0.24284383228975387, -2.7796489282489043, 0.7636675901442052, 2.6946695236096563, 0.8847474860007427, 2.9284981709824884, 0.8784297289586982, 0.2529841110452964] : -1.0
[-0.6105982345279416, 5.79477042384156, -2.505543315606293, 0.8102595932012918, -0.6818949378167585, -6.641805029758805, -0.4057887083661372, -2.6456143336607685, -2.4299041240117836, -1.3632944788317736, -3.36415082114777, -1.3716712850558288, -0.9514982184867441, 1.5828013763475868, -1.8394552633036065, 5.264599993524364, 3.12557045533258, 1.8036602165275255, 1.9532172540613262, 2.2833343357711766, 0.8231298649807113, -0.567978743939795, 1.3867668095713361, -0.12192814596111945, 1.5331256367954915, 1.3414621431467504, -4.344369972411422, 1.6374549519884782, -0.39837658344781546, 4.64871381195672, 1.0932141942747242, 2.042925279447575] : -1.0
[1.638732263094032, 0.2718919962941255, -1.6942751885217087, -2.043143917446724, -0.9021271290200719, -0.8956120671096851, -2.1233025395031446, 1.5522634639824944, 2.200294333346512, -0.6942778447979318, -1.033725410791708, -0.33131980596339927, -1.1379770823962247, -0.6804810457921113, 2.4544743343566933, -0.8458896150106516, 0.7617124684870653, 1.5828357343657533, 0.7969168143578995, 2.7977366870311693, -0.4314336244558887, -0.0404611251344662, 0.7364492526371893, -3.008417192247852, -4.094172464749647, 0.5593413718817067, -4.525045906606062, -2.152342902606105, -2.197056668646085, 5.623222310649635, -0.6970507723791743, -1.221852904705186] : -1.0
[0.4022917013473425, 0.964736018579061, 0.1823656974987714, 0.594598826334462, -1.1136370287485575, -3.8649745723965685, 2.1788579575342575, 0.4135089146622804, 1.0062172023475164, 1.90298767969814, -2.6513025941426522, 6.009862731907463, -2.0562948481925662, -1.9118692020325216, -0.6136374536289716, -1.4901967779962275, 0.723505204067661, -4.130217969417583, -2.0824421898884795, -1.7469303531811713, -1.3533776247957328, 0.5666486523265859, -1.06719431831534, 1.7630552117713236, -0.2744876455442733, -2.0636851569920256, -0.02178373026131708, -0.44744242397173517, 1.593434888192685, 0.15872425244164545, 1.5076587194772204, -0.19625769279517413] : -1.0
[2.465578825958826, -1.642987620227752, 1.3190086000862302, -3.700442303346191, -2.2869568091408548, -2.0138102460698977, -2.233347373322612, -0.7858970329094869, 1.690954768235977, 0.5253196432494783, -3.4139586996297773, 5.310944100405122, -2.2376538295612853, 2.249572653252099, -0.5490372391397813, -2.226261690839752, 4.369872203774153, 0.9712332060022639, -1.2916587813582903, -3.949195670441037, 0.2227890363459624, 0.610031875109025, -1.524621701177456, -2.4235735859728833, 4.1334291146093065, 3.1207897124612733, 2.580770665205268, 1.8327776482084777, -3.1692219801821797, 2.6206395293670637, 4.097707001307161, 2.2842176250087984] : -1.0
[1.2487013984339068, 0.7638896093378781, 1.2444835518774733, -1.9020103312854877, -0.4162131090574477, -0.5098444645750644, -2.780047834359978, 0.305110348079319, 1.6550861950401576, 0.2212025046476711, 0.3418190820594105, -0.6991755850421635, -0.9224333899813947, 0.37328762237739377, -1.0247873996051937, -3.267308450250705, -2.6048718395112567, 0.06783935092004867, -2.4634372642436784, 0.44289482292891375, -0.7171232373275516, 0.39752235357264, 2.1205370640680514, 0.9656117143027212, -1.1443142851259487, -1.2570490732825421, -2.2438417668628103, 4.144780926856511, -0.7178602372433525, 4.833266942859616, 0.748185597360409, 3.822533660394213] : -0.7821170633489435
[2.263163534748785, 0.135586657570295, -0.3978762239601704, -0.21941612882460415, 2.682803531737955, -2.585603984853003, 0.784550226265781, 0.8709416743775152, 1.8333704602436445, -2.4374422954465724, -5.203796432368453, 0.08101842498694212, 2.0396489506813174, 2.4622279950652928, -0.5280936935933422, 1.06319559511136, 3.3929578127554127, 1.1235646142578708, 1.972336115986456, 2.251010479514717, -1.7151722304234596, -1.795392319531507, 0.8053938872712052, 0.9309048486987731, 1.404632410967794, 2.013503665230136, -0.5765643826872464, 0.45436963489249027, 1.510355752038782, 0.792347002486306, 2.7605264292065823, 0.34003587059432455] : -1.0
[2.2608172921400302, 2.750848141409599, -3.622997018023754, 1.4022015070021028, 0.19100871151133325, -0.1453716037841325, -0.6618198271069107, 0.4130929750350231, -1.710889691302276, 0.09929307526502779, -2.3256344193908514, -0.625783127697821, -2.6980400230082373, 2.48842508306572, 0.890410999905135, 0.5335588825339284, 0.4378141674350726, -0.12376186114083731, -1.0992369740299812, -2.434629395907788, -1.9851864579522212, -0.595596388723928, -0.779624903170512, 2.164285084603623, -0.2397611148042242, -1.2116923489842848, -0.504525497358305, -1.4058043629133907, -4.483341434994857, 0.5024228021481678, 5.705532593955801, 3.3844379676260505] : -1.0
[1.1033070074651055, 8.324089273860736, 0.21503694698719017, 7.1347112487872675, -2.989326899844958, -5.984564288467318, 2.328271667098619, 2.2622787728367104, -2.249498437518275, 2.5096123359565556, 1.06207470447088, -1.2471588515868692, -2.713637882323969, 1.3843645485706821, 1.6771349592298694, 6.204575435771887, 9.31342055533703, 1.6404902566464785, -3.9362664897467132, 1.8732768274138825, 0.16155125379109608, 0.7271665034703227, -3.619276877110332, -0.8630310573845761, -2.7721874434072333, 1.1200166995679004, 1.1639044294856993, 3.078639818720535, -9.765055346332108, 0.6731589316753517, 1.0759525620089638, 3.0579810204891302] : -1.0
[-0.21956697149781645, 3.7630202450520858, 0.9010073820277935, 0.13803762381731022, -2.2093437038014008, -1.074186406743367, 0.6980289130027177, 2.5827066101176017, 2.324142159643706, 1.6072880877942477, 0.697024143331221, 2.235881197442237, -2.889783579340677, -0.723827050026951, -0.753767820079524, -1.0912242893430784, 0.16353892941454506, -0.8645431300072679, 0.8751083842192582, 4.216249089755193, 1.8962014614978617, -1.391958867979468, -3.1827573502341613, -0.42570322261744775, -0.5719639525193181, 3.5243637873448215, 0.11970780674109816, -0.39926818177274026, -5.669922308970708, -2.183551467584134, 1.756333251793843, 1.643444569966207] : -1.0
[-7.316079200034813, -4.254799927166304, -0.6435079516871121, -6.4262047863782765, 0.27545784414656405, 3.117048635648706, 1.9295291673677109, 0.7648191204815444, -4.161368124859732, -1.836585453411098, -5.393937431717349, -4.590267441826468, 2.280066049092925, -0.8068764715262322, -5.309110490603336, -2.4989230026025617, 0.6609187238177776, 0.0856423176406702, -2.3133482577778874, 2.031389040046181, -3.1809090188142184, -2.5786271088779795, -1.5532018685618767, -0.31066886448776665, -6.63329574735008, 1.452697979940917, 2.218868047342215, 4.18865698023782, 0.1508708307389055, 2.1065259776195457, -1.8407678909370788, -4.703275045051365] : -1.0
[-0.9148248943448086, 4.260856506140893, -3.01282466448601, -0.9417871582197938, 4.525615591470005, -2.098654368197446, -2.434074492997615, -2.7161650864426092, 1.9561796894642014, -4.251484842270154, 5.553436837928778, 4.961190521068484, -0.4227185988712363, 1.6305556287466394, 1.286587836676596, 1.0552074524813482, -3.384728448424979, 2.2479005828739, -2.4112130797694715, 0.03478811919952385, -7.396197406498398, 2.0940334615208167, 2.2173948589979697, -2.319931500577675, -0.5697867910705379, 2.5947910555041025, -1.5780652041016512, 6.94145925572061, -0.09243629583584956, 1.110924780970482, 8.214152535387043, -1.2749488454749256] : -0.768286791714755
[-1.7897845833521506, -5.3629611232616625, -0.2977290177177922, 0.9893708719181317, -1.4074571560943163, -3.0502784839706676, -0.08845695688856914, 1.5281572357015223, 2.2031423351496704, -3.141359205007302, -1.5320454866453612, 3.7009873678064804, -3.60059388040861, -0.845742066110891, -1.5288621613391478, 2.3432698668050453, 0.2819756364980678, 5.045305527492486, -3.5057660142590215, 3.367290856192406, -5.549655354579746, -1.2087058274234934, 1.0203061643961906, 4.474536443520501, 2.1645518968496122, -0.6209881772296912, -6.025520306269678, 1.1919904535844326, -0.8525880917782617, 4.022943664475605, 0.8541343717384313, -6.673265960939801] : -0.460648623379794
[1.507446588291143, -5.453633816926097, 2.823829583786305, -3.6013869799097233, -0.4575202869275837, 1.0259631844980572, 1.3235569854585894, -0.4806968626237782, -0.11988725870073219, 3.7660332903132985, 1.2130543799667424, -1.0177045880525557, 2.259079116913077, 2.927425677130464, -2.6548748112378697, -2.2616850192369693, 3.972569320290174, -4.259909938347747, -0.17710706603450593, 1.337584609569995, 3.0158291492810214, 0.840635587500242, -1.1610816856089055, 0.9827413849917199, -1.2468113805845404, -2.6711436109709075, -1.474225294161397, 7.288632972948448, -2.1504351846436824, 3.1771507921007305, 5.705032782580272, -2.6759128311986515] : -1.0
[-0.5195889759701641, 1.4874152080565404, 0.0362913968277776, 5.921490130414516, 0.8360119213809071, -2.6813584324469986, -0.030061190237276048, 5.427511146732504, 2.7704294456758305, -2.5202002230306535, -4.208682993297488, 1.2878038632071809, 1.155139177380867, 1.701940141681674, 0.5325034739154284, -3.2669487960657078, 0.10663869658133568, 0.08892735873869184, -0.5640910531164831, -1.8428539953169665, -0.04037976300724527, -3.6845432823524185, -4.189226386345508, 3.283057114769682, 3.144874260663848, 1.6747653148439758, 3.747211422735986, 3.5589499177092745, -2.5573497500840032, 5.634038391076739, 4.209546745863582, 2.765780935659331] : -1.0
[2.3633950130957375, -0.8014105473189245, 1.6653864847504296, 1.8719683835025234, -0.31713052594843416, -5.280519978971587, 1.1650220152252964, 0.9826668599833233, -1.6645951581939253, 6.116564634052023, 4.038471004510976, -0.31266288092198913, 0.18946133171377666, 5.529046224597703, -3.195568849885671, -1.4300652563952538, -1.0958771468122124, 5.217586644101763, -1.60598777730675, -3.0206331805110187, 0.5469594144628832, -1.9311933918018533, -6.903048009088399, -0.7850973461488695, 0.592639022721599, -4.0034667419448, -2.6480936496890415, 2.1098704126142596, -6.99151767777791, 6.77072813536644, -0.5652861975697245, 1.8281978799004637] : -1.0
[0.3653970387753383, -4.909974648916587, -1.6894927680907403, 3.9323245709840684, 0.3156667604518456, -3.651584046960445, -5.294056428985146, 2.2146739890080283, 1.026464169867797, 5.811365567548668, -4.8133373821330485, 2.507283169465914, -0.8664892299894651, -0.38857815296257736, -2.4707056806022067, 4.300578540114595, 2.6196119064455208, 4.627383720408433, -2.423229454300106, -0.5257655592740281, -0.7182603609033658, -4.10000477484277, 4.409087422763323, -4.647928354930311, 2.210888061496, -0.3379391679132814, 1.4669832275621906, 0.15200138566197396, 3.0850877808118526, 1.9913294628565454, 0.8009058033036671, -6.590305789128081] : -1.0
[3.63463115947172, 1.570136429218485, -0.2784219491476915, 2.7568515962072286, -4.89648579079033, 4.752551163459994, 2.4810418651790966, 1.0309121677120787, -0.27669948809983097, 1.9898142212048144, -4.371534960882029, -3.024693701725598, -0.5896738993326283, 1.450381578442994, -4.530428238935629, -4.406081233515352, 0.44019876040970396, -2.071073671082784, -1.0110842053880835, 0.7480677598156269, -2.210959134764717, -2.813845167669996, -4.762009562481047, 2.524657689899575, -1.5300775630074666, 2.178124732511824, -0.23115546369433604, 2.4079160981684353, -1.1988465128165726, 1.2964485625144448, -2.769189553683041, -2.0736510380417945] : -1.0
[-0.06479337453349188, 2.655580643301845, -2.1715201185915354, -0.8178619148136231, 5.638519960691143, 4.182351766921135, 1.0929637960788345, -1.8588500369220364, 3.801380192996334, -1.7136139550543243, 0.2207174088028816, 3.4469858606151558, -3.5151941331747154, -0.18958042040582312, -1.643668688048077, -2.3967867856953164, 5.997635151633022, 2.860639456670335, -2.9416693497345374, 0.8062618051392196, 1.2069037113430734, -0.7240456812950957, -1.00295183855151, -3.940868647010601, 0.5255509400880654, 8.186470874379486, -4.587941647882158, -4.102152017558664, -3.4104749451044105, 3.1589272606237726, 4.162255338222837, -0.9837915584682658] : -1.0
[3.9674945766867182, -4.950556055524924, 2.9045146453607256, 1.7707759381505261, 3.3141877138385833, -6.765027423295585, 1.4425514320335957, -0.12936880320445954, -0.5317892376242295, 0.27068866908710826, 3.474617421342236, -2.362976011738795, -3.10329346097894, 2.760843622248066, -1.6128659884812955, -0.7091428777761102, -1.843693581650789, 3.705946545250548, 0.5625315590626054, -3.3176748529747875, 0.9765510647409735, 3.361583337337822, 7.096874203630698, 5.285459176393999, 3.0693612924091416, -1.4566910461674143, -4.637610089560917, 0.009873309025363541, -5.820050666824526, 3.066810119283191, 1.305196028045386, -3.5937065393605927] : -1.0
[5.656316582297389, 3.399891210146613, -0.10201896347638978, -3.0690397649707766, -1.5216859687254507, -5.182336609888968, -3.1253111420491138, -0.439327991542825, 1.7182973668687798, -0.5224019810339899, -2.3012925717021977, 0.6688001917629043, -0.6999825765536671, -2.3827719403734644, -2.872048583940048, -4.8930355016003695, -2.9686019766788263, 2.3143547472707096, 6.771354042194067, 0.7458963478931324, -4.37400841971644, -5.6391995064405736, -4.685854229290816, 0.932830803097146, 4.506603283407484, 1.170597820973705, -2.3883892317634543, 4.6357071137220425, 1.8584457254239193, 0.39006646433032666, 2.7808465521224623, -4.220116327703175] : -0.484828688881614
[-2.858236291912638, -5.864779842365177, 1.7003014880970202, -2.6094740154013016, -0.010767204459209534, -3.5724080153396587, 0.9427216835364891, 5.32520864628283, -1.6625604865427368, -0.7113383500306736, -1.158789629250857, 0.7550112793249717, -0.7893503509637422, -0.8322627708205683, -0.9011567443064347, -1.778781663741225, -4.916601860116758, 0.332449738699369, -4.861087397690547, -7.603348490935826, -1.6770339937607681, -2.8617283591822607, -0.42825791229133303, -2.287832618532128, 0.7008415139239688, 0.5065364080763333, -3.411075986698304, 4.481095953584962, -1.2827942599675968, 6.0193623755291075, 6.4502800481969444, 0.42611279426435766] : -1.0
[-4.770165306113074, 4.845377133334999, 5.431168490424236, 4.502879577136281, 10.406951713471399, -0.6287986651949258, -5.6453033319948815, 1.8279318425091757, 3.6238584150527915, 1.340503249194404, -3.0082849883847964, -5.894468101826771, -2.2603771599583187, 1.8422493115208645, -4.378616178169032, 1.175766510236197, -2.3553853429003664, 7.053609109964398, -8.655950501402621, 2.246113655526255, -1.6777255674264897, -7.053561849474843, -3.537151600763405, 1.93298942763855, -6.259186583634036, -2.406351532786007, 4.808337103331331, -1.641647707481373, -4.611406307824673, 2.2008337688787716, 3.599833722694341, 0.5791793601430693] : -0.5651694644581188
[4.664651015567659, 10.827283348721826, 1.7750798947689, -2.471851190791458, -2.436534956055932, -6.509049743796464, 4.876850327585027, -1.4298091393586165, 6.356260132220312, 3.6921980186373986, 2.869627253375361, 3.7389853670034796, -5.354433256213758, -0.11890303979312533, -1.0345441885282098, -0.29137825608076606, 4.985550322601261, 3.962728222871572, -4.793610483043967, 6.684681145486136, -10.577516179166215, -6.312570619470744, -4.417939105257096, 1.48124943468187, 4.00363587726491, 3.7518994818221096, -1.8865798896648793, 2.6976229277846584, -7.640078958446186, 1.9072001722441914, -3.4635520444018004, 0.6303903486012588] : -1.0
[-7.857534558138274, 2.226950713819093, -6.322543089557198, -3.918928539719407, 3.5493624696108035, -5.358636553427626, 5.975484138380796, -1.1555246048242742, 0.47772213373666594, 5.169010969624388, -7.28376440388468, -2.048865821537044, -9.32069111021869, -5.534582026512313, 2.700024649709034, 3.2831958121612894, 2.2905560039544905, 6.8238944395225545, -1.305062267732503, -5.20472832063397, 0.1961152235969224, -3.374304421396065, -3.049187218954387, 3.9671586756495594, -9.028742708763243, -3.8258956559892163, -3.425007000793637, 5.327663463602136, -8.736179827753423, 6.534398155053812, 10.032585999575623, 7.554649596470149] : -1.0
[-12.03547934011858, 5.036628172473342, 8.756694997610396, -3.05693903696371, -7.761196409388285, -3.7140654753731432, -1.5276657743981938, -8.12874185734838, 8.843184113116568, 5.4519981088864995, -5.216525201536983, 0.9279086893291661, -3.0093444557243565, 7.864999101815313, -0.10611182642985983, -3.8582076475265423, 8.918848909310448, 0.5984204546816764, 3.3766977949260006, 0.8067387678281633, 0.6048177559369492, -0.3627096368081898, -3.1644613483324724, -3.399511260468516, -3.2816117151291713, -0.47436269778079776, -5.167877029268202, 2.0292157059820513, -7.078210388610172, 9.234764689663821, 0.07176043048815006, -2.0858690745422956] : -1.0
[-1.198392820147927, 7.051155328685882, 1.3750208692128698, 5.6356603767150295, 3.6164086068615116, -0.5494137476496213, 0.8208131936880736, -4.2931229163736395, -8.94900365168621, -1.765938582636421, 4.605984342385234, 1.4863835075714995, 4.4155561687894584, 11.045770672706073, 5.330083058368938, 1.352256664663573, 1.9158995336305789, -0.6938941649034224, 0.5436362815765334, -4.029910999418789, 5.5993690505083, -2.4215455108016095, 0.12853546184322617, -4.765724105855018, 4.260723607764184, -0.9538407284265782, 3.459080048941978, -3.8862580195274736, -7.196468217713221, -2.706575405270487, 3.4888132156111133, 1.8877605662115102] : -1.0
[-17.393929209481108, 3.666357479643734, -1.9181972183138911, 0.6919284222966041, -4.8836935226378015, 2.655901458527904, 4.268294777131419, 10.075371437659403, 1.4742704567004166, -3.1601258234634733, 4.495139104543117, 1.2694786676398033, -3.570945900598475, 4.346605390678265, -3.7931063642260714, 2.490545355753717, 11.119334710666207, 2.780872096532233, 2.8402560801361423, -4.203024498972962, 1.9262538840667072, -3.340074860061567, -3.8838505065638467, -2.8635141091389142, 4.4971957720705085, 4.326582794441384, 0.9502237838722483, -3.0953245115945895, -7.0629706770689715, 0.44387882487183405, -7.93134870276687, 0.04766844374325879] : -0.48738757046786224
[-7.867036101320621, 7.984092484410805, 1.6636353932496604, 2.7367134116308556, 1.2797022532652953, -3.6944228577410474, -7.35322270342013, -4.324148118581045, 4.430150786448909, -0.2691635808832342, 2.2407730338495737, 3.384933936227875, -1.2571002656569603, 2.8204284090848324, -1.206937542344869, -4.090477921462162, 1.0192897538329655, 3.1920870696764028, 2.6853541489412063, 1.784587374422051, 3.0144147136111354, -2.6778027690994977, 5.460224801836017, -2.644930048242782, -3.459830445802023, 10.090757511232258, -4.164428932320552, -1.684647924244981, -3.951753133572504, 2.8640179548964344, 7.931688046535323, -0.4329413078332215] : -1.0
[-1.2985010969131991, 5.974923624612025, 1.2924741099638064, 3.8991711925735606, 0.7670538319152462, -12.068429680736696, -0.6478461990472582, 9.648822175454512, -2.0000974358742356, 7.9591917502621525, -3.5903862419632655, 3.215511556389949, -0.9718971848507418, 6.7863308648320055, -10.311500767645592, 9.885708385049421, -0.08402603730404667, 5.89615962777388, -2.9023308293119374, 3.126733896095364, 2.1175996232554666, -3.6887397822919548, -5.7481632537569105, 2.191742157159734, -3.4399614518542334, 1.1921472438260081, -3.990230365909098, 7.036640249447787, -6.262046251326343, 0.3179263034168517, 2.617311489260789, -0.6098385959405666] : -1.0
[-7.338813747665215, 3.2515920146375445, 1.511903329441306, 2.1920801260435057, -7.911962343686291, -6.987320658299577, 3.50977243514023, -0.731427345652955, -14.07302342577407, 3.52872751561196, 1.588536204932069, 1.1495808928431925, 3.2249306132762685, -4.214899710254612, 1.9040506490844675, -0.6413438224683627, 0.6579788256510111, -2.659333174198933, -3.109741122649558, 2.802435928273425, -6.308632335970842, 2.7110830088134596, -5.075445452858705, 0.7455788910782476, 0.35129483023450225, -0.521633560982772, -0.9217182664539753, 10.335797639639143, -10.96195992307085, -10.187241615999781, 5.055826244220762, -8.916979163646712] : -1.0
[1.1082419953284064, 1.90834542314443, 3.2505547719474768, 3.3020756054651654, 0.15077754322148595, -4.1246891694909555, 0.07877863873479574, -3.1836455174709, 7.790624098199298, -2.9609710193958474, -2.210558838535479, -0.20374224595761753, 2.8097684070739333, 7.118780525590562, -9.456239183047229, -4.887446438991258, 1.0422892424619974, -2.3272180164452956, 8.255290795502955, 0.08272326978919642, -1.3712710362442517, -8.59743113233415, -1.610103351855776, 2.715097962285143, -7.799451832194485, -1.1324188411209506, -3.021969381744002, 1.1005153145337756, -1.2802831913134476, -2.3007789939166474, -1.1966161422964194, -4.888225193636258] : -1.0
[-6.011194554594004, 2.531053736054173, 4.240246136609859, 8.150527570435907, 2.3347001197627786, -3.1365993427388603, -3.9841676076731254, 2.4312499462751105, -5.395550725592466, 10.287545977812046, 1.9492002952176217, 3.581685251734526, -5.364296981286965, -6.345796246344671, 0.09896839360312537, 5.703024665809082, 3.456571736563693, -4.244360324489913, 2.5326292915446826, 6.580695324218909, -3.5371940219168425, 3.4211401036205875, -0.08652343589631206, 6.51312254981907, -3.8530127914082586, 2.07342385279483, -3.065482230767374, -4.309016125557342, -2.6968225592409176, -1.3536453928675263, -1.4736864919996677, 0.16344006492816082] : -1.0
[0.791709199481499, 4.068635729384463, -8.11715341609143, -0.06965256433881795, 5.537118203501601, 0.0039008800644015906, -0.5456480371301262, 10.010703947933846, 1.6012771389532865, 1.3551885308759128, -7.709191660794215, 3.662135008470921, -4.015989238507757, -0.2969739834261452, 12.454575151712193, -0.3751485136722119, -4.71769953085734, 1.0241389627947428, 3.4148740927063823, 0.45654629594755214, -4.643931169884408, -5.889163386858378, -2.2970630370667364, -3.8901594728290143, -3.4507209813764903, 2.5448909234265047, -2.9461880733572623, -0.7667220308747198, -3.7975355788315297, 1.799989677784117, -1.3165185215339086, 4.9653103980120346] : -1.0
[-3.005734498757726, 0.848538266724804, -2.4975661668397215, 2.1266411583024745, -7.311897677721056, -0.7353508003045928, 3.821655047123481, 1.5110124853047928, -11.733452648431529, 7.100131307916955, -1.1270379935743426, 5.523650279245275, 5.284187618621307, -0.0660062903966625, 0.4272012360400632, -8.361156512904325, 3.8544470086479174, -0.7016694352373875, -2.351701432558575, 5.520095038233177, -0.6262506854894012, 5.780541255352453, -3.241942200172042, 4.006531348953728, -9.060722880677126, -1.3206498180184378, 4.858792011321351, 5.609659719199275, -3.89229867007764, 3.020838933459241, 7.561575247081096, 3.3623423986860264] : -1.0
[-7.402308865127237, -3.703543965113665, 2.368249371984069, -3.8176228913730137, -1.5833051251989196, -1.3393915029930406, 0.17482943604180323, 1.3675433256070249, 1.6192223143523494, 6.127606820988899, -9.333262774779058, -8.682057784531114, 0.7689858049290015, -8.051457633871603, -3.726033790734059, -7.826888071642362, 7.6190921945639225, 3.868077136400681, -1.7179687621180795, 4.548899632161216, -1.6593511607513658, -6.339230727677515, 2.1109780366122575, 2.0270787325436146, 1.338849963725774, 1.2921264532157761, 5.757415389440257, 10.395078224353718, -7.547204132372258, 3.4834249456512323, 1.3111317101837772, -2.7764403374977213] : -1.0
[2.6972004737680577, 9.058328055900049, -3.1964368700631645, 8.536239435302209, -7.8353596803378815, -13.837260913457701, 0.7556198770186531, 0.18055306454437847, 9.287129507141223, -2.5946715096498596, 7.402227989041401, -7.733947083333459, -2.89074986524055, 7.1102352230137225, -0.6267244365522604, 11.049892256575843, -6.12250733456964, 13.872603796575829, 4.357535223477229, 10.425389903934684, 0.9847076570926925, -0.888389805257539, -2.20827787092964, -0.6842857023282067, -1.386812794326628, -1.5417458736657306, 4.578111590539728, -2.8771844130428135, -3.783702838807378, 2.506515005882023, -11.39317137936084, -5.441141726177273] : -0.49097035147927026
[-3.6917268430404615, 11.54389530564818, 2.0767338907559694, 1.7431877071726058, -0.29413104873170903, -11.80436034516567, -14.646136975142785, 1.0483711911852214, 4.971842720942238, 3.007412253985187, 6.499141669163942, -4.807276343697331, -3.40568232979392, -9.795874225716144, -5.561156891259717, -8.96457135863343, 0.9151805068277166, 1.1706983234077013, -1.3005118687255055, 2.906030930247237, -7.29195483030712, -5.930969629741268, -13.835086795847102, -2.2655065865319863, 5.489461419066577, -1.779275040497811, 4.302684125712242, -11.194995044208875, -12.567022745179187, -1.5128972402147594, -1.5042073391660482, -3.784996021431555] : -0.48868270353837445
[0.30807362450509546, -0.5832303177615561, 5.963835553846824, -3.179262856323846, -0.8330683763068252, -0.1754102960226689, 6.373128326109301, -0.9104792935314663, 8.58993032238428, 5.040765417667114, 11.33293479627156, 7.634417718160214, -4.9668201428870065, 3.318639082439134, 16.584392537465174, 8.905005258290819, 1.5345525329964587, 3.325329958847216, 8.43841640663665, 15.204735491439225, -2.4421049346682704, 2.2778026455546865, 9.670457036075867, -1.9481493075050014, 4.028517088200925, -4.454589052969512, -16.39986095883613, 3.26817982147032, -10.804067450717351, 18.364492451584603, -2.421571978911141, 2.8065582781340876] : -1.0
[-2.023201720018517, 12.418880333468508, -10.676953748743633, -14.968972391980849, -8.905932174611591, -2.7128029981754365, -1.1392972938602264, 11.106443943330962, 4.418737011224433, -0.022913139002481486, 0.23963836615072154, 2.977352447473714, -6.476048126250248, 0.5820080981812104, -8.000279047599728, -11.204260232900431, 13.559284924229427, 2.0004710131355647, 5.2363685320537625, 1.5044093391469369, -11.718296284683031, 0.6998431180772728, 0.13778045937467098, -12.48108761824692, -2.015041157929762, -1.2919019814676074, -2.33790690089429, -0.39901877251136186, -9.134877705395015, 12.239806366277342, 13.566480334256, 5.567933634154366] : -1.0
[-4.587702535782953, 4.478725592415027, 8.09343824556267, -18.14798102204914, 14.145133963275654, -8.918477919570241, -0.7431017142885215, -4.34546948643654, 0.173065804393989, -3.844873290107864, 3.537135257826523, -0.512690583306106, -2.903210580330194, 8.127266623550142, 5.759500104321381, 1.0225699859075803, 0.34393044197442446, -4.200620174559834, 5.851752910275052, -11.166173808316673, -5.5678138388474645, -11.734659776060452, -2.4593016124397473, -4.658804141471443, -10.43906255317315, -2.3743726870321287, -11.793846883297856, -1.7932899676761322, -4.760108533301108, 8.660725961467103, 8.961738715022426, -12.231837456338967] : -0.5001854029568759
[-3.6602468950211233, 4.636998671971847, -1.7126844397402525, 5.781492625681362, 7.88666440515928, -8.711195410433263, 2.052381665429528, -5.059912594084857, -2.3909085529746945, 12.24186388801231, -12.56604963272048, 5.991857336371287, -2.215960569078696, -4.62847925051653, -1.9199418507430515, -1.3134873253869084, 7.866660965546732, 5.117117241645988, 5.173900822172014, 7.713840303659554, -4.252086220371233, -21.100917076616554, -3.178878889478584, 2.807660397112309, -5.680453584181851, -0.3581871631185769, 0.46284355957150813, 2.429127940013866, -9.926753639964065, -5.32040448801312, -1.7559824483778121, 2.728530529271602] : -1.0
[-5.517759274788366, 11.663967741006225, -0.6648485626538057, 1.4989293411065445, -19.52391086687125, -3.3612197567436564, 1.7330245215752558, 6.611617024372798, 9.068790287455055, 0.45278339582086646, -8.72068777889434, 16.086008647661195, -1.2360072007626175, 7.670215494991357, 4.1981772887377415, 0.39684984342428015, 1.6700668251622885, 3.0717256691418253, -0.3814808939262655, -2.583716790281314, -9.296667106589247, 0.23784353788944568, -2.357676815761966, 3.9577496375067436, 9.366068985019194, 0.3086278941570204, -3.219799127187778, 3.14459497987851, -17.243459561071226, 1.9374479472514092, -0.16664474301841192, 5.56320849789582] : -1.0
[5.457045550342281, 9.225578992078617, -0.9799037869023122, 3.953765852320652, 8.405474619627814, -8.673241754403131, 5.45406792186593, 0.9723150481305742, 8.668475886556298, 4.701741541190993, -5.3624756662460955, 16.297553823977246, -8.955944468198098, 5.032848682746665, -3.3223127813288507, 5.553422868440899, 12.433954762063204, 5.327572879544618, 4.609197146461373, -0.8066221842170023, -11.05142606191865, -9.041452565893422, 4.079471348426226, 2.734774658343512, -2.3031825528888827, 1.6079911799030897, -0.06732773098662692, -1.1504533511631294, -2.370146363938324, 5.7791601841610944, 6.190477643886419, 1.3745835930499775] : -1.0
[5.743243879574971, 6.706368582807445, 1.9371203907091905, 17.718143809165177, -3.2352164308595652, -10.066516354402152, 10.00550934991127, 1.4263799473287788, 10.098481220659371, 1.6885816052152238, -8.53493793127076, 3.960013322993783, -10.500242195696103, -3.2843088212660607, 10.80184559779764, 2.8153918343673916, 2.4232837918063184, -8.1012243876256, -12.000072019037654, -15.765394804599005, -6.718841185714733, -6.431515999747581, -11.098465306714791, -7.196559592320847, -4.871269750609194, -5.889182809510114, 7.400197390464803, -9.010115949542023, -3.2670044941489147, 13.45461497065684, -1.7521420135547525, 10.02194518226051] : -1.0
[-4.1788871491788075, -2.8119736518546974, 9.47064323515126, -6.643174321959684, 5.299925277390893, -11.645896890334711, -1.8695370168234935, 6.257635592810033, 5.7280911228267035, -7.044906454185291, 2.837224455281685, 1.0137571298255463, -4.264295013152691, -5.211281287989974, -5.080800757961031, 3.748692161692991, 6.52028044309071, -0.8259738189283437, 3.888459816504506, 0.15848229077691534, 1.608842478847878, -8.758610586035715, -9.605513214117348, 9.653810304556734, -4.693320743977779, -0.7579935794061501, -3.5154261464959173, 12.040248459819706, -0.5720505240011828, -8.74919973541468, -2.6542092257690455, -8.319902285691105] : -0.4674565141851252
[1.4857400082896963, 7.722626317270845, 1.1709527972568223, 1.2386810513493074, -1.9165003466822623, -2.7211930325287725, -0.09941643596083383, -5.249124694141935, 4.484731796187374, 2.721196373917496, -7.114254475772398, -3.368561873938341, -6.973130339618331, -8.158270349059242, -4.932589145263787, 4.866371543151265, 9.2344140098377, 4.91843930144425, 5.558972129398891, -8.778031965911161, -13.384610959477186, -2.284482858152256, -8.710994942023454, -0.4830970177874055, 1.096039744513408, -9.097476768706429, -7.531437091359752, -0.05000760614066202, -2.5117703779859974, 12.464831694921237, 10.583979171927266, -5.03503995122656] : -1.0
[10.646464705013791, 11.234087169405964, -6.310510015004761, 1.5328381857061346, 2.2067462678245766, -6.334968201372456, 3.579339392900426, -6.630407352309678, 10.847891705557219, 6.9349266918873855, 4.388647658535371, 9.685755931199402, -0.583235177185438, -1.4673449736128175, 3.5483780655325488, 5.033683787191411, 2.9821261611125918, 15.576447050714973, -5.117978619823175, 10.809637202071116, -10.938246035060669, -8.31309580591884, 2.4677105736751743, 2.2564596190091812, -6.448246583612251, 8.731019679612608, -4.3288420563043415, -0.2010488835918074, -4.792484544676671, -6.369825117762224, 2.236877010258141, 5.447161167166566] : -1.0
[-0.022963451270364477, 11.27478419538404, 6.421954333229046, -5.179241519046935, 9.305438498150718, 4.960758400301585, 7.512319987214118, 2.6292442178622024, -15.335732392827348, -3.0229811995699998, 4.076200810708467, 5.046594843804269, -5.488787983297371, -1.0892756424330667, -1.5107318744109235, -11.577391214386186, -2.8748397389748215, 5.360845388870267, 7.522306196963883, 12.210886775036318, -2.16966949495468, -8.378237142582897, 3.0974281411017133, -4.121873526687108, 6.078643675791502, -1.1227296553124493, -7.802132360535964, -11.61287313326327, -3.8066098028115984, 6.844307055328404, 3.808686276286415, 9.610412053242523] : -0.44840843027288263
[-0.49473577289873916, 20.112048288594842, 3.1344649386386103, -6.791280334213202, -7.398193505286334, -2.275656795369561, 7.2655267935123895, -0.768115467324324, 3.4561903428839553, 16.64747925381868, 3.1793997405950156, 7.396223618376664, -9.286373981085635, 11.382846875082295, -7.170477143871761, 3.029284000214176, 4.97396962960682, 8.768440600667152, -4.643218732084722, 4.941989776315465, -6.874439554439239, -9.68759771913409, -4.871034892179025, -0.36250046718072954, -0.8705111427825998, 5.369845937882468, 1.5998522011793437, 4.445492535028472, -8.935257407951706, 1.1844212665925142, -5.409001882252875, -1.494359478521659] : -1.0
[15.79710582141172, 15.325750587120343, -3.751731791933787, 36.093322720260694, 7.685858275871749, -24.023541660805552, 20.13838902398851, -3.7952698434063525, 15.535284150725534, 10.195803630038254, -9.073978584764733, 10.807435652210511, -13.529994790309992, -20.091378847314253, 15.847105464192541, -4.084737576622692, 7.935589924176969, 18.007467795112937, -11.346390339390485, 15.403088461983124, -17.671559692430336, -7.454692810350054, -4.513314969059058, 5.337293630328596, 7.879886055570144, 0.3787636635768714, -16.29357922863496, 22.49867014813071, -4.665571516661248, 22.377430959637024, -4.108851617206346, 18.16001235909994] : -1.0
[2.600452631536175, 12.477083073661124, -4.5570270846622485, -9.54759113953649, 5.472528414200171, -6.024047901904228, 6.7933379706218915, -0.53241502939983, 5.328222394583674, 21.55977572580541, -4.9452860952866695, 10.765696509150935, -6.9588799644645, 6.904723031223805, 11.696184256974501, -5.913904554558156, 5.456875235518236, 15.17522786934723, -3.6421892254188526, 15.696635419451091, 2.575126245878004, -15.741075781245602, -0.7822450642909549, 3.4200018756175323, -3.405204511061738, 18.645571132177103, 5.329048800025429, 3.1876624144023973, -21.968956876626855, 9.999267430484071, -7.725123993748927, 21.926241210757983] : -1.0
[-13.704073557420653, 0.7581713878378951, 9.978194866702802, 5.361815043099648, -15.31086824426708, 4.400301448273428, 6.785820629917672, 14.804792593011452, 8.181038909437437, 2.600464018606451, -2.3441087033432595, 18.5580957289584, -10.839085819607284, -5.859233340678072, -2.5965590054348286, 0.8054732411184047, -14.544852619429824, 9.295926330323953, 15.985519924919942, 8.454980852610326, -4.709545713920522, -20.007148306104607, 4.097294600746382, 11.73080347289142, 25.412813439214197, -31.950292004410656, 5.233211217707716, 7.840351001623163, 2.661110691992043, 17.305394461415556, 2.82452631933085, 4.066275439782309] : -1.0
[9.458694602249892, 3.4842151156970305, -13.591732197107033, -7.524234289490527, 3.8658038178764267, -4.932876653694487, 19.664609307529048, -3.544894136384474, 4.988942700066413, 2.8641247954011875, 35.45483509702564, 10.912905326015306, -16.258622066902284, -7.142515131473737, 29.60742271758966, 6.694001744257696, 9.719645041823977, -9.12826222210732, 7.3298322524277655, 16.34043536381751, -28.307397472350083, -1.0750847270124142, 19.866116293889522, -10.105451377706746, 8.615436178622238, 25.311555297591582, -3.7544077192709486, -6.474286447696343, -12.789315659266139, 1.4157408159469682, 4.650080469470375, -9.732135177268109] : -1.0
[-22.693620589603107, -10.107819921060367, 11.16670897982168, -9.300822454330662, -6.6081231921113925, 11.531207894853441, 8.795447292522379, 4.239780601446383, 10.918130913620029, 3.8637605470411382, -3.0163938178163385, 6.779306360306216, -0.322303980910581, 7.522146000645623, -13.630903429041094, -23.055768010718445, 5.157203624550444, -15.970519395894277, 4.509929184928855, 5.126472810547146, -10.290738008191582, 6.539295022261912, 10.851523145171273, 15.824911841496164, -3.2221549643260077, 19.42944775892162, 10.950298919935966, 7.940601049032764, 15.122393131871116, 10.808787351592015, -9.370600137217997, 11.388385579733315] : -1.0
[-19.855974046698098, 4.771877332380135, -0.9996973335231498, -8.10347535847103, 1.8627023532328364, -6.566457772914653, -7.134186614601193, -5.179685127952068, 27.443379860758228, -22.14415061660518, 4.593716116520497, -2.7763841993765457, -3.857686611195929, 6.000242870384709, -1.9883848231689338, -0.5687782406460373, 11.98436386991402, -16.48621907821523, -1.320827551398331, 0.12810306782809278, -26.97115694286158, -10.627366586212775, 11.786265518107642, 16.578231337389777, -2.740471853581252, 0.5269895704107328, 1.9015865570558859, -9.50095136737711, -5.161106982594621, 15.430489261203537, 14.935991515285503, 11.987549641644524] : -1.0
[11.85336049279538, 6.826788257726418, 7.335056371548529, -8.132981242228086, -5.23432635710777, -11.725029046549206, -4.413272147976066, -7.872267666125746, 21.786472905609564, -6.448863523154001, -5.857174200730224, 22.335702166791336, -18.819789513852648, 5.481688498037608, 7.4227390289146555, 13.520220597768972, 0.15353280377482914, -1.8038764649055046, 18.0011129904779, 6.490740484819204, -6.712232368445629, -2.9668810071335363, -2.1270712415645323, -10.380172349719022, -9.177477175145022, 4.226583216044889, -6.098184657688353, 6.862261945994206, -17.05030262790238, 13.682433278319255, 17.44030641894745, -2.1490307692741086] : -1.0
[-4.857835579851829, -5.962429462936944, -4.690345353544189, 8.89751330000553, 7.490294136432781, 5.748104709998037, 11.788489844275059, 21.26039213004864, 12.65745820367602, -7.3358902850103895, 8.447883683120713, 24.147660527157974, -15.896690929687473, 6.078374146143307, -9.060303669025167, 6.934131401912705, 5.659112269500181, 10.06640691272421, 35.24388839699573, 19.596480739964665, -10.800694134218837, -15.267836565411736, 23.123263833118127, -4.712359823742611, -3.98023190604352, -17.11752161060819, 4.312785090961253, -2.161918346816602, 7.426962675242185, 4.932428042852427, -4.580845959908553, 0.6917954821527035] : -1.0
[13.935500971091184, 15.91126142149687, 0.5116692587548671, -4.367878875862073, -12.5877062969873, -8.045021758783857, 8.621853413004823, 18.868725518266412, -4.419248179197696, 12.380928759539282, -5.782230630342114, 15.190011486402707, -25.05474798369164, -10.77294135529431, 33.611798991025616, 8.527690792542241, 4.9913011062205115, 20.286843286763343, 2.9303672532127756, -3.119849490164584, -3.342261090673219, -26.62926291907017, -10.274294570228964, 7.518341102914204, 7.447953440983108, -16.591737118193443, 3.157673680520684, 1.0053559411181707, -22.43115165278693, -1.5945209526705746, 3.8223174556685438, 3.5174915415833783] : -0.48016088659113104
[-5.601171566878895, 1.5687494271422384, -2.1042370561025403, -7.377849693743627, -1.1235316668278839, -7.439311374832699, -9.634611199455536, -5.722677681271968, 28.36740086729649, 19.919414928391145, -0.23588086654440182, 0.6325092862352326, -9.962972564711894, 15.346806102686482, 5.182211690922312, 10.706486566952652, 22.523988280450155, -4.345132146007508, 20.64928112893652, 21.676114127326386, -16.940948591033617, 0.3488013923001785, 16.16909425106899, 0.2734310353673881, 0.8156825393080175, 3.751954128485539, -1.0933248581350883, 8.778083320306084, -6.254894519695062, 6.96211785633008, 9.253348894109077, 5.3374421462118455] : -1.0
[-9.25235541294283, 17.018723925305032, -8.30974593122146, 19.493606492280065, 5.618317413666358, 5.738342158505125, 0.9874611076533353, -11.63829368186304, 11.06969687253127, -13.696369522602437, -9.889784457322794, 5.7835043208764105, 2.589702083131603, 6.826708552577502, -2.5064131827873544, -11.2804901410532, 30.442219428369263, -1.218094569754149, -2.8443740650410856, 5.931218455980743, 1.785613881847845, 15.495808141832613, 18.058057084722968, -8.5632943385134, -6.687651289574301, 0.4779644495738533, -4.156660074557579, 1.2755822029640702, -10.788621385460905, 5.335823556546302, 11.317234670436301, 6.467796296423915] : -1.0
[-7.065481205609174, 14.338400681803233, 8.319372037534235, -6.847600539503352, 11.015252964473248, -10.251364824520271, 2.8871017958196084, 10.767197887009301, 12.518470002744401, 27.48601220601308, -0.5949150484683491, -2.017661627288099, -0.5807061379400622, -16.78374151372764, 7.82834268989105, -8.961570517648369, 12.912267455054717, 5.419465278513981, -4.564348520553186, 5.881358023396844, 15.474717771836438, -2.7800646549845274, -7.731405164859591, 9.012676616183917, -11.880423373162827, 25.433386448412044, -13.899485704674895, 0.08460526783519762, -12.717324690594314, 4.197049051765665, 1.8898589824593177, -0.20319783434429217] : -1.0
[-5.714537880568241, 9.35914604368155, 4.841705716604483, 14.431562386163725, -6.52622537639183, -2.5578226813710656, 2.245242755844294, -6.644053200217767, 11.19577655478901, 22.73241111975998, -1.4098163394713557, 7.617420542490135, -7.3965662791208455, 10.739372277363268, 17.741219543456882, -6.707964650303142, -1.36530173989272, 1.3963577370829425, 6.248604314586697, 7.885570971779272, -8.365904339541048, 11.1986148106566, 3.8374175134532793, -1.3732465801309783, 16.13999319616551, -10.861048306388293, -5.404652060008859, 3.650048349383945, -3.7212235290406026, 15.96437036829209, -7.560401077085878, -2.435062594850581] : -1.0
[-5.293176104752052, -3.093791688707345, -0.6364257308995893, -5.51640949064376, 13.289004902245942, -10.190109762279402, 9.732590911933537, -16.836563390193266, -21.020139376178797, 34.81477375099792, -11.869208271437792, 6.948795006027167, -11.171959070349041, -17.8661471735119, 1.6334729382517263, -7.444023623745938, -7.879159629151381, 5.112699759686378, -18.00463028710528, 11.491149319048047, -0.1964238044604132, -2.658336943718772, 15.555280729465425, 0.36267050474203844, -3.9438008524070662, -1.9528097901796706, -11.122319651895822, 8.596088122261454, -13.894634590101543, 17.400837616689877, -6.517469310443664, -1.2621938150017296] : -1.0
[6.576680157919878, 17.37447369363648, -10.939881490807036, -8.587853971352539, -15.406646764884211, -33.04777988933373, 34.85915278925535, -5.4895352057443745, -3.839930216942916, 31.133513051328393, 13.288369483220992, -12.256971619331146, -4.445620078459344, 11.754810353329638, 7.272423967923833, 10.940745194029478, -5.439502327271022, -1.0215632689935799, 1.0059527386673284, 19.848215371762212, -18.952769061498728, 20.914741862633363, 8.56240805289794, 35.96512884243403, 29.0532704234492, 42.10813055328066, -15.09076779149512, 3.151774315434362, 16.424094186625776, -5.15578570325262, -3.779742190723734, 40.30334853571618] : -1.0
[-1.526917627090571, 19.26186900877726, 14.862859453477197, 25.861709994210806, -3.593665570324281, 13.063568570535628, 17.802173253372, -6.6228199103175935, 18.182821670703515, 42.20853410835684, 9.62096921206562, 7.159165565729966, -49.352269682764835, -14.99429002967894, 34.590663228047184, 6.043135775143253, 13.978264673339462, 33.81653420516486, -9.854465120810953, 17.032826859335078, -6.121549693757387, 16.050888950480505, -50.33058409658726, 1.734501651696379, -29.283816828806874, 0.4320974912832556, -4.5295062285877465, 3.5842412902254015, -11.473914353784686, 17.63952850365805, -12.627830292457233, -10.845993919005677] : -1.0
[-33.302329233882645, 3.7801352506727035, 7.929726763644313, 6.289526007336805, -14.933970722929395, 9.665112879339398, 2.8634584829219527, -3.304252310776049, -23.06262735129566, 16.79188776631189, 4.28195515919898, 17.645573118162215, -17.86622776375075, -18.819730439796732, 24.275771721000073, 18.47292667451355, 25.975633064992383, -15.279744880629806, 14.15778581215647, 24.860377601438074, 0.4871620179574858, -14.01802535777796, 1.7567332349180844, 47.8507839087254, 24.396625308856322, -14.983256759946638, 2.7735726175770115, 3.7427297206334993, 3.1024246447694557, 15.004282153900089, 7.506616738768766, -12.094284235354708] : -1.0
[11.319319577732866, 12.865767834627231, 12.37471511734041, 29.878190571384216, -13.142551404466193, 5.647420930437107, 24.590914823999547, 19.609288982771247, 34.09697341050088, 4.493714651183648, -12.380398641530407, 24.894189984102, 6.79956468761085, -45.524244022349265, 8.623455865024651, -37.78857572108513, 0.7862393862364079, 20.826286528691476, -8.086080302075137, 14.031452567503012, -1.7531112309838761, -15.68764935626766, 40.70877072182407, 18.220376091736043, -4.50451314025208, -6.112567394156958, -25.46373992997903, -19.813384367916477, -21.452214011164994, 1.52581849491796, -16.640406821751913, 14.961478999512172] : -1.0
[3.009559593056862, 14.481891765361954, -13.441108356562491, 3.8032153569825837, 13.680672427532155, -0.6740073059842864, 6.927357845171731, -7.818579946395719, 24.402328575619155, -7.82036488313347, -21.55630293894412, -8.665751890758887, 10.396504304609977, -3.9871956985925334, 7.776095349232475, 10.575863708397293, 5.426872882765758, -0.08216819502241535, -14.438575274460698, 7.913359879803049, -14.680235614190487, -26.524538782797343, 9.659604780003015, -49.945230407863534, 22.55604707645162, 8.124852310501176, -0.497824778100854, 11.834315645725164, -14.20584308255362, -6.689217867458906, -15.07628220530293, 27.715228178480256] : -1.0
[-36.50610044163679, 7.480803417447717, 26.20058567015836, 14.386036768392973, 0.9655931858126087, 3.311436216774192, -18.245901410692795, 19.758037786526412, 42.451435265522946, 4.720950664991376, 33.10437072013402, -21.42719600330922, 6.933686273973869, -3.510229620953499, 26.090431076454216, -27.027968320414285, 15.365215103255217, -1.9347815782527302, -35.116857624704025, 15.232141188928162, -22.08390452512866, 6.96110184329053, -5.2653687021713855, -13.231071393220917, -22.346568373153858, -2.2621185996362723, -3.0731123118015016, -7.013468149589068, -0.2427593000666599, -17.769857539368843, -40.47503049801785, 26.694251125720385] : -1.0
[11.645796584924113, 1.6511038341793869, -12.34164957991547, 30.75083656141085, 10.734617514547105, -38.09927654481729, 12.117411206784645, 8.474944174876708, 22.32920599029017, 5.927478558443035, -14.579577952229002, 26.53860624658767, 1.0790351251329842, -27.247928132605217, 23.29001990001214, 30.2500002812543, -8.159153336537038, 3.607805910431378, 43.031939293658745, -9.05330696120813, -19.618515090893307, -34.577193334380986, -17.43725793885585, 28.387325086361585, -7.509288816847996, 12.819771674790784, -14.233403251416242, 30.2688184473891, -29.47861336218426, 14.311007335627242, -0.31831538876832477, 11.904069158200183] : -1.0
[-1.0540603269792794, 12.291170171600186, 3.986136135287496, -0.9820078231613412, 20.184750102963115, -39.79315699332948, 28.672696272236607, -0.9451056904314049, -9.315044364653234, 10.502746451526034, -15.669792874840473, -4.864036036538305, -17.53891433312951, 10.844216946862016, 30.827452109234173, 17.857185049441235, 28.30760976704751, 22.080281943635484, 31.842068688156424, -14.820983974862482, -2.9824791355383944, -16.92275550310565, 17.646419788711505, 8.608539594349585, 28.154676841860585, -16.123123337950574, -1.9001576382019723, 9.615648059511736, 0.7274292070750095, 37.91670135282036, 3.5529882707738794, -0.24888911119550094] : -1.0
[34.00453930327004, 20.52912087371228, -8.623660461250697, 15.64686546039698, 18.30271639522789, 17.110843382274602, 23.562709989740583, 37.85022736368171, 29.37898594061378, 12.792251760309941, -9.421795511856931, 14.4737428699733, -16.59479016987916, -15.023761986663459, 24.35985463794831, 22.377618030477326, -48.00155798448658, 7.31681416647297, 5.769592350623487, -26.88531610712067, -38.62729630711311, -5.090743121176764, -9.799490692076123, 24.679473412053028, -1.642354662744311, -14.00041805575437, -1.350571950789609, 10.42448514979322, 15.425299264979678, 26.78599141080612, -5.4181521191916575, 9.283646901730119] : -1.0
[-17.076736228786647, 30.377311613449052, -3.493868444814798, -20.124348065567084, -14.430587795092583, 3.377583823965674, 3.7074949663628267, 33.22221114664905, 10.609116153373318, 0.7192238380733329, -6.151864610225154, 1.9713106941491727, -16.043295063420548, 8.283256187190563, 17.81724168065986, -17.273985164547735, -14.06010173529608, -14.994448583750632, 16.235998343610635, 20.38852121174039, 0.38655623402768313, 18.681875604655637, -10.455813864204966, -8.083152444778175, -9.15898597009171, 15.772870299496761, 3.0486182088760625, 25.206777500175978, -18.38100018724502, 33.6714056906061, -2.7219261667727093, 16.440912570409807] : -1.0
[17.942510298104615, -4.666709553648461, -10.795020472645767, 34.326546282582754, 57.56939058580494, 3.45113284762634, -15.329174103662039, -6.756350255492682, 1.8201512143219158, 7.951131217913344, 13.53540509488607, 13.448452156786502, -2.667454652302361, 0.7863837865651231, -3.4863655688197888, 0.8473776753304634, 28.832937033095632, -35.29009990788788, -0.49577606506911337, 8.08710493921335, -6.759756694798636, -10.846405881742095, 4.37474757022453, -5.657833053989592, -26.723544211226038, 36.10312413241958, -6.771209502067967, 26.128874266425278, 31.09231413324174, -19.74473249222345, -50.84968482114627, 7.610502067375108] : -1.0
[1.4866033747008967, 21.930405120092505, -12.108589922754119, 4.421948304873413, 4.476825129605927, -15.902419036124751, -1.771974459830819, -27.28143194067764, -4.897584661055612, 21.024414912165113, 22.570431379880752, 21.363839296396517, -26.302362790718917, -0.79642005174279, 26.44523888492997, -11.269813983972767, -11.297587125691148, -6.852050831041861, -5.962704460887458, 9.525128463308963, -10.053496535471341, 19.33966983410165, -0.16288218275821942, 34.69109705593474, -18.356495981342785, 13.77134055476685, 34.16368025565571, 30.33573060371493, 2.286493718666036, 8.797131679985787, 15.442484389995446, -11.913814757536196] : -1.0
[9.501987952331604, 41.62316021155697, 8.43208833835421, 22.07102781154142, 10.71462338363492, -10.70275736200595, 16.760519267704407, 28.528741298558014, -14.278059095251601, -4.343136240300442, -11.967528790518772, 42.501721606709346, -16.694318517447137, -20.473013080195965, 37.89220830900382, -13.89852202635868, 20.079928394921037, 2.873469337388557, 24.61822559395175, 17.71715779049658, -15.987265870528287, -12.178423573160426, 21.615386035473872, 18.438854067116573, 37.99401524544579, 4.000425753189804, 6.115362289973424, 22.600878045462892, -1.3245538221572213, 31.2273042296393, 9.895250676594735, 42.45109730035864] : -1.0
[-0.6602025339280395, 18.774436885858414, 26.02309623788222, -1.8409014263899817, 22.52452698718047, -10.315964917872673, 5.35090055664243, 12.263396146289418, 21.379131649109127, 37.5398543485038, 4.383188149625421, 1.938341440039185, -5.6462035456509385, -28.2713982345276, 6.3064664397167665, -1.754750370103444, 11.222528728404662, 20.688721764369422, -0.5625709052415294, 19.23716131364702, 26.48854352714205, -18.815011649537553, 0.29991712391794056, -1.1342776221922533, 35.27849695094522, -7.653911707589565, -8.28930957282855, 37.140055222486595, -11.171928515007039, 4.983460583930773, -23.100808664259194, 17.83501038971661] : -1.0
[-40.943708851261086, -13.561074439945184, -0.7063761760657497, -28.855063428584007, -1.7859491966015018, -27.36668083834553, 2.353280674660141, 23.723636510294938, 24.605770402507353, 41.16835776634567, 26.427970845499722, -5.4925692576015415, -2.1776562622663516, 25.972278893991916, -20.22806187093102, 38.09322452696253, 26.612655486322346, 59.55563574540445, -12.867126137591782, 59.285221280719, 13.631992935992482, 30.047020302463473, 7.208263299696425, -10.984631818330087, -42.126700462837384, 11.255194114959501, -37.34370303004211, -32.56100609723968, -10.883864366211501, 47.09066108126598, 11.921483667230927, 76.57860597625596] : -1.0
[41.08683492642238, -20.31620192001421, 0.7407914958009634, -2.5581319340728186, -23.631100452789596, -49.28590252390312, 62.43476936837834, 31.298541626190083, 54.49208549464939, 9.837097744889258, 25.661805354904494, 35.44249927640841, 39.4118066979605, 6.41784668332472, -27.78697689969564, 4.283645283951335, -5.141862858934575, 17.9851989341553, -14.974498937584666, 24.86067420705442, -28.896183468946194, -12.681162886951567, 15.08076497900207, -18.724946479934683, 21.38066138653102, 2.1773273001236078, -12.056565891526267, -6.052835621965997, 31.83119990574828, 25.750385752062382, -2.6261432124426705, -20.102513399294025] : -1.0
[-38.54431777387647, 17.587040505489654, -7.084190084889235, 36.68665389795029, 36.37490130152888, -30.730740823635706, 3.435467944563154, -24.77400107605687, 32.55024955941559, 11.375223025706681, 15.690857266033028, 7.890296527169731, -63.80755606159849, 19.544148507327684, 7.601705137285352, 0.23003560091946262, 33.76260255505278, -1.618878247613285, 15.203218819106477, 13.547592953786207, -33.29693052837689, 17.280793975632594, 22.59394728395681, 62.79730421318381, -31.485876099198997, 47.420382919512434, -29.997614680183112, 8.51900493629921, 7.136300606584414, 6.462595384944619, 5.582470482115562, 67.26912812111507] : -1.0
[-22.062607896508347, -8.33422387631489, 23.596558699623888, -5.886253548166007, 5.9901156411195995, 3.4683002492297756, 42.98128831450872, -9.296423691557274, 32.32873997835341, 16.224619801711437, -26.393938306081473, 10.75681602741861, -8.580933189161524, 0.25597355403336763, 22.910566944266936, -5.652155146011836, 0.13693229493396952, 10.009674041056186, 10.961732787665227, 31.365664862360322, -19.491368244618815, 39.60355330395675, 3.220703015542184, -9.65158113337084, 25.87984289267627, 7.625351512354325, -14.157266660416827, 19.840815206226907, 45.36376664851658, 8.632182980629636, 29.092264328697496, 33.47035702238345] : -1.0
[-22.170831287227955, 36.28733032080245, 16.11082889765913, -10.27044151790544, 15.17995823772672, -9.123755860929263, 0.2530312484799708, -3.801365348282784, 23.38495643644176, 17.933926917497846, 16.605633127562477, -29.40730656606992, -48.18070839262539, -17.779354586127088, 28.401799322819773, 10.681217039076195, 13.123575014913683, 2.5122915034800606, -48.4684956630831, 32.20572848796081, 11.160982801683598, 25.294378026587218, -6.916744889049689, 16.089526810798652, 0.9820152446053863, -24.618390858709716, -21.381751824101233, 15.161289330331734, -26.316043334312365, -24.202736471673045, -12.08009704210454, 14.038361689404816] : -1.0
[13.389373998479522, 9.848315433839767, 26.64265107575382, -8.640579050304186, -28.608713306082567, 49.35007568655783, -19.596666428559466, -26.70595603253371, 3.996295381983819, -15.983033534562118, 2.4189079312354886, -5.004762814432315, 18.241904196240473, -15.508114839511608, 24.39311095886013, -15.854858855299838, 53.80754484940248, -51.007968685195884, -17.404906578868992, 43.74108200937628, 1.505170618051391, -8.78183570995668, -26.67107754551263, -13.216314879917917, 6.330492023560902, 37.06631451371564, 37.480783488717016, -3.8397040285875197, 31.597753100762045, -18.671624065860975, -31.778352308745482, 4.386369121669706] : -1.0
[8.110470681652433, 8.489523603288562, 41.02827659771652, 15.836708543711902, 12.34448138140899, -31.193552325797903, 3.773288197656125, -1.9107849250839286, -8.829495608822665, 20.74198556863637, 19.971938622868503, -63.32967189777884, 4.676871328730762, -17.741186445373096, 44.70391627446003, 46.15283459053184, 22.40478322115837, 36.62945982606649, 10.718604005771544, -9.53490021657987, 11.489798048263825, 22.10972897876534, -10.25758612969735, 62.12096272996179, -9.356598815392505, 2.692147730603244, 46.59826007449427, 19.842516458099965, -4.9838090529866514, 42.20167591977577, -16.883387552709433, 24.583786175888612] : -1.0
[-9.137896045470992, -10.568514215526172, 31.218996638790358, 3.736194755118439, -29.18709224796757, -4.8586339070113045, -11.488110947480571, -4.033219189817127, -25.411625214650098, 35.466689278787925, 22.869528258300946, -23.09427139598435, -17.144786061256557, 7.958430358443362, 34.266667735912876, 57.61855712919326, 3.953536467074857, -0.8657829400348422, -11.807330253714271, 43.285609307570525, -82.56655633721836, -11.27530981536763, -10.257036957032742, -5.590379287912839, 5.245290701843718, -22.9720023500073, -15.090028396768995, -22.25605647545115, -6.124685918150533, -0.26398366982076116, -24.76687723383766, -9.361554262076094] : -1.0
[-15.791413975175125, -29.133860400957772, 1.951014965420958, -39.0736577353759, -36.013404091364436, -18.074987586355615, 45.06570127938045, 4.602465933361394, -5.582983960110185, 34.38040903903807, -13.694796706987443, 41.47491183620462, -3.848709196494088, -22.61122773623656, 18.71433325873099, -22.843835843054848, 9.534637209285759, -7.290355954671492, 4.043173183146887, 19.114982713181156, 18.669247160447004, -15.505482190987339, 30.34202959972305, 17.670458990074074, 10.467960467820381, 24.02645239851062, 20.94366688502118, 22.743299987553343, 8.094133547302881, -34.84530145227202, 6.3846687082809765, -8.482131670907147] : -1.0
[-15.308137317781881, 29.334057756579924, -3.0618745291616007, -23.23926241289507, 2.9172323040333286, 9.059413264944672, 27.650760327698777, 1.1351406698786843, -27.414610216145125, 53.78414931372858, 31.076972887863754, 24.282741507440527, -17.09738144994737, -35.156547441347115, 22.541120129719975, -39.227778381804704, 12.168663926753299, 13.887852214609403, 19.560102519640843, -6.122334804781076, -33.648185575178346, -13.192646292705808, 11.449585857762404, -6.275379560678818, 2.6030234147237037, -15.60279831548081, 12.368027169821685, 16.054290146501355, 10.92702645514105, 32.11938508488575, 24.6606570807338, 47.83667046969731] : -1.0
[30.61988986702712, 15.399195703804077, -48.77847942271487, -9.713263591563635, -35.37296799626401, -2.963425145328839, 25.74109981255589, -50.59623111722132, 3.458590653461958, -2.6450956143415674, 10.489792389011846, 13.858328440340667, 10.477682809641578, -27.87068358430036, 68.17485353834279, 4.292244659692906, 0.42358311077055255, 14.90113831459935, 12.09380838472182, -20.453038487766516, -12.96451912014581, 77.23518478094027, 8.124851820218515, 26.71126931678683, -3.7802177131373105, 52.2961678762562, 3.1052311048855152, -1.5429131638232318, -16.796653921960868, -21.196390133655104, -18.85890065211295, 53.253686786802206] : -1.0
[2.437011229485867, -19.17148577885201, -4.500200051190458, -0.6571499194487842, -45.99280461683696, 26.896709045832118, -4.387376240709841, -36.90988563489019, -12.977985800572963, 57.162504660858204, 9.461320005061108, 31.14689761955855, -58.03868643713879, -20.874273907500783, 13.150044426045985, 12.149307645268937, 10.664952040241175, -26.3130970931133, 35.555424336712406, 0.45331496052967424, -21.279560850460342, -12.088168010480997, -82.98117266107649, 4.563504180670767, 10.997457296480983, 40.69247311037295, 16.454925283426164, -0.8184892996839745, -45.39741996714236, -2.0676106891326436, -21.798813657475307, -23.22396592335381] : -1.0
[-16.630236248869906, 25.242065721967496, -12.00719546895388, -39.43689579841846, 38.063006966838785, 3.034253336979498, 40.67598065761936, 6.268284592728026, 11.45519704959382, 53.854158576098335, -30.062074084244863, 44.16745632002605, 25.78788842957489, -12.811063308895164, 34.985107216397026, 12.310949717457705, -1.7210005791391367, 22.97541315404153, 30.286929977174218, 27.247263074507202, -30.238559143617255, -5.870460649113182, -14.254783839984485, -31.653304950881985, 14.608957126944206, -8.846012227343524, -31.800188171093033, -2.388583974548796, 10.907531198468813, 35.48546989933971, 32.38999771257266, 26.58243344347966] : -1.0
[-16.286353965642967, 36.83061657428853, 4.323742931847267, 2.0079774816739286, -9.95029650648804, -26.833549793525144, 69.49770659654149, 9.138851371301232, 15.483442494076666, 19.07682395910312, -16.511071966162447, -5.970981613224465, -40.93607098404725, 8.457988368926618, 23.769816422866146, 7.138923610031766, -15.290747107256673, 41.33130381038603, 71.08732170108537, -1.508095234956734, -19.329629507374914, 35.1393280529269, 17.783429003918307, 5.99854995001637, -29.21422057914058, 49.72346128964884, -45.53197286687309, -10.005212381548905, -8.358895022563997, -0.3774747746627769, 38.248337923865506, -34.137855496003475] : -1.0
[-49.49275884377849, 132.434928550518, -18.41811738206622, 37.918031855416565, -43.63670052466767, -48.94112064053296, 2.1102816468232106, -21.51831809614741, 25.380067551911864, -19.518839498316137, 37.16810977541798, 5.487610666635928, 4.114559691766887, -2.0777590866909907, 46.36526160051805, -18.69173691595734, 43.111348149068945, -6.067492819273028, -81.79288439373498, 75.39703966575792, -47.24065148386241, 9.06699563705527, -1.2009165102848778, -2.1903178185235257, 10.663689697269135, 56.02425775318926, 43.66303972771989, -81.68489732867921, -18.61379972166126, -28.422603611454484, -25.685988587964236, 25.532791254491563] : -1.0
[45.96120922094704, 66.00372545123659, -48.412799897879715, -102.21643029937667, 1.5905130668220144, 48.12024362329313, 46.858144152931644, 15.405043587211456, 2.8369038475460115, 74.66739900202417, 12.885187460811158, 21.82329953683397, 44.6155007868339, -18.692664123238707, 28.65147164794922, -11.394246417527338, -3.327546494098879, 15.416478583681156, 54.78779890942647, 61.6343098178348, -40.518045037963574, 84.57293527396318, -7.6464387865614745, -25.477948645701904, -7.5228688785241005, 101.84209369157, -3.1057961945492245, 18.451682851882616, 26.379585989873725, 66.70321468204727, 10.269215515094048, 69.8083349848096] : -1.0
[-61.832533477619286, -22.84751343715824, -50.407264787854345, 17.128247750423846, 9.97867334493918, -61.68110849353677, 64.86548674335761, -47.19370843528731, -14.86093117729466, -35.75860604345672, -18.747306885539732, 24.012098761506394, -37.103846426921905, -52.9243469209911, 53.8543205968311, 53.816183226516486, 13.707623938986941, -31.810533705741918, 51.481179567454916, -5.2782197223893945, -24.24063204939198, 27.830388340135784, -8.78527911535074, 45.22025090825698, 14.866955226519472, 28.771014053876115, -35.64501595413372, -1.3612056449952137, 19.09200870068325, 15.062587684557148, 26.140863243719892, 92.42813175132252] : -1.0
[13.730310222591527, -34.52316529884615, 35.64315260717353, 0.8681370148874734, -72.92208627315628, -26.690021262746278, 8.883684679240005, 24.581362061200675, 118.2082140321893, 45.66495072562904, 60.567228104048596, -76.9028532288428, 5.55189353176786, 29.665350449548775, -61.338829196090295, 40.635531323905084, 62.56948679523416, 52.60653290620004, 68.4837688616494, 73.8743492981861, -8.06830271036923, -15.474468819438833, -81.43749425830353, -19.163029410158032, -55.341476464924824, -32.27390624091559, 12.249574508528209, -49.52543549092853, -76.26406454529358, 32.624918766383026, -18.877568229519678, 34.909213451728675] : -1.0
[-9.84124768201627, 12.477073341665166, 31.035789478216255, 57.070651222981326, -30.6952475723457, -77.71772907272992, 44.03501715587109, -30.666617342644827, 43.980093632983476, 32.669189193156924, -18.612124200263235, 22.175461110866706, -54.99941838284119, 43.08945385145614, 45.66273280337232, -17.531972467875764, 9.059758393497567, -10.854026286960995, -1.0290350616823662, 55.57304387721754, -16.242645181279325, 21.98191773804966, 12.116191378795797, 36.94279812440884, -1.666705595631763, 76.28460603707848, -4.891255130367252, -5.554836912363099, -47.50095013308459, -9.388932820333679, 1.4954540072925524, -4.752125824317488] : -1.0
[1.1569420664005303, -3.971158770831954, 27.37934201928295, -63.04078920966518, 22.38426881942391, 27.021713917333358, 67.60023259780812, -15.252058634989746, -64.73191425048687, 83.53747778667542, 40.42224530240077, 62.440757219614326, -45.68186591615294, -34.84205062261783, 70.93347129780223, -27.037117288325096, 23.876479418601924, 16.286669694391712, -29.46404298809191, 14.260156248330183, 21.734659978614218, -43.80336784323531, 42.564216834450775, 48.062367634343694, -37.29625075970857, 10.314070987709854, 85.07394891297146, -65.01328203791195, 22.027390231240688, -54.92815145424294, -48.10386804500351, 20.575229875698657] : -1.0
[16.5963556172968, -3.2414337301604816, -47.964819840810776, 3.5793500355090355, -1.911059443308785, -1.952416954484761, 102.21843721783605, -21.332845753674718, 7.463438883327601, -34.989748558504246, 62.41969403123946, -29.26089428854454, 42.4145052717808, 15.35778284728453, -52.28567833642144, -68.40457064263863, 58.56317362768489, 38.24466154263071, -70.37288132621617, 48.20752235607013, -5.941953406234619, 9.410960734236287, 14.202296155519354, 28.51839567253191, -23.928028786154677, 36.0708349532524, -6.284128162574444, -38.25271233414788, -45.62634288395386, 0.2875068674917429, -31.646757786992694, 145.36002074061918] : -1.0
[-48.38653541011787, 12.04989555664711, -34.93393749489888, 19.876994325140387, -23.26927715651841, -2.2840617513412305, -5.607122043408189, -12.050513177247312, -24.9534799155214, 30.421496032779217, 64.46584072054037, 53.84496173634152, -45.710176267847416, -71.76565924364951, -7.476684574693768, 56.35192220796846, -47.4094295398622, -17.397143968118563, -23.154484832588945, 31.385239335120943, -20.14665161819277, 3.5505420032730513, 13.601547429908777, -51.12458774420891, -51.49171673516704, 77.62473122485264, 0.9159925876884074, -83.88725504622293, -30.472320525618223, 30.229908682349627, 95.65986173574385, -17.80820258492141] : -1.0
[-5.792416413912461, -42.642015436501545, -23.225110387512437, -22.66414876821903, -38.15657045739683, -21.086924203290682, 30.580560650837118, 42.44928732682722, 29.404924142897194, 51.513191348661636, -106.9394129312624, -6.1760618934567075, 23.991537935986628, 59.804784229795935, -34.88616835869506, 41.10956737073278, 50.284519392481904, 4.223234201396416, -4.124823477874574, 51.07033545360298, 46.04793200889864, -0.7130042182561667, 47.60481087101619, 21.28481363457293, -104.13709703166379, -61.574570878661795, 2.157356094378443, -43.3725884081796, 76.71625985536, 8.209693319940548, 60.71013409741254, 1.1311716451231746] : -1.0
[-76.51742151237917, 62.35616600428724, -29.61302393029282, -11.533173690887917, -68.75110743385268, 41.15691972580965, 85.77329224884622, 1.8102877985262786, -43.07767359550229, 19.055934605763998, -4.087229817497882, -14.905255509821338, -28.701973442058424, 10.077637761254216, -19.593410643337737, 51.42450107742961, 50.44948918275201, 30.865065244313115, 36.09347670102156, -8.747651943645359, -23.7876209089494, 71.51751415425309, -73.58358551331385, 42.27866027174643, -20.491196588226952, -34.00861856497766, 15.601925129244815, 2.2900486096004133, 39.77785001526607, 21.177598469361687, -22.75117175129091, 71.42191783923805] : -1.0
[-94.27389698080582, -23.266225676782632, -37.506190369806006, -24.88169928269918, -19.408963667887498, -87.809951727802, 31.843408589023284, 0.7706294574575878, 18.706436192681263, 92.02477728929473, 81.84025126872248, 109.00738902817217, -45.420911203630624, 10.222920510851047, 27.030402403161705, 46.575552808912875, 55.44462283510648, 18.910694775563243, 121.67799263370837, 52.72383143143351, -22.66905596695819, 164.89563783011369, 91.79555711697614, -20.635452228583162, -45.42443442656775, 83.37314127900132, -36.95062595378175, -15.921135308628157, -46.778758240766535, -2.0895674188176443, -48.686720383865655, 16.059905240963996] : -1.0
[-14.744101380718648, 31.8955272939806, 13.297478308605662, -72.57364213308615, 75.58383526990342, -22.485903534640762, 19.138702518347372, -25.73847074133362, -1.1232267901524295, 93.35204795633682, -15.556523040339972, 40.05262213068957, -10.427549245081355, -10.372916400895443, -51.21983945964021, 132.1990177229317, -10.328619787243095, -1.52215398177011, 113.5237356351484, -19.86961556497961, -7.44719581098566, -15.729964883295345, 6.797565402939589, 38.66026803805346, -48.5285350104803, -41.512300045635826, -50.172183570041966, -14.685956203165299, -23.700843493721976, 23.785286051353488, 22.585213468944563, 78.05468013937087] : -1.0
[-43.96018013952677, -24.032715561280007, 47.812354718932255, 53.386642141167094, -6.763991672591208, -47.143941768864394, -61.88332636356217, -8.146829045054146, 64.93498808791517, 87.74603700643988, 13.415085734722206, -15.70880253979816, -54.861098419645444, -4.927645447263329, 4.618673567815445, -21.502026445141173, -81.6718771236095, 72.68625873254177, 14.698454811395367, 17.424883158486022, 37.1896336497449, 24.248199913651902, -17.524870423308357, -19.19775891765335, -80.02962561047934, -20.437742269318804, 45.19523803330502, 14.663220852620672, 34.787509585546196, 53.60457313750348, 87.45059350299353, 15.550341421385315] : -1.0
[-37.14532941849873, 12.753722647245658, 1.7004016311223307, -25.671850998277684, -126.58740129937668, -84.22358774548967, 79.65435896189574, -23.28601013256371, -28.508273502555845, 41.03060174355915, 101.77711386488662, 14.501775862157835, -47.4206647600969, 25.96895708216417, -9.626032919638142, 118.14180974691448, -5.5211606577205465, 22.89598800483796, -21.727805627520397, -50.76952382022849, 2.21494998142796, 53.881043050655855, 24.200755978419412, 12.544751272792363, -77.34187696288896, 120.50340773009597, -69.3862131084347, -33.76548504963445, 86.24051869849261, 114.39070390193297, -8.36112195614934, 11.01626833074554] : -1.0
[20.844909056806692, 64.80215428299705, -39.34325216343423, -124.6261701671853, -76.0805716078224, -68.47379145469513, 5.8230876609404625, -116.22907113797521, 43.7263011550973, 153.26788309971113, -10.978946794632627, 1.63457509115855, -1.3367860614523253, 4.345500998930541, 42.82326471081959, 88.75559961511112, 1.7015571063578996, -89.4573392775399, 7.372679920983664, 9.259527935123103, -91.2148627153031, 42.551440175973795, -56.470190660979895, 55.31764369581915, 6.522915373530612, 43.58473887626803, -7.52596988387516, 67.25242489303695, -115.08110881589248, -37.77368823174554, -28.83787041997417, 99.57176112336217] : -1.0
[-83.96188040617251, 144.87946912749462, -71.81197694246269, 127.32847085426138, 38.572889393971195, -72.11773179630376, 22.404097349446953, 53.511386534259074, 112.89795901069243, 156.15657186869404, 137.29674897751917, -65.2732365613547, 17.960065861842335, 90.92880789573336, 60.12606418613183, -3.4049037516787335, 23.075195754428822, 59.24404200676033, 53.17454775439954, 187.80796261059587, -43.39519252280243, 31.13921314007898, 2.0690541274070995, -135.99880485299067, -66.00795327786176, -83.96001560004026, -34.112181765487776, -87.38651442086564, -162.9037948367508, -131.3806046672423, 97.2711514246436, -30.125960266605773] : -1.0
[-40.90915089810711, -16.81083218092413, -40.36916052148355, 3.2065970476459826, -23.389612169481072, -89.96536286213886, -46.02376112854, 18.66711491952578, 59.05498503070304, -38.534341472765995, 40.324704968613595, -28.511394203653346, 5.322969290517859, -60.25692888094681, 84.85277384800499, -13.664834179831178, -31.719446950936977, -21.07399576135048, 33.91718827150097, 69.98620082982518, 0.32380796684254065, 84.33879907683975, -49.289000207866735, -14.354147592188463, 117.1124578938879, -1.1532317262107412, -111.19729234478162, -76.05008837805514, -125.82665938235735, 10.211666682781196, -87.91770875617281, 61.01980844524337] : -1.0
[-11.815883800253618, -16.815935507064587, -93.82120380562874, -55.52779245799775, 68.14319533971704, -29.00060529485727, 47.24058372934723, -131.57619033046268, 60.22439105912932, 47.31626755939666, 50.67883711428112, -4.654968020281048, -34.24941570890015, 93.31500062765924, 170.26720819643037, 80.7207661945295, 130.2385421538322, -99.60493715586867, -38.12908362454299, 46.605602672643045, 107.30883132372333, 51.650439685784335, -149.87615914049525, -133.51545412706378, -116.76734399800469, 150.44636444470572, -150.4358802072786, -53.28508584474935, -0.5406496055344228, 120.99960950737557, 27.897261057251594, 68.59600387836724] : -1.0
[-37.26685954681383, 22.814683519976004, -90.80651975855275, 75.4914633063795, 13.501518557844193, -63.51445760107252, 78.12587708718877, -66.83333958508028, -67.7701265901454, 51.34617188262535, 13.068835951733439, -32.80759079521475, -29.50110101038331, -68.3116272644072, -62.7095526026817, -9.248028112874085, 40.91864608080297, 45.265338289900335, -76.92191457214778, 107.10871819295443, -153.19884726060727, 69.41875042520647, 29.642168313804216, 118.62867925045228, -7.357985216093166, 112.85773027825894, -94.68881819149159, 25.077713943267817, -54.04821717369258, -28.88512401301864, -111.88655134118427, 19.38785908747532] : -1.0
[-140.13033984722674, -36.173224471018294, -27.441752581479907, 2.605839160056761, -113.28925474847887, 103.28226202337422, -20.12616608030085, -33.84681254972146, 48.973795829288136, 40.39659461655971, -31.153283666615607, 91.85152098235038, 62.7368325198275, -58.90711399079202, 50.87054199744238, 42.335176479504135, 55.977405820136966, -14.26205443784472, 64.39745640154239, 31.529596961009084, 3.8693216822722363, -8.071907870561944, 22.928232812960562, 26.313858313213963, -18.981076172166645, 28.429195444164588, -10.673776803076144, -39.23244809326313, 118.1461703453887, 94.91501715895467, -72.12956442707289, 106.22258804228571] : -1.0
[74.91342781506155, 106.53784184746713, -82.18384717664794, 20.69477041014143, -39.33903557536686, -55.12230270505452, 130.8667350035662, -60.536598967120284, -23.61137046772969, -93.94775059458408, 45.915694984701574, 102.75421590809255, -25.43363177779381, 73.6081136670873, 40.55665223243804, -20.73459512825727, -26.7393739006341, 68.45669831165179, 28.755323873088543, 71.04657893756017, -81.58437325101599, 9.072913696033282, -50.820756249693204, 79.61147532715098, -12.60560225498479, 18.98232414369934, -80.97340399848936, -85.78494109211955, -52.37144400479308, 5.157035504066961, -25.167683135622596, 43.69403398138079] : -1.0
[-21.061975095616344, 47.38744262234756, -64.74704415735356, -81.19015976270285, -6.834261267250211, -97.7211829249822, -76.21067754254796, 19.610188479518296, 150.51623799897413, -100.9004783952003, -46.168350651640814, -149.90221306198964, -29.510062949394488, 8.043527034977526, -51.86680787057472, 10.532521565932969, 132.42207737965325, -46.74021353282247, -130.71673539271302, 5.255213681994981, -135.52380124217706, 130.63964315121802, -43.20587697399516, -26.785152976842376, -160.0876043988224, 124.08025095981753, 88.86093671644524, 1.6989703145661679, -1.926595953386994, 12.391927925155777, 115.92853905900313, 83.67136767763408] : -0.4784157926386053
[65.0332025409255, 146.0064433276494, -9.249627975649071, 103.82846481695165, -83.70457737500226, -13.205184437050452, 27.319959756968576, -14.352114425304741, -47.99263921940164, 2.2212302008079696, 124.08933832537855, -12.189319159599227, -55.86087612482252, 154.82953988264933, 142.9074269421506, 57.39576296158855, 98.59094604981934, -35.26726282691875, 2.553343984679237, 156.68755820873224, -124.23097184848572, -122.98576324130823, -72.79555180247651, -10.916785139052877, 15.53272774023251, -3.4951599804210787, 21.17297278031585, -102.71796721795413, -72.64293604576744, 27.90396396535148, -76.56928044359154, -7.229818970907566] : -1.0
[16.682013845192444, 93.47455096509799, -54.56466993570042, 38.510557747179575, -62.17922560509284, -22.345812678225936, 49.99127635331985, -24.68666561163863, 9.19090945907362, 39.4891342857654, 37.25424698112347, 99.40256157025827, -150.48696396434835, -21.331417728711372, -65.4335293709787, 110.01601365007694, 59.56542796731914, 150.32525569563504, -13.556775545853284, -32.023989902462674, -4.595601838623818, -83.05820968171878, -75.49653190248291, 26.170477673565102, 18.772275267396488, 157.59050495820813, -15.01010682854643, 9.899310196487981, -33.571051777397145, 64.657040158677, 23.916859229759524, 61.1651841383695] : -1.0
[-97.50298195678238, -18.3576290471266, -7.851793588259255, -86.05391238859548, 10.843596728263307, 20.985725789957296, -62.328010802782785, 113.63940118444579, -14.610270587904605, 51.63785115100106, 86.31614301934047, -52.19750873830352, 23.402708445109862, -16.51183197959225, -47.650512172247346, 231.87201285837807, -6.215829338810458, 48.339715958645776, 103.21287205823008, 73.77784065380592, 31.36219200716701, 47.38139024612508, -14.555623786106398, -46.69773846378984, 9.734265111706957, 6.541428636079239, 108.43593224899551, 4.654494066460408, -13.412142041433682, -115.61317787432017, -39.408532398468466, 31.103361661697967] : -1.0
[139.43774754867897, 144.44165535959272, -159.71791191257336, 80.42114744173405, -146.1371706205238, -57.47993439307244, 87.07652168892406, -58.337976877473565, 2.3568560163897665, 48.07776872073263, -31.537901877818733, 149.36412737133904, -1.2347642281531077, -84.55903924775421, -0.0020809955968879024, 58.381524470062054, 87.37053839688471, -28.350545170451028, -29.607106367501405, -24.984618062847304, -92.7947652245911, 27.500215385664674, 14.14444698959025, -4.684565067341479, -45.93995070492253, 93.86825646211034, 85.1835804842908, -132.07914046577096, 27.77342420504816, 147.09612077190226, 8.941059511227053, 147.16324672327306] : -1.0
[-37.137419327413355, -4.504755385738896, 42.90090456827403, 24.804554026532053, -85.04405388157792, -65.57780681049931, 66.98898101450618, 44.272488330440936, -1.393686088091659, 193.68926968512307, 111.90626159712664, 57.20786072442499, 39.66716774611066, 97.50514785547895, 32.48571904706159, -87.86063183757774, 115.92474677386048, 36.94823074112218, -37.78326353950808, 17.350303473482548, 23.698036754609888, 92.53567567642813, 88.25657599347798, -29.27449342761347, -115.40576545194038, -27.69693311624419, -108.02436927506776, -160.84356427477672, -91.51350211954673, 141.68145951586658, -21.697550578259506, 153.2959416170848] : -1.0
[21.427719113374692, 96.89894621083991, -88.2779042457561, -0.4466951020985963, -24.871153803266573, -90.72128352593639, -30.23099185208461, 28.09464451852214, 31.10732461834408, -0.028104745627299366, -4.862243975159565, -6.041416643711088, -146.55089362059726, -61.35252609825616, -105.62021525819237, 1.7102976848628058, 41.30675894691917, 41.83871819328209, 100.05436823821532, -38.86021469218345, -75.63894907916662, 18.392068929390327, -27.715928148041332, -15.678401806648234, -127.85079290525879, 125.5809602986865, -25.8195640760235, -31.1217718675922, -17.42716152299265, 119.0860827533358, -10.555797356548048, 162.62250238355455] : -1.0
[10.993319206436993, 147.8756090206845, -183.3430870689647, -30.469900223305736, -44.46323249085575, -162.2301381253061, 54.82478917234372, -136.87483122785193, 75.40260390644133, 154.609402556002, -25.221119053224932, -144.6230041588354, -79.65543239256134, 44.03886849046875, 91.30399387705224, 62.84558129262923, 92.91160766288995, 51.90186282362776, 15.970936854561078, 49.3025160684723, -64.11997887681756, 12.087079120942306, -156.96513791311813, -42.19118061014005, -13.51790913300485, -75.97095223161628, 31.336897592813408, 38.306005207579844, 67.64432179422225, 28.859172324977997, 141.63852904384845, 226.9807684666397] : -1.0
[88.38866798323242, 256.94244469418646, -64.83867971544419, 26.634867944609965, 8.994706714656903, 14.74592641977759, 93.55434331656966, -13.743946927651145, 113.69813369821586, 95.49996212830071, 147.0646179718212, 171.92950899035938, 101.83408365681541, -137.77680788537606, 115.7176280910993, 337.4075861720594, 114.29639817861886, 166.49958738798497, 202.57713327006786, 59.35629054333761, -43.56227438314401, 76.08643364189774, -120.69763391207891, 50.466425142416306, 51.76892960034611, 58.4486297224889, -259.162311426725, 159.93702928687958, -101.46454067112506, -114.87287072777764, 70.38353652923485, -95.18001033910112] : -1.0
[-19.0095960797483, 186.73115048034865, -122.7972105443699, 90.39022500028238, 51.929877750854914, 90.04027478187456, 121.26742877680783, -286.8080823202073, -151.83647341445865, 42.63821718823855, -20.78356530201355, 116.0545235165389, -3.074790304994699, 117.07749595797105, 27.422708074150393, -12.0133036400698, 16.12217864076609, 20.067670640528306, 96.35832035296951, -68.76553222955799, -26.901763854618693, 68.61609079381077, 204.85316216766415, -245.3770838869991, -168.0497999569383, 136.07096778263232, -139.62879566241241, -3.5961650156289107, -139.27206550714862, -69.36075381436599, -51.91835416324519, -71.4977989750337] : -1.0
[-248.13436206607912, 63.58670634516295, -232.01983575613824, 153.6695922809583, 132.15483813001276, 18.031700674884462, -220.98745397404156, -68.98525531182497, 113.7486019187262, -230.09054719813895, -89.58897766065937, 123.89055446870307, -199.37168459116427, -71.92715814524192, 218.15063545687437, 160.78592524614345, 142.15241824895753, -29.84334050140619, -128.75951394144275, 93.07016779724373, 4.8717490672508035, 144.57159394134905, 71.78101535325573, -63.124083097964025, -58.93669768290623, -141.1235366369428, -75.85132487073766, -91.91125907711663, -94.29846365807018, -212.62295782420674, 168.8606189421617, -2.1033299973720503] : -1.0
[-27.95105357923025, 276.62610082669846, 2.869133809319969, 10.925747183150133, -31.806704154074765, -101.4601110881326, 36.24069286255665, 121.24346536522049, -10.108508881080319, 118.6591344659578, 133.75825205740722, 100.04928001157388, 67.78250000889562, 29.392980711353143, 298.5223994961317, 102.60081151848149, -16.869907119680466, 75.66924193960082, -23.28980064604612, 64.75034204641862, -58.75314925041509, 180.02721770678673, -28.00871549092907, 76.56355948814672, 84.44853635851335, -104.14852573142872, -101.0968033474373, -122.05737109931685, -101.79440050529217, 36.28207334840825, -72.75649944629268, 28.105132919127563] : -1.0
[-4.710839162750492, -77.34881235178162, -160.44663092082882, -57.87011353244934, -14.902113696995993, 82.06568890318573, -178.6479084190605, -69.88604569776902, -43.50531019614622, -11.828456891024643, -118.75487970504301, -29.997430021272294, 125.22302295331265, 96.97550402602099, 125.59567931451875, -109.53887892462947, -160.69067528819568, 143.50415650301122, 24.884379560867984, -48.91330772156776, -98.95970843498002, -74.76539123648486, 17.223720385216197, -121.3907884754978, -6.100299604554461, -66.25954069524235, -163.76105450053615, -95.27578247777937, -170.49216179584505, -239.48787889774331, 67.31389554759372, 96.05180034375564] : -1.0
[-15.70744979467488, -78.04782405194314, 60.2841665642111, 123.21782198618482, 84.27043271643838, -48.81215376857461, 48.865861062614286, 21.207658264071597, 17.87222828430808, 159.51793298345177, -40.05250459285154, 163.97954928019703, 138.4208564476424, 73.45018059266039, 99.53746714878655, 37.327179133889096, 125.88774276060917, 72.34090780365912, -187.81674260241903, 52.12571169149395, 90.47057816900337, -83.28916961352911, -20.89852718305864, -78.2429369852764, 52.519796909361304, -62.79133924113356, -78.33105033148635, 48.434484700945475, -54.20124829093143, 125.66852484580906, 120.1935246045331, 42.276164733062686] : -1.0
[-133.4018528759255, -54.402389811681154, -59.760206312641024, 70.09168946185062, -97.31481173570359, -205.11913329914145, 11.298106008390109, 71.91241173558386, -64.22976085721342, 92.03502869197943, 9.709006409598981, -53.51752407935195, 92.23740620033941, -86.90786189603398, -42.33488837332543, 76.88204296707865, -43.12923585807451, -91.86822027351667, -87.86818551982829, -118.98843847516672, 64.32987619309151, 207.6503177173908, -49.595942853459896, -194.9936945816072, 53.72567836014754, 80.71033163316044, 13.926902760112434, -6.445915451404515, -9.822801488165624, -127.43579914942981, 250.07476664433312, 236.17265921657952] : -1.0
[-110.53634573697086, -46.34840957841954, -173.20962553127117, -62.04195727018143, -79.31770625262517, -154.82420081799557, -58.86397265409434, -244.93378109873944, 108.57113113365915, 248.10761770246046, 111.93239587188691, 92.337362458488, -101.91000804327945, -155.93849358642444, -149.1748966311868, 7.959435371503133, 155.85368657836844, 57.0558708802163, -94.10315758161568, 112.14069165577209, 21.793424340460426, 129.7117583333412, -50.16025737159423, -59.49712365701013, -18.01217933425255, -127.98716346290806, -45.255667221773116, 57.63159203625382, -13.700842955265543, 333.4653947875187, -186.22154352003764, 132.5566318336791] : -1.0
[-16.140965377053686, 66.61688841066038, 4.849915997833918, -33.060558416605105, -105.36846607971093, -175.51317545042448, 46.10978718961785, -187.69633878415743, 28.435437181748025, -75.172761558766, 3.5151366181003567, -32.47202317937969, 97.82449107947679, 89.7851025997144, 110.96859432211977, 145.09553049105, 76.44400235097818, -248.32063135809315, 6.192236001097207, 71.12885281899612, 29.073895429482867, 106.1644342350579, -149.62217778488977, 25.101309745603935, -86.6567832073965, -54.777866369750896, 73.21796253621363, -272.921261953193, -209.25717766771365, -47.55891541618823, 91.3042968991477, -29.579832340078354] : -0.5017898732965643
[272.7968542280231, 93.94561712265008, 65.77608322197779, -134.81121791933523, -153.98380877972355, -71.1902013392654, -9.741606033485464, -96.9090479158136, 107.70532562844565, 105.23962923860645, 61.07795968732409, 59.994576883271236, -36.77658806795705, 3.8195531353370207, 45.73596223180864, -7.183607627313833, 90.92358778666944, -39.0548806802849, -63.9094470380047, 185.3675109839307, -151.86736543889165, -24.61017127014209, -123.00403769728123, 12.65418713783956, -189.3275798745013, 17.70938469223921, -288.624356356111, -145.84739917254717, 14.702861549126851, 40.42365142758593, -37.28968565372608, -39.214624114765186] : -1.0
[-40.955624757534565, 11.063557004421263, 78.84037529346, -79.11017629043184, -193.4171005214637, 120.09825670089978, -38.725991929929116, -272.1794110921522, 4.918010306148659, 174.25285101443302, 163.40211743548286, -21.9956559604121, -102.102786278597, 56.91415584437698, 99.4378705628989, -2.3425213061585666, -103.25104150999243, -104.092950769005, 50.96083022568919, 156.95832373796026, -3.408181133266403, 130.11322318585908, -84.9903019471298, -67.79011223648439, 16.966807630077188, -152.7518366994791, 291.1241181952277, -274.426062383951, -69.69923740793584, 227.02826680525592, -50.83144556701973, -42.65610513069575] : -3.0
[-35.551016135818614, 15.062677669889375, 5.572876307905425, 189.38014297720267, 99.48707474726312, -139.95574262157209, -4.640801746557187, -248.32414183210722, -22.7064218448296, 142.90405896701242, 105.5837615633458, 90.31405457371412, 128.59789514142275, -99.30744678582488, -1.8861235316936984, 29.524240706857803, -273.14864287180484, -16.165257576526777, 297.66830925837394, 70.76467162651825, -2.3368265285865704, 5.827827045871132, 1.0350066331402132, -77.9481994583702, -114.33662519519046, -91.79708965921596, 108.74375824010824, 12.828906627950964, -25.08045112855254, -167.37203480137342, 70.04267562064095, -182.6095769825456] : -1.0
[42.23311509776272, 205.4440124957331, -81.57031901333202, -132.64484787871862, -167.16228247773725, 169.1030117223782, -106.50661420734565, -201.19559713500416, 4.033363734123057, 29.00816861922801, 111.48681336742996, -9.414710487188124, -52.7300961810707, 160.7508705857983, 159.27601277520097, -18.98210335286339, -68.9778474756882, -32.42096533565778, -73.34323299236404, 3.723804958826534, -66.59923480910497, 119.411925660079, -36.79276738956908, 22.62366663726135, -24.60056111373754, 151.7422117731444, -48.93912322597643, -81.85218846919884, -10.853450821165623, -190.0047566313972, -59.66730692437968, -223.72089207431628] : -1.0
[68.97677896072645, -10.346316056787387, 124.19254100781197, -149.30083145778727, -115.92392194632463, -3.087821023656179, -118.48379841167159, 22.36657595793443, -74.74151073728842, 107.92201381175745, 156.90810274094196, 101.56981880805725, -181.12477908000983, 9.111753994846628, 354.8817697156887, -19.312086557283166, -112.65952580891991, -123.91503467789693, 223.89617137759973, 200.14029984733426, -129.65377847738986, -136.39882993401622, 15.507924850013914, 86.62738245621634, 74.42025520567661, 12.444918851264084, 233.58028334447636, -239.69585870424606, -38.95165082271963, 62.57471606941479, 82.4243535501754, -3.922195269314937] : -1.0
[-78.58961418863345, 176.6326751421147, -178.4577807690558, 25.623569469886682, -27.460354394469974, 146.16652780884345, 168.03416276950395, -306.35586169405985, 47.745823437430346, 129.6322994404772, -40.93424524484874, 49.167980079909114, -155.12908307289825, -109.90132662749119, -7.076576525730985, 208.54750489004846, 39.18034923881616, -90.84030045749087, 148.28131593647316, 50.01328753974903, 4.4114442454195135, 90.6394317666817, 28.130363630833294, -221.76476262694317, -5.496988465585316, -131.79887600725434, 180.88420390742263, -127.26757546260524, -59.50751758108376, -157.50650403579687, -102.66543201508595, -302.51166420683654] : -1.0
[70.95300256730872, 80.35389716534402, -84.05968715454374, -8.931527264317562, -65.023731945775, -71.70045161549787, 86.0643962956989, -278.7684083081132, -8.908429843298542, 130.8379634549623, -9.65102040271806, -126.06938338655456, -251.8562189919162, -27.92424781409605, -98.35416265735219, 55.632956944852396, -95.00952066747047, -45.252746974219264, 325.5119854503539, 127.83369015654907, 144.02624107114715, 91.82231256359982, -79.43447621808838, -95.98355234292076, 59.03129510837772, -317.54476952667284, -86.03500071458049, -48.75119624853407, -75.93703798877671, -29.583430577960065, -188.0674671932367, 129.7777202052754] : -0.45193940942937677
[86.31348044495296, 10.888667213265748, -9.834270172346201, 128.63914859826411, -114.88921656984562, 39.433363200853336, -7.503298105562182, -243.39064071274765, 144.06982739012886, 116.69880327300406, 22.754508341434956, 137.46285721003085, 56.823878317140554, -46.24929765827077, 106.12300927714736, 76.94539274211745, -144.08379672980615, 40.14650050455993, 23.500224355023565, -14.362741919848276, -77.05547769370607, 134.80773826788487, -116.13861661835688, -20.7390860906496, -110.47074037320883, -173.27614379000028, 152.14167408484101, 1.315004695595448, -57.67314456343499, 330.6195930536035, 121.98652719382937, 84.64369751644196] : -1.0
[-40.336192820705435, 113.04410597996441, -172.00568773191404, 11.139702124254832, -55.066214975052254, 2.402844898139284, 12.213244952745878, -258.68274064207696, 202.9246067951363, 228.832947040993, 76.07177285313645, -7.290876793900765, 165.60343642019922, 157.31317110045754, 231.17312896307436, 169.97234107964687, 33.85644923054141, 107.09741503102504, -67.14232371748234, 8.162639808936987, 21.998219260529606, -43.46804764326711, 19.18095299440774, 23.29983179432721, 138.58866848448295, -86.05189166586553, -78.20246825915662, -64.63472342995473, 61.95033397233935, -67.06053634206535, -5.417763108416839, 79.51913039496985] : -1.0
[29.096791438313044, 160.6886568395701, -62.38188702659496, -44.486776940241974, -26.203790377336887, 125.58334057332114, 181.35836710825924, -207.50841715889786, 82.02737205844969, 36.605256826246745, 228.7997437384779, 83.81459781605889, -83.85539105267426, 93.21550115999787, -128.52836806619754, -12.72003163423119, -51.907698955988934, 150.41114232883845, 116.06464055933046, 98.20476822059541, -96.58330873223235, -28.30975104027459, 86.11521312388427, -176.34354973248665, 27.592449641493523, 62.47900937976953, 222.1454985631941, -75.39603527424615, -105.73569534151841, 22.546120805352633, 109.77028631642025, 89.77283972649198] : -1.0
[-130.827157560603, 144.8009092154191, 5.07904813258093, 189.14016921877408, -171.14318222316024, 6.3249924234955515, -4.331137802518391, -14.068912046275756, 13.16722735530421, 337.731345730646, 226.5698978582557, -97.65852069763189, 42.10797313831367, -144.68759676233637, 67.59636548316792, 180.28542775342143, 66.71568963525053, -10.37929735487839, 88.83471527939236, -24.116258795326516, 119.98630374490145, 121.88799751991904, -275.45976744314737, -91.30111877875915, -116.0668610129968, -128.44290838120472, 130.2399096939856, -113.93441705839075, -150.05155865011986, 3.3832055236773826, -134.31146028971503, -91.67814523760933] : -1.0
[53.72255729881185, 198.08730899763952, -220.97163515807426, -141.09373043260396, -100.86046459315872, 92.17852601113125, 7.281201375376199, -337.32173751214805, -54.98619169617846, 71.92508971926856, 294.1609756796264, 118.9688184087349, 53.6229876911231, -56.59794693349914, 64.03845002051747, 71.49783398433937, 47.759009616329955, -241.4330173201493, 166.5607539958409, -24.09500632983564, 99.00378059945695, 110.80272486458323, -72.14624843148033, -162.7894283139438, -139.78268024776983, -212.11612323975677, 57.02399937260427, -83.1268354193114, 68.97066856851885, -38.83770805535091, 43.15317139071388, 165.198951225183] : -1.0
[124.33167390099518, 10.169672258765672, -92.78416617232509, -252.69454319462105, -80.66284531655393, -92.08858068971759, 50.846706821545126, -118.97150288485811, -44.960380032288164, 13.044731268418147, 112.00584362141842, 172.621202563071, 41.31786429492877, 46.861803761740674, 101.79773477285717, 32.70018871227835, 42.17994664712187, 27.518935002904488, -21.08279100261123, 154.7128600141433, -132.98834862045436, 32.56635948788792, 8.588488827241697, -219.31126133417047, 32.90899872212983, 149.7991118018824, 58.871953505036785, 179.16534673453543, 27.251999810280637, 3.4760331767229005, 46.1491356420665, -53.58383412942226] : -1.0
[11.668377805516123, 292.6570198778012, -172.8954157450736, -26.82388791937054, 19.756063926620016, -26.086252146157396, 197.01719066022014, -257.394905435053, 30.99393368612772, 179.5707754443551, 178.1769275058109, 146.26178476396424, -28.755242104757738, 120.24650869391746, 153.3639797311077, 123.66399315495028, 56.361582529257966, 145.237249468693, -75.4538207537248, 69.86604416434086, 109.01684477038688, -49.14334606465053, -37.75718600013443, -152.80590622344764, 54.49129166599681, -210.17294802352842, -106.75024450094597, -45.42927622062981, -106.21611660444293, 77.41400856205254, 200.63726106788286, 5.459713345919743] : -0.49433244358409534
[215.5676009271131, 115.78174799845594, 82.76630972215855, -9.8945355368842, -86.06966477641868, 88.99325476731148, 93.91225848282254, -318.5664760152336, 0.6489653461894243, 292.8940604038362, 219.4454459548514, 72.21944787269679, -116.18011472867168, 65.30311684574043, 120.7691765344479, 175.12990191263532, 198.30157215223963, -1.3959670856527566, -48.24236943553166, 86.17606072054775, 49.869531281617554, 149.73046890735463, -74.95567840914207, -32.70625498254651, -120.13851589341489, -148.384059300925, 51.265701297382705, -122.86528113767801, 37.482898047098715, -46.64812600103665, -146.19006195457607, 151.4436053206283] : -1.0
[101.80744874345665, 251.00436726594424, -166.6396378807196, 113.11397225206747, -43.21582251591657, -194.93631107816046, 176.57873135676795, -219.70680448562948, -60.76517220641636, 222.40767456318153, 220.5690242499007, -11.430098456264751, -68.45958086169041, 177.96209949075282, 144.4888733505639, 111.38044219497277, -10.907083265780221, -74.79784540314162, 19.132543534817444, 169.73512060191223, 8.570325347174997, 118.26472182132869, 109.63244667107014, -193.56745562308703, 123.85603352307889, -120.86074734611486, 138.4207124002857, -67.31691054837668, -59.25133691346156, -101.3414593032272, 178.9927576910243, 10.650088082904508] : -1.0
[-103.77329327390589, 209.0667104590729, -67.01846275680067, 82.17079668376488, -89.55889627943287, -346.66743963504814, 4.288825594590615, -164.95852257366226, 110.5927861586045, 353.0301225180629, -58.95743290730772, 208.7698295326449, -77.38298820021016, 24.034269698867796, 177.22487693612825, -121.80492953913057, -9.344084284960173, -41.89784521358064, 121.1793738259507, 203.68837083134613, 78.57806407159089, 130.6355836596421, -244.30913550131314, 38.96488689786856, 51.80227942728498, 11.103604692629382, 16.894581513648838, -28.904674999393734, -9.422891135525433, -18.98485500093934, 219.69899334559113, -158.63855068139222] : -1.0
[-40.95943601636809, 143.68271861706558, -2.054729929792053, -60.11228653224154, -158.01043547339833, -21.145380190890695, 100.12446445537687, -178.0538144571939, 12.102390034063026, -98.82202966115311, -7.8615258742864, 20.3342592752799, 47.503744567433785, -77.01964225581725, -177.72885209926093, 191.2296067266072, -64.66125370187905, -59.157742259990826, 152.46648431255815, 18.08564372569124, -129.16285332633288, 84.36867566570432, -172.06482430148742, -259.5420961318738, -191.61959614709147, 51.946743401778, -5.496559890783125, -16.29577163342902, -73.01525873379798, 56.96081826171801, -145.14450984179751, -20.03580695864915] : -1.0
[367.07932010235726, -63.61373401519782, -235.73937922685386, -66.4903246265161, -9.96525888017753, 326.43801602413004, -302.0678143601604, -122.50946059702571, 137.77372898437565, 84.0828390611758, -37.647110876901706, 116.08549428538646, -1.3149419259434296, 115.10848023403022, 133.75188122319724, -160.65185500805438, -129.91295925224904, 95.13269090757218, 83.22920921035993, -46.72064244137583, -6.91672766731439, 180.82547622881538, 169.54280098366047, -342.5677325344508, 28.306434126940903, -178.00852117957834, -144.84849117129303, -56.501344334511, -130.84766381373714, -32.15673231851133, -225.75735974690272, 61.567907448690725] : -1.0
[32.83191454296585, 135.77055871708117, -12.115305401353364, -183.38102735479976, 23.090464241010835, 91.31875951400363, 91.46928509773252, -41.47719008856593, -57.63607284484928, 280.28657506244497, 148.1466281413029, 192.4442207269419, -195.84936513206395, 35.72316215426012, 8.318745241618274, 367.8562030617032, 10.916418817657366, -210.08846229208916, 114.10792418821266, 373.08393662095114, -193.11860364272593, -56.53782801251616, 38.99025700365717, -39.74355748956637, 237.56827329003937, -161.52255670464672, 27.609683760168224, -70.73791545942429, -19.62669007066433, -81.77185459205853, -49.5913967847747, -45.92418241155441] : -1.0
[-69.32022198757247, 87.41416442380148, -40.12362414951735, 124.88254438136512, -362.5660315352721, 119.87682510321304, -63.21939445460987, -210.43048062477803, -188.3934943723412, -32.370555772590905, -63.89725689076897, -54.61200372587116, -306.6033843784509, -51.30455532649056, 397.1491393668368, -209.19178871628333, -140.8950604168866, 245.11023955965635, -51.17890008731301, 105.37134789776802, -159.38260649251725, 51.786293230399004, 68.87589483734469, -465.5912333539165, 91.5807096824411, 247.5998493166208, -80.20501646896429, -293.95095917724063, 148.52373963523152, 132.25933125628623, 81.7058786867795, 211.1316370437475] : -1.0
[-217.1755969860894, 238.13389708711634, -166.70324489358507, -100.82640838922894, -21.932533157288447, -148.85418039133546, -310.76345469874457, 28.475336359640522, -214.38759890944522, 214.8134111517821, 75.47642069263912, -80.24200073440666, 41.683402582251006, -94.99718198868801, 401.9820013321121, -374.9778167876809, -79.78001861974707, -48.87147175631376, 349.55839924038196, 133.17515638743237, -27.8787928034053, 102.8850331161607, -105.82223447914575, 141.42012251582608, 68.90503032086563, 80.86648547845463, 483.00478993414254, 50.44790454831198, 22.25328782833767, -263.8625830377167, -127.1033488261008, -36.427204902745146] : -1.0
[20.078579089688603, 432.3333904809933, -271.0989634341255, -407.3880471162517, -216.52232731994036, 109.4273143274457, -2.735108055191425, -120.07999992808338, 54.51092102738138, -255.8759865531147, -128.97112190534767, 82.6926729833722, -41.47995785078331, 48.80290607540242, 244.28685549695948, -219.269179411261, -10.412682364041594, 161.2476560433301, 2.881761706973819, 42.31053388383813, -269.3446126059782, -254.81733115422733, 129.34347015068914, -179.2943105127084, 329.10293154430957, -138.35888871943183, 440.5546490397679, -12.177162342871398, -105.534153336202, -68.63778997390764, 2.8670900546657023, 158.9424189291057] : -0.5300284732471813
[-45.09321271524203, -344.4234223358311, -181.27813055634192, -296.64924754245874, -314.8579203447936, 163.82367688805252, 13.884302940479852, -329.5603787096969, -30.826216927266074, 172.4666506617088, -72.15123182091278, 95.50800564180028, -175.7578893047396, 43.71258242373523, 414.50219060957477, 51.42620536585398, -194.85289177657606, 128.1335338558302, 226.06614547452443, 5.205393270320371, 5.388241070479786, -55.94892881075722, -32.845722088034826, 14.952381013066464, -73.52924606856786, -63.5536013375905, 124.7349751843563, -10.382793820566434, -15.415349159537296, 481.74919354301767, 85.09156007561788, 4.792053408761923] : -0.4780981757424094
[-32.161283137941815, 227.30748059946404, -172.87867477757828, -80.08033197226968, 196.49768996681183, -281.3887987711084, -17.558221282794374, -189.77967769965062, 6.538700618271982, 272.3741033747473, 99.81618744387198, -74.94870041955964, 21.151888305199563, -207.7934190417492, 342.83128861170474, 117.98176710509131, -363.8858142552801, -184.76117014184075, 69.26605299544696, 57.04330868453515, 200.70544518517332, -168.81030759791742, -125.32202381984372, -167.06232819981, -271.69855783234016, 34.83302164494404, 170.2868188602682, -133.99596548618783, -147.22014707622398, 154.36836264668503, -207.9902462070314, -223.77039947470988] : -1.0
[-190.45122779643893, 213.1169257125702, 107.06660001957542, -148.92971642667038, -15.565893432527545, 179.61853525714443, -194.67568477956556, -188.44027962245633, 3.5899325404838933, -187.11288927357256, 150.1457081678592, 153.78794768344557, 193.69462549220668, 221.6663740619867, 291.2421505824133, 233.32389738928384, -173.83381142962196, 102.68341693243512, 177.17895620588283, 367.0197227174762, -238.48873181194892, 117.24029374983225, 44.72210988082977, 17.621721969876667, 15.693383362564887, 69.48671420629147, -73.70885734997222, 17.93574410192275, -137.80741012537297, 163.3985248700177, 319.6030723865131, 257.6892005426561] : -1.0
[64.26341053842754, 44.221550562069766, -208.8737475892634, 231.52915481689695, 36.13149294128678, 84.27886348271984, -68.85297588338419, 22.551255730858173, 221.41078873578, 81.23773126977761, 138.23929752171668, 105.07091906363542, 212.29278886697182, 74.3237698041466, -110.03990814573919, 166.91508842304336, -161.1155732983611, 201.7863615620422, 0.7833213063271671, 26.82715611620167, 211.2307121658364, -194.79028302615254, 112.66658266846876, -104.91433244129331, -253.54037419995893, -90.34074697303342, 375.56251710267395, -138.06746233903914, 56.42865053813515, 84.94632457026998, 431.6309750101769, -129.99305046037676] : -1.0
[-233.1337985544903, 123.54275169788053, -221.38312645970421, -155.37553880230718, 130.33258529636697, -228.6036869078385, 185.18308822571825, -182.0366033129167, 102.80205199313285, 98.48830217315384, 55.13763863150222, -51.13776074755158, -30.397631024131428, -94.7596074904921, 302.6498557666461, 213.6494788019482, -73.5641312413327, -224.70204223961258, -155.79594602116128, 198.02412903747012, 76.54119178836655, -44.0841209993995, -195.11374187520525, -53.66751515370014, -260.1331395591089, -151.6506111798078, 190.59657471004564, -198.46245386773376, -404.7172413444352, -66.51149099017042, 292.55932772271177, 67.08787360073944] : -0.4643858562816273
[141.38358889759098, 124.45420914134311, 142.07376651489557, -25.99040864689593, 80.71481730561113, 67.76764667825407, -157.83453794840705, -108.12529660648097, -111.23239492719894, 183.24564480747762, -12.331309136185183, 244.0516018372079, 85.25663620111904, 93.9264425903429, 107.23547857780166, -121.68631580436939, 154.21106407609554, 19.4045592019408, 448.0278695253058, 155.466577847532, 123.16724959873292, 58.61639751163532, -105.35522920996772, 13.698755381856067, 512.9487366976815, -211.20629788751518, 436.61926661946893, -203.61009796053804, 29.781636159988018, 52.337236556609156, 300.411404781228, 20.51426994864874] : -1.0
[16.173277695439538, -146.31258908807973, -63.92644049783878, -117.77493045957014, -126.79371176877429, -32.855410850086535, 82.69992029655772, -161.8171175909467, 140.90088069525189, 117.12761009724802, -60.92106416515901, 296.28352219368605, 131.19452830131564, 87.50344236473839, -99.71367458330744, 393.82052694222824, -60.51849888027401, -260.5602178005806, 187.48746274564775, 46.75051816722265, 40.16247317126313, -53.518996222434104, -187.67446568793605, -79.32307605264988, 75.3960259886614, 72.23243505361258, 175.7811271897785, -113.33508724427338, -302.48462316228296, 185.84819970539803, -136.24460750663312, 156.15832526255124] : -1.0
[121.921428201782, 28.645273311468742, -232.30033096611987, 183.1210537861416, -53.02395735408966, -99.05958462474649, 257.7625462720088, -226.10413092755493, 153.40615436173607, 191.12935284702493, -8.6716092099891, 454.8876627613515, -133.47419754055204, -206.30692706143313, 305.86507639375316, -1.4467610416972576, 194.1633291008602, 57.5313812234381, -316.4577822858251, 235.15180779706708, -135.9882855472017, -22.00312609141797, -415.4539775840749, -26.301869622766816, 65.02893183893724, -134.74101536563927, 92.70175898755038, -219.23993247884175, -161.23373129022886, -199.2787098299904, 14.36515106093335, -268.8462053601561] : -1.0
[60.6192986007111, 131.44976194808697, -12.102839114990559, 144.49430205024203, -226.90735235237884, 3.1342429458119128, 39.62177344850079, -233.78826839341696, 186.6977926700456, 80.08705562025203, 289.3341435375401, -64.40123019444043, 6.680168310504143, -26.741714237042462, 11.4058880420925, -21.8678318485086, 59.38332115353601, -102.2546095384447, 201.01181841102232, -161.25768531011647, 87.82264550949913, -245.67904148463842, 96.77976138234114, -115.23388118692867, 30.180226624224872, -114.82679482456732, 108.78266300789136, -331.4398734810244, 244.75963244220412, -314.56887885169124, -283.9197441503062, -220.67704947994824] : -1.0
[-137.43470360203423, 638.4014386927066, -648.2973303968126, -397.49158852974983, -66.82698402208537, 192.8016817307966, -265.92101479094066, -252.68791947652386, -59.96670322967836, 69.09463662239483, -148.8104530932184, 149.17331793501722, -343.7942000324306, -136.83225278829138, 357.81765691915894, 117.62085270488282, -615.1786413116303, 196.30695017140476, -6.676243749289242, 339.15814782959944, -101.63540367015307, -307.19026592051955, 229.8583512314304, -317.5849676997376, -170.3433557765331, -343.3658650850681, -105.98691596699442, -244.6573352747878, -363.4032106699728, -212.91164534930215, -117.29517051223587, 369.301752916518] : -1.0
[185.19210773005128, 73.17889103037011, -135.22628137225144, -63.29174363225234, -295.90347964504787, -75.35944720891534, 80.08982558690934, 454.2652651700377, 292.75597660593627, 347.101802181092, 75.42602955387531, 11.534954456398204, -232.27577742876952, 168.96691400098499, -5.185439175779749, -184.56016017808088, -386.67761516145225, 62.84351439235185, 83.30773187702098, 345.8918045838733, -429.0022053157019, 135.70471702291817, 300.71414052038006, -271.7678165045103, 468.45976303641794, -35.43465259389346, -41.27082281639846, 37.66256966919272, 53.9729800928307, -146.0556390199422, -229.97063819787857, 314.17302228179165] : -1.0
[437.916707653612, 267.66679255128236, -218.54829736847012, 42.993802972305886, -109.49223408662289, 97.17999843365835, -481.40747579083825, 206.604950184723, -376.1183860518318, 44.95293404621208, 91.36147399329057, -410.4480171170705, 149.8204527862923, 384.72523461717606, 262.94654327564194, 326.6006455440844, -267.49017632145336, 293.32272750135235, 301.3423785228115, 225.6781638475842, -38.742341365408336, 640.8360162205514, -179.50352249771055, -565.4364902951406, -131.54618414419235, -219.87652785348962, -102.35883569602314, -83.02051489328932, 299.67372524491157, 36.70414362524965, -669.704777855703, 29.138344256632173] : -1.0
[240.32170115877943, 485.20583006341917, -141.74873298549804, 0.2615325730377265, 289.1183432528677, 109.55792064092124, -526.5299352292716, -405.43522651612477, -131.85601626705184, -52.3403018365089, -21.823825779334648, 32.04168954914089, -409.0755745409105, -287.9060208576735, 263.72608870899194, -32.190128756582205, -99.24821984164358, 203.49974513493922, 3.4639159512960305, 379.45453516448526, -201.61260890618445, 608.8301019031484, -27.65570297736133, -326.0195658165365, -88.79783100123458, -423.52525120027565, -67.74182127037915, 75.78480440790742, 152.60847541399517, -680.8657431422033, -130.10748667163358, 401.7110517435402] : -1.0
[196.5136810835097, 152.6842603044605, -112.28071865834235, 92.46252175743919, 117.95153781572323, 69.02168274596787, -542.0844196326, -20.771919502917797, -278.2952481278777, 44.48622586323367, 31.800041351994302, 327.18114372600115, 141.62529854504777, -318.021830668242, 348.5167251829352, -496.82879396888404, 16.376276525638886, -305.7949225069185, -86.24135781179356, 65.64117944717103, 306.6659681562686, -216.71565891093064, -17.46134989802394, 41.864566814553484, 75.80836711439912, 2.9957590093519286, 30.528402070780423, 166.701156904341, 173.41646898577108, 100.37164454886471, -203.7482391722187, -71.63426481586657] : -1.0
[182.7683491015083, -178.71936738134244, -261.6598100186784, -25.972742109346292, -45.59431667450625, 15.628916328623973, -398.6458038512891, -28.076024545184964, -10.364981378631509, 57.582815598440234, 199.8303245050672, -556.7807161479657, -85.14966863111383, -45.3654095371901, 335.7177187196304, -141.9801485940029, -265.1943903267516, -18.662300462735722, -43.69660726620475, -11.376659376628325, -105.6244892041218, 25.01743646975757, 259.67935752081814, -355.55726248852136, -195.1926592999085, -34.7682158608019, 39.35754964589658, -262.4412912050925, -186.19164156861257, -86.19876730581814, -476.3344003319093, 376.0447469924761] : -1.0
[270.16053393825075, 262.7357816633462, 125.40923799144028, -241.2522344314821, -260.8486317238126, 437.8672469049045, 438.4866618331646, -44.759090192669355, 3.2605366445677717, -60.37321302161553, -179.11856261175254, 406.48715321467404, -759.0025531434851, -289.20730204154563, -217.8560852001402, 314.93365365505895, 85.654721978469, -105.25475994381664, 190.7024747691172, -235.0335866963116, 345.27035645586494, 146.31666112172465, 92.12930502852396, -195.70762264089177, 36.49251537899101, -22.075354906635628, 157.85525962782884, -278.6416421624036, 339.3509122602403, -358.5646768783355, -181.55816503854595, -228.75584816214] : -0.486790960485285
[549.7478887111987, 250.90272019792613, -56.378141761816764, 267.36100539470516, 713.3517819565883, 413.33887438494173, -93.82662885265106, -193.72419220323724, -84.87120434631274, 183.14981174194483, -143.12864554247037, 150.3906244958419, -28.870931678822693, 191.36402826402303, 411.4025322997523, -126.09249799417186, 67.04196138877855, 148.55413457668814, -36.676215680855165, -12.795043710655861, -309.4389474085844, -136.981048086286, -267.3840284993614, -19.193215983900444, -65.65488228014476, -110.94867116084146, -383.3256175615871, 196.59854754173594, 116.6441120087573, 145.570379780771, 725.0752331761253, 486.4064422947706] : -1.0
[281.1867453255773, 139.57744145446247, -451.215859366715, 79.13614960975349, -348.9950495305608, -209.83854200588007, -401.26099168587257, -52.37887269593832, -111.66289313650697, 148.63265757468676, 245.03121787103328, 272.1143572430804, -82.44747190743324, -281.0321070467631, 82.10892674840562, 321.80486212013113, -425.45646874134985, 56.12199417848015, 154.87071086662948, 52.95080845145998, 109.93541566978857, 41.852910009217766, 115.38298191851541, -443.92280825187777, 215.82650348704934, 135.14327705482705, 3.904839450063468, -169.87412675399008, 173.31433034060285, 27.815355056551425, -234.9655169858732, 52.9300327469922] : -1.0
[-538.735034356599, 509.6860337009954, -754.4179714715822, 289.941614926163, 182.86099953255717, -76.19828645049556, -375.5795019428483, 349.09434917332595, 243.0251910635537, 457.2548272057235, 195.87208096327223, -131.49311817008225, -348.4296467375379, -93.96147752687548, 46.86131148191697, -270.6537508292349, -54.8699698469756, -120.29752839506014, 734.1479894760873, 713.7906991701184, -110.40877420773539, -211.10662603244498, 163.8233344431626, -230.57053894721795, 560.3032478166194, 206.06248281016022, -202.51304792944296, 199.93587918078802, -136.39522368159925, -96.18658627441368, 328.5170558207199, 97.16711116980868] : -1.0
[-76.86060079651516, 88.0892290924802, 40.2741406748097, -355.64060750280294, -9.163645889039621, -46.422939417936036, -297.85157033786766, -546.58524725738, 412.2669492853199, 432.32018528252195, -61.35059078726615, -178.50225098090806, -305.4660011084744, -135.3014332952458, 374.69810279101296, 208.7747226431857, 55.729010353384226, 3.7044851762331135, 462.2719218204072, -58.12955056746624, 105.84268652278965, 144.48924524065143, -248.5141909840445, -586.1813896670053, -113.42659693595107, -426.8930552655761, 296.4392460753639, 519.6689604104147, 200.51371854891528, 215.2890311346357, -64.21437521589513, 39.16853165188509] : -1.0
[13.784843847627428, 87.45240251628599, 21.741461985400832, 37.94235432780185, 95.32737577220361, -190.553370670221, -430.3991090176781, -144.12573401026387, -168.90688021864088, 294.3814244222232, 460.524841785004, 559.8634759138636, -421.0681999279272, 25.029175328340333, 299.08547872804115, -209.45301267135306, -122.65524869374036, -63.40487041540099, 414.4899060905178, 365.0367761278685, -530.18956538363, -116.68694960332778, -23.250084158344976, -62.10798906646559, 535.8407901061819, -213.90474885588014, -99.21937590943352, 248.35697062850338, -75.02566896126994, -80.52234777267691, -13.347510626005032, -299.50589990093965] : -1.0
[228.66242382361543, 261.0816118902122, -86.25011819124899, -378.65168730379617, -76.99708542691144, 235.0082850463378, -92.15276833860005, -852.1748112683829, 425.6621903061695, 342.9887627011681, 420.70710889922543, 64.0017226417148, -130.22409000721166, 356.7022048814688, -10.430133945822206, -108.10367704262572, -477.6683539024101, -76.19302298075732, 122.23425093606008, 159.47156910011606, -473.5438442395572, 74.90733828969209, 9.131359639267146, -778.9680327870828, 103.20619899952855, -541.2621406433707, 186.98155671390379, -260.23879411860474, -494.29360723846963, 33.73017991832466, 213.70231891028823, -193.52928098223998] : -0.5166277451948686
[385.0011570444514, -242.17234786484957, -306.3759786564205, -137.16050372544433, -324.61180364217165, 481.76605198374835, -436.3503488208678, -77.54478661380547, 36.57357050555947, 112.62182654035185, -60.772133999038154, 29.969104571806106, -22.709708498216955, 492.88115242086053, 2.681656645685024, -27.735881944800646, -75.49821323900807, -136.9199650241768, 137.73393109285212, 40.51780546727062, -154.50289284708924, 434.8742078310052, 4.938906295753746, -465.5563482141006, 141.51434452356636, -55.40040335498259, 283.72594391631117, 3.1952580067658687, -219.75266686232155, 296.5942444751129, 91.86224329522426, -372.5875922157928] : -1.0
