[0.4501269368310386, -1.1601280860633094, 0.0563005028145494, -0.7249849881429362, 0.5102836553649234, -0.06571669195444885, -0.5481174003408349, 1.0695844247617396, -0.3200416051655065, 0.6940870392863681, -0.1190947699964516, -0.06409975564358807, -0.3157754869686408, -1.2039168015076358, -0.6318459142396985, 0.8666529868087227, 1.1541939474973508, 1.0693510479531756, 1.136475018739439, -0.2979587653799864, -0.3475497241369652, 0.44293190624978274, -0.5805815433799159, 0.9000357445351721, 0.08430195169715798, -0.9381361629493243, 0.13926382200724943, 0.07830983175682318, -0.30663128526340155, -0.2894556638958547, 0.4219962684399501, -1.0113937247123472] : -1.0
[0.5154061889273625, -0.7337744715874667, 0.14317153320839712, -0.5785722197653521, 0.2153044702494475, 0.06899546795628987, -0.24967250795460005, 1.040434087873394, 0.1180772934922186, 0.6018025819361011, 0.3338664950337115, -0.11874932452555645, -0.1938881488314207, -0.8696117856547693, -0.9842946028829002, 0.6079295699431833, 0.7963463895078524, 0.9177405232008055, 0.8973777172512941, -0.44623125718473894, -0.04507255435296274, 0.6706113108613758, -0.7395123056845364, 1.0971099207334805, 0.21415156780700537, -0.8449852430519459, 0.06688942371193095, -0.07208696879475399, -0.21956291639403497, 0.17112403646971155, 0.4275627176006774, -1.1292184073424294] : -1.0
[0.3834202458413853, -0.8824177117662964, 0.4970701791518317, -0.6847683917025925, 0.5689692691391389, 0.25282747853016796, -0.6350234694624132, 0.9813065825150253, -0.1937099731121329, 0.8560172271021861, -0.08783422919500616, 0.1890072403007096, -0.5526449302460485, -0.9749402434240179, -1.1904181488715542, 0.7817567068465633, 1.053379137242587, 0.8114847125222205, 0.6636975013402349, -0.07193708785034073, 0.04471911822671422, 0.27776046589611464, -0.8846224043256492, 0.4062755676308024, 0.31494924411222514, -0.9711178654114913, -0.10085180640924643, -0.1426658460060267, -0.3903148795835811, 0.08488751427039166, 0.28482963316706106, -0.8197499104796772] : -1.0
[0.7672099131182694, -0.5703284289012351, 0.5037112073233829, -0.48316492812842926, 0.09837414885350304, 0.5294994038114708, -0.3159717068076534, 0.953287174716887, -0.13943548042298512, 0.46992345253161144, 0.27062898160206644, 0.09301106984527957, -0.057207030866426006, -1.0499619251454788, -0.7758341387362105, 0.7399457624720739, 0.8584612142027201, 1.0051898944389888, 0.8122939194493085, 0.05912040210974584, -0.04589021095518124, 0.2736156546841659, -0.6869176098961742, 1.1212041815587008, 0.24662137405614631, -1.028378052059202, 0.08173717739491873, -0.2225264812184906, -0.5024271840554279, 0.3305676452219911, 0.34307986492303655, -0.8271160749875134] : -1.0
[0.5142672241625678, -0.7235114947513918, 0.38017647000431876, -0.8109260142386991, 0.6148760067870425, 0.422603543349979, -0.6773043518754039, 0.6400479013808527, 0.03256173636487185, 0.4047935080878593, -0.07313025702462589, 0.18882137166151072, -0.06755129419383188, -0.8510721153806952, -0.7470767801298268, 1.1228184898353872, 0.6404555834256871, 1.1296071365092208, 0.7017249965299116, -0.2799194485589372, 0.15662941589314613, 0.39403213396494274, -1.0267605210777055, 0.8554082931646875, 0.18646387375807763, -1.0577279551814607, 0.1877822221702566, 0.3168849692063444, -0.1903013252614878, -0.006452942955765956, 0.7053307511945068, -0.6653532064290477] : -1.0
[0.5477907073550876, -0.6658581552212075, 0.3301223451149935, -0.7069277435184912, 0.3911383860542271, 0.22759581436449236, -0.17836545639049234, 0.7699469064407658, -0.06988008891323758, 0.7359415756175349, 0.28698150463004035, 0.10071841007727372, -0.05276415067940987, -0.748999278587256, -0.6708258637164269, 0.7056028023191142, 0.7884909211801303, 0.63145901771626, 0.657177019969104, -0.3055455312462665, 0.10566412239354964, 0.6007589910711706, -0.6614834235023791, 0.7378883012629647, 0.29822243489706535, -1.0125583921754289, -0.12474832719349022, 0.08094459433784532, -0.19410905184934937, 0.07926145339619609, 0.9578600205641429, -0.7566432703923829] : -1.0
[0.45644745552083493, -0.8187066106540778, 0.4278987123016368, -0.6197040803603597, 0.314892534036077, -0.17637003932212697, -0.8091552208321685, 0.8964003705538681, -0.21428118708476818, 0.5986867787106352, -0.008168765205564824, -0.01761435277486196, -0.0017810223777344203, -0.8123720744084375, -0.9049511890388701, 1.025772365586949, 0.8935423806837235, 0.9433959603603642, 0.7691489209423683, -0.3643912864141882, -0.20783272889724502, 1.056827285195857, -0.5228523139043646, 0.8316638900941793, 0.6707559165334289, -0.8418442290110951, 0.07632512164892777, 0.19761497619582533, -0.92270497473155, 0.30133355487027524, 0.6846705307206953, -0.7185873384689231] : -1.0
[0.40651357447573067, -0.7007093385693296, 0.42984266077681965, -0.6166520063909504, 0.05816493847660825, 0.25130810962270533, -0.4941553835723577, 0.9985481423024042, -0.12115507521177073, 0.5354250495304451, -0.18980631731032732, 0.2942371601819681, -0.16520811436421112, -0.6305045188924898, -0.7634051088644338, 1.043740260120478, 0.8278327951522592, 0.8448893624639173, 0.7938492975304767, -0.15316468273226247, 0.01332286578197471, 0.6467123707443092, -0.5343596263914439, 1.126303512613922, 0.12221485769214555, -1.0749824579496443, 0.1305189842700151, -0.03721386793387341, -0.27457406611672475, 0.22243687719856903, 0.43961112026888716, -0.8821726745568395] : -1.0
[0.4256083840505163, -1.0423630948033888, 0.07122274125990175, -1.0144176739746076, 0.6758594610235644, 0.2613705684857147, -0.46986762187248043, 1.3063899192522335, 0.09495221490397654, 0.855468080610791, 0.0733317262489066, 0.16464357553524908, -0.5278807829748995, -1.0068771866109352, -0.7096721628603916, 0.5252183206436892, 0.8670136572026178, 0.5979309739615805, 0.6658295314099298, -0.42928810884739504, -0.07029682711092473, 0.38130942918669947, -0.5521699569333375, 0.9595167725223619, 0.6741475299587532, -0.9441909432926697, -0.31527471716068695, -0.10115574752487527, -0.31641051243884577, 0.5028525534734418, 0.6229132066659329, -0.6797233531221072] : -1.0
[0.7659324878189857, -0.6632725071587243, 0.5179675184153264, -0.5703342998384044, 0.34363494212342355, 0.367627426203998, -0.7934929729075407, 0.5904225112994061, 0.16952587904022148, 0.43578233603395616, 0.36687830533366617, -0.22283843704237893, -0.2849675127662978, -0.8790907263063116, -0.6426536055471421, 1.0091181857355345, 1.2253094851292907, 0.7439510068224673, 0.7666987667903632, -0.1455868469263676, 0.16378185406674564, 0.2901577766728901, -0.5862345250038992, 0.9165048663016195, 0.36003123735241427, -1.1905835177113686, -0.3372460744127465, 0.30822999544731633, -0.2625649541553932, 0.3863655486333076, 0.5161598501304658, -0.8012517635024754] : -1.0
[0.7228747108035397, -0.5166648503131983, 0.5378950451279493, -0.7501963479457718, 0.3644128665701655, 0.25082235931003466, -0.5969171698928852, 0.8986896142463805, 0.03901355393411454, 0.6745807120148298, -0.035812875560773005, 0.1081901289693914, -0.3095658261916523, -1.1698385168358898, -0.9431044986041058, 0.8902054191108073, 0.9068088475354756, 0.7325521252100758, 0.7899481464834005, -0.454619682088989, 0.29006681191176426, 0.49194740695985906, -0.7298101038172685, 0.8859220210947176, 0.5932237313588439, -0.8125773209445081, -0.035617961330332085, -0.14816352777553488, -0.2949141079975299, 0.4874184401351028, 0.20397665139971366, -1.0813605995445266] : -1.0
[0.5512552459417396, -0.7252080819248894, 0.22430558098400924, -0.6115048053759012, 0.4557555066213161, 0.23139823679178184, -0.49702556524903746, 1.0065731078439444, 0.33861284953082715, 0.742213790783249, -0.18298655970206593, 0.018431441563234886, -0.16648016085473266, -0.6402419532550807, -0.3449935731991292, 0.8668461443880852, 1.1137838505887934, 0.5156493042594195, 0.7406475890350768, -0.16171325532504105, 0.27820955976236733, 0.22777244879744213, -0.6633623611492081, 0.9192673406494708, 0.3071191862435916, -0.6056375487664887, -0.0590519403236105, -0.24301772134353167, -0.39521512695439515, 0.021461480385981918, 0.6213810227990133, -0.9490763087494645] : -1.0
[0.44549137491180635, -0.8056263704467973, 0.28706033069647907, -0.5634984797781981, 0.19899266777281574, 0.15531942939816928, -0.4204850983913827, 0.8943937784463007, -0.31970339970310957, 0.8331676221504557, 0.03513027640782983, 0.1531028159970675, -0.12089297083643455, -1.0540950884136135, -0.6503119087009732, 0.8508683932746842, 0.8936760664717731, 0.8527214334251895, 0.8382452708758605, -0.4977990890020792, 0.11144718130122061, 0.10979178080100044, -0.3458555212430983, 0.9659506696469523, -0.09081951655541892, -1.0009549785685479, -0.2811157164164262, 0.21551309060961857, -0.42156514824938307, 0.5393070374391653, 0.21287044327602517, -1.1702813981072742] : -1.0
[0.09457394056543383, -0.7435128628788291, 0.4994299989517098, -0.6914548376177581, 0.4461096307033856, 0.3914194508380392, -0.6907803274807672, 0.9567756860896625, -0.1432697587469836, 0.7096627184683814, -0.07248032535270182, 0.3662062940846352, -0.44493176554985414, -0.8643802872660498, -0.9086729668730353, 0.7950356863689968, 1.1065728012026281, 0.7113815144227901, 0.8936942807124973, -0.492446242758529, -0.08660335118544854, 0.1043113833424213, -0.7667574405980339, 0.8407917880806384, 0.21628418966913693, -1.1563249257902324, 0.15687318252126936, -0.03438263748698342, -0.4088760311590512, 0.15474049042814023, 0.6432116572021356, -1.0166668269927381] : -1.0
[0.8498495726461069, -0.5995941634642387, -0.010216402530304008, -0.8334992403628667, 0.6073304878515843, -0.11438286274410522, -0.0920648686029607, 0.658616413638269, -0.15908417070746844, 0.6173307732174629, 0.16475167408771393, -0.13852603196025842, -0.5160835729672738, -0.9927072688619156, -0.8563630711552861, 0.9697700538036935, 0.8326785495085924, 0.613184269340213, 0.9729844629016619, -0.36968712735862685, -0.4349680582736418, 0.9320871261432686, -0.4932181271111967, 0.8138396114605986, 0.37328556863026, -1.0463992277001566, 0.19907946339771948, 0.15897149964898366, -0.19706079757742373, 0.08356621461789526, 0.6103525190955104, -0.7313708415556109] : -1.0
[0.18799699713121648, -0.6501827893825136, 0.06638885374216641, -0.854113026378617, 0.629056946855084, -0.26844046444203384, -0.5571718123874387, 1.3509364516739044, 0.06594730299686846, 0.6042896648420458, 0.09280273274263362, -0.12201878080584826, 0.04635723761277283, -0.6619015994735062, -0.5226773200390762, 0.9091667976720553, 0.9761480425273431, 1.1737330191983637, 0.7219454369264637, -0.7466391899416722, -0.47762267351549276, 0.6614417953193719, -0.4325135478406685, 0.9645789572416499, 0.7806140447505188, -0.49340254615835, 0.38028680980678536, -0.22129173270329605, -0.09177188933583419, -0.27200463189203067, 1.0261373475159723, -0.8351555160256774] : -1.0
[0.7756553446014611, -0.9343788839631653, 0.3261124064822257, -0.7009214685262739, 0.3864492999839814, 0.39439723862640047, -0.4244524899650878, 0.896349448313569, 0.06877166229592427, 0.5220183855030687, 0.12972426161338832, -0.008716312452690387, 0.2118163163697842, -1.4689266027740833, -0.7083845460770744, 0.8262172425019803, 1.0643095550518291, 0.7753514713414166, 0.9740573341360281, -0.16096019091317082, -0.14442587185926012, 0.44655781838929615, -1.3204684133337892, 0.9008093071553086, 0.34125030191881733, -1.2357813653839635, 0.18469388837466177, -0.08873099499755666, -0.22952610118684125, 0.078400089429619, 0.2827538007279581, -0.6861720368898038] : -1.0
[0.17026432645088557, -1.0783927856641329, 0.32582514065973145, -0.6858019857522584, 0.9202283308291701, 0.04035861108623495, -0.6813669927809985, 0.9189092636400381, -0.445725735810684, 0.9002323915981817, -0.18626094099245977, -0.023680725720029314, -0.40377527060684704, -1.0429560361775587, -0.894960519039139, 0.41634294964002605, 0.9267881059653782, 1.1218704498183567, 1.1219464687516307, -0.29519121276061905, -0.056378573257573686, 0.22902977886429607, -0.7009334382528328, 0.8848716426289869, 0.3829650207727152, -1.1011866291096766, 0.11122275157308957, 0.30744166926426963, -0.44476872099461107, -9.55194027562055E-4, 0.698486516206755, -0.9406802708486871] : -1.0
[0.10013351277167559, -0.620120772867503, 0.25883502717555606, -0.9294801243481279, 0.40659323774502615, -0.16929722465644043, -0.8707344030690887, 1.1651990977232125, 0.057281792652952884, 0.948616811474571, 0.1196109484523547, 0.22748789676546713, 0.14007944246511317, -1.0759393191409852, -1.068905088908207, 0.9208811346408667, 1.2617683388905685, 0.9402107984354913, 1.0616808630517018, -0.36903203905247456, -0.19877223568688923, 0.597943034829564, -0.4976695228939056, 0.7088085075488626, 0.06210835811644291, -0.9792138668690881, -0.21709708249894016, -0.36239764953871545, -0.5040560174475682, 0.12669740770005197, 0.8434754161506088, -0.5877873980895125] : -1.0
[0.16157123614018476, -0.9948262095865965, 0.34006129607022473, -0.9214065050180362, 0.3723436956917202, 0.33737007839319466, -0.731876880636763, 0.9269295825890429, 0.07869526191372692, 0.37294958211439466, -0.2813554367401394, 0.03580037183011152, -0.12892538829347935, -0.7317533748590392, -1.1454741778023598, 0.993090186000913, 1.290729464371247, 1.1574462846225049, 1.0089402296750758, -0.5807371570568094, -0.27072611166863153, 0.40298708115074, -0.8029124511736202, 0.9852840591843017, 0.3085519246308537, -0.9440156413553705, -0.15084957886864672, 0.27727080262636833, -0.002765885552583003, -0.09714670364384277, 0.5142065502689984, -0.8299930319385179] : -1.0
[0.5615541287355473, -0.7910634396847828, 0.10870970897133725, -0.49245482423506937, 0.5265578037267914, 0.262285618288912, -0.22228598886023934, 1.6001471576780557, -0.13847439467269396, 0.7488926154664094, -0.019622045033260455, 0.04160237004405749, 0.0020939131294591684, -1.2146622367492739, -1.1049348924106124, 0.7701776495592492, 1.154817736029929, 1.071069781486415, 1.064527877805825, -0.3059406633134789, -0.2514655803225429, 0.37217454442370335, -0.8084983151449103, 1.1944765849606447, 0.04887769021063346, -0.9010017327639589, -0.14822991957834689, -0.2683280172299676, -0.3456977509607332, 0.5464737264276129, 0.32601722225350593, -1.2392623886914347] : -1.0
[0.6274856348491504, -1.2035524867495857, 0.2039921221493251, -0.7940099773350631, 0.38274291965605833, -0.12584780799680068, -0.903608407767646, 0.8343555024617966, -0.15060415956422074, 0.22476206156154238, -0.3104934707068403, 0.18420365860575855, -0.005782299445931505, -1.0700678462747244, -0.89087878229167, 0.7968598785319523, 0.7663831606564245, 0.5785205717174029, 0.9515270770945311, -0.27152927443043934, -0.287296446278198, 0.470525425278292, -0.7299488648624844, 1.0488525282688195, 0.003162868681273523, -1.1281831547490686, -0.13250438078028431, 0.39378937272295494, -0.28006837037473903, -0.31208911142138834, -0.018719242297994043, -1.1189786907558263] : -1.0
[0.6136300213044648, -0.7366609808990042, 0.5220419626681734, -0.43752956925312847, 1.0549076908250898, 0.2717713755815738, -0.262349212563729, 1.0641311546464864, 0.015743898940700468, 0.8144350591301929, 0.5705107868331101, 0.0779239302771673, 0.2382408408451694, -0.765976187566685, -0.6318523321386046, 0.5949808974048423, 1.303221396712761, 1.3068208935020413, 0.7753352796397927, -0.2699090618892065, -0.1719673498334517, 0.7449928560951676, -0.9717773779615558, 0.9206763595344447, 0.4344029115987076, -0.8598632658768859, 0.2624036446013842, 0.07599700304978864, -0.05074627128937087, -0.19968652105810053, 0.4859214713651958, -0.9126213292045324] : -1.0
[0.5007922301913307, -1.0180147525069934, 0.40862092610458234, -0.8191703049763158, 0.43112980648171295, 0.1585885850017844, -0.23657178588481612, 0.6376427174420947, 0.20856876383640754, 0.5997905658960005, -0.22810242937690867, 0.21363087044604306, -0.6226163062714778, -1.3835145208548654, -0.9583239373642171, 0.6030257754457881, 1.0854676437985578, 0.3957666581532223, 0.6874794822005394, -0.6324324721395687, -0.10594081304727218, 0.7114123270407766, -0.5119196527146687, 0.8309297435730385, -0.02197877056024311, -1.3277490406446462, -0.04685163499369785, -0.12015814630873604, -0.43074169068411955, 0.3629956336118901, 0.6906477211686171, -1.1153812782550823] : -1.0
[0.6998102914522292, -1.1662021956378466, 0.19127369449160878, -0.6938283674788777, 0.6468858705758583, 0.07192412933205014, -0.6667514316712382, 0.7895422196817278, -0.45844940762422803, 0.9380878149750136, -0.03615672584873074, -0.019389671228044157, -0.3097922636240028, -1.2734689049629968, -0.8389582621618923, 0.43351673052057255, 0.5072140351545181, 0.7277004506054463, 1.376955623278169, -0.4097280053996727, -0.11296338435098888, 0.6042880384023597, -0.792444182332142, 0.8961688607949696, 0.2911373405055246, -0.5937960233528062, -0.0298815523018522, -0.016018106063218285, -0.47806097572232026, 0.14819006699719697, 0.4260154409752692, -0.8430667369661886] : -1.0
[0.2288825658822493, -0.8424600583032938, 0.4729018575053052, -0.5080446797387798, 0.3209431389166335, -0.4776200514358778, -0.3748072433973706, 1.1965106082452097, -0.05178609876564051, 0.6230784484678185, 0.16237995511399345, -0.011646820558463734, -0.054467829536631956, -1.1163654317347262, -0.6910552993725183, 0.4173093524049012, 1.0990330798893098, 1.1169939436087652, 0.6765192227311115, -0.28075747007305735, -0.6878565538479666, 0.22070296822486066, -0.8815105219621924, 1.0812589479703385, 0.27581156316623356, -0.8347752793793944, 0.06207240222260503, -0.12242220252702124, -0.23372297321240948, -0.176109940730045, 0.2562399247768524, -0.8306154968617991] : -1.0
[0.33336330559505123, -0.7022683557687425, 0.4787166889155162, -0.8148504990274527, 0.4201191463229389, 0.7261817040099683, -0.3093716856185006, 0.8977577285613219, 0.052536638400608626, 0.6898654744841385, -0.2339833171953754, -0.2580339328913656, -0.2613870384523129, -1.023177325120612, -0.6416849228113699, 0.5940889986739588, 1.3743018173305572, 1.0194419618749273, 1.4700940113082055, -0.26732559888342294, 0.10427285282105052, 0.2349955508584196, -0.8616843594149721, 0.739583135826893, 0.7016684336809713, -1.1952614589340669, 0.03316901581708247, -0.07358717674319407, -0.4272661228878421, -0.3520028393530763, 0.38878431421918697, -0.8468586019157576] : -3.0
[-0.006883373316406982, -0.6871578619314227, 0.22314696339238763, -0.18339118964715057, 0.41678961997698816, 0.09585306498808854, -0.2160288791515263, 0.8330056469843155, -0.1510724674225091, 0.47251585728464335, 0.3243300636359709, 0.3115499027987342, -0.053272103823950756, -1.3855685845407755, -0.5676887816134921, 0.8400049579560619, 0.9632006577864897, 1.2586799178560875, 0.8707181598081973, -0.5667606923300721, -0.010913988542060923, 0.5787074907153863, -0.8511134901141856, 1.0177786201894077, -0.22169010163559127, -1.3894007839621234, 0.06831887855525878, -0.3655599921183823, -0.27915958119228357, 0.3659249477270136, 0.21775004829589859, -0.9182392926302728] : -1.0
[0.5283116316034515, -0.7453674867859891, 0.3245252555800361, -1.0776294878201218, 0.5610086849792869, 0.07791371217460616, -0.5269112953697246, 1.1243783034219155, 0.05026594793011861, 0.751764500451063, -0.33623610898544853, 0.100699368271298, -0.4715395549067785, -0.9583672943099588, -0.7567279634173232, 0.47519913379292017, 0.9068087732463668, 1.036147499515446, 1.5151628389238516, -0.27261109472695977, 0.03351199092314491, 0.3693555587232779, -0.7389070488473786, 1.0460147608232244, 0.49940232467872, -0.9423314358244134, 0.2577865779973328, 0.17389458308415084, -0.22605179223983468, -0.021951136878800223, 0.9559557789189388, -1.0488308762628171] : -1.0
[0.8361071119074576, -0.8998849866700744, 0.32470597495534775, -1.066609384462927, 0.26953269892457743, 0.35938557919482794, -0.6297376480895673, 1.0546019357041543, 0.23993717740309778, 0.6420082357537791, 0.2696815908062582, -0.09629987625387168, -0.4925501786287305, -0.9272890461453144, -0.9262154880805338, 1.0017200526969248, 0.6849846035700338, 0.8100466302946853, 1.0030895295430737, -0.5866389824562745, -0.049214259326733234, 1.0579600997205374, -0.27611535286696853, 0.9323417554466289, 0.6683708223352579, -0.8149760186050679, -0.04032892149936987, 0.05574015828610769, -0.23202728558013352, -0.14930746688880012, 0.4081495316906153, -0.7145183277838583] : -1.0
[0.42707301473449194, -0.4849812187151198, 0.04338285724351937, -0.6767277009496926, 0.6109131278036206, 0.20462563690887964, -0.9464855893546784, 0.7849927977181709, -0.361593820183663, 0.8430655127741384, -0.13883717342773566, 0.011092224628707847, -0.08926236995431161, -1.1458163112677913, -0.8545060378443905, 0.9204992899237165, 1.1564739163487758, 1.3560016482584318, 1.3805605462762975, -0.03209292377820311, 0.2155996516710163, 0.41410590779577205, -0.821779090699345, 1.292708801800397, 1.0881460660561357, -1.3509875480182916, -0.21529571554908378, -0.48861202268427106, -0.3165219942356906, 0.1819522107801573, 0.4018246420639081, -0.7210879164777882] : -1.0
[0.6825368182437638, -0.5824923965399066, 0.5722843436167986, -0.82509533849154, 0.24637893807305877, 0.3367182749754049, -0.05512774031821105, 0.8508021095220256, -0.07100808322373343, 0.6958558575768723, -0.2454451657407623, -0.1549786618807688, -0.07163630696674986, -0.9906512611482352, -0.8438980886433223, 0.45338678638627655, 1.0906854175952925, 1.079638395484527, 1.1434436111054365, 0.15655482115506125, -0.07652542083877542, 0.7741442747574897, -1.0064090406659103, 0.9055560204194133, 0.5115533043983249, -0.9883900443660433, -0.2589187978475517, 0.09103840588059182, -0.0859166556746403, -0.11620193015801913, 0.754723136998228, -0.5768218377249271] : -3.0
[0.44678114652158146, -0.6447058827145622, 0.0665273174163111, -1.1721653445024052, 0.6496699538658108, 4.1274129415169725E-4, -0.2917414126871495, 0.6617073844541455, 4.940474055601975E-4, 0.7706030914037774, 0.2425318114506337, -0.05925096944047935, -0.17345960767274107, -0.9801038259996, -0.6642859997532825, 0.6343591050795128, 1.15611508907486, 1.258567834231658, 1.4747564988242101, -0.3066517717465729, -0.3955130145432503, 0.439729742942332, -0.6954694746053071, 0.8748123046649949, 0.6513948262029176, -1.057785355496132, 0.5285283956330813, -0.2370064599728436, -0.47220362316116826, -0.04724578452952101, 0.6633971378794097, -1.398670893456515] : -1.0
[0.46815937378424044, -0.5383129763024433, 0.4637919195270755, -1.0001334156444255, 0.5839139520672747, 0.4854139624744186, -0.39955170676212687, 0.7967310750440255, 0.17107527255771826, 0.3020639501782601, -0.45427501496890177, -0.2140834014073803, -0.27267366499825885, -0.9608407455163372, -0.5899380838074996, 0.5913031271744355, 0.9568559610656187, 0.9210509206624724, 0.7393361513560671, -0.5688337829322896, -0.18839938064043008, 0.3131853264086669, -0.8837786653558871, 0.7519265609502801, 0.9433257627870282, -0.8838834364533528, 0.297143423505406, -0.0917868028367201, -0.03207843914324243, 0.004630711242716745, 0.44250978771763017, -0.44600725738194336] : -1.0
[0.3467719863261042, -0.610903722766329, 0.26011199886217773, -0.8982591226904035, 0.2906111482490082, 0.20743640637546756, -0.0899398582254387, 0.8595938903714483, -0.2692251248514821, 0.5646173378959063, 0.5150742545118017, 0.07109975119267636, -0.033610230458475665, -0.8599965397480048, -0.5351620724905986, 0.808834325684721, 1.4175835126571876, 0.47000048124389376, 1.0828321723803058, -0.7492514201274113, -0.3264102539407494, 0.17960976709502052, -0.5611306365046201, 0.943444002307795, 0.6291515743367252, -0.9382571674469806, -0.3897599643242863, 0.2704381441574025, -0.4926558912978663, 0.2615979127013217, 0.8217117019394072, -0.5408961469946565] : -1.0
[0.3341370102073061, -0.57148720815768, 0.5243539488820428, -0.7419687956474389, 0.4346632720166038, 0.18456667495671303, -0.4200803015867882, 0.8646969870185812, 0.20221733423239732, 0.8342099308985058, 0.07895664723013718, 0.10352227986010751, -0.19649553410373521, -1.2106484886048425, -0.7785801849876208, 1.0144204072275038, 1.2040738477449862, 0.984266089391617, 1.0593288555488747, -0.39794834823233055, 0.05983826901548123, 0.7264544808853399, -0.5738075799115155, 0.7709318588391247, 0.5619077248599217, -0.8742901176255857, 0.5395867861629331, 0.11796070443775969, -0.5133606102488865, -0.43723202359589364, 0.7273105866315396, -0.6290273231529389] : -1.0
[0.6620410529337242, -0.4732327969388913, 0.3719464521976495, -0.7305320032467679, 0.4860892158718641, -0.050046610205925574, -0.9387834702598148, 1.0589325488105434, 0.09052404509054474, 0.44672600487625347, -0.13275458112787455, -0.32246478287178043, -0.13608329630480787, -0.6320487651149694, -0.7846736401398835, 0.7702316555796426, 1.1670233261322707, 0.9116499445952162, 0.5060347169819718, -0.273288477847261, -0.042186393168092695, 0.42973406919049223, -0.7893215865005323, 0.4213848031241142, 0.20278529495221864, -0.9937519066464027, 0.5511577030263708, 0.09921856993634896, -0.36664547594459274, 0.2438523893912776, 0.5982894751101487, -0.7080556871900882] : -1.0
[0.42470749512813855, -0.7046631420849966, 0.15362533444931953, -0.8328212156128935, 0.6387665691060936, -0.10071950424283191, -0.2850693194699836, 0.750242477091398, 0.07034282396265074, 0.6988590272298956, -0.06770827580587921, -0.35345975017679393, 0.11347679049026038, -1.3519629035597238, -0.2910509135819553, 0.7663749167769915, 1.1417426175187848, 1.1170842275695554, 1.251380873635335, -0.7352535144600598, -0.15461707017744247, 0.47633393428226, -0.8549774268200623, 0.9847898963359639, 0.24210300099206145, -0.9818763743057893, -0.13567605757780477, 0.2387901167649137, -0.5478291416790997, -0.2318771299634571, 0.7992809699721215, -0.35663196620197857] : -1.0
[0.6503873790322463, -0.878469309822937, 0.08653048434156713, -0.5769912176859147, 0.5437493428500839, 0.23104230897221165, -0.024975023292626408, 0.9866702797815778, -0.01898211871913359, 0.9800553257903277, 0.12052742661220497, -0.24355634853474306, -0.07681876981855959, -1.2933319298249237, -0.5712238447536047, 0.6583334553609553, 1.0529229219404737, 0.716727570552181, 1.3656149847005352, -0.44867075497962966, 0.029694461238711722, 0.33389881913403463, -0.6905402411400603, 0.9555512804942043, 0.5275986142333116, -1.1421489707541257, 0.2730695674294412, -0.3535214536072162, -0.3355252405986671, -0.4384523977062553, 0.2515065019538147, -0.700646522241305] : -1.0
[0.2818832516763954, -0.8167816027093442, 0.16980439746109277, -1.0971379979779643, 0.5327409094690279, 0.010671829013986528, -0.330020010285804, 0.9863131368312562, -0.05247489678264787, 0.5458842336487615, -0.23813199909885546, -0.32864213213471377, -0.5448551853599779, -0.705952601985461, -1.1147994605665852, 0.920998970268086, 1.239533090097338, 1.1501871286542598, 0.9218892374939238, -0.24355244152721237, 0.13632169009139283, 0.4836438959975435, -0.8804299747515751, 0.4351567097454369, 0.5392563182467386, -1.0668532335977794, -0.09225001210433897, 0.11654577234738314, -0.23514234063088543, -0.11294544599366046, 0.7443463583192111, -0.9654425180150821] : -0.5056502602317117
[0.4306064908761246, -0.7667650188418883, 0.03964301658514574, -0.6338996914538941, 0.6596574665636056, -0.03378424316453396, -0.1414518967840118, 1.0990755469671922, -0.1245332927651387, 0.8367620124542987, -0.12319889160289393, 0.01414391654988778, -0.4045265832922874, -1.0637821273442765, -1.1184967207683967, 0.8240080619229793, 1.5056239927883586, 0.4411489568634105, 1.4549697122457084, -0.25783500060086983, -0.18161380924871934, 0.5092010202335953, -0.7005333792354013, 0.37377659358933235, 0.26492697032506246, -0.9757664829292737, 0.5253448807763912, 0.23002204750365093, -0.5491795038578228, 0.01808223292676875, 0.36181383289147784, -0.504676762692471] : -1.0
[0.3549184477305358, -1.0729131875841498, 0.5655947937157104, -1.122804904158381, 0.6186491830947369, 0.39953630635898285, -0.24002385421570605, 1.342784427883492, -0.18086532909725844, 0.7737581211219727, -0.010263862215404648, -0.2108832895010455, -0.3410016684597029, -1.1065231038720014, -0.6907146064485249, 1.0029516105118574, 1.1709004541107622, 0.6340941828619879, 1.3155631545748885, -0.55565163069349, -0.588179879145481, 0.5972786649288124, -0.8707583114616845, 0.9349637144170476, 0.5360109587375094, -0.9597975001318093, 0.13019341268614565, 0.33690564747069685, -0.3479021519641429, -0.07261868215829104, 0.3101758346219774, -0.7823211227550849] : -1.0
[0.5395004982493375, -0.575163168937503, 0.36723655798708776, -0.9950644454391482, 0.4263628301350482, 0.30247010462458757, -0.38080092822497896, 0.8250368586105886, 0.3638525878209293, 0.7032889434513256, -0.1367537246356007, -0.06737368687709341, -0.3180027264859416, -0.9792701255171339, -0.7010505147909615, 0.5121731635656206, 1.0251934524036947, 1.0890239960988979, 1.0737072038015336, 0.05711341339530268, 0.146204215369525, 0.33967555387775034, -0.42844193648631496, 0.7630783722254516, 0.3338160010680264, -1.1867603980104822, 0.14100669350625, 0.004228647118623073, -0.13301326239487493, -0.25638424393034276, 0.9992384145885083, -0.929005941789645] : -1.0
[0.5441858944664578, -0.49927943360130544, 0.3116033005366011, -0.8816411117081139, 0.1558653674888137, 0.3425112906515705, -0.4200965519540808, 0.9811326225204082, -0.003350277443020376, 0.7961893283047587, 0.12925879383793998, -0.1758865752143509, -0.10731575471581337, -1.0003414714558685, -1.0358799888493901, 0.40444494073864234, 0.9649380236085773, 1.135453562642465, 1.7120153498634716, -0.14443279832969808, 0.32586072406505945, 0.6356854500206702, -0.8173841375719899, 0.9942934000943059, 0.728996760692034, -0.8093479631486521, -0.1531321870580552, -0.0563589275707399, -0.14084659740314148, -0.14975423775662944, 0.5763563261783797, -0.5432428510393378] : -1.0
[0.9687261081155397, -0.7847107396945883, 0.36472601392796555, -1.0398205074542521, 0.4152607760570625, 0.649392202182475, -0.2281877114275884, 1.0524444041005059, 0.03452724411553171, 0.958462168530622, 0.07726636021082256, -0.2926561477649519, -0.5654351745753355, -1.2282251182365687, -0.8894890651789032, 0.8582288337599808, 0.9932980180602544, 0.9544488225450816, 1.19105774396792, -0.19257532097129282, -0.42895102738447577, 0.700522109729079, -1.2098156098565545, 1.0447399537798152, 0.7972188695146204, -0.8018320247859234, 0.22186497075488237, -0.11453692431872034, -0.21937353347289693, -0.23178252115880404, 0.7502618598313576, -0.6252430623905278] : -1.0
[0.7556621635291332, -0.6947652750762175, 0.41069886809159495, -1.1056383735462698, 0.08973990738394733, 0.34099125589173734, -0.31469294554244176, 0.9122876317141064, 0.1586238079180778, 0.4669278461972993, -0.38125479292594383, -0.02141320341234612, -0.5123652812248679, -1.1455861348601277, -0.723014583419967, 0.7509967725334065, 1.203462273014576, 1.0769848246112084, 1.1260005441662875, -0.3080297594477034, -0.23299819868056293, 0.5081619756143657, -1.091833315610227, 0.9035332556886031, 0.6935930915316535, -1.0948903053386052, -0.20225228765504516, -0.10750576559604717, -0.4064344067175007, 0.08516115700827391, 0.3990056611353371, -1.3087721816424054] : -1.0
[0.4711488773913117, -0.6044449911258643, 0.2648715738432835, -0.7878349229254352, 0.42831947968447515, 0.17891770167703705, -0.33246756075102446, 1.1043485362370984, 0.007822933887091234, 0.5596441478122385, -0.08080433853335134, 0.025509131906568547, -0.4689874164960197, -0.9955323473321616, -0.48335296280852547, 0.6372796099899424, 0.654583369396579, 1.0277433406053664, 1.1962504982457374, -0.19689840245332366, 0.04443073794356443, 0.5509240773317025, -0.9733562423291802, 0.6415544157994042, 0.6884119855565913, -0.8727388579686859, 0.010151137678360095, 0.23903050375743337, -0.12319440590384666, -0.00775545281796966, 0.44938193094813594, -0.9371675872908329] : -1.0
[0.5876641815806819, -0.6024421556792184, 0.33070747556190777, -0.6930633555390234, 0.677502507562324, -0.41301274998881515, -0.08258483962067109, 1.2284795889934843, 0.11385866977440984, 0.9995026731469518, -0.22350549181269397, -0.023810911544673664, -0.09508251831833078, -1.0496593296926722, -0.9603800408193303, 0.5134035847143064, 0.9314778774338035, 1.0587837050647857, 1.3323299448281776, -0.32794742880145006, -0.11610990013455774, 0.6831062569633639, -0.5930643908145717, 0.9055982264175897, 0.46083866563769166, -1.1017860012004308, 0.3018644234259953, -0.35651801724751037, -0.36265169149540166, 0.02189140045846702, 0.8168002052245357, -0.7575130572304162] : -1.0
[0.3901790366869766, -1.0754289600992635, 0.1525848350608918, -1.0038577460864229, 0.7253268244440432, 0.192692637244107, -0.5798408728654912, 0.47655366298305457, -0.35696289886761595, 0.6177333621189102, 0.3250595700632049, 0.28170863107819777, -0.3806314555262613, -0.6596292819295737, -0.7379478057045432, 0.3474408560486018, 1.3682703490559716, 0.7660852923770896, 1.2325557790242894, 0.1273084778667716, -0.05225145094148855, 0.6411063651428588, -0.7162904762918479, 0.5617063000107221, 1.0201903056579171, -1.340740689965663, 0.4259107962770574, -0.2740681483634934, -0.25715832946723594, -0.006063289465929676, 0.8885573534522477, -0.7560792939618514] : -0.46370467272671784
[0.23176197956957556, -0.6434880789659881, 0.5750140700964049, -1.127137796114419, 0.31128278666703113, 0.47672483389815845, -0.2970154290568622, 0.7435215740517074, 0.0562075547439506, 0.8509542073513972, -0.09030448333263277, 0.11174843923760294, -0.60341730796694, -1.1678139888205519, -0.8158126928668626, 0.5371494714287846, 1.0587571405924021, 1.1555753730129739, 1.2766178909556893, -0.42384064687252054, 0.005622305891232998, 0.6877214980653918, -0.5705685546092416, 0.8280271813955954, 0.6839409522040908, -1.0381281931001292, -0.2898988962360569, -0.1402971656153651, -0.35598008367512535, -0.40441625394771546, 0.7614075802773378, -0.9592091189857079] : -1.0
[0.8367398441010414, -0.8423188485795506, 0.6431826793742853, -0.8045216724498323, 0.0692875213910445, 0.23045243129423662, -0.2864366697325317, 0.8035828355189127, 0.3281526358139491, 0.7088730952774952, 0.0586005856448813, -0.047198729704944674, -0.24384659234542455, -0.8810136765183211, -0.3963982672598209, 0.5161191018973037, 0.7958895724966744, 0.9543556300275665, 1.0262835739704657, -0.23623716435389805, -0.1999504921341791, 0.21126045868147947, -0.8015356970908286, 0.9786199840479508, 0.9463165437572809, -0.981152693961341, 0.0855126166923514, 0.18230345481093937, 0.048181898345924346, 0.1947446503638881, 0.6305902749253738, -0.509524943175685] : -1.0
[0.5742371314884532, -0.7831360918310732, 0.3530175037459546, -0.9272828861897005, 0.48043505678181175, 0.2803283130812694, -0.30791487584190014, 0.8401834164201992, 0.14428979225226649, 0.6442249152779327, -0.15416691736012644, -0.2889818013257206, -0.1362724970668969, -0.7910567429583013, -0.7967353163579631, 0.4843249486268909, 0.8925084324155004, 1.1999363405967123, 0.976505673634982, 0.17043100759467703, -0.12777915479693472, 0.1030793219673718, -0.5637787844998077, 0.8593327950505303, 0.39618882378541265, -1.390772111549901, -0.19933880843617513, 0.14864105756101686, -0.17979791096523617, -0.33169433763074563, 0.734940486941801, -0.7081577737220464] : -1.0
[0.46349980189858675, 0.0027779738299711365, 0.20911079974446733, -0.6139287760848771, 0.620484065795093, 0.1244484370519081, 0.037833342572742235, 0.9961874584439213, 0.2814051524571028, 0.9519130767741597, -0.30988387637632975, 0.025615575160191195, -0.2975594814559134, -1.1287376747479712, -1.0485501991043953, 0.4825376065613637, 1.0658286349794615, 1.0727856522102373, 1.0622829509429297, -0.5512938725090654, 0.27712164379291193, 0.9139886948620299, -0.6766752436844503, 0.9340943271772127, 0.35802639490025673, -0.9605785441927872, 0.1618075683490058, 0.4520427304517709, -0.04785728943254458, -0.3905880136467055, 0.6954891361020206, -0.8796412728439358] : -1.0
[0.4218931640834787, -0.8526746443203906, 0.3143604184433893, -1.0074725455237632, 0.2825195484761194, 0.1618854019451453, -0.22824559816652418, 1.1697940645266924, 0.03547498976565905, 0.7935700136584779, -0.04462533806689872, -0.2391616683444584, -0.09391967035342214, -0.7933402598213661, -0.5176136779170764, 0.8437739604547908, 0.7414454702813147, 1.1297921915196332, 1.0705789095066218, -0.02120169622886489, 0.11028778776826624, 0.3313650955009255, -0.8624158107602646, 0.8097807980320139, 0.6394705743241497, -1.1000605619705688, -0.08395698632058415, -0.15535756565223832, -0.3122184106843655, -0.14024465225437022, 0.8548249163508229, -0.9297210838025615] : -1.0
[0.7088622229557232, -0.8469377398120057, 0.5531674917789722, -0.6330555851310286, 0.46494077047010324, 0.28919090131805103, -0.33144567818393034, 0.9784510749289134, 0.32433565701504713, 0.7129612425084736, -0.5359829347458489, -0.24100106093282278, -0.1439385135862028, -0.725899122913807, -0.6959581254548527, 0.5154246294556833, 0.9682153091836766, 1.4451570156330218, 1.1924381910011486, -0.34467101993709826, 0.0942182703055066, 0.46874002550652927, -0.794883348142272, 1.1199883863439426, 0.5857578391114446, -0.8302223640229988, -0.0932915533559835, 0.010437476392793897, -0.24117942250096291, -0.20822055992711963, 0.692145728248453, -0.4597353689879401] : -1.0
[0.5649405601105387, -0.821407755429949, 0.3167287154423373, -1.2857989262475296, 0.5922083680102128, 0.10882984179021349, -0.5972000570113785, 0.7662064379599894, 0.16482273120158877, 1.1858003915936202, -0.12786294215665722, 0.2529240976613034, -0.23410111697468067, -1.0733872648212754, -0.6539436049596067, 1.1940245225195059, 0.6850182031044485, 1.4205871988944838, 0.9306545311341266, -0.17737424252232745, 0.12015362301863651, 0.608825116053334, -0.9447760090647819, 0.9091576767496524, 0.6494815286919187, -1.0158085723032941, 0.08861119006378113, 0.230398746865831, -0.0898640212640461, 0.060896286909846956, 0.8461164289439732, -0.8105180198962214] : -1.0
[0.43364901070784434, -0.37035690271262345, 0.3912290191556147, -0.9426286890900426, 0.2697170526156564, 0.1484111132857858, -0.5663628296534924, 1.156757639945348, 0.014447044384719665, 0.695560197348512, 0.03500597953066671, -0.036668043925636565, 0.06438231607133538, -0.4979036623230324, -1.035060205438566, 0.5127529324699935, 1.2586648292176574, 1.027777508524069, 1.4283648309236032, 0.10163132219657063, -0.23655988564999988, -0.01146209860361791, -0.7888276238287162, 0.6384360146503635, 0.8300397047344775, -0.8354760618205793, -0.07101881897585197, -0.10592369923511273, -0.019096750442283594, 0.06477035407420145, 0.8433595772775909, -0.7620531889114308] : -1.0
[0.4687165688187179, -0.5366764004541431, 0.22620931172740452, -1.0396568861690136, 0.7629365396063182, 0.05412281350870596, -1.268391041929826, 0.4912025831526283, -0.21208621362959118, 0.5830335179800312, 0.1348809256901734, -0.1964364142856641, 0.00500035427487433, -0.9856916118358687, -1.020185484119784, 0.502065086454242, 0.9780380281068667, 1.0446190112580422, 1.1927696316942955, 0.02089532733996456, -0.29369204696444795, 1.0777166003899339, -1.0112440316022249, 0.8541025311489046, 0.48119475003295303, -0.7591763188045493, 0.1879604487443365, 0.23455374188372677, -0.46317017338164473, -0.2887092340880345, 1.1844446201333168, -1.0378073455347003] : -1.0
[0.28133416135088885, -0.3566440576613173, 0.6251775596055515, -0.938641218396247, 0.33393237644486284, 0.6683246254113566, -0.04979794476547422, 0.8281243582748076, 0.36088030864592335, 1.021653315662105, 0.3017293263816982, -0.5129555133543263, -0.22563206003564612, -1.6273562664766215, -1.296593893323081, 0.9793026743366362, 0.683329979997526, 1.0234137627626056, 1.0605599460947581, 0.21976586615101396, 0.5631782894521802, 0.7943567175893338, -1.0396241281585843, 0.7656059266200277, 0.36886986349528295, -0.8672285671794631, -0.15811370301067354, -0.5145274419935785, -0.011785290356397776, -0.327379008178402, 0.16375293476346398, -1.1054293926040493] : -3.0
[0.4649843562640106, -0.29166814632288474, 0.3964998132540453, -1.4017142118266994, 0.5326740272969617, 0.5839146038086049, -1.0788547813113747, 1.0091601792034295, 0.2766682455771524, 0.5238247659812572, 0.1123953536331783, -0.19758674707960686, -0.49292786715523895, -0.7069225054149243, -1.120313191876683, 0.3513970234443098, 1.3822808323624787, 0.8515029530488295, 1.1704596344652494, -0.048785865934810116, -0.09549754712351062, 0.44359180364711603, -0.506594341036441, 1.2380332258622364, 0.2694522998451726, -1.3027089800797473, 0.45803369857642307, 0.12972041728843145, 0.2211554606670849, -0.05538119358941242, 0.27271870912420165, -0.6006317010627761] : -1.0
[0.7441297941662749, -0.7651824921203418, 0.6798338094171583, -0.9374973011980803, -0.23628615086756405, 0.5668470095433996, -0.28881825839030345, 0.35201180489723904, -0.09118146573931918, 0.6180154219557318, 0.053948845056658534, 0.045901385949659576, -0.47501512573709204, -0.9912290375898306, -0.6849516396894912, 0.30563540813881596, 1.1086717600705849, 0.9098779400415233, 1.2052380579479034, 0.043267406395586225, 0.06869548287603032, 0.66764085665132, -0.649408536397224, 0.9356589077192878, 0.9886283607827951, -1.5200620218567011, -0.14899865022501138, -0.357521535886111, 0.09626005098735013, -0.06716629512839041, 1.3063100580203377, -0.7040557507918043] : -1.0
[0.9257684183880394, 0.10933548577294527, 0.7494359749021091, -0.679571838454293, 0.7596035940569038, 0.059899090750090034, -0.6229912593365783, 0.7459248091012465, -0.010692803154804226, 0.8851854218406054, -0.25604721909907263, -0.4039915296725476, -0.1725475281617733, -0.8847089172110507, -0.500048530580425, 0.5875907030692648, 1.0744610985083416, 0.4424517712920746, 1.121925275883672, -0.1007709978941643, -0.07087314781964595, 0.9017620785557852, -0.20384852889907346, 0.8494324327336901, 0.27112964369261083, -0.8311752440887487, 0.19029495319471798, -0.29843886393093, 0.06492529745911424, -0.059774941677930155, 0.5180801190038473, -1.2132612736663053] : -1.0
[0.6112293360288289, -1.2385472786914833, 0.06696181232858717, -1.3241361253495105, 0.6899027420496936, 0.4958410377989084, -0.23862134847278396, 0.650097721032373, -0.08478959936223021, 0.9112804102970853, 0.07091086065159737, -0.12223301673913023, -0.9567645060824493, -1.0552062934761384, -1.085868909124716, 0.4741797351155853, 0.480905370687689, 0.9277367680668079, 0.36789670044303435, -0.29416952498715027, -0.021337024751813132, 0.08024430752275447, -1.15602793687072, 1.4478224609117625, 0.23690649937351216, -1.501732029039823, 0.6961676993911793, -0.39845412107040845, -0.35493285790249485, -0.8200833445085649, 1.3287088870261372, -1.1877467586030888] : -0.4715649864890359
[0.5975074311814199, -0.5828600545370926, 0.6744851525879356, -1.1365821297818892, -0.05734571239310188, 0.5023208133565694, -0.36455219413851525, 0.8462303489573233, -0.3378710120073486, 0.7454179395773753, 0.14286047159835535, -0.13864592578335916, 0.09808458087328764, -1.3777508805119845, -0.9438895151541463, 0.4842846360556666, 1.1031147422998653, 1.0500187458598849, 1.0458396094817737, -0.41847167132301794, -0.315016479529149, 0.0033701558970715695, -1.1270561361161575, 0.32465507965404095, 0.5152951717663383, -1.0562340469181144, -0.09983706664405939, -0.3643735522816671, -0.115157055745683, -0.22302141610651635, 1.2007016281263798, -1.320632153386283] : -1.0
[0.6838851331810949, -0.7208611997811942, 0.18290441923904527, -0.9213011845598779, 0.5074223170986716, 0.7575448512578773, -0.5962700060675603, 1.0794600257813223, 0.48687733946560136, 0.6123951876109817, 0.09562302265621787, -0.04426723124042438, -0.044100809313799505, -1.478939466226327, -0.9694028403943489, 0.7315635945747807, 0.8866478160261262, 0.9505014631056423, 0.6195250957466, -0.38404178515663306, 0.22315277019366472, 0.268762139762162, -0.6219699443615346, 0.47033012899490784, 0.7894134706299756, -1.3483879195268105, 0.3101190375518413, 0.31945190177703375, -0.15365373596281728, -0.3338390221002741, 0.7329722039038632, -1.164783510609905] : -1.0
[1.0324840968577909, -0.4558664770020826, 0.021047198720238525, -0.7601756423477053, 0.1256493897846823, 0.010025430725382367, -0.8815257062820947, 1.547515243777121, -0.08063712139601173, 0.9675056758665883, -0.3298765160331869, -0.42215474048962237, -0.4449176950810664, -0.6624812534228037, -1.1680864840724043, 0.7529419274340057, 0.3409283451794979, 1.614804813848473, 1.216786572889594, 0.06737889436088847, 0.12331140817418715, 0.7669153869524966, -0.9471130237940496, 0.9523473500569279, 0.7194957015297657, -1.27231736450064, -0.103499574483396, -0.16414396149823768, -0.8055594460697658, -0.5934236172757175, 0.5945681137946144, -0.7276064685529353] : -0.5383847843516957
[0.6309092563532238, -0.7627484656505551, 0.5897069091622519, -0.8760437419398118, 0.006449317534567511, 0.3085677396222339, -0.05893869433614596, 0.7853648668162128, 0.6419011800791742, 0.8554938169519007, -0.016126374152961344, 0.26272017823059063, -0.13944986698929251, -1.0634198755267104, -0.7722637268262575, 0.37146158741897606, 1.3441677650617745, 1.232074958709163, 1.4327043778240605, -0.5177700835906519, -0.5603725331309033, 0.6679301648933271, -0.6117512205280685, 1.5034393101048793, 1.1517219287916411, -0.7337065814771411, 0.011432120891999634, 0.4959640677000783, -0.49972794277363736, -0.5088014455175921, 0.564636850930916, -1.2234180108118604] : -1.0
[0.8157514132125235, -0.18426875510766944, -0.05640710892114037, -1.030179806205033, 0.23301330206298854, -0.1272063855923401, -1.0221233237929161, 0.9299890340886171, 0.6246276863091067, 0.4499412221631961, 0.04047350690735502, 0.006422941791755135, -0.4338102450642575, -0.8718556006204792, -1.01052570283483, 0.6727750893413331, 1.2113933350390922, 1.285847683066258, 0.8174257908465039, 0.06034567050022373, -0.0810161015577029, 0.5790582266854151, -0.7085672511740149, 0.5257290167509644, 0.17424949129868456, -0.9445004413866049, -0.024902261599845127, -0.9110335389382238, -0.22114347552893418, -0.18564619352282458, 0.10658332660553982, -0.7693926505037508] : -1.0
[0.6171655092219266, -0.3773160737528136, 0.5735883443791331, -1.3922144321971155, 0.5803518358168995, 0.2668199882465303, -0.6670661787797756, 0.6510672829671851, 0.6409783699424305, 0.8192371003709809, -0.10281136701404546, -0.07382827419134808, -0.043526802437091505, -1.1946774267433606, -0.6461060798671447, 0.7597157843629558, 0.8408190874477162, 1.236061461640493, 1.4116487468145933, 0.30462272456417594, 0.01835032810865695, 1.0854608265859973, -0.8207145862220251, 0.8391763192162928, 0.6557037292884164, -1.1523079932516602, 0.12312447054201187, 0.3991371166266213, -0.09455489336851458, -0.4970694324501892, 0.27988536890836363, -0.516374585641852] : -1.0
[1.2245088576970486, -0.6019005125688665, 0.8297998086394124, -0.6682834443915254, -0.05936225056834754, 0.17601651662440956, -0.5558702325660673, 1.0138313632224527, 0.19671129382460717, 1.1534153268241663, -0.3060813207539747, 0.04761702810182446, -0.016116501449568943, -1.2986447704302209, -0.8464156549230446, 0.40583896105859774, 1.1364438739522693, 0.4974468264556917, 1.2273485574551486, -0.5928373273506892, 0.4011644400764831, 0.4104006748025007, -0.8370527998887988, 0.7471596187067335, 0.5245688049300851, -0.9897349934648634, 0.038716982443262625, -0.13574020207117127, -0.6537570080709523, 0.33714859114836293, 0.5062022082282347, -1.1193440427697523] : -1.0
[0.9179969918700022, -0.5431127861763007, 0.7113034934420952, -1.0393078290828708, 0.4811661977288402, 0.37469806170045084, -0.7666365832897047, 0.8684924248039493, 0.33729391998877273, 1.090326915509462, 0.011370568162219763, -0.24627793477665263, 0.10910233585126006, -1.0437061677821389, -0.5382241431688133, 1.311420286521123, 1.0855814111269526, 1.2334202471155928, 1.6052575571295888, 0.48016837339669793, -0.05872271453036343, 0.16651057464181163, -1.0379020434692958, 0.7999606703202629, 0.26570766291088177, -1.279256325526046, -0.0322520755936425, -0.09841137382455765, -0.08774588713617086, -0.2047135219156004, 0.508994105982171, -0.8614667854148781] : -1.0
[0.4535976439633164, -0.15558462142212778, 0.15197674946620238, -0.9169333563764228, 0.20416490481215388, 0.9666971695166185, -0.23536407763701284, 1.1310077920932013, 0.47175537686998886, 0.5751058671207001, 0.6703890376979618, 0.03987808419339833, -0.24299201218477104, -1.293706389026428, -0.9752033969252965, 0.1014959363389013, 0.9857475923688099, 1.0761210022137335, 1.2026374920173883, -0.3297763315746875, 0.7151178764119162, 0.41938666139584446, -1.0784445117795092, 0.8098058452456895, 0.6724707346969205, -1.445609955808695, -0.5167934245865047, -0.7416992488079845, -0.3110145869909095, -0.0730039973480193, 0.8575140516965594, -1.1973444682938175] : -1.0
[0.12241936056606312, -0.9555414229082801, 0.6261373294191195, -1.3388717994116748, 0.12906372117315243, 0.5701485097548311, -0.6860229591348195, 0.778353393402878, -0.1776370865426538, 0.79670812927697, -0.24408266255032818, -0.24771902882033078, -0.07824178836228834, -0.9560169331818869, -1.0569761587541908, 0.5298819564422693, 1.2926196794500864, 0.8148463855527002, 1.3376031967370998, -4.1214412231772857E-4, 0.37210918937813964, 0.9243664637775939, -0.8609676261038434, 1.2852960774379232, 0.8094182966171897, -1.0319097164244668, 0.37071647534752805, -0.2534402619267124, 0.3270491677302848, -0.4060396810465652, 0.8368672641732636, -1.4580307514258855] : -1.0
[0.4390635015339115, -0.47973708821140293, 0.4181447286672759, -1.2015021515184334, 0.5525343561750343, 0.48414565401348586, -0.15220214957148742, 0.6182705144620476, -0.38594423028492447, 0.9808896500049953, -0.043092683128305276, -0.22212811868020416, -0.11804865388723762, -0.7689579873343788, -1.24772682413478, 0.4405812340821226, 0.2549263897264722, 0.9820051594275382, 1.141275857033707, -0.2632548820662106, 0.3130873640450774, 0.5153597421791264, -0.9746256314666362, 1.116118762020088, 0.10856474275767652, -1.3739119530364556, -0.36472734289484343, -0.05573141815650279, -0.4536274474219188, -0.18619696987686687, 0.9625929131560175, -1.139349634167678] : -1.0
[0.21723080800928868, -0.5093950263061598, -0.5440700676635, -0.8787796628435172, 0.1460646852668028, 0.6811877335500889, -1.0315228682850357, 0.7395303823747568, 0.23862357115755212, 0.3502017044136411, -0.16415488517214172, -0.42381511487474555, 0.136521727479323, -1.564241249538874, -0.47089441038234925, 0.41334425003414393, 0.5818627901590571, 0.705653314842326, 1.2075685184629374, -0.20140790228674132, 0.1380073535906279, 0.7459519957143101, -0.6034668915237463, 1.1667441386480282, 0.6767308060692956, -0.623539323071448, 0.3999188911891212, 0.06678772689908144, 0.2579701207510971, -0.3396654684106102, 0.8491471977807608, -0.9375381444372796] : -1.0
[0.5370015475400235, -0.46077045180526643, 0.5981156802678975, -1.3569703616913573, -0.4831261526773906, 0.7128853639939896, -0.3642093461755064, 0.1400009871957265, -0.23996242852776978, 0.6787067883918764, 0.37967129841656394, -0.5204699297611342, -0.25098007586414806, -1.1602035739236956, -1.2352788552752432, 0.6913689072159596, 1.1018747462503111, 0.9655252421381086, 1.1993265571113032, 0.16432838719747506, 0.030350643453779275, 0.7468237938415446, -0.643290388902436, 1.3704540249369455, 0.39238209681233976, -1.438581135623961, -0.5096386970869364, 0.12838999618801913, -0.42383403454052493, -0.282561336439024, 0.8520759482836873, -1.1666044148464167] : -1.0
[0.633960722584055, -0.624308426950225, 0.3922311789421903, -1.2319679937740255, 0.4861917166251457, 0.2513774523591529, -0.46021491704549466, 0.8078711988469434, -0.12489785082502701, 1.1266172747038983, 0.7696969495138122, -0.24686708491026596, -0.7984821515123961, -1.3123708439913875, -1.6088478677119964, 0.8971120551428862, 0.8238314826699588, 1.2357114564712268, 1.1131842056503591, 0.23052459498557176, 0.12608566503975766, 0.8575800606975315, -0.8341672495827522, 1.0805018738453254, 0.272846888922156, -0.9022583821911209, 0.6029085234225767, -0.4475435769600852, -0.3619399369524031, -0.2627338477763391, 0.9236829058169619, -0.9606301980032403] : -0.4770330082286488
[0.29538079226710234, -0.22256130638069502, 0.7883132856894801, -1.1998200818249283, 0.6310809751963731, 0.7939651029233725, -0.7128028081598388, 0.8113449615843449, 0.3755298909078022, 1.0647808297927566, 0.21360659614577054, -0.22936832974027183, -0.3548893495182394, -0.622444504995774, -1.5081190623132574, 0.34139264621753257, 1.498112604597892, 1.1394365236115445, 1.300169721713771, 0.19262264863826062, 0.2806183772175296, 0.5788658354309474, -1.1897177550877014, 0.6932873978029599, 0.16979724659464196, -0.5682752179023756, 0.11614098985458056, -0.11816092375944165, -0.10192007929216945, -0.2071944886379038, 0.6602708167308093, -1.2779033552749925] : -1.0
[0.5699690223702008, -0.3876076718796581, 0.6889338941366663, -0.27788849890092193, 0.6776925726191723, 0.19039022771128644, -0.13791934956607582, 0.684231563800702, 0.24737987226162222, 1.296571493611558, 0.17772809461053826, 0.16062342963563225, 0.0071941887184463205, -1.2340751812919217, -1.3042710975311658, 0.6817403968397036, 0.727849276913021, 0.9286577831148987, 1.2216047847596327, 0.2771378892630384, 0.09997571954498023, 0.4154052836512791, -0.5617712439769107, 0.5541893781558743, 0.20886211403291793, -1.4878170134597413, -0.04558421497269263, -0.02115234819890266, -0.3667019647316402, -0.27397328093137385, 1.0401364224094936, -0.7264942448601795] : -1.0
[0.4161960310061582, -0.5574618931370314, 0.37099122784023514, -0.8699955095247447, 0.3828275181440645, 0.16244732120540448, -0.6489054895369137, 0.3497180762849971, 0.34293011484117003, 0.5088206745311418, 0.09879041446306297, -0.3235242381544061, -0.13526226700969954, -1.2194492599073377, -0.8720704768510764, 0.8488197379795442, 1.1093776914594708, 1.2467648899587704, 1.151694824326455, 0.09220708442782194, 0.747803455856421, 0.8693156608490773, -0.7762133048961826, 0.6611933318020292, 0.8150606242282759, -0.8276884497452325, 0.0036553158701959033, -0.29599986139802037, 0.40146822940423377, 0.251136128158742, 0.4088390680503069, -0.844788441081635] : -1.0
[-0.11308032722291894, -0.03694380107982498, 0.35814371138358897, -1.3148140751600854, 0.12673972084660967, 0.052062766368619395, -1.0389985510739654, 1.1495717744279048, 0.5702551127676107, 1.1004606299072337, 0.5143074629554999, -0.017626184413140678, -0.2789712370515517, -1.2072740384890361, -1.3570502642431288, 0.41993449955277473, 0.780787945921118, 0.985958098712695, 1.4341682186920994, 0.16107813045047523, 0.6185058391276165, 0.6225700336760015, -0.28987095940747565, 1.0885309856126542, 1.0439882436910786, -0.8992737034027108, -0.07373419664264959, 0.11535608711671994, -0.27956155495706597, -0.0219308025040367, 0.758651915599082, -0.8728536956325381] : -1.0
[0.6318558475130566, 0.16144179569343414, 0.43219265585219646, -0.4007511839096062, 0.08263511617857017, 0.14744912970779905, -0.7945624872896643, 1.0373728467145336, -0.031135420987287762, 0.39154371817387085, 0.08491241194166688, -0.025282231920617237, 0.048914414227239855, -1.2906555398878807, -1.0299976876589423, 0.8046061633521783, 1.1431118119258195, 1.0093908580132744, 0.8539533579204397, 0.39298098297580153, 0.712873177251979, 0.3484468823367598, -0.7368988019189883, 0.8154179393099265, 0.5912929488719135, -0.6532435628372255, 0.0723179947838254, -0.11261619800111632, 0.3360393802895403, -0.14618351198973306, 1.0537135816616152, -1.365958710497722] : -1.0
[0.13150738130814982, -1.1910823526411722, 0.37607571401708106, -0.6003518657555018, 0.2211905488396641, -0.15428607751228685, -0.14495625606686485, 1.5558404558060184, -0.19816473455149258, 0.5518663529465306, 0.2790687068470271, -0.07721822464605566, -0.04822573342193333, -0.8102985821200568, -1.3836679343037244, 0.7606104616427427, 1.1245102843030799, 0.7475216566195927, 1.4067759980750825, -0.09206451546313307, 0.36046200597370215, 1.2118713802943735, -1.2918534852462027, 1.2768253679849593, 0.6585299855062029, -1.3284379031876017, -0.12274368190191588, 0.1613723612011639, -0.12615487421128424, 0.0031367065383439974, 0.40335342846620287, -0.9308073985380934] : -3.0
[0.5740946534111944, -0.2586194099826509, 0.33882209623822135, -0.8453319033760419, 0.42444015659527057, 0.2473903956990783, -0.75644533632282, 1.0353145574948124, 0.40253067055880465, 0.4612225537612668, 0.04308517690319624, -0.2225013827928889, -0.15779884053403004, -1.0558841596028765, -0.6621406369966438, 0.47154862412472465, 1.2724302816646809, 1.2266986099742454, 0.782289826564512, 0.5065831130572889, -0.6445616885461867, 0.7901080710017483, -1.3402405063938625, 0.6428445535038627, 0.1765972355343972, -1.0942931366765958, -0.24196944887717722, -0.02349017013541277, -0.1762343143044135, -0.08315575255386684, 0.7779785829567087, -0.8533083491107438] : -1.0
[0.3929198423427187, -0.9369220789320323, 0.20703804903906248, -1.1608897079808458, 0.0838600970506437, 0.3550077494588025, -0.24316607654943842, 1.1185372787681347, -0.10964922909608713, 0.7276321683842835, 0.32045821344451875, 0.26489388724516433, 0.1531474639744614, -1.3572463327284985, -1.1742154553352897, 0.6048202483311205, 0.43145378905207454, 1.3051835091485313, 1.37894005149592, -0.34926022190746253, 0.2884654879506876, 0.35563199592990846, -1.4902357932459918, 1.164138160965746, 0.45234159232865967, -1.5829401156355363, -0.1624731958999332, -0.240194826327073, 0.1484876731603709, -0.30345019799232054, 0.571474351496662, -1.0472547442049789] : -3.0
[0.6557229641327247, -0.5717290702507354, 0.2562448807047301, -1.0617908447436513, 0.0795092599201597, 0.10222899671799054, -0.8401054955818641, 0.7736911422449444, 0.20468692757731988, 0.39292076041818136, 0.8805112244370229, -0.36293325298284085, 0.27816898560472536, -1.5083088829086084, -0.5563863198165957, 1.0501187031086572, 1.1853212349992468, 1.1783098394572744, 0.6317620138865767, 0.00639403746553909, 0.31884534556354527, 1.0851713878379807, -1.1212061513578837, 1.7182013356337187, 1.042411179833358, -1.6623565890221292, -0.14560043219288069, 0.0744169397031151, -0.3177230624387537, 0.05922733582568929, 1.162360669758555, -0.6698622048145082] : -1.0
[0.46813547988902066, -0.3281528369770553, 0.5639560040182131, -0.5875960192779652, 0.16543585019118323, 0.326111011369187, -0.3725785553883268, 0.8706248429835148, 0.33102408565017166, 1.1720594784643428, 0.13328269078402705, 0.0925464730034534, -0.08699622901316907, -0.7622686012218711, -0.9484611370676065, 0.6588076378246233, 0.9399489222520251, 0.5182299194439617, 1.2207916217994204, 0.37451573375274866, 0.023163064792730503, 0.5998383922870105, -1.0412889335080844, 0.9396179158031723, 0.3495475422041633, -1.3012376153883751, 0.12144534497766374, -0.01617734272054533, -0.017218008751693936, -0.37487097314190954, 0.7411015929183242, -0.7596774844779556] : -3.0
[0.5230935473385299, -0.6926069473539791, -0.11452043519441474, -1.0809307442518346, 0.2855041143403251, 0.1132683723666923, -0.7565221818406713, 1.251788485819509, 0.11766149916738974, 0.5187265709542884, 0.23762274999744873, -0.4600306471473859, 0.03580400115256585, -0.8164978172450366, -1.1035782447346825, 0.7013010862926047, 0.9855746450845795, 1.0140385552732476, 1.7592494805815946, -0.060305869682890124, 0.13219291033267885, 1.0559882912212866, -1.3001151291382216, 1.0490933493645453, 0.4597178527600977, -0.5658906752616889, -0.22187611638594387, -0.13065444535957613, -0.5449795118976496, -0.544902754157398, 0.93300980006591, -1.4059964628813597] : -1.0
[0.7181132311176854, -0.7385609553910235, 0.4191955067564053, -0.9608249112108106, 0.271034101630427, 0.29843368439364043, -0.79336786222914, 0.8994806806680851, 0.29797400271847946, 0.36799843997771037, 0.22438350278078847, -0.051610003965365095, -0.21510663025116056, -1.0782197202582924, -0.5922503846099338, 0.6469702872127094, 1.240133200549006, 0.7171850828880628, 1.3582704917083943, 0.32516031803327344, 0.4518680182918984, 0.5424073994473041, -1.5896104960986328, 1.1042211420595094, 0.7026266421504186, -0.9967479906985406, -0.6918225148052249, 0.01459949389597355, -0.40181912817844745, -0.2827429767825834, 0.6848414199780117, -0.9298792437512488] : -1.0
[0.5492776502608316, -0.7907046119495666, 0.5410054432982683, -0.7644045885654863, 0.48462684437453807, 0.5378197221864423, -0.28976059539967314, 1.4434163392072683, -0.025990991661850364, 0.8045123596065717, 0.24293696959907762, -0.12954019566841352, -0.02448209321212389, -1.0894732282071056, -0.7549565603683525, 0.4871293000466931, 1.2132999597212535, 0.9786831477839876, 0.9081905809364018, 0.04303818262825188, 0.5181522200667519, 0.9734176990961168, -0.9094967820539248, 0.680453449257622, 0.6527908487127377, -1.2075533027231655, -0.18237628098669373, -0.10716157742916572, -0.1834023906383335, 0.041496643677536166, 0.16759933066537314, -1.455672434247214] : -1.0
[0.2601458638889398, -0.4731585932172471, 0.241763217859483, -0.8312360803105726, 0.2540494295080425, 0.3896114501481136, -0.35490667631283374, 0.9847175219989728, 0.2155914123616098, 0.726134505558277, 0.595060457836947, -0.01821666117497503, -0.25373874040266603, -1.275488096913541, -1.3324018093166166, 0.4772483836092662, 0.8863988572982282, 1.0901218250057185, 1.6696490909456148, -0.017494718586576332, 0.1613779231959566, 0.8644127091957875, -1.2113682714686074, 0.8884963821147716, 0.9766911895675048, -1.3591978817103123, -0.8378836181802036, 0.04097329306566529, -0.10897397146277331, -0.4207202417910818, 0.706993881070765, -1.1321009149706147] : -1.0
[0.11934943249461882, -0.38167509012021333, -0.3837843369297143, -0.5723833547669388, 0.3354576842595387, 0.25298648064290674, -0.44966957296042953, 1.3574457759349505, 0.24712452010382688, 0.5292109969559144, 0.2618150843417033, -0.07488048053409885, 0.1971077146861319, -1.148787164275509, -0.9626269040954124, 0.645923936863368, 1.3762156989455465, 0.5478267955340259, 1.205005905717347, 0.25674530697920567, 0.5779285236260144, 0.5032395648090913, -1.13104662155746, 1.201073219465962, 0.38523976862933934, -1.2667743782676328, -0.1941331592994405, 0.2484562890579594, -0.23947321145000458, 0.23732644688435553, 0.34004423243120485, -0.5277099879473492] : -1.0
[0.4135406944708299, -1.1952475331553232, 0.6807968946904905, -1.32750892722287, 0.22794754047027957, 0.5040316366504772, -0.9174038326169417, 1.0491859457801453, 0.2281903184301959, 0.6605840216579179, 0.33077331567251866, -0.16586628219988467, 0.056834413173709006, -0.7030167404362145, -1.5167458189887342, 0.9337799415200835, 0.4784327845249744, 0.9122355112107597, 1.5560993137756656, -0.16310465010920377, 0.27049886167858606, 0.6029963827044136, -0.8784105280691448, 0.9468241676155269, 0.4980880214785458, -1.0220696483655853, 0.18932482239349696, -0.23914138626182702, -0.6189696508782307, -0.06688124202893223, 0.49827112881760144, -0.9393587916453169] : -1.0
[0.45543791485714014, -1.0640182429824054, 0.741202345396957, -0.23549870873485745, 0.36989863094151854, -0.07667424588700611, -0.40152996614927416, 1.0116046624755808, -0.5932269033419283, 0.8562003508837933, 0.2858178307613905, -0.24507270024697322, 0.14352775334908194, -0.6426677463943806, -0.8484644806683677, 1.012855235733134, 0.9106866233768081, 0.6123887187054083, 1.4609682088543146, -0.10344744492152774, 0.2269575095550067, 1.1561963600784393, -1.0995255148851144, 0.9954349140813235, 0.9128899699867321, -1.5196425145941466, -0.16060095323742532, -0.4346166562466639, 0.17682719208964273, -0.06454140179611081, 0.5692497234473303, -1.5362468712264907] : -1.0
[0.5829771954293177, -0.3036970359944076, 0.5361072197296102, -1.0966513666548532, 0.29652149414384515, 0.5029755855813522, -0.5609329851341204, 1.4588242618200546, -0.11125647039940159, 0.3362355119731142, 0.6174685063166182, -0.38473025948260886, 0.07947469524373829, -0.6739842215084126, -1.468448688538393, 1.1016638310542584, 1.3871705289739096, 0.9953516520802004, 1.2495014373270357, -0.22363034192766593, 0.1583553924858478, 1.1047242048988135, -1.0642846418308074, 1.084651855586948, 0.8374853746360824, -0.8053945330319203, -0.8820992903917313, 0.12507903771758594, -0.16841892714895323, -0.18937857031849992, 0.5779287255431164, -0.9906136521275546] : -1.0
[0.6377158729128389, -0.7870771967499801, 0.8160439140623952, -0.759710603268932, 0.9240184877729003, 0.647986101108397, -0.5458849092098529, 1.431818520504294, -0.5407594136085829, 1.2221518959297781, 0.18587294627718293, -0.02349921285143, 0.12571667772372283, -1.3132906453787316, -1.2401651078451008, 0.8899583401898615, 0.5116623809149669, 1.2433258356388577, 1.3525547318812068, 0.1265040816897003, 0.5088601823965954, 0.32847290824250797, -0.8090489936675554, 0.9963770084050044, 0.9778167315905117, -0.9810650986234863, 0.10876104135555442, 0.10819882064936608, -0.14733955250337818, -0.35359558730653384, 0.4582126830481152, -1.1485142760647107] : -1.0
[0.29365909464103357, -0.7376440030972381, 0.4587616505294928, -0.9350456351867709, -0.2424387474487245, 0.9059105579156876, -0.15368398261052374, 1.0109333584910916, -0.060503505833072006, 0.8558914251754719, 0.18506944874579, -0.48755239840317105, 0.33908250059379386, -0.9375879103561631, -0.8059399148175437, 0.7766883663248452, 1.3022288228374868, 0.007124244528723289, 1.5134385636543797, 0.14521161237392394, 0.7379690333856508, 0.7531459423680599, -1.254083192794925, 0.5705241296618249, 0.6099634844142112, -1.668625518214894, -0.04909276559650483, 0.04385861970661613, -0.6855719529621309, 0.36597018356124356, 0.4571865498665374, -0.9332750292348774] : -3.0
[0.2896766647616584, -0.8904474272081848, 0.09800339460458535, -1.019871245897167, 0.23405806325384512, 0.5657282029165169, -0.49139505508913095, 0.8124959908908438, 0.7094249352107226, 0.5122516314598822, 0.3866065976366384, -0.4451469130289055, -0.1626101008744787, -1.088301205573843, -0.9835200632283707, 0.9167039516240014, 1.1952780146013449, 1.0474517927294493, 0.8968240436964688, -0.09449746231672872, 0.011521009834850826, 0.5520246549330208, -1.0610706945879564, 0.7293637176255452, 0.617055996820924, -1.6744686735434122, -0.0266864689666413, -0.6051160449801364, 0.35957623516651727, -0.38962044976396537, 0.40195863588972436, -1.7861277462941172] : -1.0
[0.123600638055049, -0.43441540762654884, 0.3511398627015544, -0.8986178449465034, -0.048924769873709126, 0.39795549625910653, -0.4069219471005069, 0.6414744888370807, -0.14064423409734372, 0.6705075295772318, 0.48199508943285263, 0.0074481195816727686, 0.4523415012017013, -1.0424983836375805, -1.2439526241840013, 0.6280902277772374, 0.4861631487663598, 0.704189424959846, 1.1231441258598591, -0.1281582615303248, 0.3402937679122463, 0.5870209522674649, -1.8693564356941406, 0.7855928397993871, 0.2946870304272621, -1.4453292846648167, -0.26543684247959654, -0.25802650883558, -0.5351035354528293, -0.12379759700396457, 0.5257405799592694, -1.0940641186324762] : -5.0
[0.1241423782043648, -0.05560186677784262, 0.34598194165596113, -1.0509511436361936, -0.11630029974555108, 0.7205308689516112, -0.6842229152697722, 1.2870494484323793, 0.27442338277811557, 1.0111096741021348, 0.1380369041037316, -0.25406247003136034, 0.0852037419304245, -0.7611822384873574, -0.8468755887047321, 0.9460305480151558, 0.602270059676231, 0.8004431442685253, 0.9342285984057077, -0.24425002793260847, -0.21531121795515684, 0.4335033053048065, -1.3104519514037904, 1.0032059951359886, -0.03593106013892666, -1.427937407163213, -0.21536246124105193, -0.2193780125461221, -0.5610200807101873, 0.06611306514202872, 0.7045011074308306, -1.2170402861602607] : -1.0
[0.6448139016894802, -0.9308995156626715, 0.7984103915202414, -0.8070695467437471, 0.1554395557000071, 0.04630623428220848, -0.18302648249863762, 1.1686231445313384, 0.3398632243445785, 0.8437833629038447, 0.24374109071851288, -0.2139396704650064, 0.2221537416799992, -0.7942375882690069, -1.0717829642116066, 0.4761462112140086, 0.3504704766160819, 0.4907599663460478, 1.0987834441420739, -8.130071807711508E-4, 0.4937493689413559, 1.0666032746086525, -0.9006384453680787, 1.3457348954853976, 0.24123372314878405, -1.8351490182276797, 0.532915807530209, -0.10105827897136381, 0.2852558981126471, -0.3086556833100244, 1.0906360370596215, -0.33912149986192985] : -1.0
[0.6879316906566912, -0.3464873534469679, 0.5756277047515483, -1.1560847952643563, 0.0369744491404161, 0.5688659386026804, -0.331964671959984, 0.8610164753776357, 0.1383227175476841, 0.6193528336223688, 0.563186272193572, -0.31152095027403176, 0.3279666689728561, -1.43431493053822, -0.7664738129609485, 0.8761848765565892, 1.0550347488149485, 0.9952673820197406, 0.9997932001498915, 0.24334523616636253, 0.03869014769105511, 0.706544943581182, -1.1145206552012734, 0.9803480995069649, 0.12801361685438079, -1.6713818098483997, 0.27472572986237637, -0.4130005213150206, -0.2580878979809888, 0.09166748363054772, 1.2174712087592126, -0.8106675535030846] : -1.0
[0.7624477207279861, -0.17656184195444724, 0.5345590580157764, -1.0459716014167197, -0.5596718201969154, 0.1136192557862365, -0.10773865633698543, 1.05964415793565, 0.4955196047246218, 0.4281073777678596, 0.6773320727729304, -0.6081447800656908, 0.07268514019971592, -0.6529398420799922, -0.778761747531788, 0.8763700648500103, 0.4965697339663279, 0.7602515165131576, 1.3102008337865856, 0.23527513370639072, 0.3590916364487382, 0.7317549052447392, -0.8371664613729879, 1.031341291828482, 0.5470007075136802, -0.8462524435107583, 0.18081810251440356, -0.572616092830286, -0.21784559447100751, 0.4575960007607886, 0.7822763411391435, -1.2928344298011964] : -0.45201873779296875
[0.22028085237291928, -0.7103688729158205, 0.6325564817312748, -0.8364821642823236, -0.006441938094837174, 0.6584211665416506, 0.026603995718992468, 1.4662524294028836, 0.02358990450447327, 0.8552266999876511, 0.32342043083714406, 0.08014872527130998, 0.24786593775639185, -0.42395422757397305, -1.2490639986282093, 0.9765783827127281, 0.5314847173429721, 0.9789225949042483, 1.3590089263595142, 0.05203710236229047, 0.2793599134078108, -0.009351067587093254, -1.2086945526207622, 1.2042347713596182, 0.5517569002592085, -1.2610836845533762, -0.31029531005929534, -0.39963846241980067, 0.019936305406753174, -0.1670841984011525, 0.6211279021021883, -0.979756920638816] : -1.0
[-0.1464623546876891, -0.7302713823311864, 0.48427760297941136, -0.923049573166788, 0.3365352152479821, 0.325276224976859, -0.47132011581841754, 0.7087880873548156, 0.14044042479206587, 0.38099064351396067, 0.415649037847502, -0.07891125510591154, 0.41075047290171735, -1.5929963483031795, -0.899288182388339, 1.16095875878111, 0.5589076424736501, 0.707711417177967, 1.3896077187133746, 0.21388963748211814, 0.6298841172312591, 0.2454072172102354, -2.034601017968158, 1.0868551856406403, 0.7958983040094538, -1.7615351298993485, 0.18030251788681279, -0.13918737397442305, -0.26058854840772827, -0.057083026923335334, 0.9642620874242636, -0.8549953960778816] : -0.47635706988247956
[0.4483434566117817, -0.8852505666878304, 0.16304351104230572, -1.4128317844432132, 0.01604603602068258, 0.5091567154328461, -0.40724826171688416, 1.0824204784517055, 0.1291792409342135, 0.6401770526565118, -0.06636809692462925, -0.3579698033330974, -0.07132424964710399, -1.3220195435379571, -0.9487785456243426, 0.7984055666945995, 0.8093681341195818, 1.207523684101492, 1.463053352953187, 0.13704502611264005, 0.012100914572916621, 0.35654128235587335, -1.767417410293909, 1.4810461421886234, 0.24362979365778253, -0.9846415224817167, -0.33630991151082656, -0.5347555657064043, -0.2650488735669585, -0.3131172569576599, 0.253713215142829, -1.299498327040121] : -3.0
[0.49654857350633197, -0.5599555349412413, 0.6294473110985113, -1.1864274646558484, 0.057291664236958126, 0.5513620347182963, -0.168378960367318, 1.0469163460263526, 0.22572855004631193, 0.5259345562732575, 0.13514990842294453, -0.008184894865008077, 0.2493914431760997, -1.6450541896984152, -1.1495826742342616, 0.41933283522539755, 0.9671929042148539, 0.7361519612680999, 1.565204883424908, 0.05158142086514755, 0.11543084854639621, 0.36879411744719104, -1.1043627774066949, 0.8616860714725749, 0.4562097488511557, -1.1828931410269057, 0.11063703416910446, -0.4474018356005883, 0.3645566879467948, -0.19195320417772355, 0.2043978888412561, -0.8221023448057871] : -3.0
[0.8919584048739828, -0.5174231296121027, 0.173539014445743, -1.205569072647149, 0.14879221504507656, 0.5890131559196836, -0.33942448055249086, 1.06987057390802, 0.44113403227718945, 1.1636440894004052, 0.23397366529732067, -0.09838746882386795, -0.33281165645078087, -1.1238055952016757, -0.7292780044241384, 0.4395224548021579, 0.33585337872753707, 0.571424886178128, 1.552008216142604, -0.3179460977555569, 0.3006919282890235, 0.6474108916658419, -1.075393198911805, 1.5476141003765176, 0.22062327780911228, -1.18891816675307, -0.11063161351409052, -0.13132466557108255, 0.2013595433935063, -0.3667408370898918, 0.9981921231329591, -1.2994779331331294] : -1.0
[0.45789402073165614, -0.7146411604941056, 0.42999582454375684, -1.0780875115405073, -0.006927437509143389, 0.3158753430530984, -0.7657137099217723, 1.1328592702568545, 0.27172122179273855, 0.32283833780825316, 0.45016679003484883, -0.2291323498171501, -0.12037938803635845, -1.0672878846604892, -1.0737438893667686, 0.8368324353726946, 0.47276225086168283, 0.6731283039311118, 1.4477837158457878, 0.1387982146505592, -0.05754370067569825, 0.5854537594880608, -1.6759537043353243, 0.6607303326140712, 0.3782693396716305, -1.568066774519449, 0.1975751574668314, 0.014477665726112018, -0.08697486076535306, 0.029261163496631076, 0.8449927566657575, -0.9713506851828697] : -0.4730105833573775
[0.47752556989822476, -0.322978575651721, 0.32939957095300115, -0.9186550805595316, 0.29756698744148374, 0.970380569358523, -0.2189385305795151, 0.6553614144736243, -0.16629936202415307, 0.52479555755116, -0.16414437894538503, -0.0442186503781732, 0.5319434173567478, -1.558519433058809, -1.0908180560435785, 0.4010330939187852, 1.0593847827853446, 1.3246979167445816, 1.229554653405479, 0.4387290627485874, -0.07362054747258306, 0.4150764434165999, -1.287514076043788, 1.1967428547115913, 0.9694665194480093, -1.4299106445032415, 0.10395480219883442, -0.13438500152685198, -0.38912461072048177, -0.475924908191179, 0.7086859158717929, -0.925811665472622] : -5.0
[0.1581275342996183, -0.6081048070231256, 0.5205896655599149, -0.6513311565314146, -0.034712714294785965, 0.7239918446234641, -0.3661185386306039, 0.9983073859634949, -0.06477195092427841, 1.0094921399818426, 0.2656158303527901, -0.26849477998662574, -0.18301431011643005, -1.0398295873016996, -1.1736128291887096, 0.2957611182868681, 0.9013338517636689, 0.4613315200333384, 1.1484774180718675, -0.03495108702975208, 0.11485529106314515, 0.6352852760814056, -1.2647849538352913, 1.280012697396442, 0.6109456400214076, -1.4018984808057298, -0.33501152647259186, -0.07335202328661568, -0.21894589296454126, 0.12073384383946545, 0.7570894807632412, -1.255428992871416] : -1.0
[0.6791016421604972, -0.7563801496308504, -0.25640083981337647, -1.1345391967285248, 0.2748312504736808, 0.12144512265608037, -0.44679334690919725, 0.9547810068201028, 0.1649342391769461, 1.0824213573879067, 0.48584904695966863, -0.15682867877803383, 0.23812353130473962, -0.9750924824311695, -1.0047755199088473, 0.6380751418151156, 1.1215290810296878, 1.071517776166439, 1.648926023726076, 0.2571829816772213, 0.046747127668133104, 0.8587740725656314, -1.294375926655861, 0.864275321965678, 0.08277971294967129, -1.7622625721189624, 0.1341729831901432, 0.22170697647631932, -0.5161127360831861, -0.12932546976783027, 0.15787808053369645, -1.2052173703942013] : -1.0
[0.4829566879072096, -0.2540919066867233, 0.3620929083419089, -0.6971182157339202, -0.1463474839113063, 0.6299370424469515, -0.5377102274150739, 1.107232199187703, -0.12204268349553536, 0.8594413543606712, 0.3358317574913257, -0.3827165753845994, 0.39546687218126597, -1.1663111710370213, -1.004064608379625, 0.43785371069660234, 1.2782862402063047, 0.8396960439547189, 1.313610780715703, 0.0905793147800151, 0.37183182236291423, 0.8223569645635824, -1.7078122330150027, 0.9915539332768891, 0.7494153194286848, -1.7048654323791124, -0.03675585962723703, -0.7204690799938671, 0.03061555056899329, -0.33398966604391267, 0.5778655740185604, -0.9724431937914196] : -1.0
[0.08776781460690897, -0.710866646963673, 0.020988002400247785, -1.1326016776043364, 0.5728666230948996, 0.2782964889818619, 0.15998296738270518, 0.8100222109048916, -0.10111539875113498, 0.62841626687193, -0.4848117414870291, -0.03775876659328342, 0.1035873045240614, -0.8939920839830202, -1.5263430137315916, 1.1331791349416678, 0.7285730725573103, 1.315386854433114, 1.6143186943332597, 0.10769403979085496, -0.02166599894878886, 0.21662099217707537, -1.8707258879628612, 1.0547934731096373, 0.06905671978494621, -1.6667923046279902, -0.26752905515771686, -0.4970501142754612, -0.2509398791341738, -0.02777008272568393, 0.6341766516491533, -1.0903134271961004] : -3.0
[0.41730071851037853, -0.3202977595610821, 0.5257739245921538, -0.6277608767828172, 0.12819612894567048, 0.010039197439364544, -0.4171437867906812, 1.0178417632661478, -0.2266587096694609, 0.4770382559471663, 0.7479992701340178, -0.3869849451085348, 0.6724242150112154, -1.247228358832354, -1.2930448632907985, 0.9079512082793149, 0.5502721339609403, 1.211600724272551, 1.5081932854668496, -0.19132130406636594, 0.3485090471792431, 0.4778074040218008, -1.8345861213647914, 0.9757366840995961, 0.5899539906582867, -1.7053804682812173, 0.3650937035899531, -0.3066382481007985, -0.11984642882463542, 0.11710802621687622, 0.5567187342248129, -1.062471403818287] : -3.0
[0.3953979754600786, -0.3846180579445412, 0.2915252820370155, -1.2971653289310066, 0.022024569615328844, 0.7994013773170161, 0.18340898541500456, 1.1769501343415072, 0.23592354707689997, 0.571264766805474, 0.06278657477421914, -0.4229252842811367, 0.49201335467027796, -1.7444367331962818, -1.116977186456816, 0.23264399732652524, 0.5330185368338725, 0.7180346561795999, 1.015847656490131, -0.024490962341741696, -0.10276144352024168, 0.465547727337109, -1.5148981444355818, 0.9735171886557992, -0.06550140892429845, -2.0439156819577504, -0.05789513978814654, -0.6453201079025426, 0.2137452145481717, -0.2337947565408937, 0.8647921154243097, -1.133801597815272] : -1.0
[0.9366622901697057, -0.4234575591591595, 0.6915675649482511, -1.3765444109061997, 0.054594976249223715, 0.2828488535294003, -0.20547295314993594, 0.994910648819285, 0.2783105098212419, 0.6527296603709876, 0.15239770986774437, -0.12170897998550051, 0.2009873966429961, -1.623365617313206, -1.3472869191866652, 0.8382823475333503, 0.786862366040607, 0.5145466063281599, 1.1602995114022687, -0.1803465845580804, 0.11522964211603101, 0.28973594059886865, -1.3842221732654871, 1.0333911614548081, 0.6013344546300462, -1.0979927617841008, -0.16609085696851128, -0.3984823278063846, -0.09494383050571495, 0.07604914888540215, 0.6457028257215525, -0.9520593399858495] : -3.0
[0.4375505258924294, -0.3410416841822188, -0.05767476796756155, -1.2870027241847923, 0.12189723458531786, 0.7414745531233625, -0.021340083527043696, 0.5681490735857678, 0.012256330014947116, 0.7292675874507283, 0.1454611300485849, 0.1206486906934851, -0.19745279405931876, -1.2269062381596332, -1.0265057621152813, 0.06093633371054352, 0.7915428909385418, 1.3999149712345524, 1.345684794518171, 0.035607637142459916, 0.44167188712895256, 0.24457323421321464, -1.848029688696454, 1.1943155363309081, 0.3576561241079321, -1.6535484211531575, -0.09156343402408595, 0.08301833006814013, -0.25641382124275675, -0.4612718495040351, 0.5327061774544635, -0.9020089589752532] : -0.49629389155994763
[0.06256195444649759, -0.4117970991179881, -0.05412032975576514, -0.988004253247904, 0.21732949706879645, 0.029552227979641077, -0.7266816423256699, 0.49881043355478893, 0.027711223678251545, 0.6782810881130993, 0.06495830879203635, -0.0038374153895300855, -0.035232936447263774, -0.7360740706630604, -0.9194871720270552, 0.4434587690372308, 1.0460481420802328, 1.1638393989746019, 1.4234760479424136, 0.07964109029739275, 0.06110648016942199, 0.0888321650270314, -1.8967664850291805, 1.2501728272178436, 0.5443294294118836, -1.440532063555654, 0.0855886898172759, -0.08583568785558712, -0.48998449844975783, -0.18008907528759888, 0.17037618110560787, -0.9938272158596685] : -1.0
[0.7816423577899347, -0.39281474821920104, 0.5582619725515937, -0.8944982361660092, 0.07746957351052736, 0.7905650889911314, -0.18843671955936428, 0.535062805257343, -0.29299760597025926, 0.6603660106803759, -0.04474569908678394, -0.3041649540163437, 0.11138501552425253, -1.4811336299097515, -1.0371236895503033, 0.5184195622520487, 0.7343208643418827, 1.1922086938893164, 1.5442635581569544, 0.007342646900336855, 0.2658021925742565, 0.7728875129043062, -1.6434623894115894, 1.1304006105406643, 0.5653408381272084, -1.126115375651362, -0.5825579718677091, -0.5372801563082219, -0.04597682920405777, 0.07325236043880928, 0.4479056986003202, -0.9537624434582428] : -1.0
[0.2551147042587782, -1.0989140488639622, 0.4998857746968649, -1.2742602086963406, 0.009565721783168925, 0.4837979172741299, 0.05170834954286102, 0.3720225822761031, 0.05595562625228846, 0.4955906715896451, 0.028805229906468, -0.14200382370174625, 0.5738786306973862, -1.3868271143252986, -0.9139738754264883, 0.7098301265589888, 1.086210976266172, 1.0018654917690202, 1.6045598883524912, -0.2503636308853303, 0.16756372131124173, 0.7691607558344529, -1.682626947931175, 1.0107324009897873, 0.49589109654703367, -1.1673784664808933, 0.16541498029577534, -0.39218921150534936, -0.5333861745364509, -0.33337037589976143, 0.26327765992563046, -0.7979025016744982] : -5.0
[0.5278158116137479, -0.5675601803009426, 0.12700194726597144, -0.984211856490425, 0.1917646761345086, 0.5017066379448776, -0.37292351914440475, 0.7862872781745481, -0.015149494066679625, 0.6650956301890585, 0.624733182718924, -0.04041624673754933, 0.08061138178230176, -0.9532583114107158, -0.6749880337425371, 0.8516248736709708, 1.2488927355620052, 0.9875059608125888, 1.4182154454738605, 0.23117166246837628, -0.08969533439918086, 0.7435621974941449, -1.553043533835472, 0.7894697623279822, 0.08437102646729744, -1.5175477973179086, 0.10677762385769009, -0.47210369616608794, -0.3620532672676308, -0.04884977585736314, 0.45526440750187647, -0.8545848866984123] : -1.0
[0.5164532449059437, -0.3028778433768945, 0.7699316033744878, -0.8587229563640117, 0.362390043180639, 0.268612643151047, -0.43182200469562015, 1.4401239124447793, -0.2844497452488177, 0.6021002096727037, 0.47742195679324895, -0.392292625684189, 0.3598281733794678, -1.1229001702703532, -0.6414989764863405, 0.9021400781490962, 0.4480154710230885, 0.3898856547075147, 1.1388251055960443, -0.002686398232407086, 0.005813007660466246, 0.34962485073683514, -1.0210598828845203, 1.284235405636408, 0.5162383961848511, -0.6365954229777511, -0.3217672776105695, -0.36136958809553815, -0.14033310909689176, -0.18736119319789474, 0.9956992369612614, -1.1031661126627146] : -1.0
[0.5713725364481796, -0.5148743119437769, 0.20978432118994061, -0.9933411282447535, -0.03857521048883715, 0.5848590414779706, -0.32725815274358105, 0.9340747897792736, -0.12970752095391108, 0.1367221873561335, 0.46537440045608836, 0.27731958676493074, 0.2192377389748042, -0.6452231356351045, -0.7233179123371536, 0.7190998603741815, 0.7517547940276468, 1.4075747082086445, 1.066277376983224, 0.00507559323465985, 0.24794885671769384, 0.3631147242608195, -1.4038514047511956, 0.729766346045551, 0.6204321166016975, -1.3210983027569418, -0.40353477695058404, -0.36976425314973044, -0.4432044095802498, 0.01761950336393392, 0.6695023009462819, -1.0152493440113581] : -0.47465350411155005
[0.49070358597291724, -0.3629320693163347, 0.5522553468303293, -1.0873305364425931, 0.016724022247614524, 1.0348768306826164, -0.31854891925775053, 0.945165584179365, 0.3460780366692838, 0.45272500244213115, 0.5525173777821186, -0.6967699167622081, 0.014368547939642706, -1.5464535164829032, -1.4792419339850964, 0.3919466626635736, 0.7811588098575013, 0.6834519395732764, 1.1783448881268102, -0.1799129649234904, -0.16006679677900787, 0.5666768932511749, -1.5786423577756377, 1.4112071934221175, 0.11264955770740404, -1.2245906903007118, 0.26707548857373364, -0.4956846788565552, -0.4777225881943618, 0.2761829486354967, 0.45676226291762195, -0.6859605039478354] : -1.0
[0.0581729690216608, -0.7123353138646565, 0.3345337065591413, -0.8789778778543167, 0.037141082699279744, 0.6716849565610595, 0.05081899337842222, 1.0344082770060168, 0.09171147247082662, 0.6354808249830965, 0.48321324442846203, -0.2602855153560626, 0.9191110831946214, -1.284807942624947, -0.927259169675877, 0.40938869231500996, 0.48235162533183445, 0.8513875250703453, 1.0391639000723858, 0.21721933345282107, 0.2863745006480557, 0.32909777948981117, -1.166747603269943, 0.6632188459025624, 0.4829763993774375, -1.242283250938123, -0.37703392921814166, -0.4555189602375984, 0.27349377085380994, -0.021511445846055993, 0.8585978278780186, -1.1557768464931866] : -3.0
[0.7416771567021658, -0.4443029504929535, 0.6002237350050148, -0.2735397742311423, -0.06955103978201965, 0.4513421069952803, -0.18085440771330763, 0.651189282165682, -0.08160029894276694, 0.42779287115333536, 0.3273754585852428, -0.377556608201109, 0.6052874426226447, -1.362226399425168, -1.2849367940758984, 0.5802743263348056, 1.1665477347430246, 0.9370458944863529, 1.469407095965634, -0.005592657817688057, -0.18635560732568437, 0.6570970620545061, -1.5667022886154827, 1.0547620015421617, 0.19651254695885245, -1.3671110227789716, 0.3369402266840848, -0.8666646055443628, -0.06684443837711662, -0.519245303239428, 0.770702629450057, -1.2055554380972002] : -3.0
[0.4253241963459739, -0.8837142588547876, -0.03701330892299326, -0.9790501826564394, 0.37653348455171587, 0.20739960990384806, -0.08074867319215352, 1.170948340143444, 0.23750441868812402, 0.39973963864364015, -0.22743039409325022, -0.13924228393787522, 0.31667530126665183, -1.3731306542925736, -0.8992657546059702, 1.2122166799852163, 0.8953212960761168, 1.1531821703233773, 1.4381467854575283, 0.12849417205440272, 0.10558457861946231, 0.8559638763465467, -1.5150458940475935, 1.2713529797471512, 0.38597760982413304, -1.5809968797947047, 0.06513203460610836, -0.3371410952092221, -0.20504466741633226, -0.5359072059320558, 0.026391122677331347, -0.8433555024471256] : -3.0
[0.6125318353482672, -0.5214484161589598, 0.30895476733722854, -1.205065451244243, 0.37055795828024485, 0.5856143951850523, -0.24778689728865055, 0.670610604915359, -0.02069353151136469, 0.4536856585503054, 0.0058561217774279195, -0.13632577608613616, 0.8225456293813447, -1.3114283671403948, -1.3405617292674235, 0.9315701471270014, 0.695479409206162, 1.4845947263915218, 1.1112076201998429, 0.195187483341048, 0.49178749219372286, 0.7353047742075238, -1.4463231483912613, 0.9892369723326778, 0.7102782972522095, -1.4204336053892106, -0.3111834991755465, -0.7068958728914085, -0.22534533571262888, -0.09738405367622507, 0.20096231548902999, -0.8568702670394037] : -3.0
[0.5350008989696103, -0.5911519974440459, 0.5428450600970078, -0.9606452286394934, -0.010950433164122558, 0.72500413296241, -0.2759815676652994, 0.5930233833665665, 0.24883884356454322, 0.6448830804134033, 0.12512193736867816, -0.25415929811162485, 0.4199879199325167, -1.335845763248899, -0.9216779706774889, 0.8514599625044071, 0.2542109058456401, 1.3448551517550769, 1.5143584788146023, 0.12509597438082395, 0.18717203121857595, 1.1018753417201275, -2.1865166143561567, 1.2607071612796317, 0.5546746876875454, -1.49913293121836, -0.5537630797471431, -0.7754468809699471, 0.07490307799979148, -0.07262367425861707, 0.5208677516856375, -0.9317158849732827] : -1.0
[0.3843965034884741, -0.8522284209204545, 0.4187243121204491, -1.255495601617498, 0.5490253453262552, 0.2269910319484999, 0.05221763987080036, 0.6451197788985269, 0.3728806200143134, 0.3698784287421781, 0.19969228138605455, -4.100830872987571E-4, 0.655774215035374, -1.159780740988735, -1.2196190160403102, 0.7922759135284659, 1.14473610065449, 1.1699493594295074, 1.6575557491709731, -0.026710415322293166, -0.2695019134704896, 0.3555066061236071, -2.0443662086230323, 0.7061832843548442, 0.6356679705021709, -1.3118658584230383, -0.056490407440298526, -0.48006797128276496, -0.6344201473457917, 0.2879277964635195, 0.7994762518956233, -0.6055772464917575] : -1.0
[-0.021905570979824096, -0.8631884519625276, 0.9672503476174235, -1.1240163047510323, 0.008684864979361995, 0.6941277622075694, -0.10021336876939671, 0.7111486895574175, 0.02225065532692743, 0.4530809332156641, -0.15619517193289117, -0.40835956919556793, 0.42982735846516396, -1.4583613868538814, -1.412784111899196, 0.7737957300460957, 1.0187370438190202, 0.7725089360104564, 1.332886037168526, -0.17300738073111668, 0.2093688167543028, 0.2164615024792772, -1.6364849307022897, 1.1453810538759184, 0.08331250802036261, -1.7638484653879665, -0.1409190133024747, -0.8222857760997553, -0.16729623247708636, -0.16339768241950833, 0.4139083375507577, -0.6923544252208501] : -3.0
[0.4793623757077806, -0.6732813497211649, 0.2671297884251882, -0.8938348019653242, -0.09137468070707386, -0.28461960928980046, -0.04698475293766711, 0.8677385909361602, 0.01182188444252601, 0.3752767978282361, 0.032052362691795636, -0.14004143507848674, 0.6153196332053231, -1.3287518935943714, -1.2573995399098792, 0.8558410388733313, 0.6664345622850918, 0.634586054419511, 1.1055465346723978, -0.15080510831077362, -0.06384613575166889, 0.7142405904447157, -0.8969749681059468, 0.9651271890192034, 0.5835366794202049, -1.290677343948736, 0.2670547711768979, -0.3483240364540677, -0.377887832805191, 0.051648664808301104, -0.26817674354122034, -1.0560061028832535] : -1.0
[0.07206403299032199, -0.6168675768893719, 0.40552412296410295, -1.3004174321383704, -0.3370241387869563, 0.5225572459113785, 0.21030482111248483, 0.29391226026435646, 0.17655968201072378, 0.5676835485841221, 0.1545305861813872, -0.013447417678848106, 0.7185720329948045, -1.2730727369543942, -1.2690587234880073, 0.7098251427960739, 0.786599555569238, 1.0205497352204038, 1.3769437724009486, -0.48072662809115885, -0.07509070863856901, 0.44527064478458606, -1.4630112084272717, 1.058965735056278, 0.3897084177450204, -1.3854747561738665, 0.38680407072870465, -0.4599482960005549, -0.253526993979003, -0.17564176355132027, 1.340930478936444, -1.045885985961728] : -0.5259400714527477
[0.13046934966464513, -0.5280495964904406, 0.6773154736341078, -0.3832697745332152, -0.0852638827212378, 0.6871360462183613, 0.177661764834175, 0.4235907197900507, 0.29369100912765506, 0.4072120586584408, -0.4787712343721653, -0.0976455046293142, 0.6944998748532926, -0.8773048236718997, -1.4745066809113532, 0.3676042789890417, 0.9767883719524333, 0.9942640285436473, 1.8343393456268378, -0.102971265185197, -0.06557748460363574, 0.6402047137207603, -1.524298887751918, 1.1621506062963498, 0.7387160534045603, -1.3683316434831037, -0.1415479453256302, -0.3654188925525418, -0.13147778574679192, -0.012196296108906865, 0.7150969809971923, -0.29661759703325985] : -1.0
[0.3951384716363624, -0.7752149556940329, 0.40219318029183404, -1.411363370459698, 0.4302877509744774, 0.5475592774019583, -0.10485644549153217, 0.6169711083859323, -0.5350923392215629, 0.8968867114815977, -0.009914096661938682, -0.14096200463055988, 0.31832693513537264, -1.3017194070140168, -0.9665082108842269, 0.12431445800545782, 0.413386160851085, 1.1757477293973488, 1.3239417661495696, 0.10419388657144968, 0.2111734434956825, 0.20066129993073561, -1.1948606149759078, 1.161872622168928, 0.5926807528502459, -1.5640222552157916, 0.3809165146388147, -0.31296468796363686, 0.14324881137130221, -0.36433268473574376, 0.672027443903623, -1.2106638669772793] : -1.0
[-0.02631507097933028, -0.6379875397882147, 0.1486324851931353, -1.0197949620948723, 0.1392069239557557, 0.5844003971269071, -0.10026087671137524, 0.5569696181357152, 0.15025760883043301, 0.7914392149980233, -0.026026224386227675, -0.2526629584602056, -0.0723657184101128, -0.5674011499988333, -1.1650244175631508, 0.983083782868392, 0.6728011698011974, 0.8876624930541253, 1.2986191561243319, 0.0029540603978602253, 0.20165694645745016, 0.7844249627435661, -1.7835237197049194, 1.2038025065480653, 0.42004332112805914, -1.7836076530046305, -0.016505634444247796, -0.33845007395556187, -0.2735751917012673, 0.0780244661799449, 0.5496950491117261, -1.321523951574846] : -1.0
[0.8397856743740277, -0.7097192964087368, 0.1268703945082938, -1.3449618639230738, 0.3750638873434318, 0.05616421224151208, 0.32477117784957843, 0.77750108528288, 0.08054500099193482, 0.5985112498361039, -0.09249368914292556, -0.44852403018192866, 0.4322855217673103, -1.697224376051101, -1.4170620402944656, 0.31648700554972087, 1.0771449524525551, 1.418216803321215, 1.6557748570221689, -0.23525364677670232, 0.2019300815011065, 0.3353040384634406, -1.301552974785292, 0.9511713088614621, 0.09323244676247794, -1.2278136275586289, -0.0695206394629524, -0.4656267659782665, -0.01881757156733549, -0.23963598136765418, 0.8750449297592042, -0.9501679127574976] : -3.0
[0.3187978950743167, -0.5246671008631011, 0.21820040133105092, -1.0239496847458243, 0.37969911063069994, 0.5230937356109704, -0.17068843481134655, 0.8813586089017806, 0.11043398419985502, 0.7932128952165733, 0.09238508313813239, -0.23433137755221284, 0.2948332952934994, -1.0970401256188844, -1.1520926986238622, 0.7910729783136821, 0.49315776585792287, 1.0317504149882015, 1.6676817639739347, -0.2634058038608078, 0.18859399445349298, 0.9367987704182384, -2.138173689189764, 1.0095664994827744, 0.26992227308689043, -1.1769980754713159, 0.06090128170199665, -0.1019094245351006, 0.18711030259261, -0.5732205308165451, 0.4840855524079812, -0.7055112235963008] : -3.0
[0.12364171583084432, -0.6376584001755606, 0.5035681954836226, -0.807924851153384, 0.2944251418388285, 0.488999402344242, 0.12838509049924085, 0.6937638401059857, -0.16445796703135374, 0.3089720344019579, -0.17687382052068595, -0.08593584742724684, 0.28788597430130947, -1.3349934080164394, -0.9940259173565499, 0.028275400772509007, 0.9106544675632787, 0.6190216517242915, 1.2809407226847054, 0.37472217705977084, 0.4314917765455287, 0.36164567110801105, -1.8557942088437855, 1.1791329424902537, 0.4692994050529148, -1.9879065970884886, 0.19138502896530293, -0.16869425698277257, -0.039959837436820356, -0.1566203972840414, 0.40322370709907623, -0.9777410914372556] : -0.4921496131203391
[0.5320398392700728, -0.9561746609491117, 0.3362890887500104, -0.6312635569715951, 0.48752077186095055, 0.442605237555644, -0.5453869372386975, 0.6532950027534616, 0.010165297475194623, 0.11616712870987983, 0.1415659919963953, -0.22825224380208892, 0.5421327823367487, -1.2986031906836681, -1.3886941480129327, 0.9552839610588558, 0.6112370615600752, 1.2029739477507668, 1.0270272855252514, 0.36337519988267875, -0.2856704886509035, 0.5648607646905961, -1.2954629116423002, 1.2917902517608086, 0.13514027683297905, -1.3789959546069788, 0.20121471680388126, -0.5853451447394183, -0.12538358529244337, -0.29472701592455264, 0.3324771050328558, -1.3591413055176846] : -1.0
[1.3029820553901212, -0.6228287721254658, 0.1273857077760836, -0.7320788928705539, 0.12827676575901192, 0.8309163009719224, -0.07556307079886868, 0.8312752703729185, 0.0030611603706586776, 0.6757963667980127, 0.19428737425648668, 0.02970830692566151, 0.3674713943526319, -1.3334521373108383, -1.2253288757814502, 1.0043976080157329, 1.2518158640239168, 1.062115439493541, 1.5204503435761896, 0.5334788766513889, -0.3371011840131055, 1.0186488242258027, -1.7207466906014703, 1.093715311118097, 0.017561559833827234, -1.4128756721616174, 0.16154417251209024, -0.6428633779448565, 0.18806216637831494, 0.09422951083283726, 0.7174226103689689, -1.1732964347621648] : -1.0
[0.7659545096676468, -0.3959834856565111, 0.5342895306448529, -1.0075357612350682, 0.23926815034348353, 0.5339924470625806, 0.1367673919569502, 0.9430899202289618, -0.11007053560803429, 0.3558551967196006, 0.1087859579494642, -0.3249478537085461, 0.7764456155794217, -1.5520321168875288, -1.4536978000338385, 0.9005109433053139, 0.5040932816658548, 1.335855474765938, 1.5291409663374462, -0.004112058633651539, 0.19736684294385656, 0.7962129257936865, -1.6935898069689956, 0.7806340679032865, 0.06918786134886346, -1.3211716231353812, 0.785079260675602, -0.44675341153823434, -0.32944387923916335, -0.3788951750090187, 0.3822874236219741, -1.3538562760943407] : -0.4807354753667658
[0.5392216818625359, -0.5472977839229255, 0.4365332612898987, -0.8404988538457719, 0.36457440378821004, 0.0836658475459986, 0.03030211097889332, 0.6852244822884317, -0.00559135794091329, 0.31171195505830673, -0.34332196309640234, -0.4020402327209646, 0.8636833877224237, -1.7991081392961301, -1.0635633174997017, 1.0957948793270704, 0.8646601623142715, 1.0517740008226255, 1.7358878051944737, -0.42023170941083277, -0.09082533971750956, 0.589457045007463, -1.6237115893873013, 1.3305118358031411, 0.06593587390203154, -1.242080219373672, 0.25615492559182135, -0.9358685864836667, -0.26061020610750435, -0.552146285379539, 0.18965982346893784, -0.5451246825402254] : -3.0
[0.6559598481940118, -0.6295633842966023, 0.15521310481580924, -0.7266161177760107, 0.08878870894573743, 0.15298599771476207, 0.3055942748487352, 0.6659223050768974, 0.3552662985836346, 0.31277254861504056, -0.10735320080999537, -0.3463198636112575, 0.12417590064714701, -1.6958619288479304, -1.4045752052395462, 0.7581495527637347, 1.0275761773159935, 1.2925924186705111, 1.4733498466699448, 0.27738753100360636, -0.10509038334370388, 0.8463026878440808, -1.5128374422022637, 1.4751318843965113, 0.21472697805540214, -1.392363337322371, 0.1538706954881141, -0.3571159846486317, -0.6071031520187087, -0.4009546539853368, 0.1570608019851425, -1.1751126054895253] : -1.0
[0.7152966095548652, -0.6677156862469596, 0.12569586937387, -0.489088744399022, 0.33514833100917674, 0.19299179324357574, -0.21010878433553415, 0.8885989056278577, 0.05907877506328332, 0.49658825881209145, 0.39600583090165836, 0.01997991573646324, 0.9488820214295703, -0.9139967157456104, -0.8872062791422072, 0.8603056748123279, 1.0314509183813627, 1.1110945913148567, 1.2690142926131922, -0.09610778110144769, 0.43886490253705157, 0.6775425932247722, -1.5405812422348242, 1.1431748935623272, 0.35621936074685434, -1.3968287616406883, 0.14826563037155993, -0.4736459307534639, -0.3964133214362662, -0.10945454088310042, 1.01084172056705, -1.3507610400917713] : -1.0
[0.49915798306991144, -0.2957356648648241, 0.6825276728831611, -0.8774461234540484, -0.166036904188491, 0.5649024808903367, -0.0047806468147156556, 1.0436103408198394, -0.502705992393127, 0.8843908434467775, 0.01204237314632748, -0.21349682028276923, 0.9966498990256736, -1.1610518745285068, -0.7028915392143794, 0.3985733982338512, 1.2062157282067787, 0.8423097184535557, 1.4861875383686964, 0.2200860122671254, -0.18029860171508694, 0.7006731538194005, -1.6984782165615684, 0.9078325974641798, 0.8010029559713849, -1.1120874299578531, -0.2722350830528791, -0.13758920607390857, -0.34390854921674097, -0.4646762480361168, 0.13518661579157742, -0.5224975119766444] : -3.0
[0.41600455043920603, -0.5962382799955888, 0.4023596384186749, -0.7366297768551504, 0.09848325687813618, 0.10421701571545894, -0.4780215753648133, 0.8277510907258054, 0.18740962259864463, 0.48321627718350296, -0.1569965905148598, -0.7507317514108112, 0.8457067707864248, -1.311138770828441, -1.3927128241408693, 0.5258651932251849, 1.017979265635153, 1.05029702846252, 1.3634174696514914, -0.3848023544721327, -0.1259119268324797, 0.889391302160865, -2.03679791221974, 1.1262604378610808, 0.5917778477911784, -2.017949403079886, 0.11447435246490523, -0.6333728516336643, 0.2240389132352146, -0.5341713804416465, 0.258920875165425, -0.8950547873020506] : -1.0
[0.4882057330538733, -0.7017842156392535, 0.038580076244064676, -1.0307839296019776, 0.15678733374007647, 0.6402183091192122, -0.6700641693210835, 0.6301053761638515, -0.08232843971705373, 0.7250642549649353, 0.32656082290635674, -0.34424455406785465, 0.4764236172456564, -1.4568572879115371, -1.6185229030100543, 1.250044503391563, 0.6668188153694798, 0.7358200612814066, 1.0244002217837038, -0.039115324866895285, -0.17321306575586243, 0.7098632250114052, -1.794937123112711, 1.061311658690091, 0.2381909380051609, -1.6420074588648241, 0.006763613702950574, -0.14751487371770422, -0.2158298748003269, -0.43810129944355114, 0.47142653512308913, -1.0614469706621623] : -1.0
[0.3838500363008418, -0.7455634365848968, 0.2402267105709016, -0.8569322170413555, 0.38513553773165976, 0.7417275218760515, 0.0851900830245273, 0.58445633657794, -0.032391662526724846, 0.5869169298017107, -0.29458019026958393, -0.14284538136848154, 0.2569577884977152, -1.5951382886297898, -1.1381149564491384, 0.19132973577654855, 1.289496500433304, 1.1960415073054333, 1.8490783582102688, -0.39165149341287453, 0.5818839934315578, 0.8459105953910346, -1.7545279066828385, 1.0657946424846167, 0.21765588382352177, -1.6363821107351115, -0.09736900426860919, -0.3529860229305228, -0.30991122746437205, -0.26127163420842126, 0.49813830833987105, -0.9906664756334348] : -1.0
[0.7027532368204088, -0.7146309593644844, 0.706710726406792, -0.6667502800186479, 0.4733897151691224, 0.3324541131886632, -0.6505728225783195, 0.5614996260495456, -0.07051357380358439, 0.644813903187994, 0.11416091834091219, -0.4753022215691424, 0.593397312854962, -1.285353775026091, -1.5315937119901206, 1.091866377984966, 1.0845272396974006, 1.3903782676283105, 1.4447168290490344, 0.330962580146177, 0.08107763965583054, 0.388250535659991, -1.5174068094881645, 1.346115473732075, 0.3336640209916857, -1.4693013214308628, -0.19382208275110002, -0.34606151716953154, -0.12107828967002777, -0.8337133403550131, 0.2603930463586291, -1.028635025481067] : -1.0
[0.6071329060955493, -0.6656961926175736, 0.4026805673922861, -0.7956417113569652, 0.5578984561617493, 0.3403943745828516, 0.036642355604342675, 0.6250295730890122, -0.004690859716405371, 0.21502260039631266, -0.3528237289983959, -0.011305399510531056, 1.0903467537149143, -1.5069732622173178, -1.3019338291411673, 0.8862727561651231, 1.0232695106134932, 1.3112967412851537, 0.9503114533689485, -0.07980725249302122, -0.10613886612961129, 0.7403173947253673, -1.5297584687879449, 1.5233685001752797, 0.1743461454020972, -1.4033091900777166, -0.022949875991714233, -0.7222879256638437, -0.19975183680868636, -0.38314317683381854, 0.05346760604926293, -1.183964282341873] : -1.0
[0.43372152986370194, -0.7868931836611041, 0.5155387916361561, -1.2020875823317847, 0.09309409561893783, 0.20439953203870817, -0.16481174823621403, 0.9579448708407434, 0.3099018731925526, 0.6818985386331049, 0.18091546998999775, -0.40814612841214865, 0.9280841702053559, -1.4552164926595177, -1.3370541271702026, 0.39994227650399006, 0.6428902424903028, 1.4566499211961923, 1.1268039840767852, -0.2759048992904465, 0.4861023531794396, 0.7184807393967574, -1.5559448987731708, 1.4651237610407488, 0.410381006947205, -1.886481143687701, -0.15180466580792462, -0.919345027981296, -0.13526612987386905, -0.6104779043490781, 0.7469451957933645, -1.2292885215112213] : -1.0
[0.5813453309412189, -0.7045920870194341, 0.3649013955181951, -0.8913736296435706, -0.09164358638342521, 0.057470255604863685, -0.4010206086479375, 0.9964580593294068, 0.07298082972280581, 0.5183144878815952, -0.1272787279015608, -0.23663057539081886, 0.19938886004215822, -1.5975160299928768, -0.9245570207447189, 0.9192241205607274, 1.4103273758882573, 0.8819757084536607, 1.5562872246152408, 0.025244056722722112, 0.0582399204881688, 0.6258403664214488, -1.9128434123360594, 1.1022796644283155, 0.37748073412807737, -1.3382157106813972, 0.01921200098992222, -0.12294458337432923, -0.1486542102738055, -0.2587662205893657, 0.26506089305691066, -0.3695501490846561] : -3.0
[0.46301215677884006, -0.5582148887911165, 0.45953362342055504, -0.5883168661361454, 0.19729531382466337, 0.061003829529282905, -0.5291879664084401, 0.47543201175010447, 0.00910482293066757, 0.6668746773835095, 0.0014803050924157984, -0.3643013822890909, 0.42525047101564956, -1.2324231233208207, -1.1635889358779723, 1.344045964124178, 1.3154111756041709, 1.0259739771502818, 1.0938546844737171, 0.22811757757069498, -0.06576372257367816, 0.8687185136043514, -2.0655689526272307, 1.2485239473562046, 0.6526776226714868, -1.5705639678726855, -0.10362930775888604, -0.07398007655564831, -0.6372929887690066, -0.192805742711243, 0.29842145602043757, -0.6835519140258878] : -3.0
[0.899040628741652, -0.7752639963489236, 0.22183652049770855, -0.1552567316319231, -0.15961384029621775, 0.41811819774451203, -0.14408887836628925, 1.2642939198046945, 0.056491732011473464, 0.3660985458370952, -0.22206623293022185, -0.15245737250629826, 0.7996697326650246, -1.6143495365707474, -1.642477552887175, 1.1619736076866913, 1.0119607183282018, 1.2166624014602114, 1.437989010640426, -0.21124660764624273, -0.09581914607832942, 0.8557545817666647, -1.5372570720228664, 1.1331309986047262, 0.6295969313092593, -1.4732322470075612, 0.09841341901080733, -0.8096281318873648, -0.4536049990405815, -0.0163952397102457, 0.2806740484464382, -0.7736950228915982] : -5.0
[0.6104668339416005, -0.7287937137075418, 0.6409830124767992, -0.9947986585558485, -0.541839421451077, 0.17081302143375643, -0.400456087126829, 0.4503940813460635, -0.012095907056597174, 0.27789925919038816, 0.268197071294905, -0.43748906774618945, 0.9900434949314005, -1.8034193401096128, -1.3345750482481846, 1.078639184086518, 0.6642962622925962, 0.954000287125576, 1.5038364122851118, 0.5419946016566316, 0.04049348742250376, 0.8378676222445693, -1.3062674165942079, 1.191393205944469, -0.18098056426821835, -1.0307105895244826, -0.24377463138797895, -0.2752440828239203, -0.38367512323423986, -0.12056658878059584, 0.5967426594505274, -1.13741072167611] : -1.0
[0.41188516634241923, -0.6340999178843683, 0.5640332540275359, -0.31062415776877783, -0.007486979068894006, 0.44092925352373, 0.040801001348286195, 0.7828575811444624, 0.4447417180499875, 0.6404278598359433, -0.13006073452653616, -0.45180937263382404, 1.1402160578058986, -1.5908081739124436, -0.5563870007725233, 0.5213046549087417, 0.9356140850771428, 1.1713407997289556, 1.0493794007303618, -0.12862939606192453, 0.14086813982953855, 1.0025132545523134, -1.0651439821278068, 1.284107689982444, 0.15372461946277854, -1.2083859529656895, -0.2269152911676438, -0.37884889551910483, -0.39949620490062365, -0.5525295986869269, 0.39676742647566987, -0.6447920439749193] : -1.0
[0.3559075930261292, -0.45854687220828744, 0.3369515438537247, -1.3042098749980762, -0.08773970620826435, 0.4212099261710479, -0.2527528446297357, 0.9894932687308986, -0.20669074221189215, 0.28130949563367624, -0.0019128321164493117, -0.3967386974281803, 0.8843056413193934, -1.2738679930868175, -1.3125881345365888, 1.1435508756444162, 0.8403899375131217, 1.2102023422792245, 1.0726965500121728, -0.19158431301877674, 0.0047438592830253146, 0.673324071691421, -1.5254494980970787, 0.9655900571235836, 0.5923890538183285, -1.6046071233211718, -0.34204528578143906, -0.4612494790426904, 0.24679842731643928, -0.07957554462491762, 0.3314737080767962, -0.13865713262319934] : -1.0
[0.7625301862757143, -0.2994409203713494, 0.7782301275152956, -0.36157169689863444, 0.19191711534103023, 0.16905302701541616, -0.02634365320113838, 0.46826193116595044, -0.17078428446477703, 0.5028665317417762, 0.28393557209245784, -0.23748320182463525, 0.8249672625026747, -1.1094280472935587, -0.6880356695404839, 0.5542736157532622, 1.134051633344441, 0.6932701865082844, 1.0802865707341227, -0.2120941855131974, 0.0022356701041263277, 0.4141721457544221, -1.7121584872430216, 0.9380451957407574, 0.00475850788127552, -0.6851085567233729, 0.30568119852128545, -0.24247221799286478, -0.20311041557703963, -0.11677493453145948, 0.04336842469558605, -1.4549963694741086] : -1.0
[0.8409648158377684, -0.23991687766631187, 0.14102674997761738, -0.4406862120315107, -0.045177347370006615, 0.611690148510866, -0.1564414772416997, 1.0028149256291086, -0.1350500681496175, 0.6464642909279747, -0.40029037140363155, -0.4298767479343435, 1.0041762079247896, -1.766580023890312, -1.246695208323309, 0.5220271888452668, 1.036994289793163, 1.3264567300329564, 1.8749714087791929, -0.25927905077108737, -0.3656393319241715, 0.881526034070861, -1.4090641565859983, 1.2747913676655167, 0.338518341041879, -1.4112709864618962, 0.38883151224300927, -0.6055147115253062, -0.1505358511834623, -0.6897593557556503, 0.5225301077661053, -0.615868198318446] : -3.0
[0.5576395200256681, -0.33936054278465744, 0.28290043354079936, -0.713177390779904, 0.15935649637242988, 0.18456302705984895, -0.1072904622252432, 0.7103192881079825, 0.055479573115122735, 0.3230479703935396, -0.2511422838095443, -0.13091837760110775, 0.8902906075198855, -2.003531302889365, -1.0619805917925231, 1.2713289585379788, 1.2201702011132263, 0.8527032853939251, 1.7234899063573486, 0.3900003503057315, -0.49710539447001595, 0.6307296032394647, -1.6608620774459182, 1.0374159416455604, 0.3106286596372085, -1.1311253938188386, 0.11220859326721322, -1.0482614611503904, 0.03029767753322407, -0.11868223308795345, -0.17149837796359657, -0.7693935193030738] : -1.0
[0.4047972571325772, -0.709697684046248, 1.146021638526532, -0.6244741625299205, -0.18993134189375702, 0.3885215978243536, 0.24200424311705832, 0.6134558902083819, 0.1281897571061319, 0.5754024816642793, -0.4167785667395997, -0.5113029482046255, 0.9943730844403351, -1.7709327333081473, -1.1513663559426688, 1.39213775726836, 1.462789768752844, 1.308388744868255, 1.70769951229491, 0.05660635262702356, -0.023543576405187852, 0.6318871035772116, -1.793970438966175, 0.7253640182483984, 0.27801835320451745, -1.2443542454698533, -0.13688009191194553, -0.5414709434677594, -0.5871604504355485, -0.0109125115624788, -0.03579482134028472, -0.5988773394117526] : -1.0
[0.5694618809631147, -0.6623079518644707, 0.4963991463287514, -1.0192277366571032, -0.14391138711806692, 0.5090086263670945, -0.35808275465873673, 0.6919218003909994, -0.017908364867944046, 0.18623712597108677, 0.011378413350811328, -0.06141606814467615, 0.5531119284116817, -1.6174143013379083, -1.1627960264388328, 1.020360051611872, 0.9081296640150973, 1.1188945750864885, 1.2068082772475912, -0.14421653599491088, -0.4500216120517161, 0.7189131852246055, -1.565141298034466, 1.2297444790197904, 0.3000929701151028, -1.175523694135562, 0.015374387811124109, -0.5926581314908422, -0.1504711403362613, -0.2386291397342316, 0.4306616053570055, -0.435343085778212] : -3.0
[0.7554141111664037, -0.45039379011539815, 0.7969261323295382, -0.3932341844394609, 0.32599808352906345, 0.5154602766063129, -0.09455619894784933, 1.0637098328287335, 0.13101943760111318, 0.4399091319799278, 0.21971556696858513, -0.759226688207436, 0.2080409504810613, -1.3261717510052093, -1.4361502280946372, 0.8745563691862578, 0.8799023738417893, 1.522157561446499, 1.7945709126462637, -0.26408620243613007, -0.13541653114369548, 0.5078280991239423, -1.5668398242898942, 1.642919440257964, 0.4865841981875002, -1.6223132260203483, 0.6080801305149495, -0.3917352381253865, -0.18719342781965095, -0.20574384756679906, 1.0213240685683729, -0.6313938643604693] : -3.0
[0.926110132947251, -0.8200688984983413, 0.3114878768512823, -0.9626268222873898, 0.4432306171130145, 0.293038188189829, -0.14936943905331998, 0.8679204412140008, -0.1774609373854638, 0.8743965640022018, -0.21930227651155373, -0.47876790016784665, 0.8065827385044422, -1.4453782895600078, -0.8581558239616107, 0.6067425044387218, 1.1006223628591898, 1.0344711459167641, 1.577175859670694, -0.13562456084531213, 0.10408832354124943, 0.501688123237042, -1.8022240180284292, 1.0715406269203047, 0.7230712154628678, -1.1214939983385952, -0.37173752592183346, -0.6578923289205592, -0.1672257916180409, -0.5099119360229409, 0.08722486133325255, -0.35269441677722446] : -1.0
[1.1565370706967255, -0.11356081099693466, 0.12586293879246463, -1.0046080420945371, 0.3289026405577259, 0.3382473119796535, -0.14021736886399752, 0.6626688686245605, 0.010217316547375094, 0.8685934626633234, -0.025507659963059953, -0.4809976174332674, 0.20374602036958384, -1.5098302825275318, -1.489717837358521, 1.1892634874220274, 1.4540710595311923, 1.216500975195424, 1.3709304624015157, -0.24070928357587648, -0.5371012762941023, 0.6150136201059946, -1.3698662595377316, 1.3682244320667771, 0.0656688721762887, -1.5372283562211273, 0.0854046925085712, -0.49657012834444675, -0.2151752415424495, -0.37502890051259025, 0.1648216123538898, -0.45998941692564854] : -1.0
[0.9241445129758238, -0.6510113084717915, 0.10871402297850924, -0.6304851944673744, 0.19222135221498055, 0.21723018400974317, -0.16206680396713335, 1.108840416713817, -0.17510956164112362, 0.5432380340164656, -0.15069069382550573, -0.215734604614803, 0.5508150380064534, -1.3081798812864667, -1.3864432822025148, 0.9088733677419333, 1.4532762282564484, 0.7533013709261676, 1.2152363598114269, -0.16934363603936523, -0.06532904108466706, 0.6157819594829991, -1.6172700511605789, 1.3741661476954157, 0.16000394629597822, -1.442815515855949, -0.3829536498145343, 0.010347000585507082, -0.18629297513753001, -0.4206653083845042, 0.17337999463281295, -0.504805308949621] : -5.0
[0.8617293489825579, -0.4114126863348603, 0.20039545913724383, -0.5334983437052706, -0.5913851652742754, 0.00616651387031425, -0.2700897408548606, 0.9084850742229743, -0.19850579633786108, 0.5740830742428907, -0.2182426715388054, -0.24470538326609007, 0.3180727037840413, -1.7677380721124778, -1.0609899561363014, 1.1438496835237875, 1.0385243127414523, 0.6787555085843637, 1.903475192841432, -0.19697457155016518, -0.03949267864322459, 0.9793553352947936, -2.028302233914548, 1.2925970584280824, 0.6167372818818126, -2.3418495649839706, 0.06985279458409004, -0.731628198030801, -0.44264890485108976, -0.36965600126937614, -0.054508474688453434, -0.7700711347372741] : -1.0
[0.8860833589891203, -0.7335614644991628, 0.239671870829943, -0.057040113655588365, -0.16523057883395748, 0.45644155395559965, 0.13170384041700772, 0.6219556227239272, -0.07548129285378141, 0.500285279866818, -0.07085474444902987, -0.00240113613282833, 0.8316375104350031, -1.576776945363142, -1.4034952254346906, 0.979837050594135, 1.1573798679763494, 1.5831470819439655, 1.5188128443017308, -0.09597892274729095, -0.2282761689756927, 0.3692827349652246, -1.5542246095242944, 1.2910499732681482, 0.3707535587607615, -1.52840338013228, 0.018845053519179523, -1.0361680378821503, -0.43125243293760085, -0.3990058611905545, 0.1744397469492054, -0.9205857335117578] : -3.0
[0.26378470360040907, -0.1797601826982564, 0.37581089733616774, -0.5573682224847678, 0.09285390329223882, 0.1565283174407069, 0.16195695609078659, 0.9158217361401186, -0.16615043485224112, 0.7714409080836335, -0.5071141855655669, -0.40296010685509204, 0.6286471799631529, -1.6524686237269164, -1.5303628214322198, 1.3236844628893634, 1.3189995607523648, 0.6961215386086231, 0.8537996038845602, 0.14639548081471793, -0.0899353086833995, 0.5121820165581883, -1.8321910861776363, 1.1898572688382627, 0.430679828812425, -1.4441288525867049, 0.044848276339947125, -0.31358636048787175, -0.20102586539217548, 0.058143500537620074, 0.5794621225044692, -0.8785325005861531] : -1.0
[0.7166145469891537, -0.6743329572575361, 0.0684478021750071, -0.2862754730796655, -0.2787651989921967, 0.20910741548178882, -0.33231274685210355, 1.1757753676977485, 0.38046535207275906, 0.35671765101329495, 0.14098036576139106, -0.4680614906813293, 0.19323266780866927, -1.4825651974248446, -1.309211001967954, 1.0824676226752799, 1.2501261778590271, 1.268175251510786, 1.4079833418506114, -0.07767965526353596, -0.40787861944762904, 0.733907406016136, -1.2964501102353814, 0.9806108646595202, 0.16598358339782, -1.6388379393679728, 0.08136470726763245, -0.6638930821597051, -0.17662063833737182, -0.8285832459950742, 0.19342507472417994, -1.1891652428522543] : -1.0
[1.044654118722676, -0.8668686817182738, 0.6083079122119128, -0.2516254962458617, -0.009968637897185169, 0.2791028563310457, -0.1645763250264808, 1.1861375437891202, -0.2593815716340716, 0.1430903146507393, 0.0028458070662343293, -0.1951227372033605, 0.6576251508004661, -1.6131424216609878, -1.1409053758544008, 0.7030795008823547, 1.1987618049023676, 1.0089110808922375, 1.817873525545103, 0.005817428197976468, -0.48567207985771377, 0.37897887906603167, -1.8904603802333653, 1.0166060990220087, 0.19776602269909188, -1.3916547973451205, -0.2151245695273182, -0.8851304953773405, -0.3664402904616424, -0.6037690976011052, 0.25160688949832566, -0.7561137669589018] : -3.0
[0.46198154720915496, -0.6777562512476701, -0.07371079069183983, -0.7046674489980645, -0.32878866672825535, 0.8525951002231018, -0.42041233042973825, 1.3021684453382956, -0.2892360882621372, 0.6657522254817949, -0.42583631791774834, -0.09751197688480184, 0.42517656856359165, -1.5449823585840712, -1.1084318551335597, 1.2226035242448066, 0.6792963358605446, 0.7849667578112031, 1.5571229121556216, -0.31101077080006945, 0.12929871349444313, 1.1103718979499808, -1.606964740900339, 0.9883500104707733, 0.3843687970922111, -0.995112095111417, 0.0037497964232374925, -0.48887140008195396, -0.1977831221797791, -0.3645440434882514, 0.3979621648221867, -0.5148270494174096] : -1.0
[0.2827166316102323, -0.5828697211649079, -0.04222159778102552, -0.4766207832846573, 0.1859942837297593, 0.047051246476995656, -0.23835388217348616, 0.736396292052042, 0.006285948627591971, 0.493986437656962, -0.248365206041325, 0.2788574025921466, 0.7737553715733504, -1.4505496670835307, -1.2177878682284584, 1.2777735829426085, 1.381328860200727, 0.814488655479548, 1.2140003435017341, -0.008696373750840175, -0.06743447034421324, 0.30772212188377196, -1.7361820266061707, 1.506964915667235, 0.25966029027564774, -1.4846945451331464, -0.5106118447702332, -0.4821735221265155, -0.3365121572922234, -0.21005504149709583, 0.2554576248690068, -0.40902719195756687] : -1.0
[0.4549213798549674, -0.40026741995394327, 0.494297039595088, -0.5005641438498514, -0.2518232318678252, 0.300094503699729, -0.49003645747324115, 0.9139788610799874, 0.3830926148313743, 0.944702126406463, -0.5663930805652726, -0.22828099591992812, 0.5927898153220562, -1.4539276534576402, -1.369832562160595, 1.648283228636389, 0.9351858556856475, 0.9018315312826403, 1.0235999350504952, -0.16942593455427812, -0.3156923855127013, 0.9862149368947069, -1.5270909321946289, 0.7833071045696398, 0.7985445348009085, -1.461311574440728, -0.048638970197031846, -0.8735404646528564, -0.5501150844840874, -0.234990754628189, 0.3868153430359456, -1.1376856924730419] : -1.0
[0.61145711212592, -0.2708266967529242, 1.0165213209293529, -0.7226393052333189, -0.17062506802702204, 0.1655081803885641, -0.24272894742702592, 1.4371532292305436, 0.15883567608714527, 0.22931799092676658, 0.27474423226571537, -0.5328403422753956, 0.7807155176681457, -1.330917661016952, -1.5944030441455932, 1.1212132411724782, 1.1729128918431762, 1.380600081844405, 1.3198375221497325, 0.09751601462773118, -0.5098968599553284, 0.7827311478171455, -1.544793102654624, 1.3578833086885398, 0.2989611789775648, -1.1432987281806382, 0.20897239589798883, -0.07652836383574069, -0.06663753971851222, -0.10262599296172248, 0.2638517164299252, -0.7244266792234504] : -1.0
[0.8803094656725539, -0.24077640766862513, 0.048356604047864404, -0.37775124449678743, -0.402606711313144, 0.5916816808105491, -0.18688721482031362, 1.2301992643319686, -0.026464829046074632, 0.3145383890327552, -0.5925088298930143, -0.15334473073023608, 0.14981620532744933, -1.360258630900318, -1.3236511197915073, 0.4234935264213521, 1.1554744946678976, 1.339153747639507, 1.4591739308873082, 0.10552383564201642, -0.06884298618853331, 0.7076207158235508, -1.4914915961419146, 0.7264239539770478, 0.30663655260028344, -1.4267446661416323, 0.17750914413834432, -0.5953291377474641, -0.3952799408318595, -0.05070502065926735, 0.7099497753613805, -0.8759221780739894] : -1.0
[0.9915940091990165, -0.43561385765411614, 0.18388133944820095, -0.6602548249814865, -0.20260082359029397, 0.697291260390479, -0.3449378254725396, 1.013200062591969, 0.22505557907592363, 0.7507320927878522, -0.4948801783616724, -0.6224358295922889, 0.6469394098400657, -1.3973888055073487, -1.5938061799642338, 1.014005483949329, 1.0454147675355843, 1.060222821194495, 1.395365616569036, 0.05705243722070283, -0.12522476322807952, 0.5723312740521466, -1.6439363915404048, 0.9927113190500779, 0.312308561699683, -1.3001323295941112, 0.03396420888044431, -0.43324775159904244, -0.31207632219413545, -0.17524229489293175, 0.43323997701201766, -0.8172832273295171] : -1.0
[0.5496766262871149, -0.9385075132229674, 0.19218511245822012, -0.08028168744151326, -0.04106191361304334, 0.44995531965973606, -0.19524908477437738, 0.7823647439626369, 0.15644189716179113, 0.6158163904967849, -0.3126815535043604, -0.31067363120285546, 0.2906944802985981, -1.6626160674902544, -1.087837198925784, 0.9090195273484232, 1.2823088087500296, 1.4246524693419014, 1.4630014984673951, -0.06187610300026572, -0.08803827786182887, 0.7338677651862955, -1.2721302359786146, 1.1769729481232734, 0.4192450769811177, -1.3895338758296036, 0.024194451651069256, -0.3438272144219352, -0.49790921115057607, 0.19091540302768423, 0.23822339722660618, -0.917777243397931] : -1.0
[0.8686878750487435, -0.6616754103618043, 0.4205658280164436, -0.5136353893161661, 0.2677016221124034, 0.3557935774893763, -0.4230690612459454, 1.134892302330377, 0.2865548248979462, 0.5616773355672744, 0.04785671991073129, -0.30125645133546997, 1.297053834605807, -0.9408067033808297, -1.1946117432606222, 1.3539004859764918, 1.102603397481073, 0.9836296556458194, 1.3527478832981228, -0.038102077064123246, -0.26253778665626826, 1.199288616867325, -1.7038730051949813, 1.1233257093860223, -0.0744181261533528, -1.1964751256294912, 0.3527714349761896, 0.14434559092867189, -0.17588082798212773, -0.2597663929740961, 0.30225343509133706, -0.8315004532122552] : -1.0
[0.9739719407327266, -0.5966138198672842, 0.3901785045318569, -0.17380754294414097, 0.21446802030596923, 0.17732992876633652, -0.6497879701676268, 1.3925340684962513, 0.012356278559899153, 0.7306775345829111, -0.06679923946778447, -0.7435060022281206, 0.18192800244668833, -1.3846281609602242, -1.8034411295208868, 1.1472500785201352, 0.9872219335340087, 1.0515329048125766, 1.5858468480888315, -0.014009715302371717, 0.11513541652221268, 0.4900588544509119, -1.5919841530876866, 0.8838280802405041, 0.36552059588508756, -1.510251206935206, -0.15618296206078294, -0.6469677515353793, -0.44324332086368357, -0.6409061819378992, 0.3892441331246695, -0.6463047413733475] : -1.0
[0.8402564522153194, -0.6363110368208187, 0.6855304348165132, -0.48857988005896763, -0.25440247778751185, 0.26025702930747385, -0.16344707639741918, 0.9380891955744466, -0.2485696058781399, 0.8241190743187021, -0.22338395037268122, -0.5561690270175038, 0.617442088685657, -1.7737783195301577, -1.2489221649749664, 0.732943111980713, 1.276732448928522, 1.2034519543446547, 1.7713234509936835, 0.1777549298139872, -0.27373680144559254, 0.6246333603080556, -1.8637969036713538, 1.6261408613112542, 0.40193888342392103, -1.6321452309029798, -0.2725284213949843, -0.8018157205004174, -0.16380507963060362, -0.14531535260650247, 0.16789045328689817, -0.7790830936306056] : -1.0
[0.4875613930740708, -0.6343903585521172, 0.7144948706136385, -0.336017364487238, -0.49971888338949444, 0.6176306074569946, 0.2405654852293815, 1.0886348125445473, 0.6123883279834846, 0.019656555924705832, -0.43531407489252066, 0.09887834082948943, 0.2311828140835041, -1.8167281199805334, -1.5182039149806288, 0.7286932420185395, 0.7990572316734382, 1.1370860688150934, 2.025515529453122, -0.446905088531228, -0.15350993428879425, 0.21647784810666681, -1.9513045153403243, 0.8675225707453171, 0.2915738992556697, -1.415536314770278, 0.06234569875624214, -1.279790588258364, -0.7917325474035963, -0.7531449591599546, 0.3766737313440286, -1.2363757532590496] : -0.5394163131713867
[1.0589761123544101, -0.6585615848812956, 0.08560456457490848, 0.1693029354138798, -0.479716109353027, 0.010620334454357061, -0.2928096034463904, 1.532859484739911, -0.2824223052749404, 0.27461712891786855, -0.045778396539009655, -0.16191436061569173, 0.8661605985485445, -1.5456384649853654, -1.4536432056719832, 0.8545759129151623, 0.8568384157693048, 1.0257497796670538, 1.3945942238931386, -0.40311070469732835, -0.7257281498701023, 0.45886261745870977, -1.6407634931309354, 1.2629656097496185, 0.6604947582418379, -1.2854773217548998, -0.7275016976733182, -0.24891339025235093, -0.4705014719912098, -0.6953023992565155, 0.04250468906366359, -1.1396760137671138] : -1.0
[0.7800700159641374, -0.2684175970962536, -7.858748017722794E-4, -0.38757739108338884, 0.028996330946016335, 0.144850586735454, 0.04466327289927641, 0.7576304908078928, -0.3398415918777791, 0.13947166723346288, -0.4558275513040124, -0.4027488635901013, 1.0573391672988197, -1.7651821328305428, -1.2020153092140966, 0.9785545538576115, 1.075046111802434, 1.1626170223367875, 1.3947300772637097, 0.2567254132937026, -0.24900084212762114, 0.09441001260086462, -1.5790118033933132, 0.5160956712508156, 0.09702846162489381, -2.160063120333768, 0.3769956549138307, -0.9539728646573264, -0.3715899607113712, -0.5349310636721681, 0.29106544640133974, -1.3502434592940422] : -0.49224376678466797
[1.100636427830659, -1.2092788707953086, 0.19066679771714057, -0.3649872688320625, -0.211265258455328, 0.45992853523484156, -0.13459931887658255, 0.8489082409262161, -0.1730021207397574, 0.8095325186756771, 0.2672576485570252, -0.17726164350361887, 0.4547324401775874, -1.7062333103019045, -1.1166435234014036, 1.6985259770599217, 1.0170842834179132, 0.7973818802043791, 1.6752720087606292, 0.33651183742561086, -0.17846110836494966, 0.8890156034716417, -2.0502740465014324, 1.297307650045315, 0.2877275585957031, -1.6636353494437126, 0.03699539094729619, -0.34413657809530623, -0.08906481039562081, -0.5318478065269427, -0.013185140259479033, -0.8060792984196173] : -1.0
[0.6674598828864022, -0.6397182525756104, 0.3180673102662834, -0.7175683788045646, -0.2727669943525647, -0.01582632216381269, -0.030843971855886103, 0.7122241531839835, 0.04106809764999328, 0.7177289178700088, 0.12428701235648221, -0.10921580297365303, 0.7767041953850325, -1.4544936668929656, -1.4767251255029215, 0.4616102304815013, 1.1647624710232412, 1.23506106571031, 1.773726606228741, -0.778028253178672, 0.07757762547512267, 0.7142193282030901, -1.2100512504014775, 0.741381983684917, 0.22451541599791788, -1.9665734944593172, 0.20990664024208516, -0.5890721108574224, 0.006111777964173226, -0.6518746840750078, 0.14579334546975925, -1.0304849599021584] : -1.0
[0.7130449049972599, -0.5372941644378422, 0.2003637952106291, -0.1756425965128906, 0.24854422326800027, 0.6897550541043982, 0.01816323344321595, 1.1122174255212982, 0.3055618637081912, 0.04453810391494606, -0.18621385110824537, -0.23200355120808452, 0.6020922658135524, -1.7682912119149197, -1.199367430391101, 0.7261016145837549, 0.8261043678888437, 0.9079343729904173, 1.0756127792661856, -0.25004295352574857, -0.4832791910180308, 0.5742517961964912, -1.8304669121491541, 1.1780132035016841, 0.15361236255400929, -1.5162188321592245, 0.19499757474225862, -0.7443328909903257, -0.5632952263629057, -0.7359301940181687, 0.06290424771859096, -0.9266188869666259] : -1.0
[0.7155355974853175, -0.5730630908848552, 0.4301200986394953, -0.15718928578013613, -0.18538432731065935, 0.37263284688382015, 0.14021980658005767, 0.8874138341400554, -0.01604666755127132, 0.3331094945551398, -0.0505632721047877, -0.17198246203128845, 0.47429012475443294, -1.9107348288781445, -1.046613612194047, 1.0815714955088838, 1.2502835251298965, 1.3170576524326862, 1.630476569855043, -0.3664328408829758, -0.2736654510095594, 0.5832641062776791, -1.675227749011237, 1.3491982445497401, 0.3594131500094879, -1.8428714229748844, -0.32776826338302106, -1.1650023565046066, -0.22179989920447565, -0.1320074298651694, 0.284344117967468, -1.0310576139945613] : -3.0
[0.7204571864376994, -0.3460114152915332, 0.4298452609840898, -0.4637337205981634, -0.21867828484709578, -0.03242484954068642, -0.1348087318189054, 0.517655785111387, 0.2166593950604926, 0.625586007297277, -0.07396990742726514, -0.035082041872614156, 0.6327738518122484, -1.606981039029994, -1.3241032529051935, 1.2435180069518943, 0.9510844424653263, 0.9730768499184126, 2.6003497261867548, -0.09193301721718777, 0.06852608369697408, 0.6286932786213477, -1.7148560153451091, 1.3225531573626483, 0.4089483377432527, -1.1382336165674989, -0.12329185373754524, -0.8649338990420219, -0.6114028582509394, -0.6730661114801526, 0.3133166723307942, -0.7811954249751464] : -3.0
[0.7100310979515952, -0.5041964469280107, -0.1168271271951088, -0.26719658110313116, -0.2203323919403989, -0.05475475194089241, 0.2646679340180741, 0.8648118889924913, -0.6114751633984445, 0.28530998262597973, -0.11743526144061724, -0.11145457406394957, 0.7915086964702444, -2.1706414796514037, -1.0753582812565403, 0.7150473317866849, 0.3277352192120152, 1.1283006743835367, 1.5832558612506187, 0.08018112812920689, 0.07772035446752909, 0.3734514409083742, -2.0618509808437953, 1.234958663115073, 0.18714816202909154, -1.387045689582192, -0.18630242526188592, -0.4164624238652143, -0.03138320291937696, -0.5645561152397083, -0.10460178690623462, -0.6641245307505705] : -1.0
[0.5729337860900879, -0.41375202522743165, 0.19474200882165488, -0.5036358504450549, -0.704810061210064, 0.09206035381790792, -0.11406491486236878, 1.209224895040958, -0.7215372062982366, 0.632163477440738, -0.5426831421471217, 0.15515715186741996, 0.5437052596375412, -1.4953690805129343, -0.9650462609771834, 0.9506761360877211, 1.0742455831011366, 1.1120320869320386, 1.2524554996908386, -0.0047025707586493826, 0.1522865273967087, 0.3241663960721938, -1.5603437570494525, 1.1618961768252634, 0.43366093576500186, -1.6321769945184432, 0.032206889739451766, -0.8363199356990972, -0.060671468699314, -0.8910902813834494, 0.07701389535894379, -1.0618787824769589] : -1.0
[0.7834005575878595, -0.8380349166284641, 0.10611158626255171, -0.2948001317166108, 0.03477286345146233, 0.5881528736044869, 9.376875483028818E-4, 0.6769918194288567, -0.18357597981459634, 0.8005828929987915, -0.21126503596740281, -0.14983164940868843, 0.4079251171544766, -1.2819175944482537, -1.5332516467927062, 1.0215943936713496, 0.9936995030424981, 0.7482688285836988, 1.7973253636584567, -0.25024195864555426, -0.2752414002792148, 0.8956978660969691, -1.7662426159321476, 0.9582752018957766, 0.15397420818480687, -1.5135678537687225, -0.02703460118381236, -0.6415589683766381, -0.8174975161179252, -0.35018517448765996, 0.28922273325464276, -0.8671771818276263] : -1.0
[0.5186794584244423, -0.45291889153619524, 0.282766684747379, -0.435855309460792, -0.1674396702934615, 0.3461739155875839, 0.1737238151990301, 0.8850763556102533, -0.2675180678231265, -0.022390250815284396, 0.027826524987812268, 0.06109450873255973, 0.7024662032348392, -1.8491359138784198, -1.2473760040497022, 0.9988833727802462, 1.7075594957044302, 1.1355731060644243, 1.6512449108460268, -0.009241941216385843, -0.08227553174502514, 0.2818908773193614, -1.8186297377080167, 1.203507116228234, 0.2599025475971666, -1.9109610431953843, 0.07971315900845058, -0.18988421916604248, -0.5958063906228266, -0.41419898558677226, 0.25182201762802103, -0.567970841845685] : -0.4674991694363681
[0.9395249963529905, -0.48490021570215336, 0.06721730978456328, -0.1993310546136854, -0.2358401126611257, 0.22547016058356195, -0.04825904932634478, 0.8391349098530112, -0.11465095312531533, 0.3836006604099786, -0.2678644783733171, -0.22916087366583335, 0.5839823405983635, -1.8251969257321108, -1.6287684540913951, 0.6416329530677947, 1.2432299000209617, 1.065660252137115, 1.15429369298031, 0.24238802275731294, -0.35985211249567417, 0.5928422665598287, -2.0310968265351885, 0.9280124582264127, 0.44010500124500906, -1.347770993048818, -0.1692787138442291, -0.616447379378873, -0.5452880377827174, -0.5493238028761895, -8.049596883828447E-4, -0.7743767535402611] : -1.0
[1.0205040537167507, -0.5620985730463153, 0.048458541056431326, 0.041983128592050056, -0.527988147574906, 0.30315404012969643, -0.18955060501486015, 0.6761340196587171, 0.09894015834127484, 0.42720222022374754, 0.11798824434202662, -0.15881603321352766, 0.4940202945130267, -2.196285425810969, -1.2770211701853673, 0.8523516457862302, 1.3967094540710596, 1.4510243470375657, 1.8623325245328464, -0.058596973328860505, 0.1788315684510123, 0.4694795271155898, -1.8578608919921304, 1.681695023121452, 0.29872074022568545, -1.62334648478968, -0.3202049818909975, -0.6615825884942974, -0.5873538996920878, -0.19052326754655072, 0.2968449019851999, -1.1479161398800672] : -1.0
[0.7666439495737766, -0.7021226762489444, 0.31218970505068017, -0.11246427343038387, -0.06383141734710984, -0.07221854252023288, 0.07910330446724984, 0.6151460612221378, 0.03655195131414046, 0.5684460505238772, 0.46133822446538164, 0.4412364975282131, 0.34946494436293335, -1.4638932494253354, -1.6023237258662597, 0.5631553104154996, 1.2030411302314394, 0.7340658122023556, 1.508926506765587, -0.25027027911455146, -0.5482916011697748, 0.6060407574268377, -1.6970625869080358, 1.5517669872289725, 0.4948770374182726, -1.5705845721274154, -0.4666974128493244, -1.200752708979571, -0.11447696042777072, -0.38035943240546227, 0.21072045818944438, -1.3318671015688976] : -1.0
[0.8458181689293197, -0.9944121196660771, 0.47741958986603117, -0.37214943267193024, -0.3380386351990799, 0.22062137065180965, -0.41108757319186573, 1.158443283234764, -0.0077619604947497915, 0.2635938181674761, -0.23248193543671106, -0.05227579928564283, 1.0625358867251502, -2.018977600367341, -1.0715276687141884, 0.8215056169704917, 0.8105887823700699, 1.2191544004658623, 1.8782676977994215, 0.22142978709021163, -0.15676392913141504, 0.5333878791480908, -1.5405222761183643, 1.6077067663067093, 0.21965226519663356, -1.7369385761903249, -0.04077337427615704, -0.8366892162058515, -0.4977761530117414, -0.6579266379175472, 0.036937503183830295, -0.43694154765321724] : -1.0
[1.0410533210837463, -0.38214026776242804, 0.30445009967845055, -0.14624883495696317, -0.4648509077823667, -0.0707390429885982, -0.12169442772784168, 0.747300451306669, 0.18826801893467165, 0.937498538286951, 0.15923902205030177, -0.03677728934446789, 0.20208185409081164, -1.7370738957160008, -1.3429742604057442, 0.950124594435539, 0.948673516408256, 0.9835494507238585, 1.7733601104139802, -0.5651960008304873, -0.2536768958103545, 0.8880782882380641, -1.596947424826508, 1.301492487861946, 0.3649405046190763, -2.1401743021741977, -0.13961163674984772, -0.7870810099042126, -0.16689323656188454, -0.6029082748780539, 0.42070629659447434, -0.5685921527526285] : -1.0
[0.5912387060051442, -0.7989374584605532, -0.04641352373564295, -0.8918563398719421, 0.13733414388300996, 0.16385748949732637, -0.12628892030656474, 0.9761337121175772, 0.13351127794913567, 0.8749897532206818, 0.46093763797251364, -0.11582538992100117, 0.5799187256847155, -1.7873637724859892, -1.5860845406315771, 1.0653093874645112, 1.5821889914239065, 1.2953649967496639, 1.73849081755933, -0.28865001732424, -0.3984607238036542, 0.5472577560161813, -1.8654971840546248, 0.969866210435363, 1.0642751403014603, -1.0998902699241386, 0.4536653875679191, -0.5871285119094097, 0.06342942724725342, -0.2339509489716503, 0.3606351151578132, -0.8501550483185998] : -3.0
[1.165455692170527, -0.8358377178150317, 0.1551728513478341, -0.34761218936346433, -0.47664267693329154, -0.11283211994398704, 0.19182290937478605, 0.8021752819465742, 0.15207231878255661, 0.6451995815892841, 0.17567046624282276, 0.09149364819169409, 0.6526783777810887, -1.4519800542907781, -0.901873361308011, 1.1385586548315485, 1.5104997234738329, 1.2316898084557797, 1.7777693010319184, 0.026439767314868717, -0.13956438936699203, 0.8830640345679284, -1.800238926061577, 0.9233372708308338, 0.1943612269180913, -1.5245809284207683, -0.760259740710963, -0.8573974768126132, -0.08173929273395453, -0.7071258476843347, 0.10878956816125972, -0.922823919827098] : -1.0
[1.4130759121685061, -0.4878433906575309, -0.28314894413784275, -0.3274164931310611, -0.17615289233289785, -0.1005223001790975, -0.2848350459508127, 0.8228387341013953, 0.06941606156007014, 0.5918211523838784, -0.27371919703657743, 0.011879453316671618, 0.547927499175804, -2.0664731729015515, -1.7876201236106057, 1.2484123413384214, 1.1466625383292046, 1.5541639531417077, 2.054680733280643, -0.17636770193699208, -0.5270399648420917, 0.7205592415773131, -2.045514551304679, 1.2641645870697904, 0.5786582773286081, -1.7839302677481654, -0.04464023176292814, -0.9377963686747759, -0.32885274099276446, -0.8831574929951203, 0.5314126066412901, -1.123266325344008] : -1.0
[0.8204034295284506, -0.49828471881130243, 0.8115405092697521, -0.32558790474094845, -0.574448744642301, 0.1757105967793297, -0.4898152753455759, 1.3402377380704806, -0.4396775614276769, 0.2072842879257314, -0.3925091845722317, -0.38764962687150484, 0.4214044946671711, -1.7686952917807357, -0.9792637655569588, 0.6454180220345289, 1.4670252589937296, 0.742277162952243, 1.6900799294788122, -0.2520217191183896, -0.39316904895891114, 0.10685989790938921, -1.8362540132890417, 2.0308294518924113, 0.45012700249372134, -1.4058696455556499, 0.005350788891848424, -1.0260611378186522, -0.24045017354436646, -0.08349748447861916, 0.12177922756973825, -1.173440298390853] : -1.0
[1.0325032867433324, -0.25964652484553746, 0.4483615400824401, -0.06032256246353321, -0.5653863881499473, 0.3628532480702601, -0.3274179596379764, 0.5138796797333175, 0.11756599467257428, 0.5311304637052663, 0.45593235704542545, -0.1304879596676639, 0.7935780851984146, -1.822825542308112, -1.3029609632553938, 1.547513412908915, 1.2239752032598674, 0.9506989430371073, 1.7818394065826677, 0.07959261961742117, -0.0017699090165410603, 0.909226291990004, -1.8129910995163179, 1.3259633413796992, 0.513491608356721, -1.3645339635060312, -0.05853487525585599, -1.0901647390981464, -0.24893857078800047, -0.04593536964728562, 0.24764773055582062, -0.6301991328181737] : -1.0
[0.7363213123536981, 0.12928464804670514, 0.26624077012781144, -0.3290559664145435, -0.3748841009788152, 0.4246033021942812, -0.2634788780234446, 1.2708846308386221, 0.19301391432267326, 0.8886714077788859, -0.05745469414693295, -0.37449016032642907, 0.35141385627163574, -1.9203225925905505, -1.6453899690342773, 1.1060931074683509, 1.4395908655949057, 1.0993915414680786, 1.6141974978607254, -0.3454377560700493, -0.22636199249442926, 0.5419610712101974, -1.7242347705358123, 1.3950885954568102, 0.6240839030522043, -1.4648844896518831, 0.017740943054039227, -1.290548962911969, -0.5217744543202856, -0.6428692348720968, 0.4369070778232743, -1.296378046099553] : -3.0
[0.594244505708309, -0.5557832341511527, -0.10761190555881484, -0.7290111448112773, -0.016662496484651235, 0.7353742146716835, 0.22311331667693093, 0.868833988840922, 0.1340024570784426, 0.6863816195981625, 0.05362356697083012, -0.17212051863387692, 1.1402954103275658, -2.122452393271529, -1.1400313100116857, 1.0416430379155328, 1.5263658433499963, 0.7939400428531103, 1.8176741284429156, -0.07464108721413461, -0.05081828916514214, 1.0078456655196992, -1.3354944804536824, 1.6195806761040967, 0.76196783882049, -1.9668474746603821, -0.46984859956384917, -1.0034639997526522, -0.30755945759262293, -0.9027505971595295, -0.06315387936777023, -1.3555129857757404] : -1.0
[0.5371223514418848, -0.07363803163340532, 0.6490008900944162, -0.38571895014160484, -0.5350133184059478, 0.07452308078839434, -0.16874482431374138, 0.6218000707489315, 0.1219659557264077, 0.5756312317664745, -0.05535536341326648, 0.4270343276042167, 0.6193262355416017, -1.5094575907233247, -1.226516213698027, 0.900978553678397, 1.385713661456375, 1.2594440252701247, 2.0024458110436103, 0.2666740024721289, 0.07767368790043025, 0.4056945451767815, -1.9167313630618348, 1.384710685426439, 0.6172861238232705, -1.3449276462190998, -0.3385288793188776, -0.34479359843718904, -0.8373463975688052, -0.16197052078362903, 0.06097513062027271, -1.4044405940762723] : -1.0
[0.8147925514043081, -0.5980997941733563, 0.2961471670353978, -0.4172959882709031, -0.39431496358709983, 0.6142877838416121, 0.27791517647236186, 0.9660489267102417, -0.05551167564482236, 0.6816908828955776, -0.11522464948640893, -0.4448478859970757, 0.4398486725428006, -1.386462386234409, -1.3275493673263772, 1.1384211273066835, 0.8844457815338408, 0.6517441409819406, 1.9257628266029254, -0.31858788912985614, -0.07081260013951787, 0.5758865968232076, -1.9209068502139766, 1.6173335962934356, 0.2517476923887922, -1.5889219161892691, -0.3451673418512758, -1.0516820639287838, -0.015318525062399224, -0.4570974925683827, 0.6709206095887921, -1.0537319475798144] : -3.0
[0.42816803402742953, -0.739258674407096, 0.6680904664460243, -0.4930449264730081, -0.5028327211441963, 0.19810881051108395, 0.04210363756018057, 0.9906861474846879, 0.2714804412210891, 0.25910090401873015, 0.427409886638455, -0.7529415241491626, 0.6646322891615657, -1.452474364848669, -0.783731367517035, 1.3401120173691023, 0.7514718569605618, 1.430376156029895, 1.3804788732749702, 0.1312477396706049, -0.028670066454503235, 0.6086819848723156, -1.269356190733214, 1.221344385390148, 0.24629283298039548, -1.41413758009089, -0.2565382375867405, -0.5147700791370989, -0.2463069875192591, -0.7246587820156981, 0.4416098344480315, -0.5849192469008913] : -3.0
[0.40308575360470267, -0.9200567227528191, 0.3666679518718556, -0.388652501989316, -0.24530159581695926, 0.43121948514323755, 0.15429436613070252, 1.4828837399222126, -0.10734529304446863, 0.6434273590716195, 0.03615131621473369, -0.11586083371568229, 0.8286143654773281, -1.6999278037791477, -1.3036270827355023, 0.8966981586833502, 0.9935563507825294, 1.2089677973238055, 1.67154838743539, -0.07698501605691496, -0.11413485995717726, 0.6809306643052411, -1.8560979636126163, 1.3413072133543429, 0.4362261635085414, -1.492476738306466, 0.2656609103483893, -1.0565695956901129, -0.24100794442864829, -0.4718442844946311, 0.3235452406825768, -0.7586376510520759] : -3.0
[0.7993621175555143, -0.3635020907850277, 0.2571091463302112, -0.42933762187209046, -0.0669038798265178, 0.4061635796613293, 0.038881820311754314, 1.038739389015472, 0.3244385994579915, 0.6428133392282164, 0.2808895502918271, -0.3417346600652075, 0.7064107054929706, -1.5151057322743113, -1.3779436400114518, 0.7320374626911352, 0.7427303777465575, 0.86871237290968, 2.0275337623735825, -0.6107105262483346, -0.36656004887079446, 0.9050405434863883, -1.8957916249691598, 1.3319058622137503, 0.46514535224871395, -1.6389983925842433, 0.08090723400506883, -0.9213079229600968, 0.12017105061873823, -0.7924625630313913, -0.2362602745678627, -1.2084508735034702] : -1.0
[1.073015260649706, -0.25858686213973753, 0.382133824394014, -0.25839493990846046, -0.593616235858145, 0.42154358960037586, -0.40185398964194774, 0.9318383119175675, 0.30213881313547253, 0.3309016383660631, -0.0323759707022199, 0.1704160041887257, 0.5596901734109222, -1.7049719120153486, -1.2601723643746106, 1.3956694550772817, 1.5185440000508552, 1.0600889623334604, 1.998578654440477, -0.3440893813400322, -0.4063296015673295, 0.992366926207285, -1.8666187211489014, 1.3840301326870408, 0.6941387987224048, -1.1192464882475213, 0.05968652914362198, -1.0503142132443357, -0.004726704285711841, -0.5228317873434298, 1.0797260531487805, -0.9107844699130279] : -1.0
[0.36188639495714336, -0.6878536234409648, 0.12431756099626078, -0.6376055202202402, 0.034522440486370376, 0.24460815739368189, -0.15604786029788698, 1.4599560856869676, 0.16219152118345587, 0.8889855203339418, -0.09655787698016433, -0.11557954317739758, 0.7342141965423479, -1.8437151833498895, -1.3771068908336246, 1.1699634906386633, 1.5803853469687468, 0.9575274563825072, 1.883949371311383, -0.3640179313052464, 0.055612596055640395, 0.5006228646905636, -1.577954573522342, 1.4604523446766011, 0.9788135537695088, -1.3229875287216326, 0.44619826400012447, -1.0665345057050497, -0.0013187237651458295, -0.10083413169527594, 0.3864352319457951, -1.047991306622963] : -1.0
[0.370204834141413, -0.7448635228093663, 0.2536403915254762, -0.5803183427375997, -0.5083093839044719, 0.0709408356842787, -0.4506345481263133, 1.2049810703868113, 0.5621580570262843, 0.4625074235600313, 0.2877267333488852, -0.10772485952571029, 0.33699242611176183, -1.675251794968299, -1.2899793799213735, 1.4299966644433075, 1.3794413513103607, 0.8015442591546791, 1.9317301935494369, -0.0882134439270428, -0.0843981823476817, 0.2639216364550404, -2.0132431923369043, 1.274853821131149, 0.5643036558185712, -1.0839489819068366, 0.07365848334450402, -0.8820684218742194, -0.4766621413694519, -0.3396261844845566, 0.6148095803328293, -1.0486988422175427] : -3.0
[0.5687911004043974, -0.692551750293358, 0.06364682534874791, -0.5332469735653693, -0.5663321488632869, 0.6999926282829094, -0.2095842982874519, 1.4586690075264732, 0.23950551459527472, 0.3368923005746435, 0.2737518823797568, -0.5583855457541527, 0.4640060685296058, -1.5948325139142459, -1.7996717113045362, 1.1605577652831087, 1.4536983320410188, 0.9224233542875098, 1.8585679930290455, -0.281445229515412, -0.20270816093281485, 0.1125118941798085, -2.38704585290578, 0.8804746336627916, 0.3079661977085731, -1.612874493755771, 0.016476856447985834, -0.22702621408965462, -0.19573581922497021, -0.517329239297979, 0.23265571298602813, -1.1479803040125962] : -1.0
[0.8323281957309796, 0.1804619038413814, 0.23753552281163667, -0.4009320821032784, -0.13240319348475393, 0.2049688571406452, -0.16995325277277237, 1.0392486673337944, -0.02501866700409927, 1.0124301846658867, 0.21937649322141936, -0.38456649814130883, 0.985460471904062, -2.188534158848908, -1.4839106351112035, 0.5153626087969982, 1.5058209916286263, 1.0984151731053682, 1.437994597222165, -0.10501748842594408, -0.3470389312381019, 1.1780189628675464, -1.9606513626078081, 1.2345356835638035, 0.46561776055617454, -1.4239964363429845, 0.01916778925493271, -1.0200937809707527, -0.17635321618065578, -0.34608715130313894, 0.2252924579896133, -1.0763664184449924] : -1.0
[0.9053735414250786, -0.4466072982949585, -0.0992684384998346, -0.4930168718440724, -0.32298786959809744, 0.2827766884457446, -0.05370999726271919, 1.0791115832072788, 0.05704732469902778, 0.5021373521066106, 0.4085941883403127, -0.2904294117461371, 0.41680748548209223, -1.5700449321310668, -1.7614781271873008, 0.8271107821365137, 1.1994097982103105, 1.0762153856482826, 1.8336411066143612, -0.20253853928761248, -0.39583940516638516, 0.8495866255295015, -1.9877927639323618, 1.3986424357577127, 0.8545498289455133, -1.3968657798008735, 0.0013480219758682903, -0.9603426942504798, -0.44789307277818163, -0.2491177952724003, 0.07897223887408389, -1.1085443303762077] : -5.0
[0.8604027227169719, -0.11974018591549107, 0.2569828814065914, -1.000141070620582, -0.6406267980249374, 0.36959217884204076, 0.15677061094069233, 1.0643095488943668, 0.27562280157372826, 0.1919426782667233, 0.08862322865089486, -0.4034847237702418, 0.28884376265478207, -1.338880031559699, -1.591450965320235, 0.5601181426288959, 1.2878456749761198, 1.2075867344130693, 1.2221088369164514, -0.3106657526339337, -0.35970057392188026, 0.25687250665803907, -1.4462310153914641, 1.667883899804699, 0.27318334911727155, -0.9854717115174929, 0.6266446963569792, -0.38326012524427455, -0.1536178391428066, -0.44022622574857795, 0.38708160612836956, -0.9437628761254522] : -0.47038841247558594
[0.965793430016396, -1.0496186123292528, -0.04023058721368236, -0.8553390586002361, 0.030505603085035804, -0.08103385277956843, -0.40164174718994106, 1.1264693713704539, 0.2032330676514485, 0.58838630002705, -0.048079402836797014, -0.3121398797008945, 0.8538963411122347, -2.1917922884071963, -1.3538041960716674, 1.2237924060196383, 1.1747305386509168, 1.2663602681778319, 1.783022946889109, 0.052250918557645326, -0.5472035925354294, 0.372411172962398, -1.7350565625519927, 1.569538668708303, 0.8084254577941998, -1.5476045529862603, 0.3409285545261917, -1.1157511824178323, -0.713368444401676, 0.11272272641666825, 0.6923350196629199, -1.079951452424572] : -5.0
[0.7699721771025273, -0.40499859699195556, 0.435953960938628, -0.16371575250770704, -0.43260058629911946, 0.39018560220142445, -0.36440628263937724, 0.7431449754520411, 0.13381745606734807, 0.3950897832171939, 0.4842676342892685, -0.49520071244292585, 0.36234034632973183, -2.102113798993925, -1.7435250344488604, 1.0610583975994967, 1.4236092491110455, 1.2562446150839024, 1.8937578854174775, -0.27575165689320735, -0.46637763362127316, -0.1902582775792504, -1.9405547151087457, 1.1046623028720015, 0.9308048664461288, -1.4326176878815764, 0.5924912665900088, -0.6307756949626764, -0.49679630742239694, -0.37818958867740404, 0.805695239390755, -1.1119622322156133] : -0.5138388113542036
[0.926032555410834, -0.7151125942124967, 0.17260324770095517, -0.3802620820910966, -0.1715707450119438, 0.21733771448592545, 0.3703329709173322, 0.7540101580758831, 0.31457360556085595, 0.763152588185869, 0.005144279715011857, -0.4773806079004038, 0.3566309594760866, -1.897187556325515, -1.5318041066537176, 0.903842992132502, 1.5454014392549886, 0.8643432733021031, 1.6967035246447162, -0.13414727186712572, -0.3787859742627898, 0.3096214966228732, -1.8938384731088216, 0.9818082817703536, 0.533767321159588, -1.1837434033394159, -0.4688525284473501, -1.2743274304803012, 0.09014636229207418, -0.6683831243167258, 0.5169720978226038, -1.0907987741675726] : -1.0
[0.8074497011440477, -0.413738789952634, -0.1624350530880879, -0.5295549703292143, -0.5129805605667823, 0.5450950385669281, 0.38294404018696304, 1.0747264389791047, -0.17585214749446101, 0.6532603283962788, 0.37106210291823455, -0.2402683358343708, 0.33512872915834735, -1.831497741256552, -1.5018646896279129, 1.5333379317611433, 1.561655559347944, 0.7854468183078935, 1.6678635735699676, -0.6945490405161002, -0.07845329878555843, 1.0670912442597862, -1.7131010929475283, 1.361313528788696, 1.0741015509088316, -1.3949057032477317, 0.06985799787791878, -0.6375258141326484, -0.1445364201522834, -0.9162003117845564, 0.6760872870206012, -1.2882826986302987] : -0.47065613486550073
[0.6740620628787609, -0.5222703086290365, 0.16708907670555362, -0.3678475552222627, -0.5974617016356056, -0.1214482992630258, 0.15802585732848687, 1.411850996564357, 0.24696885274711644, 1.031493739626041, 0.48338021503458456, 0.11077538563911038, 0.41665425741531, -1.5560773874162952, -0.8516182679345145, 0.9504278596527308, 1.6393521533556115, 1.2718459525761958, 1.8268025149909317, -0.3493267894588319, -0.29652080468496117, 0.2779476734342434, -1.6776822811422156, 1.93596204675623, 0.6109745557481172, -1.882071324640675, 0.1629375897129318, -0.7184089522661776, -0.2738113600786598, -0.6817422326969995, 0.48019257834460655, -0.9799253116521927] : -0.47511222145774146
[0.8037757952473857, -0.746313694903656, 0.098929474786954, -0.950597710053688, -0.21580249012533717, 0.015151549572485046, -0.18768741410801296, 0.8712001925331208, 0.13549207847073874, 0.44114985961002373, 0.0030145580845341857, -0.32422075825821833, 0.6107313357156648, -2.2788399978019, -1.4731865823781998, 1.213332598500709, 0.5568545128393866, 0.9460184524047329, 2.2891559403554598, -0.08157859208987507, -0.5258779903080002, 0.6043341031070391, -2.008295331909615, 0.9581693788658991, 0.8292603609039418, -1.2392964768922852, 0.21471992739183027, -1.5230498375806047, -0.6721667551720253, -0.30395814854202435, 0.07272530178054354, -0.908793993607425] : -3.0
[0.9854066806630272, -1.2631644654261116, -0.29778656205542864, -0.11118610986971128, -0.3670016870735838, 0.1393700168821851, -0.236376775209042, 0.9856048360062603, 0.1804859280469374, 0.3299342040247285, 0.2956203288783082, -0.5554325051164681, 0.4963312111410623, -1.8136827634741741, -1.225573108051679, 0.9042626092946688, 1.088095628978007, 0.50461717589297, 1.5136752506758808, -0.03784244352932044, -0.7030268715352498, 0.9883637762306543, -2.1259397589530318, 1.2877837399836518, 0.7420315002834469, -1.3303315261036812, 0.29062694498265695, -1.4900664819581988, -0.4577337484767567, -0.16170176339408676, 0.39522378862012447, -1.0406004962591937] : -1.0
[0.6687453780803856, -0.800506003850745, -0.05709297059308993, -0.7397689717486554, -0.32244992033683834, 0.15756180628616437, -0.0338050311514482, 1.769016119298131, -0.16395447869220797, 0.9058581701497839, 0.0799667751408801, -0.18022903853456176, 0.48465993596924417, -1.5996087325688741, -1.6372833265233435, 0.9441490422329777, 1.194275558705196, 0.798388769232862, 2.1993773811286306, -0.27232594208386646, -0.5314175947736755, 1.0351041869947324, -1.712242063949701, 1.9657561818492622, 0.5983957653225389, -1.7154896692618953, 0.14549847514436098, -0.8135254109399955, -0.8428750140971375, -0.12408884878960744, 0.16722647958346906, -1.1768709246030535] : -3.0
[0.614548776217702, -1.150645137346876, 0.449114268565717, -0.624951706662098, -0.16045423190546154, -0.1664405812299448, -0.1732348407569671, 1.6860617493581858, -0.06283931817070379, 0.632547703540927, 0.2509667861024874, -0.35389898659250113, 0.28088698158277575, -1.5478192435346438, -2.0055162179290846, 0.9105557285281265, 1.3978883734631224, 1.2728754102094706, 1.441968283584309, -0.37847231078896987, -0.4934637539247525, 0.9628450371451833, -1.599066060973653, 1.375384670051542, 0.9319743081348338, -1.0725553443178277, 0.20529128313565126, -0.669789668251037, -0.18266826242305015, -0.204586889925811, 1.0543795544311254, -1.2058873221811617] : -1.0
[1.1624283058935132, -1.0678119094105358, -0.2921777378295519, -0.7532893518001427, -0.2354583490377455, -0.21404101247579407, -0.021486234267861087, 1.1780821909840442, 0.0744743977181182, 0.7036419395331681, 0.11246566662590635, -0.174644037187622, 0.20033891117428854, -1.4582565420160005, -1.2518662220054098, 1.000919533820871, 1.2944829131742512, 0.875816638407863, 1.9679162662919545, 0.16107006453631528, -0.637722916877555, 0.5182723927022279, -2.1064126457586503, 1.5677237561378945, 0.6473749282771909, -1.1384845753497843, -0.3122278442510167, -0.9081943036013168, -0.3393769970559253, -0.20035299167564546, 0.43310473390412085, -0.8822531891727331] : -1.0
[0.4486849229929614, -0.9932931120252344, -0.22040952735641445, -0.6197793999454252, -0.5891527251382325, -0.21039321823479137, -0.3111179810711157, 1.4663652749562153, 0.7303752280322312, 0.7216235103479075, 0.08841810443765082, 0.16202350214371225, 0.6494394668053525, -1.5465725214417376, -1.2638739629186342, 1.1105467681426155, 0.8396311149196299, 1.0772507365779698, 2.005355352565244, -0.5366579525354886, -0.45501514366007834, 0.517598174571972, -1.6326617244951187, 1.4039914247826255, 0.6230633774356054, -0.9872561409346643, 0.6714245167744423, -1.0940808421060293, -0.3183477309044621, -0.13641251987312047, -0.11088576773316522, -1.296555248768939] : -1.0
[0.9628988546176789, -0.5207808412777086, 0.15815681893273986, -0.17677696351447747, -0.2861852202342387, 0.23062846643767582, -0.0746772771906178, 0.8777191537742427, -0.13108294017291516, 0.671534456614422, -0.08716662295390543, -0.4080123012891842, 0.29216998663565996, -1.4452979637042842, -1.1405664406818992, 0.8832862690701198, 1.1484343341363303, 0.6723640059836984, 1.9806640626175902, -0.08119202016798699, -0.5304931920648394, 0.3147122654231885, -1.4910844316863152, 1.228872541747004, 0.6737639259812431, -1.4754136396225035, -0.22473569278717134, -1.031829844841607, -0.3455006201238036, -0.19562075052661906, 0.49655865217760087, -1.0224911158255718] : -3.0
[0.8466118818702949, -0.8485488345832618, 0.04229089257928781, -0.16840848642820933, -0.20747762762187158, -0.09653921173276717, -0.418007953043611, 1.0589048072691738, 0.2727645701444816, 0.6844363312417201, -0.3378593476453231, -0.340706159087932, 0.4099840684984115, -1.9350364674768374, -1.3135289072096115, 0.7116591207953094, 0.555491756373193, 1.3092074943452174, 2.002584656778378, -0.2074214480913375, -0.21531731899483597, 0.816800141889489, -1.9945178123188008, 0.9404761381483211, 0.12184162566186207, -1.249463225931354, 0.670452662976417, -1.3758653531345133, -0.15840553876721586, -0.4604941486078497, 0.8548192989173157, -1.0108521365615726] : -1.0
[0.8386116701044528, -0.5071622316570232, -0.056448119812809616, -0.8342848404361067, -0.3681873033932336, 0.09780666612052541, -0.30117669423837734, 0.9566687716631475, 0.10210203717329752, 0.8540882155366017, -0.17206405807349134, 0.008752432955729889, 0.5090141479801741, -1.6512754544940536, -1.6466728773585857, 1.1389181697968551, 0.7243394652506809, 1.2840238875102956, 1.8359033842237686, -0.7872310599857792, -0.1584985762003458, 0.7351799581564099, -2.0696668248894956, 1.5380273413860075, 0.3457949977864679, -1.8671378055019636, -0.003306422845830076, -1.4206921756323316, -0.4422921816592805, -0.24962726648079997, 0.3867488624087817, -0.678026528905044] : -1.0
[0.7293240194387864, -0.3061567236243655, -0.20857974589974682, -0.8019344261269272, -0.24656918181333065, 0.3170150989232613, -0.17860057100093438, 0.6480570939596574, -0.4129485435962602, 0.24364316179524736, 0.1425381169991479, -0.08886598828668299, 0.7052500783756831, -1.6113866453185897, -1.5617032719287933, 0.43715920485012505, 1.1159655262374806, 1.0848742632185824, 1.7618667063042897, -0.16811155684379375, -0.896602073992969, 0.847398776730895, -2.092069788408609, 1.2369265637960654, 0.4886876079258761, -1.1342592310306308, -0.14999461649573229, -0.9189295212883587, -0.5599833079537908, -0.478956120386302, 0.7078996309071985, -1.0710321481683092] : -1.0
[0.9389344684766242, -0.7570229359373154, 0.0427796148698116, -0.14585016749694313, -0.21290935040810927, 0.6273900652114837, -0.34163544460609324, 0.7123951655344429, -0.09696468559397287, 0.6186644917670324, 0.48164880165964896, 0.1382911852524344, 0.6857793914003112, -1.831885183657287, -1.4705950740205145, 0.9428710065987668, 1.0432258690294856, 0.885875805447008, 1.9623281656939082, -0.305155584849254, -0.33030217290765246, 0.6948598818618161, -1.9961094114394564, 1.273598168604806, 0.8035123661230975, -1.0563038840260857, -0.07485667638847035, -0.768952826500707, -0.21747692206607042, -0.08066545939086256, 0.04829520449808106, -1.1646839125002508] : -1.0
[0.7654018531006783, -0.9035757263211233, -0.12627376991091716, -0.579544141597443, -0.1455103939783681, 0.1469344302845329, 0.45806382686774116, 1.0483462984247758, 0.27548508417617606, -0.16855432053826314, 0.3672062452325091, -0.27672364579125514, 1.0504355169548265, -1.9317876545162622, -1.3640473181741497, 1.1149740988988937, 1.4826100218387817, 0.8656671381248845, 1.688898454229541, -0.33917499994040234, -0.46569741183028845, 0.4842329955072001, -1.7237990753514485, 1.5006915029803587, 0.8654802081442214, -1.35565939047979, 0.1630085386191631, -1.8478596908431406, -0.5184377097340781, -0.5314473703832034, 0.03559042518436051, -1.399769212317504] : -0.4483622204173695
[0.36026303361795065, -0.6908730133809847, 0.10521533240422175, -0.07345347156344495, -0.013473962157873304, -0.19563526884805163, 0.16723421751388462, 0.9667003041801954, 0.30571930858476815, 0.8436488336994865, 0.22455134080116063, -0.07752650398480745, 0.3782690685697752, -1.4728410160766248, -1.6502452461785306, 1.43782584381692, 1.2709790280311095, 0.6169860507617395, 1.9642000923987517, -0.04607365722815322, 0.23359069344447791, 0.5664476429083749, -1.9919720713293805, 1.019264832526202, 1.02956504339424, -1.2265429640231786, 0.36704621501461393, -0.7772833958294635, -0.4989245156238681, -0.45884106495891464, -0.06335996455738141, -1.3195893741989893] : -1.0
[1.3018786500051953, -0.3127639253934229, 0.2141106414868953, -0.42179273679537715, -0.41298810271858555, 0.35969819164629685, -0.5576852673901899, 0.7760971408039108, 0.12496973730683733, 0.1573588372999371, 0.3329117841049686, 0.25425007499099317, 0.9385203751764255, -1.612238794426703, -1.186179285499808, 0.8429503521077643, 1.178099595566258, 1.0065770516099988, 1.4587586405789552, -0.16615866513689953, -0.45930213430628164, 1.067085354007272, -2.536359186163689, 1.769034749658676, 0.134603578191282, -1.3295072303699573, 0.15327309560790464, -0.8987330137564113, -0.8447113536712588, -0.14245404766077135, 0.04539122792177902, -1.0168458861149763] : -1.0
[1.2857344425218935, -0.954916672455404, 0.22911105873277784, -1.0585546979391864, -0.31727796415958087, 0.08879120726054028, -0.4592559315867424, 1.4197994765628463, 0.12306954099779767, 0.7349081906641081, 0.2901851674293001, -0.4416843438867871, 0.5069393046253546, -1.6919892710755386, -1.3256912337779552, 0.64333084960065, 0.8353455116710676, 0.4047504263570482, 2.1824142821684855, -0.41129406698818805, -0.40513908626511547, 1.1649852720623928, -1.6487990647275796, 1.236589814484634, 1.0629935561986121, -1.5711442994138836, 0.5170377000944456, -1.2345341001355783, -0.800719826917911, -0.10685000862926032, 0.6291337772420345, -1.1209916057809066] : -1.0
[1.081840310299178, -0.9009094611975548, -0.4390669567936461, -0.20208591650244973, -0.31417560003353867, -0.1013427309237858, 0.1211955317556023, 0.8481529697075525, 0.3108403488024548, 0.33157316444444895, 0.2864808585035209, -0.22555777712338482, 0.25147075857199164, -1.543601893188439, -1.7172051496880603, 1.0973530121777868, 1.1558284670289223, 1.0379899703417932, 2.1597887618141414, -0.14821358709246682, -0.7006869482769194, 0.606626383731179, -1.828525205547843, 1.6489357112779206, 0.8141142636755019, -1.6301635528139018, 0.14373315407716603, -1.0707742674737353, -0.665568818101679, -0.4588694156033246, 0.5901200616950186, -1.4761790230556135] : -0.5008723085576837
[0.8576500192382601, -0.8377323942207175, -0.06285415378574016, -0.9134447822483467, -0.3702257296435003, 0.3749091490495463, -0.3748633443042574, 1.1881041771911964, 0.1154794991038115, 0.7758890209385656, 0.3521584146963134, -0.7328443048226858, 0.4056874418785124, -1.841165867858035, -1.5046089201861685, 1.1617437668613424, 1.0915903926016526, 0.8702713433058641, 2.1583335735620652, 0.02211424793922878, -0.7596631783214793, 0.7383740841905788, -1.3479515307795626, 1.4732127267972686, 0.47635225022943084, -1.212916246677877, 0.20794843323898562, -0.890895493166727, -0.500408557247714, -0.27427168660067813, -0.016091947660856587, -1.0077978982531568] : -1.0
[1.2015783172704464, -0.20343716999778994, 0.2477828409216601, -0.8005422864767451, -0.4160867224375238, -0.04123141440143689, -0.1430110949353067, 1.5317839576179053, 0.39383460657085967, -0.03730582743761435, -0.292639988244834, -0.30456439651704514, 0.3802686585953141, -1.6319429914959138, -1.4178630100070904, 0.7283598355978433, 1.2148921091136613, 0.9285530021408853, 2.234434248641448, -0.19468664446845205, -1.0148458607308175, 0.5555948393514862, -2.1889120560716058, 1.508847550203214, 0.31502567557538635, -1.6602577997946804, 0.2719381414981345, -1.192257030704667, -0.4337895150011899, 0.003108752389918812, -0.01803539252021974, -1.3167364429442057] : -1.0
[0.6971341824815767, -0.4853581454549273, -0.254017506815969, -0.8361427231180116, 0.04094912151343899, 0.02617732837319891, -0.013889024135206235, 0.9364858947982264, -0.05903694916490708, 0.6161308812568674, -0.2742423438509659, -0.3902816449475325, 0.6139317288589163, -1.6190066883459493, -1.3408455981878262, 0.6650388832654612, 0.7339706626792413, 0.7374366944515847, 1.974145053772095, -0.10901430955138644, -0.8155539920765327, 0.8402885478670056, -1.3851915849909193, 1.2841905331241334, 1.0067842041044317, -1.4679904825389338, 0.288405910973465, -0.8751007306780154, -0.3522019208258961, -0.045648174029269406, 0.4716521937508666, -0.8909573954184674] : -1.0
[0.7816981790771751, -1.159357423527381, -0.23853009372087466, -0.8825894216840864, -0.32317066360885405, 0.11209365599930295, -0.3216058914989922, 1.4767050455320305, -0.14946435074054978, 0.6504403251214425, 0.3163463585773767, -0.05434214232856599, 0.7434083053144073, -1.5882679558310506, -1.4404594675465379, 1.3908198036968402, 1.213863349498229, 0.5266125706204885, 1.5786783086507763, -0.3431523481894655, -0.702962971561693, 0.6418438458567095, -1.670869053264739, 1.5991294313981415, 0.8198256869726878, -1.6540924687613374, 0.13112821197036548, -1.376679070110779, -1.2931285813569624, -0.39166739666488914, 0.28256450745117007, -1.0784967013711995] : -1.0
[0.7341600981816405, -0.6787922343548421, -0.27980974373979506, -1.1724479814795552, -0.09361680014715537, 0.035552243591351645, 0.022860539033500382, 1.2659852618823766, 0.19066262857680508, 0.4558403426524114, -0.09698769973426292, -0.07526436437190978, 0.36913702200389975, -2.0213868737570793, -1.2940790478771502, 1.078329445096577, 1.055737296989793, 0.8197881757899661, 2.312110614731613, 0.19344334760641516, -0.6293134304904866, 0.6869469312604276, -1.812677688524183, 0.9750617833964643, 0.10532161514514926, -1.159114346789063, 0.6431544204166951, -1.3894211686520894, -0.2454957322584565, -0.07318407033221438, 0.22583688955172876, -0.9121438274799629] : -1.0
[1.3670025845425107, -0.5525864128432345, 0.15564936052581618, -0.5254111155877008, -0.28000187827370987, 0.16228944653024902, 0.17112991502098227, 1.401179779129224, 0.20005667341056374, 0.6151961703257383, 0.5338954513872333, 0.19028918213884827, 0.5911625795633346, -1.598784295000752, -1.3684197048658604, 1.4414785265088386, 0.9831718205314183, 0.5730638347467985, 1.9292219372886343, 0.010693680532828292, -0.736815611488955, 0.8359785264231654, -1.7496048100283583, 0.961003796455915, 0.7753426967801764, -1.1631662568869376, 0.5144350334443587, -1.6430404407163266, -0.8565760141690553, 0.21048005014136295, 0.25927321215795934, -0.7984487254628508] : -1.0
[0.812366439026155, -0.6922933767860894, -0.06783043987786277, -0.6556019273590642, -0.27774967725528243, 0.13719344722367544, -0.09266369467935978, 0.916150508465427, 0.2175116970347118, 0.4727583799325652, 0.4019193846499303, -0.4273014145803692, 0.1822192363253683, -1.8477197332109407, -1.189507015851404, 1.141668661425521, 0.8742253689188694, 0.5370396523679234, 1.6158065746336356, -0.1980781818028712, -0.3885330555377472, 0.5030483095795393, -1.7613375212982065, 1.846113193580207, 0.5521361802662327, -1.5307721871043214, 0.4633828416259794, -0.7465080227567045, 0.0968189046059964, -0.617975293228364, 0.5318121980468012, -1.0932509657575844] : -0.5731592611833052
[0.5107765938925075, -0.935750505119375, 0.3278382794649948, -0.6380348566624567, -0.32920713093967996, 0.38691920466467117, -0.341931205340766, 1.706332782970597, 0.11651066639982248, 1.0229562812041575, 0.050404173421986165, -0.9253546340475313, 0.3597271740853452, -1.7720021158025476, -1.820996435835743, 0.4137603058521131, 1.4587334209654332, 0.9325979035650327, 1.9218059718554745, 0.04382709206416932, -0.28112477231718375, 0.6159231138683312, -1.4165874887454961, 1.0212264193721576, 0.7709849728428473, -1.436165505015673, -0.022232915245281704, -1.2294258358464778, -0.4259764070575709, 0.054733485687496974, 0.11910899486682655, -1.0163559186292561] : -1.0
[1.161477795389676, -0.7398531863432047, 0.04400836648680942, -0.7212120679992324, -0.144321392947493, 0.12602285818770806, -0.5466647041492305, 1.5710472354449667, 0.2944925191620557, 0.49943339432847067, -0.5054877112120859, -0.2261776720344527, 0.28939799167346225, -1.5225868861898446, -1.901797033319341, 1.0179546366788879, 0.7086146530332428, 1.1299529317057802, 2.00657129680861, -0.05994934651198547, -0.13079823925435613, 0.7891214667953355, -1.6953563698640943, 1.0998226152198805, 0.3689493110709131, -1.6702934356227184, 0.0037525018693702755, -1.0221927093962857, -0.6174153509867915, -0.4527901603174527, 0.3520880514202104, -0.7777007081225416] : -3.0
[0.43688192940539594, -0.9832816674643403, 0.026050710235627775, -0.10088808671956218, -0.5014146955547448, -0.036134336558470204, -0.06120957006350085, 0.8529366500584024, 0.11611543150419448, 0.4188208901418236, 0.03971255047763285, -0.2130161645305269, 0.669210240019533, -1.781152059558256, -1.8001284068777477, 0.8998730727317109, 0.9605323299007213, 0.9764973745276567, 2.191189930571223, -0.4769707728056747, -0.08651453796287845, 0.8145415943770773, -1.8885101415822751, 1.0377756604622537, 0.7009759866029431, -1.5073104609792611, -0.11678382727294234, -0.7176570576175731, -0.645526503822442, -0.24184401182961365, 0.21247608380022087, -1.61773295057439] : -3.0
[1.2227446534962325, -0.8623337388251285, -0.24770953753058442, -0.5255346066226958, -0.363554426244497, 0.1577163453205273, -0.5035079988872613, 0.8945994696414871, -0.08758219338886579, 0.6872795855202494, 0.13007456214934945, -0.39890632553190125, 0.7560603977579252, -2.2325222793189727, -1.6199372938463528, 1.2802677726763125, 0.8729628169367966, 0.9732627589743085, 2.4629950378582097, 0.06963685619470236, -0.597556846511711, 1.0214134197018039, -1.7313658261452292, 1.5806054383954151, 0.682645298353785, -1.1399839061409223, -0.034731326645023736, -1.634943212556826, -0.364645092851952, -0.1424459463189407, 0.11366266300939126, -1.1828322707630727] : -1.0
[1.0538795964688403, -0.8952931602671227, 0.4049799559918868, -0.7778642581009081, -0.09704252155489337, -0.016335437087267313, -0.18125761447062289, 0.9807116636769695, 0.13255964688203523, 0.5609599961581908, 0.037704804223834175, -0.24500660399831242, 0.7639549164238355, -1.7913904674623289, -1.3165968717053442, 1.1912170937936535, 1.1547200295224715, 0.8961559661125302, 1.8164321082330093, -0.0919708349497886, -0.5377703667943483, 0.7733619842487431, -2.070181070570474, 1.4663493927037294, 0.9663252228262085, -1.327940361972513, -0.007538692909941386, -1.364219579942214, -0.5119231770072689, 0.06718682429636952, 0.354109271698167, -1.655533670481413] : -1.0
[0.9785811952970161, -0.8952854299870029, -0.3139529841220458, -0.4961712172403198, -0.3318806036169564, 0.23800012061263287, -0.5040089363108953, 1.252994652943381, 0.29011690967824105, 0.6837309587576866, 0.0085176054123043, -0.2935365090712928, 0.6267328312284096, -1.4329699802762637, -1.758658055204226, 0.7359323911582971, 0.756308598789831, 0.9278234431039936, 1.5024329654304052, -0.1679671151434724, -0.169576686383708, 1.370970384935972, -1.192176922310745, 1.4603351798846333, 0.5852209953168418, -1.3263670695572294, -0.3781600098875119, -0.33583284928189594, -0.6559858548844355, -0.36014399696828925, 0.2975265929621247, -1.4531672834129257] : -1.0
[0.5020560812503353, -0.9599595305506026, -0.20786346816224613, -0.22271002727836647, -0.753923251040377, 0.09015834017018926, -0.5717694588862519, 1.7371352711084347, 0.5955143441090012, 0.4281621009765026, 0.28122106591069274, -0.2906269575032936, 0.5416507802456363, -1.9099850820247164, -1.55001507727632, 0.8466453211452175, 0.6451528314212357, 0.7309806831848299, 2.30435091156344, -0.10544991156294661, 0.07793391258398025, 0.7628137658466809, -1.9090551756474166, 1.0322479017385497, 0.9295165170471444, -2.138052270886327, -0.1157990608726505, -1.1012021789096726, -0.6180040282981841, -0.09689787980259526, 0.7874264374412023, -1.4650876431428193] : -1.0
[0.6952022721599325, -0.49399968533637406, 0.10844954900696899, -0.5901827029251059, -0.3991413429981491, 0.020390062832456285, -0.038043128061885145, 0.9968281853767789, 0.2501915590365219, 0.45613114233133023, -0.2562122270725883, -0.2658972670394236, 0.4780226310251039, -1.4638272612081908, -1.2551235925665338, 0.9776974799818702, 0.9518165518855519, 0.8367612540164029, 2.1064441947576578, -0.5407475858786797, -0.11160916619639141, 1.3455080966976936, -1.9077581569128101, 1.029168961870299, 0.8219991762054052, -2.109109116266363, 0.04742285293285624, -0.9661079399120318, -0.8720456320368867, 0.21617447415631685, 0.3582121137093685, -1.5018389754494754] : -1.0
[0.9899126080011758, -0.3808172722726367, -0.12236584487264857, -0.9787034112027865, -0.5080075638282617, -0.10133858525789645, -0.47356476472154135, 1.5433496249780763, 0.025461947283744152, 0.22802336394416173, 0.00288573033106114, -0.6204986894607032, 0.2968715132508407, -1.0590562707091622, -1.8974933916723586, 0.827431203115128, 0.9013371963340795, 0.5534050415861761, 2.2453521429260412, -0.1130770745239391, -0.2885769689763153, 0.8146572883688166, -1.9182543445918576, 1.5026319481504398, 0.7109839402059486, -1.0877388436001607, -0.07565466055075186, -1.21942408269376, -0.6060279820048846, 0.13363018714358615, 0.31146105052727213, -1.0568509590043047] : -1.0
[0.5541057750189528, -0.48805734434056736, -0.00788996485629015, -0.9354165104032115, -0.48464726032074934, 0.19078876995176014, -0.44706832566420124, 1.0956250990033647, -0.05363642512909633, 0.27153665900413937, -0.27616965020440865, -0.0017424424654439163, 0.24395070486370707, -2.099680894960959, -1.9296473181588367, 0.9877742957899697, 0.9843690675063677, 1.012501415742605, 2.159319263637718, -0.5852797031064025, 0.017602164920860475, 0.8470811637071981, -1.756489049562745, 0.9190127178517543, 0.8197763768987605, -1.6803095175453806, -0.11175237548117702, -1.0328057163122057, -0.5021405284868882, -0.3676940492393358, -0.05373533708338557, -1.5695299487098433] : -3.0
[0.6530860545815216, -0.6187292756485934, -0.34298579897064535, -0.8538335730354026, -0.322667665953033, 0.0711029088111806, -0.25270726272118743, 1.3110309121392674, 0.3305817240827399, 0.7740060203311017, -0.04286077390165893, -0.07261853094431864, 0.5019670436776683, -2.013425703982261, -2.5910829645738436, 0.5305315256257682, 0.9985279494040921, 0.6892874852239876, 1.8547345166405411, -0.33514223284937117, 0.1355372744046791, 0.7756142871417355, -1.6615614297752084, 1.0386186773627744, 0.8208631853640695, -1.3773491409708423, 0.45191524920049564, -1.0948818568552838, -0.6347321930951387, -0.31560512367753124, 0.37303729879454883, -1.0956208699017618] : -1.0
[1.0812406012852138, -0.5067260294836167, 0.11336855260005882, -0.914469827596277, -0.43001189870323075, -0.21190366753362666, -0.3446998682658472, 1.7313219879432151, 0.2638540250500782, 0.23595590639679637, -0.1877619887028439, -0.10018517427853743, 0.7262899061860343, -1.7119314041051872, -2.2679518004806707, 1.3035084380183228, 0.789013062940002, 0.8147944112191055, 1.7247232870268117, -0.4566066152710231, -0.3230780640886671, 0.9611940373186442, -1.8363001913396648, 1.4974321775418657, 1.0180636876812452, -1.7128939420451137, 0.6127705992462108, -1.2640506877075723, -0.3911867311381574, -0.46498236124745934, 0.6743932655413659, -1.3111031621678464] : -0.4946538751775568
[0.8662370011036565, -0.9272710220157998, -0.03975421181683044, -0.29006870025588927, -0.47713580807000266, -0.1333798236605897, -0.4213893862115064, 1.0566925170021526, 0.10688261442723344, 0.4041899902280304, 0.15307604475689618, -0.19201369443725558, 0.3262572392772281, -1.3418760772648062, -1.9146530626332665, 0.8221987900388894, 0.6139112657172138, 0.8380515294255917, 2.0449744550522784, -0.23181358223540696, -0.21793865657524278, 0.5388856171997363, -2.032968914516056, 1.62315973535924, 0.37598569021040296, -1.6203359467181357, 0.09878788274199475, -0.4855305835271808, -0.45342703752129754, -0.9542494574681859, -0.38766229274457525, -1.2333262314783218] : -1.0
[0.890080523985, -0.47504140580369203, 0.12375369435412514, -0.28562969159413176, -0.3888656298789591, 0.3049869603243999, -0.6616012701259627, 0.9768501456661394, 0.0515393375733563, 0.33469550848072904, -0.241181230790873, 0.05773686159425562, 1.074252585071203, -1.3298769790542708, -1.7320413372268715, 0.7161739357582432, 0.9191378516543875, 0.8113925880535398, 1.9965760149246823, -0.06443138913160482, -0.4777414193027572, 0.5796094533115057, -1.2898331088411052, 0.808498870492634, 0.6408276353529493, -0.8248672853563771, 0.5676209842351028, -1.176946823714288, -0.7042997145222709, -0.2530462249499196, 0.42709643418374144, -1.141246279007251] : -1.0
[0.8516250813228238, -0.6408032108167978, 0.4213516082872691, -0.7450205146325448, 0.38660128511474634, 0.07473116452644361, 0.1664749630882324, 1.289194714263197, -0.23360115131707823, 0.659731151356617, 0.23873736639918336, -0.4872329843982642, 0.6358304876929565, -1.7102233815082741, -1.5565455188234643, 0.9392531778603093, 0.19819784325138334, 1.3768244252196813, 1.870819324501909, -0.1933723169538118, -0.13778533729720074, 0.1825165542135747, -1.5417019295255778, 1.2757675094993743, 0.23208515174344807, -1.0994430705571299, 0.26519499645451283, -1.1722013017284343, -0.9080023030789679, 0.3856729598177469, 0.6191873762586859, -0.7878059251007083] : -3.0
[0.7562611029799075, -0.7941324328910931, 0.10505331427516723, -0.7082573600749515, -0.43981682213477113, 0.14589843967276805, -0.15578674115786514, 1.4951059700343696, 0.05106202448410768, 0.7301451210737631, -0.29474419279216824, -0.4116288478834834, 0.2971488029132012, -1.8783619428269858, -1.925442828081291, 1.0197463158759303, 0.8244428735163227, 1.2884729214361808, 2.3272444315190124, -0.018685961631202314, -0.5797982924811383, 0.8796950529309594, -1.4547429398563072, 1.6529040312131253, 0.8998331569415103, -1.7080975626828334, 0.19062169503245707, -1.0138047024312213, -0.4759713610607301, -0.07968493296104809, 0.7633740188839155, -1.0365677152858022] : -1.0
[0.9721820387292784, -1.0190423242938615, 0.026309695037691674, -0.6424440299774664, -0.26403428673537377, -0.43860410849498804, -0.4558764701480751, 1.2547570840490019, -0.05153233162804552, 0.33153121425661547, 0.039386173556517384, -0.5150220995125083, 0.5346711879405908, -1.5634322969917989, -1.4280413132327296, 1.1483420816579928, 0.7910071453716147, 0.9543395583159282, 2.1834834541676043, -0.21401259212088383, -0.8103050367378192, 0.9299007420524884, -1.8285659735995077, 1.4244750793525862, 0.7257999953808134, -1.5612982138684337, -0.3340666850723414, -1.3361669144973036, -0.5862748873091383, -0.04709303633713749, 0.07677621433819476, -0.9300514721789781] : -1.0
[1.319700955994331, -0.8073596561467626, 0.3767436492972405, -0.9192557323957041, 0.13673943145631373, -7.449775636632072E-4, -0.03592590087002501, 1.5293883719090857, 0.03888759152779073, 0.4388937995672025, -0.10041512371058509, -0.4903116735049674, 0.6340063812452434, -1.1448923725122826, -1.393456645985176, 0.9186440714477792, 1.016302372693679, 0.8725675198682884, 1.565009492961904, 0.20185826146089725, -0.30381915360872197, 0.410317277849786, -1.5689074063389303, 0.7838387938250968, 0.8911269402975681, -1.6000925219924134, 0.3929676405678104, -0.9839601495277916, -0.3712479182909148, -0.09951447896395424, -0.22150089078003127, -1.2980175331238712] : -3.0
[0.9273714360886729, -0.7346621119269262, -0.09761429911878722, -0.9050112554322784, -0.47562517203597765, 0.23831388185353125, -0.6326796800186317, 1.133185379337845, 0.23481699400405248, 0.7776877303436032, -0.11698093653895975, -0.4971827595519887, 0.5384036513726187, -1.4072493228678724, -1.832890297044571, 1.25969483022813, 1.083817657718165, 0.5654668334090178, 1.902075829888995, -0.20685307546838794, -0.21217857419461528, 0.5518234332185152, -1.6784598214136823, 1.1091839749563395, 0.35420109351100665, -1.518380200663489, 0.10878487352065007, -0.8768437065287011, -0.45166385967758327, 0.17413626134563476, 0.3472281772944258, -0.5405317311974716] : -1.0
[0.9307332183272825, -0.22191098751341176, 0.2382269241810005, -0.8800178119005814, 0.07303679137541622, 0.09701902565640327, -0.6663781914026725, 1.063562376165906, -0.0772410567227268, 0.6002252830508288, -0.047765289655800035, 0.2551910222774963, 0.36765609975547897, -1.6476378649754062, -1.6267060502914408, 0.9608727024013896, 0.8754166945938453, 0.935154378262834, 1.9888105503029179, -0.24258225697709243, -0.04592868947334819, 0.4079609545529513, -1.3793060650454896, 1.093598455440007, 0.8853473854796545, -1.3515032661527173, 0.2348722020461414, -0.5516247256388671, -0.8675199165425771, -0.158845108880266, 0.5761316020656481, -1.3590905743981097] : -1.0
[0.8296784128178774, -0.5414328007854146, 0.06424845846175334, -0.34790188507887615, -0.5915105324473964, -0.41160282658022934, -0.3335310942256498, 1.573290536028205, -0.0024924027709113845, 0.19521846702190582, 0.08938077178602818, -0.5188379426110402, 0.4083840179567779, -1.2312195274714481, -1.3337486262756846, 0.947397494863449, 0.59652524426825, 0.6455882102966362, 1.8478630384433992, -0.45111958271630437, -0.257670226056965, 0.8953795882324533, -1.688582659330104, 1.1263205181867855, 1.4491872669072925, -1.1918378050268688, 0.18921310845831069, -1.2990894762913427, -0.7719466715924199, 0.09325164567159717, 0.18849213926107272, -1.6761472506998265] : -1.0
[1.200956835536153, -0.6442591822571851, -0.13550720233158997, -0.9511237929465508, -0.1993181282410972, -0.05686327086663685, -0.23359790501225014, 1.6012232596370863, -0.15470556575538172, 0.5916577951712398, 0.24684137320963648, 0.11702747804507568, 1.0451653515860622, -1.7614966251735482, -1.6684958682935738, 1.593369926796397, 0.8316906015647035, 0.8853134369822222, 2.2569022964799728, -0.6984336246536609, -0.2565968774703038, 0.3970521507312298, -1.4214378137596753, 1.0392852530861274, 0.9043397797746109, -1.2931750952260708, -0.15149263027981125, -1.1679513770868168, -0.35286939444685417, -0.3218347213765828, 0.6465398186487803, -1.0200990563350152] : -3.0
[1.0476687845402224, -0.611959527851451, -0.12781625287939946, -0.7378490097206776, -0.40007242898276374, 0.010800894096608116, -0.7902308819756958, 1.6659226870725115, -0.2663963498319086, 0.6986380429151027, 0.19872562038243188, -0.1517672636059001, 0.0978593492934457, -1.8383333990244268, -1.7250567764128713, 0.4576042986883572, 0.7450351892244677, 1.2133786086748786, 2.37336386987537, -0.5342891232754998, -0.05244197860038547, 0.4220628877268681, -1.3992235507388684, 0.8204201919520748, 0.5741481575192707, -1.2435596989782822, 0.7920202141910907, -1.299304196524389, -0.6117085179068312, 0.16645820226401525, 0.1944021145655394, -1.2539261108569915] : -1.0
[0.8094858028544142, -0.38821709046890945, 0.49080867407316936, -0.7732665973241433, -0.4156825501774203, 0.20843913628815036, -0.17756359368888275, 1.5239444042270958, -0.3030612954165432, 0.6600019255629764, -0.33360207362117655, -0.3294297530440903, 0.2930442406271139, -1.3252618825908913, -1.8855442576076067, 0.32616644335002554, 0.3175596102422479, 0.9513872039837629, 2.206567909118977, -0.4359085395696721, -0.054309414187570404, 0.6982741212266005, -1.484356035965056, 1.1951175720646605, 0.6874774845959359, -1.3686719105477847, -0.1348939758913647, -1.4678212739881316, -0.7327901848468416, 0.11714494593401846, 0.1502113306060953, -1.1864205697375254] : -1.0
[1.1118504831117473, -0.6804316106662681, -0.2186625189289576, -0.9345393416602562, 0.0595011819125805, 0.20234329060752815, -0.2456625277811687, 1.8270800288183642, -0.009812705606650776, 0.5640998242859326, -0.021181671437308484, -0.018029041662535328, 0.3602654365530803, -1.512635033417719, -1.3381090277454775, 0.6095725544514803, 0.9343752991805859, 0.6828264689706658, 1.6165527898095822, -0.07661533919641322, -0.19098648095991408, 0.7403472741610199, -1.197869778510067, 0.8014574677623625, 1.4158154739421183, -1.288681643486836, 0.43737765233818166, -0.4908139124156811, -0.48369322026331807, 0.05077879070883641, 0.10680854239458873, -0.7960997919115407] : -5.0
[0.5180061211100937, -0.5599329648704939, 0.15712627891485167, -0.6783890651503742, -0.04014212224784652, -0.04106015673650197, -0.44125450750412026, 1.144186200384459, -0.1372925348613398, 0.4938400930963886, 0.5255803368463944, -0.3059127917791547, 0.6384142766323594, -1.9174377890825427, -1.2849184931557893, 1.0240975828546557, 0.7904168634885108, 1.165160863686206, 2.3752195224096173, 0.06119747597277464, 0.2713061239448594, 0.7769530403697884, -2.0014069257241256, 1.261828959123231, 0.845348722266044, -1.5624628022745122, -0.1082782344317851, -0.7900122632519011, -0.3970985509922141, -0.0032242576554332436, 0.1673713947723542, -1.432926053807892] : -1.0
[1.258645717605133, -0.3856906549496964, 0.1617011586108799, -0.9785251069650591, -0.6462810755052157, -0.2314914860206987, -0.08750694733518133, 1.4519052127212237, 0.20214991773621074, 0.7387186702919648, -0.25224445203368456, -0.3333542037186796, 0.46379047617714914, -1.543594675401535, -1.430044619305836, 1.6116108779444158, 0.5379948041135115, 0.9612621123381377, 2.217069246154587, -0.4269557678655119, -0.20442934800612533, 0.8821732047757589, -2.150830874603869, 0.8705217528363359, 0.9931105618501122, -1.6103763431561715, 0.3203963036485499, -0.8988782771581953, -0.4954863950640047, -0.2838730289553403, 0.13859812224715706, -1.2537695373576798] : -0.48324654319069604
[0.9872429745338251, -0.8365717969569266, -0.14910994551639745, -0.7499409527166621, -0.3322337979152626, 0.43160987752456886, -0.04037280041608507, 1.4157673419332557, -0.08576709503692334, 0.3086778977841358, 0.059526799647220845, -0.16531394182885234, 0.8159916447307168, -1.5328035752857299, -1.5385850090033175, 0.6177087128995394, 0.586514628304708, 0.9500347211223175, 2.1812412194050634, -0.0649781357397711, -0.04465911725998479, 1.002454451135549, -1.2214464092410846, 0.9262104742692043, 0.9695772191383307, -1.454109966751878, 0.021210720228179554, -1.2416156296921588, -0.7648170654373836, 0.34308078855423113, 0.3637480474774787, -1.6387045719226327] : -1.0
[0.5638163555137717, -0.008448369739065154, 0.4274876987230839, -0.8478378629399812, 0.14391242883988528, -0.22861298482724912, -0.19688864757957758, 1.4398207780347119, 0.1834751279568557, -0.06762183803676658, 0.19769124011356515, -0.5004439413161822, 0.7229174633315452, -2.094217231502365, -1.2271519774368458, 0.9124601252919448, 1.1876381869008485, 0.9633718630598347, 1.9561533461440002, -0.7480281284470851, -0.14678605857051452, 0.7892747198433256, -1.3020944595891695, 1.181510690353571, 0.7957446489438286, -1.2522352413600357, -0.3061967065843169, -0.9857883364905933, -0.04559924958235673, 0.13469037647701992, 0.38051124121493285, -1.6413067246610469] : -1.0
[0.549912034126917, -0.7312929980177699, 0.41385562078939314, -0.6678574899136144, -0.18278422495471705, 0.28587911921219883, -0.11345538437576717, 1.0025115533442592, -0.265405553474508, 0.6002247014778496, -0.08607719015815452, -0.7195674103827447, 0.3554365188271317, -1.3475908216543946, -1.6067395581743509, 0.6581996068773781, 0.9827947730146348, 0.8790456139731105, 1.8992606399619032, 0.15368257234403826, -0.15578623981201112, 0.8467139340064276, -1.8890228934911244, 0.8896993988782369, 0.863041751823481, -1.4963758561317533, -0.11336638440620637, -1.1402056631010926, -0.7544279969953736, -0.14667986811844877, 0.09470847547919722, -1.3004186955926584] : -1.0
[0.8495826071918599, -1.0189317911112785, -0.37143548027310236, -1.052645832937347, -0.2714803616616073, -0.24054623813942233, -0.09869644667908087, 1.2752346564350439, 0.8485015445843151, 0.4220939702304063, -0.012910426089269837, 0.18111310547622056, 0.5133081215794364, -2.1464407648128416, -1.8437043004901705, 0.9663619603152015, 1.0268413890126467, 1.25546920989699, 2.4346985951468243, -0.024395369937606853, 0.015017893149426795, 0.720618559683609, -2.0884390841807186, 0.388004132807262, 0.9234999849929428, -1.818887713531962, 0.0257944927406117, -1.5666043668248295, -0.33450596958653894, 0.06665131566860703, 0.31447286033605176, -1.3572316380011287] : -0.4736032052473588
[0.6559793471694344, -0.7059153032488377, 0.2383068859958672, -0.7035136999776753, -0.24748487123226365, 0.19444034264270632, -0.33327681313571444, 1.54084720586543, -0.16841442412944524, 0.07272900795619819, 0.049624332422012536, -0.3816899401246839, 0.2514052469808801, -1.7680118974768473, -2.151234512712713, 0.8783096935439321, 1.3649527951431808, 1.21295013875769, 1.4984854956751277, -0.21285978423913812, -0.129835821937994, 0.9819041429655389, -1.7847863137200086, 0.6091087393561979, 0.6320035442871198, -1.8627740626518348, 0.058770767771287806, -0.8798363106505456, -0.3374369179846569, -0.25585758319747665, 0.06286434512090086, -1.3434396039364658] : -1.0
[0.7321371754306947, -0.37242317748234893, 0.16450209290382845, -1.146992593771036, 0.1331049793980497, 0.23335240931836496, -0.36601589128000656, 1.2240325541071722, -0.2230454217481179, 0.7941317047454507, -0.055992423588963496, -0.02922535358977929, 0.49920466086451176, -1.9610385432961832, -1.8760866369992162, 1.1791540539519239, 0.42557757125608076, 1.269136525347128, 1.6637729903712253, -0.3026426044534813, -0.2959728038177091, 0.6347203639337985, -1.7740565712719663, 1.0492835598157009, 0.7116605247222034, -1.19425973956345, -0.06721605635688287, -1.040294857154269, -0.9164554652302559, -0.23546614734972504, 0.05279302279656983, -1.0288191099990818] : -1.0
[1.2345221041726677, -0.11478209082553376, 0.05811206606806106, -0.7713114915447431, -0.05463631171165877, 0.0527394917528317, 0.037131796628652514, 1.3144911137046473, -0.47504723864561993, 0.8298493836161818, -0.1357508433756782, 0.2069666493756327, 0.48647672896716004, -1.766040253720684, -1.6820282583038637, 0.7855260135366647, 0.9428745248406957, 1.1594492060210961, 2.0181513745513757, -0.18670904359668192, -0.0790796485021019, 0.8977738227738788, -1.60737386631821, 1.2032512653305585, 0.8511291855313776, -0.930535413658004, -0.17461629612929055, -1.0149829533800916, -0.4410459943838786, -0.3247926556142754, 0.5896629898906276, -1.015675649956366] : -1.0
[0.6007237266464949, -0.7069679909473865, -0.05509561372124237, -0.47877625785433775, -0.3448058268456934, 0.3639802918590634, -0.3055363117073659, 1.7604114848413432, 0.2913777050784422, 0.13975331718509726, 0.1304982300834986, -0.39262848099012343, 0.35791415441570473, -1.6816339885945182, -1.6543492641595077, 1.2500288529028354, 0.8467086737953873, 1.2407031955059886, 2.006467501239313, 0.10395696080887723, -0.3875285277075589, 0.4192803941239747, -1.1742841134057476, 1.0153053642657028, 0.7126072329737143, -1.3228074844765398, 0.38292953466055824, -1.2274983018243377, -0.6036275824988621, -0.00754650721143902, 0.5465651316925093, -0.6872381467741624] : -3.0
[0.8972469858082052, -0.5476159432394049, -0.04996702204953604, -0.6711832575922628, -0.11494182525132304, 0.21052737258945525, -0.057783866268615425, 1.4123877513827965, 0.09542472431741046, 0.5413388152473994, -0.15169746987514648, 0.2835013978660241, -0.060300225164126475, -1.404844322809186, -1.5816809706796071, 0.8108992219856338, 0.9063176580110252, 0.8764400865439858, 2.13117553729299, -0.298963429696982, 0.15222920491779107, 0.5153275893804714, -1.1884882929185578, 0.46611741263321405, 1.0900702610163555, -0.8411296594095921, 0.4216549126595903, -1.0377894021688125, -0.378579413879922, 0.051360691680984255, 0.5750052797478442, -1.229390823586635] : -0.4523965662175959
[0.8527297711015243, -0.41187526716307465, 0.22254640974280981, -0.6205015215908624, -0.3995366460591384, 0.26094692700111205, -0.37090925464951635, 1.5003152281139425, 0.08741473390073036, 0.6349716978030329, 0.49357229567376537, -0.09192558253009367, 0.3331266922777263, -1.4206973637159894, -1.5899401429194393, 0.7257567556982532, 1.0683637714425727, 0.6648636702675368, 2.164165227153893, -0.4756410000725221, 0.025674836288563124, 0.6024631913826614, -1.336350729629292, 0.8336945914453248, 0.9457401377212098, -1.1312820342343501, 0.4918190891639136, -1.0863638275115068, -0.9990159557468499, -0.4174953513477207, 0.564129944601977, -0.9232088027176089] : -1.0
[0.7242849084779738, -0.7010220712310746, 0.16759232061983176, -1.0137352784198916, -0.23295763261738445, -0.2574849916996693, -0.12781344995844038, 1.7484411906291577, 0.003790940320951272, 0.3620798567505563, -0.05739458490651948, -0.008179967029934156, 0.4686007627888008, -1.8301002659284469, -1.5617748135094152, 1.1099775731948942, 0.9526585912238626, 0.9281717330440629, 1.694044175050621, -0.3076010162030181, 0.06378821163024415, 0.5949919879582726, -1.5993348863533985, 0.8350213191941709, 1.4979412278933122, -0.775709553437645, 0.3518829353657458, -0.7721582206826968, -0.39028001662750056, 0.08298785837675195, 0.5956535264081861, -1.207128298872075] : -3.0
[1.2950115706391723, -0.5050074770471178, 0.2966894924937285, -0.43995293150723547, 0.25115540465673714, 0.04246668791260479, -0.5161104609034513, 1.316398569756776, -0.32245633641278537, 0.6554165147627664, 0.1034960932226425, -0.4089696315662622, 0.5682507512701109, -1.7587341575036881, -1.3178636816124356, 0.6400439686811142, 0.7637885311914899, 0.9083181233821628, 1.8989555414923749, -0.1624029932372722, -0.2933444490428913, 0.6709860778611358, -1.3371230755551657, 1.090576387021703, 1.1076382407468, -1.0216032897123313, 0.35779826052924574, -0.8876208186231438, -0.5787595625051397, -0.07916338365145074, 0.8438526114779505, -1.1110309608177364] : -1.0
[1.0630785832365965, -0.41442217497620926, -0.19322924685150916, -1.1183528253055846, -0.06290650920796245, -0.12010675983233994, -0.44605376712039735, 1.6619705605792445, -0.54350415027222, 0.5893514973242336, -0.14272959660412615, -0.07050098414064823, 0.15575278698870543, -1.5492425171830078, -1.944089331828372, 0.8514074066792662, 0.8042136198071723, 1.130092935004845, 2.448593656847127, -0.16394984557136635, -0.018354043064187447, 0.6954984511175896, -1.3265719202586352, 1.129128049728942, 0.7760062610389913, -1.3436690900501957, 0.2143183844951983, -0.7578835295968458, -0.7126299636667236, -0.7561620685740537, 0.5652651541303322, -1.1558172442899797] : -0.4728217124938965
[0.8705586783243154, -0.981196846877725, -0.23724869867514653, -1.2346265672803542, -0.21777630024324973, 0.056190273482382105, -0.1986859612964471, 1.5615510341691192, -0.2698037803170878, 0.44608081787923737, -0.2757317125962817, -0.2814333489809509, 0.35629245012761507, -1.6079015411981141, -2.0133144698445427, 0.8535857208755707, 0.8373325613665047, 0.6122494392837988, 2.092459938094289, -0.19561172802549345, -0.37121690668284435, 0.14702115167643104, -1.448004669779488, 1.2651582747331178, 0.9884476586624313, -1.331572632845981, 0.46735435393123725, -0.904355056424671, -0.5020422288997315, 0.1673233241799854, 0.6021026180787986, -1.168044461532838] : -1.0
[0.8474665456847663, -0.6387077428983987, 0.18331620106994606, -0.8222048317942066, -0.43412148788565863, 0.05981608926400104, -0.8284581722114124, 1.4885173495460018, -0.2281389777389014, 0.6151956339729124, -0.13654626710246962, -0.30815211125196856, 0.8922227551066271, -1.8841565894454693, -1.7809434081535347, 1.0448129435629694, 0.6162601750070461, 0.6048535833896802, 1.8223200285140604, -0.19230467415531596, -0.26780983099176014, 0.4660072183956285, -1.8098040598026477, 0.8912367221326004, 1.1801962898431566, -1.285550636979548, 0.447319437068798, -0.880382106823481, -0.15383408048376784, -0.16532121038438538, 0.48090360473090554, -1.4179304127233734] : -1.0
[1.1720748069236633, -0.24263754066994747, 0.20018645682667835, -1.056506892065327, 0.4377443377218423, 0.3825538466494206, -0.38503580936370857, 2.044162753462391, 0.24428421083596186, 0.8574533132710799, -0.22892658828094523, -0.4388252568163033, 0.22606083745341293, -1.2149263531596155, -1.4779813992522053, 1.1221830616368722, 0.6242361329059963, 1.0680890450907472, 1.8642033054313345, -0.3476855038395341, 0.10734606882493414, 0.6016016233536993, -1.477102290344685, 0.5793124024999289, 1.3350956767571258, -0.5733632265230213, 0.3134645003515068, -0.9758222415492682, -0.5223265184633368, -0.194835186658654, 0.6042430228342603, -0.6602021770888609] : -3.0
[0.951261624934779, -0.7362000038671708, 0.0012614120559341913, -0.6319860948752928, -0.42093447870545997, -0.44662222760003084, -0.46299690670386495, 1.6982991786561303, -0.22240936435148995, 0.3351142942593249, -0.26580772359549365, 0.08392414599694135, 0.6115500383673012, -1.513397225795895, -1.4533821145761512, 1.0244080426046427, 0.7577200430930845, 0.5297216085030351, 2.052975823230997, -0.2012192561677658, 0.022534314658230664, 0.730672935268329, -1.1216341057805632, 0.9378710498306403, 0.9894930608739636, -0.8313308518408442, 0.13559508268953935, -1.0016320853856584, -0.8059921755967905, 0.20031735902085845, 0.785525952627177, -1.178932342176981] : -1.0
[1.0596354698719082, -0.7152478306945927, -0.6184520407259614, -1.337317118287922, 0.19108386270766795, 0.12286697381895598, -0.007967959523453527, 1.518920098918986, -0.10096996735329979, 0.9092213150140643, 0.20673493099125123, 0.04268295268864389, 0.22438371710155125, -1.841617320983683, -1.6330381607337783, 0.8491878583410466, 0.9839701350432346, 0.761142067412121, 1.974115405205961, -0.19128812743396992, -0.31391046510530296, 0.3972775461062621, -1.5707730449845159, 1.1918295634000775, 1.3823332279504061, -1.226097835411046, 0.3728861723024509, -0.9641211135833139, -0.33960409917257484, 0.007710507284767694, 0.4340785598961071, -1.1627106503869] : -1.0
[1.4062512899722168, -0.6976817034960336, -0.16202237880147724, -1.0933576765116078, 0.01892335749618476, -0.11330866130064031, -0.30237747100776174, 1.250155571144042, -0.18115932963119336, 0.21859263649124244, -0.2066483883485127, 0.23450398305312803, 0.6962124015504023, -1.335346175053349, -1.651299731767852, 1.194873316380284, 0.7627004955888969, 0.8724188177783994, 2.1862227530588862, -0.2322790914647575, -0.028611124397874443, 0.8202006410598564, -1.3468606003605796, 0.8010867294643806, 0.7689303033236339, -1.1459576845941037, 0.4308208391077599, -1.020593472131509, -0.7609598421694801, 0.08344375784557288, 0.5064945667186767, -0.9059172371203783] : -1.0
[0.9431424992946992, -0.8418442689746182, -0.32556074516918593, -0.9781768574967031, 0.3023545801977936, -0.38216744017695226, -0.547484829877183, 1.516524193852879, -0.21559974191709408, 0.2559731346033415, 0.11838665063138844, -0.03730324034556792, 0.2487954306184233, -1.4330623620472467, -1.6089985623166865, 0.79032036078325, 0.975949644724938, 0.7155350474979747, 2.0844168316650964, -0.5969355709995253, -0.5829503269330436, 0.6815099162892745, -1.2842433661883352, 0.5914907739337648, 1.3400077415778366, -1.1086964428525268, 0.19693659179846895, -0.8948070243677287, -0.6441205660655184, -0.2593072347224297, -0.019968072769150802, -0.8735855585643986] : -1.0
[1.2691528248740667, -0.3909130411383419, -0.5883571363528354, -0.5538923134498884, -0.08652961692412608, 0.2322499823181774, -0.012116053181986719, 1.776052666732821, -0.23569315326878404, 0.33024999411954575, 0.20093164934337496, -0.13601035113587984, 0.34081346084078235, -1.3716582068057566, -1.4403391754725139, 1.2231820143832786, 1.447221722519015, 0.6189755463176765, 1.562007099899585, -0.3415880210319344, -0.149381250845088, 0.7697255329176678, -1.147183063550096, 0.8688016714550363, 1.3791085424269363, -0.9776400063621414, 0.41094104918181146, -1.0319513490330083, -0.5390485982183483, 0.144570199090063, 0.6011471071745871, -1.4181049889092245] : -1.0
[0.9165225740467121, -0.38413522843510506, 0.24726377713056044, -0.5702786905622161, 0.05991363582032935, -0.2039936788198719, 0.05024338250748084, 1.8631937024797902, 0.011770965034554659, 0.539124861204143, -0.146097334409587, -0.5167533992318342, 0.5451312408563188, -1.2446219907568936, -1.416877564660267, 1.0109042204519043, 0.9569992378847196, 0.9550526305106282, 1.64271706849555, -0.21167962440605667, 0.05720012964635787, 0.3480668455545157, -1.691564240702313, 0.7345563224178472, 1.2869840569998414, -1.426354346600933, 0.8147753002690917, -1.0592409389131028, -0.1968692603702663, 0.014874527109466962, 0.5003507012673305, -0.9821513070798988] : -0.47455297816883435
[0.42951542404175336, -0.5088176956431383, -0.10490279770764047, -0.5392374625796013, -0.029685793727428522, 0.45144605891127804, -0.6390834456044652, 1.918742816787383, 0.1861445610813214, 0.770004348025372, 0.16578094531685197, -0.3909330331878401, 0.34358185736644054, -1.7793112453602644, -1.832398973000334, 1.364584324255844, 1.032004031053898, 1.236419582405434, 2.135406198010019, -0.039153236002380354, -0.17412623263951243, 0.7665087407213149, -1.1810832575692698, 0.8982358715461644, 0.9721415976512279, -0.91747698533586, 0.6539042523456735, -1.402227361940511, -0.5449542023548408, -0.05842616019288603, 0.6117095779137919, -1.155656621597518] : -1.0
[0.9400339692790207, -0.5798392924128872, 0.002699187486637597, -0.593067966774231, -0.1373947662180052, 0.295745094511226, 0.07326544315355021, 1.6019977555542182, -0.052588845913301374, 0.1903818483827498, 0.001936667061505297, -0.13736694139386288, 0.1143301046800253, -1.398758993841532, -1.6411964195680893, 0.9130075652471294, 0.5889728969504939, 1.2529827461328353, 1.9112579631670061, -0.28972121107514714, -0.7341553779749831, 0.2753404524721219, -1.0528797904109652, 0.9466451924094013, 1.0550438132500375, -1.1100177906690263, -0.16577254710548966, -1.002870722775387, -0.169213541640781, 0.024466530423775834, 0.26424968822139144, -1.1780215377686978] : -0.5414093190973456
[0.777645940666676, -0.4144461830782461, 0.17177826418965703, -0.9246343215169047, -0.30053565920552305, -0.02179350156592963, -0.420492746396701, 1.8286582259872357, 0.17020808275664828, 0.1320015716683276, 0.19906177413032944, -0.34178140321837946, 0.6783794376322287, -1.6321283424249375, -1.6258229265627515, 1.436975323523258, 0.49766485981831843, 1.2029987029447766, 2.110004217258934, -0.17386263963541443, -0.19889649322297648, 0.4742819666303178, -1.3315651363172525, 0.8812985535784242, 1.4527969375164047, -0.6617539819090543, 0.13354429986063865, -1.0583988290812754, -0.3798291300710388, -0.46397851976706184, 0.1471406961356177, -0.064046397420502] : -3.0
[0.7716139546612489, -0.4611383486719116, 0.42642894015791744, -1.084902632004336, -0.5417819234571767, 0.15150170296286367, 0.09240099452860911, 1.8126455969118185, 0.3621995337773455, 0.200582210987243, -0.15448584694643472, -0.22528442149612188, 0.6487596876448183, -1.993356850969642, -1.4680247567983447, 0.6659970542108797, 0.6142801149379213, 0.8862936589838011, 1.6851557537942923, -0.056746006966925916, -0.3325887458738112, 0.2222645280284602, -1.9097359769730797, 0.8780826793819289, 0.8938157977790835, -0.7152620929201688, 0.7278879145568908, -1.3842975190712037, -0.4994410034659982, -0.32588269085633526, 0.755723237097353, -1.3599436060510317] : -0.5130670287392356
[0.7815563553726887, -1.0478715744431302, 0.2389980497062355, -0.4366730255002289, 0.04060872609714705, 0.3214877911680026, -0.38952789632688767, 1.543036878469565, -0.046481631275496316, 0.4159082532373046, 0.1600024213410519, -0.5684461822273802, 0.27463434476252924, -1.5104964829843401, -1.0033063149246344, 1.0633030029644717, 1.0964615268364626, 1.3818329361697301, 2.0772755635645934, -0.08744377114572108, 0.0717187614260133, 0.4215920305975712, -1.4821864520602746, 0.8073456646651093, 0.9724218900669084, -1.218162351850455, 0.5964525395433804, -0.6409655816636495, -0.7705575053533794, -0.09225608357372889, 0.26459054127887965, -0.47333958501495926] : -3.0
[0.6993230507210177, -0.47660216480399864, 0.23017485558613, -0.674762788398845, -0.12898693950024884, 0.00536669688554306, 0.001970421659250987, 1.7606256845191395, 0.0685657995865362, 0.5716365188120547, -0.12656599626478635, -0.38630435653000617, 0.34066812289929255, -1.3711789687877292, -2.118680864125445, 1.0399805372118482, 1.1179337542961145, 0.9985204718401693, 1.7334134695499428, -0.6664858195125862, -0.02913952741134407, 0.37221624177610724, -1.222441231441343, 1.1740185695035157, 0.8183074868169395, -1.1613910934461298, 0.449688060975182, -0.9755884811025098, -0.5782964612605168, -0.42668743169192136, 0.5403328560463161, -0.7805254127917174] : -1.0
[0.8251128882037441, -0.5547384279527466, 0.3232364097473869, -0.7067136944209504, -0.17164300501220126, 0.35702885218874086, -0.6682655187720762, 1.6360776321514132, -0.09788230742611095, 0.5250901241534907, 0.16055085430982316, -0.061054123152888384, 0.2059610155356332, -1.3022224303516101, -1.3134995768149178, 0.8257878672874247, 0.9912534463369695, 0.9631752114497125, 1.8262854205990846, -0.6219642514295881, -0.08895001166821778, 0.2660762052754278, -1.3742106937244556, 0.6248478236827395, 1.375975932331601, -0.42954362398462576, 0.6279696886725683, -0.6563461700851816, -0.5780869911749218, 0.03462994790410591, 0.19854585762609894, -0.8828847424945371] : -1.0
[0.8661359708833843, -0.7272733211989793, -0.19848721816968648, -0.2629048290348635, -0.4259432033169853, 0.09510871628716576, -0.31754439826198555, 1.3444742481066905, 0.2498659198357804, 0.5951323378775661, 0.08960426967238538, -0.09490472388360527, 0.321029610909984, -1.8063319563285771, -1.6825769990278632, 0.9016044155501219, 0.8311376392772977, 0.7748620419158221, 2.1518768516614566, -0.3440829986235733, 0.13960504989874487, 0.4075908448744924, -1.1128025155365762, 1.057573744046639, 1.3777800851835493, -1.1040556049371564, 0.8325622624255753, -0.7378459691486872, -0.6307073234267289, -0.403847962879915, 0.778546426654703, -0.5704850782300985] : -0.5271660197864879
[0.7946961650870683, -0.4195781476759978, 0.013152786581795028, -0.42569530191717564, -0.22001232947390212, 0.1204335075415583, -0.3521633497240564, 1.7281262586539354, -0.09661964035228365, 0.2116626350925451, -0.23476278196884642, -0.18030100219031103, 0.3492406819402486, -1.6972675871998875, -1.8219650319267344, 0.8783324815236713, 0.8630165515574957, 1.2691000936892038, 2.012167701518624, -0.3292648564081855, 0.3715778107036528, 0.4649706531223828, -1.2260377248887095, 0.8982608969313707, 0.7365378506734725, -0.9460966578774204, 0.08341469140545468, -1.0284578623704936, -0.5638161990735552, 0.26531397858094086, 0.4077615597176376, -1.1874980670320068] : -1.0
[1.334386258415119, -0.3317182718000167, -0.08473332008636345, -0.2975132739782888, -0.05442924557624616, 0.36936145140591775, -0.369852681887591, 1.7310237120429373, 0.7094284888324578, 0.1552248898500843, 0.004593243829761768, -0.5820137465790591, 0.2935020509369705, -2.1898602539496523, -1.7773343740545684, 0.7940574648019666, 1.146795709440302, 1.484758715597456, 2.2652789244560183, -0.16693765056588314, -0.1501548058751166, 0.6342254935588255, -1.425557814572053, 0.8976363003261804, 0.6136703472734707, -0.4238912576674716, 0.45865614566282586, -1.3124356527886385, -0.4006547589569365, -0.014834371823399597, 0.7418617692930517, -1.245636300456632] : -1.0
[1.0319390827638277, -0.20873275300313376, 0.040182862122341435, -0.7387693451064543, -0.2816182815933719, -0.01727360957733129, -0.45397564235403454, 1.9430023101830352, 0.023944710477768513, 0.17667515000210093, -0.11487848229285294, 0.2637343052044052, 1.0530983875663589, -1.8706010934118429, -1.8404735402484371, 1.2295942075983053, 1.011396288077083, 1.6949641327871752, 1.7921569518564806, -0.32049340366304224, -0.1640051932504767, 0.45807542386320177, -1.3765488692271133, 1.314762973525312, 1.0929964665971605, -1.1006943294450815, 0.15976835552528018, -1.268582431082929, -0.4577612208132441, 0.04396222638114336, 0.5918859359494967, -0.7000837932266507] : -1.0
[1.1914310606359158, -0.6750113511148015, 0.21966691677959524, -1.0657396234301433, -0.29990752655055974, 0.19765222638245067, -0.32044902945683174, 2.009097529387496, -0.3534660315718734, 0.7649165305618392, 0.24691716860508, 0.13783671427622066, 0.3224888444988103, -1.2186752089486557, -1.221251009597449, 1.0423096639065033, 0.6257698792393085, 0.9466415100353103, 1.8715837915541895, -0.008221248190531993, -0.09795152936377777, 0.608919931994513, -1.4511556673184032, 0.7482767059058353, 1.0374779511636372, -1.1158607155285527, 0.20733638179123273, -0.5614981633829627, -0.6270311314054731, 0.25516142191192626, -0.08362726982774815, -0.70649204380462] : -1.0
[0.7554946566906078, -0.7507846835716443, 0.05950864986581622, -0.7400244343350912, 0.021778339320148526, -0.23046353073213402, -0.4396311337541584, 1.4068191621120367, -0.01859944566436088, 0.22045542455762546, 0.2626852397193352, -0.8127633398403662, 0.36123998821322223, -1.2743260861492196, -0.9775593263728045, 1.3927866764976418, 1.0917382088592595, 1.2506444832191148, 2.1230237387735595, -0.316531307142249, -0.4538995315059687, 1.0095547759013692, -0.876539572628262, 0.7508451233715754, 1.084499121640038, -0.8013192401110656, 0.08767116643282008, -0.53144927188786, -0.24969930549502772, -0.0922255220218453, 0.3386400185738095, -0.46780594261636277] : -1.0
[0.9210280195360709, -0.45488116207939966, -0.05975336128205406, -0.3268941103972439, -0.305511288797476, -0.13775961876914036, -0.49403654301779654, 1.516344681669793, -0.0626332671764622, 0.22340997026977458, 0.14379868326370912, -0.35731710559478347, 0.7125704267569076, -1.4896956946254316, -1.5103926750032033, 1.1626443501470856, 0.7609404986422785, 1.2294831309304117, 1.5916414428200294, -0.2590654621332867, -0.14729161828198692, 0.14149947870013996, -1.1586621511686934, 0.7670191276876364, 1.4245630536672036, -0.435627166090347, 0.3735611150195434, -0.9846061044491471, -0.6315502634414265, -0.27589295513258694, 0.1039991375265614, -0.6609925695069045] : -1.0
[1.0374711353360127, -0.4068171453445404, -0.18302538848490227, -0.7949193546469083, 0.012241703085638461, 0.45531755407169916, -0.15436504024395126, 1.4497839391701763, -0.15691604654933078, 0.6268749729868226, 0.4284160557045047, -0.3136410293147981, 0.5469523228876074, -1.430957179846654, -1.5275312906162033, 1.0885681932008535, 1.0564016395420337, 0.9937375757873825, 1.927869643074361, -0.12824367877441462, -0.11327544864893815, 0.46482859354838824, -1.1030326050076498, 1.0137598130024483, 1.3428712013822965, -0.6650757443172052, 0.1974631902762161, -1.0505957380427857, -0.58522623779623, -0.46543692321540797, 0.4581104433467048, -0.8942991570815586] : -1.0
[1.0363951906859985, -0.7756064779428645, 0.12448359218550475, -0.24595358279583346, -0.10034657873168996, -0.04891505730752488, -0.30709382901172694, 2.2898872614970522, 0.12656396672368367, 0.23456912231714494, 0.30010583801131274, -0.13943127873053274, 0.4432574643633838, -1.4436415290495326, -1.4206657016512163, 1.586110220257563, 0.8228445728855194, 1.1617788193699752, 2.0398404448729934, -0.025784461259148045, -0.12177522811598204, 0.5821507320399132, -1.51489012487268, 0.9940670223546084, 1.7102298860787957, -1.0100915249513713, 0.47954814406477386, -1.2109440195103665, -0.6371773361213071, -0.29606497775103785, 0.49600364015231546, -0.61414873563801] : -0.5042606700550426
[0.9864174168148568, -0.22034684705700258, 0.3986922724565589, -0.9096044312688876, -0.012965562787067494, -0.21935652968145672, -0.3061138293682202, 1.6850118764738866, 0.06490333567108131, 0.21514867945888994, 0.35215716906045735, -0.4427463414934284, 0.27687654303574316, -1.6587902916839412, -1.3574155960861938, 1.0669140642540433, 1.1111981185425368, 1.5390049027021735, 2.091825882874138, -0.03052447089229618, -0.017270015696601207, 0.5089889588306424, -0.9563723722807844, 1.0782912611222852, 1.2664103874061408, -0.7656751883325086, 0.29143674550694415, -0.9414000563614735, -0.521060128968328, -0.3930125993346535, 0.5451655673361336, -0.3238746181066529] : -0.5627012686295942
[0.6729059298638083, -0.639795992286937, 0.315704585597015, -0.6546737050021195, -0.3101165880815115, 0.4429826315018266, -0.4052598935004361, 1.9322636836590283, 0.14289699645357398, 0.6444332247384699, 0.5647437020783523, -0.4685421573363807, 0.47589622595348224, -1.4900562351006001, -1.5897518758508862, 1.8958438747183537, 1.360395449025785, 1.0758124322996125, 1.8005229947751775, 0.3371416016107093, -0.06712856668058051, 0.4179716282193936, -1.2736112095453789, 0.7268383607527041, 1.0082859380653622, -1.1163525942650405, 0.6354456493515126, -1.2003834110070317, -0.4961566006388632, -0.2728775925261444, 0.4481783793793035, -0.6572742913858459] : -1.0
[0.3517141835059231, -0.24706411009185592, -0.11219830027939559, -0.5146708202029336, -0.09460577364545855, 0.1035915921071251, -0.11080310601516455, 1.8283932884242484, -0.11612285010836138, 0.40878846965603616, -0.021343420970140692, -0.26361288950677236, 0.7554447245833269, -1.540913097637685, -2.0310965658331646, 1.1715949509456747, 1.138372401935403, 1.1073455677729327, 2.120478218937585, -0.29447932104752494, -0.2345130854772659, 0.4687544637444001, -1.4509892788853207, 1.1790489232091537, 0.9605978065659772, -0.7403719618729405, 0.47963841447075367, -1.2707331082455924, -6.588027368263916E-4, -0.19219087439617022, 0.29571828369492315, -0.9612546236297566] : -3.0
[0.7772613428490337, -0.5122526418214177, -0.12902890170619863, -0.7718025927449914, -0.18432053456796285, -0.27431893847416045, -0.3146825937205742, 2.0485364831345527, -0.029101031497757817, 0.28890474049443304, 0.2526153349596266, -0.4433972131830626, 0.1641407145240223, -1.7150484018968832, -1.140230798986881, 1.0925228707372618, 0.9301535110979129, 1.0298511921102895, 2.2866644943597128, -0.14683399219755056, -0.23969443539705948, 0.5694649114572617, -1.35877571236998, 0.9047391948875608, 1.0853850404686634, -0.5047141952442207, 0.11950181913470403, -1.0059770582499106, -0.49085453893254755, -0.041720768711276834, 0.4463166718475721, -0.45601395671548983] : -1.0
[0.7126657070528652, -0.2580866246514281, -0.44287350528092156, -0.5529670718245076, -0.10034290151709922, 0.03149383789596463, -0.7388376650341995, 1.5984394806043727, -0.10544492602290953, 0.05058099456407933, 0.14330626588276, -0.30866375004363095, 0.48099869333865225, -1.2805953994212702, -1.530052293088898, 1.5306537037154593, 0.9119481053425523, 1.2470906393072967, 1.7399659248152655, -0.619640119770343, 0.33438159816920865, 0.4677625891263346, -1.1000431658861718, 1.0133088287928114, 1.2749925705670622, -0.4986013426340591, 0.2241463176761412, -1.1205473898303127, -0.6480319435991162, -0.4929171275617332, 0.26866501796523806, -0.3028466206750026] : -1.0
[0.6913387442551193, -0.5610344601424683, 0.2857538379727966, -0.14984073428895706, 0.1402229687174533, 0.6839809628922076, -0.336986067846862, 2.091812722049462, -0.03002818813452991, -0.26442791939233357, -0.25942729520782415, -0.639767936549432, 0.44916208048550804, -1.348997252338741, -1.650388706987949, 1.0316153197811448, 0.7057840172776076, 0.8374745777242649, 2.0549365698106277, -0.5008092188622777, -0.21522642419619759, 0.45353215748793396, -1.1333160792852253, 1.1988025075817084, 1.8288249331436417, -0.9946531320907026, 0.35792656611448653, -1.0333323450819807, -0.26417375441991253, 0.032610291301335415, 0.6160333985837922, -0.3911259860511349] : -1.0
[0.6267022361381049, -0.5313734404834292, 0.20087085911494026, -0.8110895289095214, 0.19138268511421028, 0.07185014632617151, -0.43814338808192305, 1.659631469442874, -0.06140574227999171, 0.7770266288019078, -0.14149860861440508, -0.3131888280907019, 0.5640577484788305, -1.8001993262574638, -1.2911618746470273, 1.2914943287022733, 1.2940305388528648, 1.1824840178062443, 1.8547735288525669, -0.3239680124906174, 0.06579759062758363, 0.7861965037288736, -0.9177490292426721, 0.5467736685006328, 1.0897608347325258, -0.6485639642345336, 0.31083666313312464, -1.0641432305069645, -0.13544921319072556, -0.20609220643705708, 0.340990037196576, -0.014023867098241327] : -1.0
[1.1067393530005274, -0.3878766742116234, -0.07479654578131736, -1.00433135389359, -0.12330905197476935, 0.2847387597968347, -0.574447815317823, 2.063072390668396, -0.1581339487552367, 0.4529807530728788, 0.08026534580036229, -0.43706400967624587, 0.11251289270634995, -1.7016747428936432, -1.4641131286526359, 1.0938691159610867, 0.7953095541223963, 0.9263429075590632, 2.124364874115734, -0.3546539584010474, -0.020120733091426188, 0.8510957320863437, -1.4343924062096205, 0.5800647352791842, 1.1105571817066626, -0.9890220771885578, -0.07233537872916945, -1.2947787030491968, -0.4071750842703014, -0.20015305216559715, 0.639166899581802, -0.831954707935959] : -1.0
[1.1070556083846048, -0.5842988517380117, 0.3614732848479871, -0.4803882061844289, -0.5387928930166006, 0.5588834759818643, -0.3758381112680027, 2.1193178221376314, 0.059685348162800834, 0.4822295079635682, 0.5073849477762954, -0.13645269792371312, 0.8287151957414123, -1.780807535976388, -1.7240027124612967, 1.2679515663257293, 0.9423407190105458, 1.1917339343215645, 2.141110152630809, -0.5548977050142558, -0.24827134155617775, 0.6635489164684095, -1.446510572170575, 0.5377168000469483, 0.8299085179697373, -0.5483475225288017, 1.3524290271090713, -0.9516621252827061, -0.7456240988652014, 0.06731034271183572, 0.3515687723132932, -0.6085320141788704] : -1.0
[0.609331863261136, -0.5141079548133715, 0.40385988266124107, -0.7443132496177376, -0.2630691472401887, 0.35845458746066305, -0.5151667506009501, 1.3919978993778455, 0.16024111559658757, 0.3698762015350715, 0.46680854911125613, -0.3141946143108647, 0.6814515772124716, -1.5021594438513373, -1.687588094982522, 1.3772750842214538, 0.8037396974858324, 1.1430784582372446, 2.172506881408374, -0.18813204497806985, 0.2548893428996288, 0.8518531847201345, -1.3132218685824113, 0.7464432233698762, 1.141390862060292, -0.8946343448816999, 0.4865763788448484, -1.0374755067538732, -0.6534130572261627, 0.10038411490258614, 0.22849198662969936, -0.4594368217445285] : -1.0
[0.1421754402536859, -0.26380114155957973, -0.06404264260043946, -0.6876104951932641, -0.19578607093317021, 6.660788509439963E-4, -0.5521507683971003, 1.6803257549106823, -0.25378515668209056, 0.5783865472889147, -0.05195460861619411, -0.5351294443887096, 0.17350988292232883, -1.4555920223499133, -1.6128956504631082, 1.4026217392615727, 1.3843295419798989, 0.9668962830528581, 2.3180580864597164, 0.013209945725270844, -0.1501613013357145, 0.5172891167318898, -1.0693718118405162, 1.024838989003454, 1.081049260597863, -0.5440982450995321, 0.03274295983760367, -1.097510909353769, -0.4923035448659694, 0.07676569701676436, 0.44119912928964566, -0.27814295255795096] : -1.0
[0.9019071879343463, -0.43206317847539916, 0.09402826044904106, -0.8375109732551164, 0.1548574880750268, -0.12661021375994697, -0.5603210367007334, 1.7566949636336417, 0.3326507875856054, 0.03878689638750138, 0.16196426298451058, -0.4316810760418598, 0.4527385483596601, -1.2276227683509162, -1.5706508872141565, 1.130500219163585, 1.157181810960106, 1.2073980093076067, 2.027331257263176, -0.5805535095795773, -0.41449780445293366, 0.4345818834208338, -1.0702676668616367, 0.9912471152518038, 0.74437562780363, -0.6213319999227259, 0.30980506672618785, -1.045182016848821, -0.04813518210062201, 0.16839619275885573, 0.0047221904387164115, -0.21321642770895943] : -1.0
[0.4856365710951377, -0.31829878369718234, -0.013781025912909473, -0.8038620753582717, -0.22790075399214488, -0.002528555461338046, -0.3820391899797482, 1.500957065156987, 0.05986596550561071, 0.030319198671575398, 0.5092246894468698, -0.42307474359084485, 0.7356375214439936, -1.442546025474857, -1.5066766918242984, 1.190634064992876, 0.9896437950778519, 0.9495959748225578, 2.086186006666755, -0.2801799328924207, -0.06047320981438842, 0.4670280269438005, -1.0660046836387638, 0.9658546837903305, 1.1389737500090302, -0.7559007370031955, 0.5906144362169785, -1.3452997289023356, -0.2284452690415006, -0.10539065888197453, 0.019400707813114204, -0.6844734931509051] : -1.0
[1.0715481255865846, -0.4475661830301966, 0.2006749112685822, -0.5388620722319027, 0.05770776688438091, 0.21275225283744986, -0.07414527975545074, 1.7622717104850563, 0.03477200407513198, 0.23475363668693625, -0.13718952996723097, -0.26651276654535194, 0.8988018805546418, -1.0021810363341779, -1.4563624351876843, 1.2757921566853456, 1.4162066995322107, 1.1404295985134976, 2.3972306307074653, -0.24902490626116036, -0.7422439091005943, 0.41577496659128665, -1.4327979297883147, 0.8453534166776178, 1.0328155589582149, -0.8005548165718495, 0.09894155857401818, -1.0751067434292803, -0.1638356015060639, -0.04942673083737384, 0.13029887390052738, -0.7821309727897438] : -1.0
[0.7354510875023866, -0.14371805048045738, -0.2888668820944506, -0.3682077224503194, 0.18289896270473138, 0.009800826287228278, -0.2991001994493845, 1.546881088535249, 0.540916992503283, 0.2238793311293259, -0.10991322756782865, -0.5798399245277469, 0.49482864279758043, -1.3459066589650883, -1.4910792460777458, 1.3433724603621702, 1.2112845767951974, 0.8763495115609454, 2.067030640637404, -0.5274936059115802, 0.008544899074540008, 0.7263226197583506, -1.5424691786752425, 1.267376956205317, 0.930886909855836, -0.8062845384655181, 0.383123969202296, -0.8723070288795189, -0.28157647156072846, -0.5985088543966842, 0.3925352901561207, -0.5368548220599237] : -1.0
[0.5504839920986606, -0.4873160565594915, 0.03231227921911635, -0.7608228990880286, -0.4223742992896494, 0.5965289598393688, -0.7895978050603139, 2.039033173846918, -0.27175493960544983, 0.4047604720418028, 0.24142781807303026, -0.3592290853903133, 1.0362425089862164, -1.86904587571024, -1.68342806279874, 1.3458076548445856, 0.7248250793895816, 1.2755583879584185, 2.1550981097239745, -0.5288203086342357, -0.3619633057052676, 0.49426672983968334, -1.3856514060376355, 0.8371926453549877, 1.4353302185509462, -0.871317456787894, 0.38031778936141186, -1.1309843389528136, -0.39109877000650894, -0.5805202024789949, 0.13155757189949205, -1.019698573081282] : -1.0
[0.7631025603670443, -0.5238757877927698, -0.19444359658497648, -0.6059391128204004, -0.123725955818218, 0.0712966625599227, -0.46152305003008914, 1.3118492721230648, -0.011116407003544264, 0.5854248280143038, 0.4898327657474406, -0.8407136400343773, 0.577760365467216, -1.5283322743853252, -1.5281979874789915, 1.3855475677068347, 0.8753061678906513, 1.0440569345948727, 2.2247505083019257, -0.008472758228197569, -0.09311143757725979, 1.1178225025481385, -1.3218069016119105, 0.6893249922549437, 0.8253397195161852, -0.3665667685480307, 0.3165686665812681, -1.0731177625472128, -0.15809670556824434, 0.22958866788684176, 0.30016318563046157, -0.5027555577858336] : -1.0
[0.5627977572267653, -0.526276137495646, -0.2610681109901831, -0.48683704258923527, -0.22612376731257555, 0.11060625896954013, -0.8209456663432496, 2.0332181360779025, 0.35045740488003874, -0.36611627822075776, -0.0797241551888592, -0.19823031193624055, 0.6938907104824901, -1.4416903709231828, -1.8236586420459742, 0.9360751941135129, 1.1652743246067008, 1.14974329653944, 1.8477548119594676, 0.10762560726069054, -0.03071997401124235, 0.45645555521235015, -1.500621282909703, 1.0202315559859496, 1.163871876672417, -0.9236391572524679, 0.4060914290033377, -1.109950523651907, -0.22110343358727763, -0.20553811016254797, 0.10145594315061593, -0.9751300309343844] : -1.0
[0.7112974439156906, -0.5593871661287272, -0.1875556312223375, -0.9109281201201428, 0.28936054333695693, 0.4109256823690248, 0.021801309311174744, 1.3247350867390293, -0.23956904643435706, 0.3783084158609046, 0.44054337269333765, -0.4241465743646457, 0.3768529433655269, -1.250787660924132, -1.306348275837355, 0.922301267043959, 1.326304525014634, 1.0843374795222902, 1.8102441373440017, -0.20515169641077122, -0.025253247450054778, 0.37610218674722684, -1.094154452013812, 1.0775891773674413, 1.6060744014742356, -0.4666899230348838, 0.2309890765825263, -1.2450157097015218, -0.35600242023668427, -0.4566313703502436, 0.5343141709911923, -0.5260634363030332] : -1.0
[0.08199469146752947, -0.6325584998293561, -0.40770261348320647, -0.6093969252392948, -0.07620005143838825, 0.27617534031964475, -0.13681009631346258, 1.6799776164961449, -0.08695216013453758, 0.3746053059163841, 0.28922526066554843, -0.4188868407484845, 0.1613440317577607, -1.4768539069068942, -1.2263361416198195, 1.1914465447202487, 0.7116924177701758, 0.9502584300261812, 2.075139623902262, -0.27117095969588545, 0.4382507639770866, 0.5969149301433091, -1.4370551702723375, 1.0153736549264358, 1.4146534040767558, -0.7626050451085207, 0.13148103155894983, -0.9111677565522825, -0.4878103891482002, -0.3917439147020726, -0.1584235120906064, -0.48746117047575077] : -3.0
[0.5255011845713323, -0.23195991304754676, -0.0634760122318912, -0.7926079863208519, -0.2549180454502907, -7.828702185362219E-4, -0.22933662002408292, 1.6965357948395106, 0.003965373664243876, 0.1462641173989916, 0.14630958831460295, -0.3952978238177416, 0.465332670442873, -1.459415010028393, -1.8358728228344978, 1.2523607012588407, 1.087868628588681, 0.7622173137470918, 1.9016535926268432, -0.3556484525889162, -0.2341116500582156, 0.686911857785877, -1.476011474784866, 1.1396566754385602, 1.1559255846725416, -0.12263727780341704, 0.5503411039620257, -0.9895750591549599, -0.2939538588129065, 0.010955976979342336, 0.19394774505148327, -0.9208943499153984] : -1.0
[0.7292211221608922, -0.16494118853233136, -0.008813803768114033, -0.5727336914036765, 0.04005876678834881, -0.42290053570050906, -0.24840421331425921, 1.4399319479030668, 0.03880269013335057, 0.023477570938476633, -0.013493798804377427, -0.48713713789970886, 0.5621015179146788, -1.484820921566405, -1.6506732770737402, 1.6660631874423069, 0.9309633045978972, 1.0280447580556604, 2.2027051699535507, -0.3039336112175485, -0.1598741409777586, 0.5732572136864644, -1.1532507788786535, 0.6917577776267414, 0.9955511268581874, -0.6629097023912284, 0.4421006593819158, -1.197715990264145, -0.11399684475467572, -0.13108310844618956, 0.24381148499703817, -1.164611638890632] : -0.5317182540893555
[0.38845266389202704, -0.5946971081140168, -0.19959064966289924, -0.4357659998055714, 0.13857329637711185, 0.20344418586573482, -0.14503809124063582, 1.3420477206913854, -0.40919185944582825, -0.010891014342530536, -0.04516065818753881, -0.20184526582967524, 0.4998207970735798, -1.596095133841796, -1.448932426383228, 0.9437145685746814, 1.0708625307886588, 0.7639691084620075, 2.0884928433192917, -0.3014961304257305, 0.11092730909244417, 0.009239512192502075, -1.2132731178736988, 0.787810115253515, 1.3102868293629426, -0.5790620901949016, 0.18316769877695827, -0.7446390242293621, -0.07562497246401256, -0.4447269261713816, 0.1698937072281601, -0.6474150177623463] : -1.0
[0.6085558055908339, -0.38929862115171404, -0.25649062030642983, -0.49808299514391374, -0.015989657192189255, -0.23674980553005315, -0.7477435994107289, 1.4614888912315323, -0.040742879036073765, 0.7050342453187908, 0.4053501432579725, -0.3584889856102412, 0.7428543844590421, -1.3451899008366623, -1.1023251360226525, 1.187170482628301, 1.2892627081191037, 1.1034421928928517, 2.093531973401655, 0.18506313418606363, -0.27040055955751574, 0.753591066648621, -1.171190058412005, 1.2237004177457518, 1.0287462271511283, -0.8145631771918874, 0.407358933896933, -1.200739690630687, -0.344918851356555, -0.22233303764915646, 0.07994354573382331, -0.6075855464339414] : -1.0
[0.17605044834308606, -0.6019656487775922, -0.5789212362960916, -0.6016628908887639, 0.4134888937527552, 0.1764696521565744, -0.3300479505093977, 1.5226594493621473, -0.11923077335331006, 0.5323622145201505, 0.006879763767615538, -0.29757740276262507, -0.06366506400108318, -1.73348497334856, -1.102541597863268, 1.4116026058344973, 0.8362284703942533, 1.265714396345191, 2.518709460810017, 0.0563366059785077, 0.22158089271249812, 0.153297087792083, -1.2897463968170264, 1.1126861106436263, 0.7635377101616756, -0.4985643104848173, -0.04267656345087098, -0.9224953999911896, -0.21453452047440374, 0.12013553040750771, -0.1582284314474794, -0.16909370637528026] : -1.0
[0.1993191824539161, -0.6961501839130424, -0.16631759929418016, -0.591035624476373, -0.25111978056904966, -0.20336313364325004, -0.3984667422654482, 1.502386090113566, 0.10404607369046356, 0.08378156218099336, 0.2521096068054605, -0.6764307645062171, 0.5736026205003679, -1.2289917426145702, -1.6899367710486863, 1.3483221848929303, 0.7698273326945535, 1.0192063563474985, 1.9645742757939793, -0.45688619564876676, -0.31343196863292144, 0.5153687721549033, -1.4219550721567258, 0.6646524239666792, 1.1249405312784384, -0.5859814079430204, 0.4866832378933191, -1.4190319554048616, -0.6800969188464928, -0.1772266820062502, -0.07008333273038102, -0.3161933535264782] : -3.0
[0.06575892730315508, -0.5800828676132748, 0.128599922729981, -0.6461420512401878, -0.12370374096634165, -0.030097470174834245, -0.23895245314216168, 1.924423879192021, -0.19659241163819502, 0.30730216286893697, 0.2032923376174516, -0.7806383427171605, 0.8022174450774773, -1.1748694490916818, -1.6486693249778803, 1.2181585463812463, 1.0831624150408414, 1.2183244301636273, 2.302629681456353, -0.0744002847161222, 0.2594898475167099, 0.3161165444925336, -1.5154357692656126, 1.167717341742829, 1.2002087260516336, -0.5471538280276763, 0.0865215572500566, -1.2895037633745252, -0.1596747968817933, -0.17610455396754812, 0.05116583714439798, -0.0747427466875834] : -1.0
[-0.08797759206238859, -0.6132494397647599, -0.18037737529363704, -0.8384016730209687, 0.17063302644931172, 0.21509453952825047, -0.23161928095424444, 1.4284252962348574, -0.3327272444701852, 0.19127018079713187, 0.4956055383581117, -0.7138183744933075, 0.4543384711625037, -1.4269821300113772, -1.6082302222007483, 1.2637035697294372, 0.9840260914550157, 0.8185643901724178, 2.2213430288903284, -0.5081095283383139, 0.034197450348696916, 0.5901390083195688, -1.7059878744770678, 1.4439418981795538, 1.1793768625186838, -0.8952443563998607, -0.14638014792591153, -1.0453601123848832, -0.580054630641403, 0.0644334440445683, 0.09972546782533248, -0.2668123627048739] : -3.0
[0.35180388093066206, -0.3784276944156362, -0.08246295820485722, -0.6934642566045008, 0.09204564681189482, 0.17587538442210943, -0.27318641456066306, 1.8127121260599912, 0.11504498733667179, 0.32911170260632083, -0.024435256244912384, 0.012154757029458785, 0.35028217205406825, -1.543448695922852, -0.9439557608476478, 1.3620774660926362, 1.0315785455375779, 1.2228218243951534, 1.9907469947789975, -0.1610788699491319, 0.1265049074314206, 0.3066898229912306, -1.0534738351326642, 0.7918912557449245, 1.3669090058642053, -0.6628337801993884, 0.32277293510079913, -0.7412604570092911, -0.2504999200048481, 0.4601641923010651, 0.045224160945187455, -0.4576604559206167] : -1.0
[0.7798176476390495, -0.3637930566987725, -0.3403440160475347, -1.0778925856528088, 0.21294248499641072, 0.21841633797014998, -0.25496657501380204, 1.6512030556117996, -0.03856436541292989, 0.45805566878753234, 0.13852783119575515, -0.4993352037743621, 0.5964711615695735, -1.4909652297749634, -1.4454288655906877, 0.7965557534406251, 0.7933927209322185, 1.1175992406855169, 2.356419479048084, -0.18888243403700278, -0.07175011652885105, 0.8136871747191969, -1.4561284426694225, 1.1623813162106473, 1.0833276420820026, -0.5950924156299681, 0.22166097576908847, -0.9047179414914759, -0.5994132972871249, -0.35839354807581136, -0.12371520730848352, -0.8039912787740702] : -3.0
[0.29838318245645956, -0.35768759760928137, -0.4124341356158251, -0.31287653051912184, -0.2598832739917169, -0.06513102094041606, -0.14340234396777937, 1.717272117178803, 0.24599980814129266, 0.44820118311701196, -0.025895269102906127, -0.45402180819847, 0.35131803548220164, -1.2571363015046537, -1.1368681334930766, 1.1513622023737689, 1.263076294597355, 0.621578098220045, 2.355347247757363, -0.26491688940625474, 0.26358629119481014, 0.5860356936464712, -0.9585542292781367, 0.6395611904974421, 1.1875279567079484, -0.8255430456040552, 0.15854695370215313, -1.160156112107013, -0.5362936946838553, -0.1516725110590442, -0.023114469138749413, -0.3418590484822932] : -3.0
[0.6512793034255207, -0.5898230845485146, -0.37836976957728496, -0.7330032429376201, 0.23299864587953173, 0.3162968887371726, -0.2705421275736986, 1.4997885975556153, 0.2624124836918388, 0.1280560802117915, -0.11602035178230422, -0.08824524943923101, 0.7446006127782885, -1.0709799821997745, -1.290154140753776, 0.9591366105456873, 0.838083547141409, 1.0219913814438788, 2.788504868095349, -0.5769643684339077, 0.25493344795343553, 0.13733676109280435, -1.4912292418753095, 0.9269211714993063, 1.0659749706490291, -0.85714662271549, 0.13652647235840132, -1.101426442300701, -0.3057983572992697, -0.37322556804899704, 0.0035015063632088256, -0.6296951142896414] : -3.0
[0.7379267083940282, -0.27691522594800516, -0.06235470149981637, -0.7753192384668596, 0.23497665629136394, 0.6825473865735552, -0.2980039357569408, 1.5176617929915028, 0.26614268412393804, 0.4394775598651369, 0.5202418373231734, -0.3036521686290752, 0.34437093599892066, -1.3993188152519782, -1.4326951704049997, 1.0424641166134785, 1.0665180965806298, 0.8172043771530998, 1.8816949955898161, -0.6771819620609985, 0.014537540414246437, 0.28812989086812824, -1.8287018699333661, 0.7563554565785219, 1.3581069109082424, -0.9962184109581513, 0.42146472770721444, -1.118335651791222, -0.5737033158019462, -0.32923918541726793, 0.04029100170357621, -0.3350212232981062] : -1.0
[0.3775011925686521, -0.16594572260982282, -0.25219894149174016, -0.8231069620817414, -0.1927015390539532, -0.03714503368123645, -0.0914026178596023, 1.475361181530833, 0.24480454927143894, 0.4986583144100343, 0.42129850410116665, -0.10808446227144103, 0.14717427317327292, -1.1571080168815966, -1.5329161304862777, 1.3855084831269429, 0.8775322292566267, 1.4356186369424153, 1.7735389846470802, -0.024659446913630867, -0.18524803060207728, 0.5924891118453322, -0.8404639715956083, 1.1491360639591797, 1.073286207080121, -0.9898412047918811, -0.2160139922939444, -1.005561712142559, -0.7516780931859317, -0.45649030090652176, 0.09800096508267361, -0.383376917670496] : -3.0
[0.48219975681326255, -0.8946842319678404, 0.11637598495177476, -0.4388561537291915, -0.028886995888120826, 0.2837323657436797, -0.036440832066925166, 1.4334195339748654, 0.28735543207174585, 0.40890870711764404, 0.266140759241517, -0.3715592307671917, 0.6951176954802061, -0.9842509888427385, -1.4442542742285318, 1.4097958094008716, 0.5479499679334695, 0.8299063429014292, 2.1557103708213345, -0.6165020929440872, -0.17670345425761527, 0.5963888510735765, -0.7995778054821034, 0.9358345129815168, 1.4217439643552914, -0.4495759571895206, 0.3004830878229685, -1.19670938106494, -0.23097064332779887, -0.13528984810810324, 0.12317985049467717, -0.4899668505505147] : -1.0
[0.24986593098444762, -0.06121600739701322, -0.0029815489028300612, -0.41087602744088436, -0.090873626606088, 0.05435177727947477, -0.271363377319792, 1.377965167230227, -0.1869524995170783, 0.6188953665016308, -0.09129588974218897, -0.5445455328661022, 0.3405202613117013, -1.0811572613104983, -1.6076550542522523, 1.3007336085166397, 1.0005341017223397, 1.2288999396266946, 1.943966336888044, 0.014214031618845602, -0.043225366830275086, 0.6827708047674886, -1.3607481642929296, 0.5007766376661933, 1.3725852785785342, -0.9149316218424455, 0.1318300693894635, -1.2246338357368158, -0.4136379841660641, -0.2926551000274223, 0.27259406835590766, -0.4025282336243632] : -3.0
[-0.09023940713120354, -1.0593983820661936, 0.22373524716200127, -1.001690258373228, 0.2534184570517624, 0.48060675976195816, -0.5488557848677551, 1.789128746076527, 0.18732390990240289, 0.5372644978721208, 0.11275028296536058, 0.22496025973655132, -0.25810820499447884, -1.5770422219676985, -1.5765222043997789, 1.3172444179816274, 0.8448572895058489, 1.195317409546119, 2.138647757744443, -0.0131585666593938, -0.4550893456379821, 0.5211753269999704, -1.2925122270902585, 0.9292860807661764, 0.8925276356289313, -0.4518470941879414, 0.6180453838819411, -1.1799077128979905, -0.46568493162305047, -0.048845687462497886, 0.4234960881515625, -0.4437571134846966] : -1.0
[0.11465963281532765, -0.719944447822068, -0.3181955984517215, -0.23860278141817737, -0.25675913759158575, 0.2621332310076997, 0.05202693885787696, 1.5093201484929233, -0.6487854823432689, 0.15539395464432287, -0.05003607372680238, -0.8631948564299836, 0.3650135252080502, -0.8961411645621266, -1.9151961914619076, 1.1104576400330544, 0.8527297734005341, 0.7743536264525626, 2.07675478710294, -0.47359502309006907, 0.34222106004866304, 0.8042266347238629, -1.5334913465363242, 0.9866665015564692, 1.175422281341792, -0.7044187816726384, -0.38902470719876825, -0.9915668407664494, -0.5727423207331926, -0.011844009093420121, 0.14851126726099556, -0.48348805442089227] : -1.0
[0.6987939544303334, -0.21619882680105906, -0.5180644563043324, -0.6978230384078371, -0.28083737803581826, 0.13975677663534164, -0.12343995883929346, 1.9468376974127177, -0.19077660082748363, 0.5856711443547676, 0.6304956098530174, -1.0404684112371303, 0.5079384529204429, -1.1273175771297477, -1.3262146716158985, 0.9364879656284075, 0.47065644644321913, 0.9498744914383518, 2.201729262297084, -0.4645986234942339, 0.1949795351379522, 0.3555500108537424, -1.369357110082958, 1.1671297291186395, 1.4640085941570433, -0.7721162597996084, 0.1230700347169546, -1.2577275796284901, -0.5830809498944761, 0.19573735052143923, 0.1330171722626194, -0.575671952855979] : -1.0
[0.2543257371083736, -0.3976984008887104, -0.3656601128636452, -0.45357162210266927, -0.41029893687971436, -0.12634627737968374, -0.08045824047106387, 1.6736380114909741, 0.09845361421448731, 0.03376519015662005, 0.5107373714600109, -0.4987057454958407, 0.2369314818042772, -1.3831214203830458, -1.773087027367894, 1.0635045218469763, 1.066123591065422, 1.3695420537807301, 1.6096745524378377, -0.2255433146788045, -0.13368825340972196, 0.46206156437897394, -1.605623010318543, 0.8547412080570549, 1.2633264977586276, -0.5830508871430352, 0.37134456556061257, -0.8321332325125449, -0.5762522228314244, 0.15401330062424304, -0.1830707757514088, -0.3156012634677809] : -0.5098854411732067
[0.13810201767367286, -0.30565266758494525, 0.09368721267393895, -0.8162355127807474, 0.15048505527546052, 0.07231136614860448, -0.3994782952238329, 1.8112193738464146, 0.07587689857017307, 0.3212098821847074, 0.1657669088979607, -0.40868982715455116, 1.167170457851204, -1.7058447984893719, -1.3435918016586101, 1.1978185185829646, 0.8041239494197053, 0.892219567209996, 2.2488868213368436, -0.5396157474035792, 0.19097820444262703, 0.8108262977317322, -1.756569236361258, 1.0309082838218966, 1.0592979531002717, -0.8170758364204712, 0.20944846940511155, -0.7307232880491406, -0.07285102383567688, -0.5347994380310727, 0.03040515494259448, -0.3423211573227053] : -1.0
[0.20008366277546674, -0.61069549536096, -0.32499784355533345, -0.6007352355123438, 0.29185459308586603, -0.4312521319689827, -0.22341832450407922, 1.7430503117113767, -0.07253220924760725, 0.40949577667889203, 0.32738215663522063, -0.6354059318521842, 0.47500409367750823, -1.39638030159932, -1.2929841501338966, 1.383086128367354, 0.7657038328039926, 0.6753374177883401, 2.444897331960881, -0.5803189282034142, -0.09794106778381322, 0.3119684778091063, -1.7999020663836338, 0.5447083912239727, 1.1706314606053174, -1.0003780067789878, 0.37617333348973503, -0.5931440424472584, -0.23427964351192054, 0.17219988677467643, -0.15003409804912113, -0.06972326976031712] : -1.0
[0.33687760130843036, -0.6991517486215716, -0.33993554092644995, -0.7794544530811967, 0.12540593486958024, -0.18972513957973247, -0.6007030465319613, 1.4522894984091683, -0.05803486349915706, 0.13263985354784524, 0.24486557170042497, -0.5858603312453488, 0.7899322785368552, -1.0694474241504428, -1.3606371403207775, 1.223022446026802, 1.3348198893178063, 0.8967728174587647, 2.4611015893394526, 0.06107331576089964, 0.1723732168936627, 0.3176916538879496, -1.194718489277733, 0.5885704586151931, 1.273336647963202, -0.6572250771233842, 0.1906063044047683, -0.8859092384130325, -0.7579927380943217, -0.2863467232932515, -0.14072270617908342, -0.3968291934845593] : -1.0
[0.44763889391142475, -0.5089846203285857, -0.08415191625123228, -0.7559169038670728, 0.4723076392056749, -0.08422341921992257, -0.5805496029476968, 1.7544793909332592, 0.0816106515087052, 0.5475117527531859, 0.16781409212666681, -0.8012423904129966, 0.269990919796817, -1.0000686790210138, -1.2251478314981614, 1.1923291650138839, 1.409240868506155, 1.144063382526839, 1.6557521308084178, -0.3399372990895583, 0.2746550587549978, 0.8194347959471066, -1.6910737703053917, 1.097822015392266, 1.286072116886301, -0.47614193428390317, 0.10983901671054586, -0.5371415775761199, -0.6000146774712403, -0.08052314534167136, 0.015918135639774157, -0.2671778084492331] : -1.0
[0.41715336578206563, -0.2650130516851711, -0.0651633261316262, -1.0592938958133766, -0.14092701367079594, -0.1138550412007587, -0.027303729108759, 1.5219667731251312, -0.10307939065230437, 0.41817409977599374, 0.013101669333127341, -0.8272147269362922, -0.1682022636447984, -1.383130285926881, -1.6507684733783687, 1.1178652371710864, 0.7742972328813473, 1.0734764607534484, 2.081485124936411, -0.7240437640882387, 0.12905752581484542, 0.3211152696482381, -1.4002429644155894, 0.8551080790098458, 1.4901666258799264, -0.9460807134043856, 0.24883997084217907, -1.4467737710683697, -0.3667929370060021, 0.17224667705212202, 0.2586308123872801, -0.40507619115549676] : -0.4734694307500666
[0.34703231734841045, -0.2081556889428643, -0.3120814065039764, -0.05745054378668479, -0.1681585835694486, -0.7689062229048008, -0.19712493857141083, 1.329594240523017, 0.058488145768031026, 0.40767147049704056, 0.35596374787749113, -0.5747924858492458, 0.4228057009640773, -1.1238277923032278, -1.4934976396208595, 1.303475538547478, 0.8615140757362999, 0.8870909156313742, 2.308831143443024, -0.43789203955709577, 0.3756194838966069, 0.4305301676719252, -1.413029569005299, 1.4888236085275683, 1.3496924829900834, -0.7889451453215566, -0.10893347649951107, -1.2773689600824265, -0.5883079743143586, -0.40504070484517485, -0.19334259113363816, -0.15541837289602672] : -1.0
[0.5287293823607238, -0.7420852796339685, -0.2744682965543566, -0.5513559898812331, 0.1060254720498951, -0.212900842460463, -0.08003763243766157, 1.2972135923949812, 0.08349170629665387, 0.04073164855983333, 0.38327154372240113, -0.6200241817088201, 0.5371180860984339, -1.007762533487174, -1.7612042509190258, 1.2709925413263345, 0.7036408540391779, 1.1769434352886845, 1.903937689243557, -0.2892191871185412, -0.524009856441459, 0.4056161857134928, -1.435199601197596, 1.1014101322065497, 1.195645308936982, -0.47156303936797445, 0.040943527076285124, -1.1216847657207136, -0.4412848870500786, -0.4610509952500387, -0.20960246924585152, -0.20463854641227233] : -1.0
[0.447953339672254, -0.44433323224694066, -0.1302754304337041, -0.6765613430670422, -0.11461153230729515, 0.015657766622697286, -0.27554457140375854, 1.3107784873783503, 0.06089394580275439, 0.13122888316418704, 0.2007710543247233, -0.5017702490801293, 0.7057828307081739, -1.2477310510750665, -1.6816488345131793, 0.9756283115040919, 0.39182073434994436, 1.0623232398639022, 2.0690448853307286, -0.3801188440112309, -0.4650315174428586, 0.8303020282872893, -1.2476266441687214, 1.144185561154474, 0.7658076603915973, -0.4822692865961372, 0.15094285477323394, -1.0914256330098688, -0.7099354705800286, 0.10289201961491554, -0.1743704297685036, -0.3526638512941447] : -1.0
[0.42621427103028187, -0.5626437659355213, -0.4637829452765216, -0.7183979475479894, -0.08830065296866117, -0.1273099154219592, -0.373291382280837, 1.2541913410262144, -0.10517018564347808, 0.39239073878505104, 0.4496309110423819, -0.3138178086231034, -0.012508264838961836, -1.786031875517046, -1.7779591191283668, 1.589177390234073, 0.3843961503604332, 0.7279312964325771, 2.5065025099857356, -0.4689597335840482, -0.4855140033517057, 0.6683886385966551, -1.2511771238217482, 0.615372545850962, 1.526641144396513, -0.9719816295052106, 0.4417618316204415, -1.081410797656735, -0.7707563152447822, 0.008960079776300423, -0.1299218833078493, -0.42552437619106287] : -3.0
[0.514787336165806, -0.368932874401632, -0.358328180363759, -0.6898905613487015, 0.13828885942649438, 0.30409904705106133, -0.2338689288394611, 1.3292474319447851, 0.2622786106406286, 0.7777619735142226, 0.42632232555875527, -0.6372581058624901, 0.4753536042315782, -1.5427292429446198, -1.0897587598469074, 1.0791995107934227, 1.0703965413376093, 0.677911309577253, 1.971678511861362, -0.361687464885635, -0.18432873461234373, 0.6416361890623727, -1.456117647234752, 1.0076405840333529, 0.852865588106338, -0.8122484887231766, 0.2524877365306863, -1.1104423702160031, -0.5640423978788108, -0.1976290573226291, -0.0042959047511536615, -0.1548469686934002] : -3.0
[0.15078958228045936, -0.4538653164288403, 0.01060907762878846, -0.9961064449565973, -0.18213349787586253, -0.044015657806638776, 0.22189182612473812, 1.650044694110991, -0.0802789331642996, 0.20694097504451928, 0.14925671401310286, -0.828776428015642, 0.6136236893036786, -1.2334502683839184, -1.7198957900285199, 1.0856147569063899, 0.9251220802225761, 0.5238532076334025, 2.29381566091953, -0.43541614868069, -0.15450140764060782, 0.7264477461300629, -1.3146040827845948, 1.0567320814951167, 1.033788075361322, -0.7143376837709343, -0.20852962987237128, -1.029649418131397, -0.3813825872185006, -0.07515488477828712, -0.26117803362428177, -0.5645160366058215] : -1.0
[-0.1578024056166668, -0.8213063999955257, -0.5881378296060424, -0.6700015414495762, 0.21462642650976752, 0.31685847599311856, -0.8457207528733488, 1.7360037705373013, -0.3520665614594387, 0.25303486129640534, 0.29597523134212766, -0.723025496199255, 0.3479277667462009, -0.9585106903341973, -1.5663036653303801, 1.1295525950792598, 0.8499505195673253, 0.7869123861575393, 2.197943840240281, -0.6661827353893903, 0.06220392199353354, 0.48407938386851157, -1.5928916663859862, 0.7977981327096612, 0.9232970098797451, -0.48382777906290675, 0.4746846710090678, -0.9962964083014187, -0.5801063416852096, -0.25603612487210137, -0.04393275696863659, -1.2840181782039868] : -1.0
[0.1812595711763798, -0.5564362396256186, -0.2311659191539485, -1.1181171401899541, 0.08741172222886895, -0.2854626010125362, -0.8517822858352226, 1.50151732448504, 0.325880927545666, 0.5292507610832272, 0.5031509447602758, -0.9038758097918536, 0.21709204221205944, -0.9016920395445762, -1.5414225708545466, 1.2471571767809384, 0.66591833106144, 0.74651013149098, 2.1766959501710854, -0.5217949156943108, -0.30594042233422036, 0.6534652251121655, -1.3300891895807907, 0.7576119795436312, 1.1209265741391092, -0.7012888649196305, 0.2874551379361402, -0.8504706402378516, -0.5612940784673448, 0.021870046397389403, 0.17150750307175766, -0.4367967825195171] : -1.0
[-0.07522829107980428, -0.3865984160478252, -0.29601948482864926, -1.1591067198147607, 0.2583336928322506, 0.20465846753810318, -0.13345898619842533, 1.3029740669065855, -0.06267357395514872, 0.18074295697047216, 0.4397207791252347, -0.43128200789984517, 0.45271810335033286, -2.053476981632475, -1.6829929983773013, 1.2093189985035193, 0.32118161711235993, 0.9527802148900653, 2.2713046266660335, -0.9151080251558117, 0.13541777562465263, 0.39457932844654076, -1.5866807142621475, 0.5479144320554301, 1.3705213016347186, -0.9370045839043897, 0.46638179546103886, -1.017398716287475, -1.1580553786049985, -0.5207284537563869, 0.16134365668443384, -0.5950237455567543] : -0.4789648489518599
[0.7192694056511006, -0.2840357882604088, 0.013898033355494388, -0.7662989626109914, -0.08636245152660285, -0.11701987547249218, -0.46390455057225355, 1.4497695628023268, -0.164384608474862, 1.1086685435575407, 0.5095048300811963, -0.5812662437556368, 0.5009652885525546, -1.6784749575165123, -0.871442344497862, 1.4603573648056403, 0.7297781507025062, 1.1812135726737778, 2.195014908162961, -0.3942050185712096, -0.14560690657655415, 0.27746185936951134, -1.0944465004400858, 0.6824863602904121, 1.4525085253425074, -1.1557162836768577, 0.6975111177481432, -1.1138408750273392, -0.2866265701260605, -0.2789679930187829, 0.08713835504585606, -0.7297634201255603] : -1.0
[0.16144243075241077, -0.4127104441375403, -0.38666275689661384, -0.9819573036475906, -0.28175227041983225, 0.42873875266844935, -0.5184401662353192, 1.7737110505856095, -0.3491807506937897, 0.5399134638388001, 0.2670015509908377, -0.8861254502264839, 0.09516420250433733, -1.4575016543511279, -1.4063397338760641, 1.1065378459494282, 1.0173948512697812, 0.8880035121228608, 1.9900945366957727, -0.4046306398249293, -0.24784186785783885, 1.0043295254466513, -1.5831554817534947, 0.7276236211583567, 0.9111668013348819, -1.1707105455113092, 0.38929117445658623, -0.6793252989625331, -0.3847242092526927, -0.23443088208631846, 0.23137808761817308, -0.5888046184130813] : -1.0
[0.1408596990702468, -0.7773491950187703, -0.35506423774225054, -0.8263147984118451, -0.01599707605649678, -0.2588269112595769, -0.28989055130803276, 1.587358645352512, 0.22899622337882808, 0.4504363298374081, 0.48323540962263295, -0.7119231293493884, 0.33171122204501985, -1.656256833558106, -1.837630687595476, 1.3367135638923169, 0.8212727091115161, 0.8794934695474573, 2.468010650602186, -0.4136020759879734, -0.5006622840921429, 0.37260260668537387, -1.517324386231687, 0.9046509278256474, 1.448432116328528, -0.8565669415970416, 0.38743041458856115, -1.0428346073403172, -0.5778542093260964, -0.23520534617325684, 0.15170684665978101, -0.5794336673526334] : -1.0
[0.5337027478826208, -0.5336302418448781, -0.4088281257399131, -0.8244693678364454, -0.1988701424669268, -0.050327445269196344, -0.5344060288645043, 1.5032193001664336, -0.1828781480410227, 0.45853166181484467, 0.31415940531541936, -0.21776131376005303, -0.04921659525287514, -1.2944100633713405, -1.544837054315569, 1.5795825880833445, 0.7770379591321208, 0.22324326349736257, 2.395858417707935, -0.5685761183994495, -0.31504608928210853, 0.6095384613036905, -1.054323412664505, 0.3818962163600757, 1.5905758885229595, -0.9242790691743549, 0.7151765568100494, -1.1638026644180088, -0.32361662747673403, -0.19203216515629107, 0.05458107804513833, -0.04172669834189163] : -1.0
[0.4806441805924747, -0.18602597061375215, -0.4258471847677326, -0.3962248042383239, 0.15593562467453218, -0.08802690122037553, -0.19936211539060372, 1.636619217667402, 0.0011924819655490084, 0.18717232143176743, 0.402708451328958, -0.6411167044781764, 0.29482643603035213, -1.4556685718817066, -1.561622128347665, 1.7896566544183998, 0.8531276685578797, 0.5214872979311891, 2.2683520251413367, -0.5775265355149442, -0.31355303310252325, 0.41522663822051575, -1.4190566888949045, 1.0877442842258833, 1.1090748601573395, -0.9334458605228881, 0.4202988131262857, -1.0664088949872819, -0.6746337797161578, -0.14773202639442962, -0.3200625597130061, -0.1880231945834046] : -1.0
[0.4780851779048606, -0.6591110071057501, -0.3928230974430513, -0.5046444290681431, -0.10859541357127267, -0.40398204446035596, -0.4031720446403621, 1.096359801962389, -0.16591330591053705, 0.3526685333064319, 0.3996119223168822, -0.22870994700487707, 0.4462583771273034, -1.245190118254988, -1.5493291061976981, 1.3987157289647816, 0.7355084292122978, 0.9646889938990322, 2.067395738192604, -0.638272178052317, -0.15614163633593656, 0.5826715487584279, -1.4745902078862354, 0.6782593760408518, 1.547611392547549, -1.0580121265801115, -0.08631786166839434, -0.7536670784279182, -0.9940423572172157, 0.40124433524289627, -0.06494994089114822, -0.42422222332823545] : -1.0
[0.8763920966933224, -1.0920121159024918, -0.431803302276395, -0.3891541076650505, 0.040708085726626125, 0.08808447251519691, -0.42966597778815024, 1.592771095974775, -0.2681354837853419, 0.35040106277738897, 0.2615019083671235, -0.33332544864423663, 0.3504076950234579, -1.3395006627335628, -1.2251090481829134, 1.1355631205499308, 1.0600976038818242, 0.7622018819972237, 2.6273953198457014, -0.3100736393864384, -0.5795697812024934, 0.35282021364331617, -1.206667887064409, 0.711959860457574, 1.5283305613962042, -1.0088120638402645, 0.07829661272963581, -1.0002175364322416, -1.0707486066088934, 0.07813199364060107, -0.13981810372706832, -0.3668497178029149] : -1.0
[0.5739181546826768, -0.4261277412943432, -0.328026047298771, -0.6898313675612943, -0.01568052088689125, -0.513034964512801, 0.1182536615896998, 1.5957414461501864, 0.14350123738610307, 0.1769415357057061, 0.21712759470246323, 0.007916388518913964, 0.3945172071167791, -1.4799064636886432, -1.7142890624112896, 1.1760103929271555, 0.759744897574498, 1.0429714409586548, 2.396607909899693, -0.5455351608828988, -0.14867587714661254, 0.7991809545725177, -1.5560344187409247, 0.7530406773105066, 1.0145911865504613, -1.1569575047049259, 0.07104865893688364, -1.0556281255431672, -0.7554900218708515, 0.09421312700265465, -0.12491211854407604, -0.4020456849217941] : -0.5528925548900258
[0.3476898889942268, -0.18530538394308743, -0.2851210875280571, -0.4557029305155286, -0.1256655498348149, -0.08345268094037706, -0.3765237264813215, 1.490635352503204, 0.16310295313873321, 0.1911527728319864, 0.4086605867289605, -0.9282217297065433, 0.17091874764911774, -1.4689751282647334, -1.743711031653756, 0.9910167416039353, 0.6533506882698965, 0.5298894228880211, 2.059234180454513, -0.7230541037587811, -0.23367582388842545, 0.45058937909237384, -1.3338218673088615, 0.651262574932092, 1.254327237988469, -0.8933884866629057, 0.6395444264377244, -1.1021845808486104, -0.23088376760119822, -0.06378407065141527, -0.28710761416856495, -0.6593659454654524] : -3.0
[0.09392545669094293, -0.41744126448112934, -0.7279374945631019, -0.5051813532309397, 0.06275952799761324, -0.2739300562107272, -0.4430061185151243, 0.977758185293083, -0.18171417230231746, 0.4178533392375759, 0.17574891069357818, -0.8239852828656073, 0.8010537816214366, -1.6346788786434736, -1.104803094770042, 1.6598610005699492, 1.0510174578827214, 0.46579599745789446, 2.246026607857228, -0.5695205495500726, 0.051554998441762506, 0.5361852048140103, -1.2845848007287164, 1.6650553714781346, 1.0526321628442747, -0.843841384529455, 0.3546750545062662, -0.9527096135016138, -0.42816701042245386, -0.24790050494753163, -0.027950052531649616, -0.48297517722391015] : -1.0
[0.621110444830391, -0.46762605381090805, -0.14844527204975796, -1.000221099704187, -0.21407656915395334, -0.08573636411602675, -0.4010966975911734, 1.818048248047317, 0.2682814302804763, 0.15415422833442582, 0.7470762868604752, -0.6718899758568786, 0.5944661367659088, -1.6990181824220627, -1.0619257611695994, 1.338616959348441, 0.71890951883819, 0.8135157134983235, 2.496379258289525, -0.5333783186770852, -0.15350137325894514, 0.6989411209419079, -1.0993023473163452, 0.7021579122786176, 1.1216357880066643, -1.0265744800985994, 0.5166379800192059, -1.2663551128946062, -0.37399274690638307, 0.27319088457313856, -0.11009322073737346, -0.13211970902541958] : -1.0
[0.16237047354544687, 0.0830504743075558, -0.35988723322507765, -0.9229609676324171, -0.07124758638343233, -0.31419535975365587, -0.331254872108816, 1.7862806749403353, -0.49522488825801586, 0.5623964689440288, 0.44171105875029976, -1.0063948418770094, 0.24133073621627898, -1.8106349900177474, -1.7261356241700514, 1.2474360972449599, 0.6036982875131418, 0.8874132267510617, 2.3554955276666867, -0.6606534518790846, 0.051065883952698565, 0.8103396351315482, -1.3904568250071734, 0.6715874414156063, 1.1624897362179172, -0.25058789144653293, 0.21376037802564746, -1.3866756272542078, -0.36347941700089625, -0.04545796372323868, 0.1302696726332, -0.3455404540380642] : -1.0
[0.1419391026014364, -0.29201065040454843, -0.29053261058338725, -0.4590224147087073, 0.07218806111027783, -0.5391574250647014, -0.7778855264220936, 1.830557033876118, -0.016196361061190157, 0.3320796402615287, 0.8235744422417203, -1.2770635386615858, 0.5319758075711158, -1.3078073524048694, -1.8366369697941751, 1.495514208918086, 0.1677841496814345, 0.6259496823491756, 2.501988776340374, -0.540134062686055, -0.4529810275510251, 0.489133818968853, -0.9947736091122843, 0.6232551029349418, 1.6544475327769512, -0.8965702025676965, 0.6018205299600105, -0.7454569963755554, -0.027171342126502962, -0.1774949790232524, -0.09760063124485534, -0.3001543960558952] : -3.0
[-0.016209453594689227, -0.3831695148850637, -0.2949314573533087, -0.7821959726356561, -0.02635986268336607, -0.07299936262287099, -0.4997963912679877, 0.9788808983929956, 0.027683442098282447, 0.8113956328790314, 0.36024904740755403, -1.0235897812687635, -0.1350592875218314, -1.7367870360163011, -1.3660062080619757, 1.1740464090062723, 0.8780996552247606, 0.6930644742360541, 2.5935076028493027, -0.5975255877551608, -0.579370035546333, 0.6466203542651532, -1.4844875315515287, 0.10309070832257139, 1.1110847310645176, -0.8345344360694247, 0.34989088557908044, -1.280254277957873, -0.5582624097916533, -0.21262962882284153, 0.11754733140757306, -0.6499186662549894] : -1.0
[0.5268318067515694, -0.3218612100152961, -0.3783329931167798, -0.7834506864824325, -0.45425799201712735, -0.13564162745189512, -0.5919944024660402, 1.7407181372106524, -0.004690761690903281, 0.7704282277581236, 0.2785081177602549, -1.0704590584706493, 0.16057250597063383, -1.4855262188964318, -1.4170143534592181, 1.185655129533888, 0.8788423361208212, 1.0316832565667486, 2.359676763022092, -0.86634345657597, -0.25447335873578947, 0.689392113013766, -1.4147491705339899, 1.0155041584258542, 1.335429242589385, -0.9150184548034167, 0.3612498978977946, -1.100607458145883, -0.37810323460466727, -0.02620473720470383, -0.05179991560690772, -0.5597923150813892] : -1.0
[0.4845307848852465, -0.49247378137183606, 0.16186298859858217, -1.038756292519619, 7.118741151206642E-4, -0.04527821013707242, -0.6550616946075151, 1.8625929539366148, 0.49958009632151124, 0.3136508307190605, 0.34465408126659963, -0.5981944070579779, -0.08360574458150513, -0.8772488284476349, -1.6395004814716339, 1.0353631625423425, 0.7472913888483816, 0.9864036753944786, 1.9313733454264594, -0.261976915957995, -0.6618540712480213, 0.17904904140997735, -1.1873723959221327, 0.44164426237698723, 1.4255239636897035, -0.8680346085029313, 0.6697506377804769, -0.6783814707152396, -0.27266072566258265, -0.5706877140392596, 0.25257089590440923, -0.6993016892803992] : -0.5187621983614835
[0.08174053465590764, -0.2819800086791206, -0.012365763855143125, -0.6210644760048999, 0.361238660210934, -0.19617038092626032, -0.7687272722596038, 1.613869750416612, -0.09238649538956259, 0.3338490864777287, 0.5539381072456705, -0.46041858235427124, 0.18069254662448583, -1.6509268186283852, -2.0171133316974954, 0.8007503381924563, 0.9891942414020343, 0.7587133595782768, 1.9722859013864913, 0.28675801166749404, 0.1725033271508667, 0.4773261064939752, -1.1497724578633626, 0.8463688115093977, 1.5032202054788053, -1.023858337674746, 0.7450819784986551, -0.935087548582482, -0.2950108125390042, -0.34083601471945946, 0.07245455591291847, -0.7086634621443444] : -0.47561762549660425
[0.5310923757503756, -0.6443874930122844, -0.250490782376329, -0.8710390895698349, -0.17976817088748548, 0.34484583877023245, -0.7166030833010013, 1.5276399235831086, 0.672256911136438, 0.41027615416504654, 0.4892432098034412, -0.863980540586395, 0.3567099025813312, -1.2055575161635954, -1.4466290299649698, 0.831203905926169, 0.6082957480529254, 0.7208259463764528, 1.7452403774936494, -0.6414786632743693, 0.13629584717133325, 0.2719366008992386, -0.9668630654003513, 0.46953846643224567, 1.4214754557855358, -0.9573633699756693, 0.48619640609568404, -0.5173345528714044, -0.17455093321713613, -0.16907609590724806, -0.020335241103472547, -0.7689444338256874] : -1.0
[0.47420748696490833, -0.26236664705227974, -0.4902885163289318, -1.1336805470654387, -0.09096953956894668, 0.25350445726950516, -0.6193233842904515, 1.3162534920668927, 0.17566130243503242, 0.7361121961678322, 0.3487923645625586, -0.936624652620774, 0.26800958574945394, -1.3161015467852506, -2.0834568888377905, 1.353846080265809, 0.8263222267309492, 0.9314983574491573, 2.2601629225177104, -0.24856353253186547, -0.638025072924091, 1.1435840596565554, -1.433464811575429, 0.6300047609883095, 1.1960936123463113, -0.34630284160986025, 0.3410307632983566, -1.2974994990523225, -0.44062214846953285, -0.034708333396744825, -0.1238570276128028, -0.4475149689399226] : -1.0
[0.6751917490275985, -0.34597233483529444, -0.1587362117297599, -0.8873704012205152, -0.11168639334166879, -0.3238798085311132, -0.714622257975644, 1.374006026479923, 0.14811436456936483, 0.4366880123280904, 0.22743829348184744, -1.021027683438558, 0.1284462340072256, -1.3036965913802157, -1.3533918836716157, 1.350730399372591, 0.6496807862058542, 0.9017466885435368, 2.152998666769433, -0.6787440486725074, -0.2921787621378464, 0.9241877286454716, -1.3925315641172962, 0.7772252276230757, 1.3659535737124393, -0.7004323237669269, 0.3214054509838964, -0.5452894608800767, -0.6569104041712687, 0.44079449868923637, -0.04157174291311309, -0.22165804234584874] : -1.0
[0.33386490161744087, -0.6454554293868491, -0.3014645025588286, -0.971541140607773, -0.14556402973281674, -0.032274040777926935, -0.6241927944389422, 1.620607611955913, -0.19798448172229793, -0.12141458906747926, 0.390593041434794, -0.5980748493237362, 0.5030518603357785, -1.7553869440959753, -1.6867935419872606, 1.2972566629542546, 0.4221000073082769, 0.7221395364109597, 2.0334047215915554, -0.3310666077620368, -0.22624669025674649, 0.8492933925951092, -1.9682331723871138, 0.24176068951789187, 1.4297671693501979, -0.5095304505079299, 0.40243616013378014, -0.7200606755699055, -0.29455008052856363, -0.14675458829643573, -0.1631886943141184, -0.3994692735713228] : -0.46787526390769263
[-0.33468236089188597, -0.4855738721788664, -0.3608338047639064, -0.9748416149281768, 0.07623056053617132, -0.20324809720698347, -0.1968347572158119, 1.5143894072927875, -0.05534539704722263, 0.2591808259410896, 0.38531922715432737, -0.6392304986172992, 0.05049653064809331, -1.1772035016808893, -1.0402427700976995, 1.2256736651620754, 0.9291519435194353, 0.2482232005813204, 2.0231012931820103, -0.43907475044667976, -0.1828809852804532, 0.49142973817487884, -0.7870108129250547, 0.6080971505649723, 1.4525348712930002, -0.5474707189917034, 0.3542651088613413, -0.9901635487438766, -0.12816754939591493, -0.1063166514505994, -0.1792974759945452, -0.7979435266745635] : -1.0
[0.05442605540551704, -0.5862446879848824, -0.31266709957576777, -0.40779365342370083, -0.04127047286357634, 0.09399252247091806, -0.5444483436534341, 1.5128518733875833, -0.031159481987182464, -0.05291716968429583, 0.6069669726051029, -0.7669863323146321, -0.12188082869329561, -1.5317212361854347, -1.3357690291834945, 1.1627292095321653, 1.0954456244666657, 0.7152202873225569, 2.321517539789334, -0.6169323246382561, -0.17831119572212087, 0.63922447382564, -1.3278355722563422, 0.6438352738873391, 1.4718809554650742, -0.8748103375341502, -0.04381248504980051, -0.8820305152548163, -0.47230746253745803, -0.31067351137069954, 0.29478179221973366, -0.662430578435824] : -0.514119104905562
[0.13569518222794044, -0.1251620533798798, -0.2532759918065684, -0.742535733182229, -0.24911001942980937, -0.5788437737909181, -0.044535891902412306, 1.4173959766814175, 0.3339773028485899, 0.6010105755460681, 0.42925578462109537, -0.6256741151586261, 0.19322666107245381, -1.5441458524970106, -1.6375629029411292, 1.4497653977771936, 0.16006877463868285, 1.1429095564302139, 1.848584785210994, -0.45260748298412906, 3.3456274275739384E-4, 0.3362753529213009, -1.5098989208748972, 0.6188293881037094, 0.6979738327044555, -0.9715674068686522, 0.6141818449143605, -0.990069209199807, -0.27250661697644646, 0.08399018418216811, 0.1267396846179953, -0.6982175084368005] : -0.49867764386263763
[0.17575190164137855, -0.4539454419299594, -0.6208410075932558, -0.7205797320366749, -0.17953084359465799, -0.14575542342003023, -0.43417484505781745, 0.9910288818744148, 0.07366254725963138, 0.0647698925511615, 0.5654753684573192, -0.7634116771219803, 0.17989296666814633, -1.5078508273679032, -1.5457415947853987, 1.3121034885624145, 0.5427239045523063, 0.7658434962776911, 2.3807703698798544, -0.7401971729905266, -0.22171078269453293, 0.5427489891707344, -1.5057503902977913, 1.0159382545798663, 1.2191681947002773, -1.1820765286452264, 0.3707905762540009, -1.4546657465117048, -0.07362008810747217, -0.1495189103486168, 0.1756388829740084, -0.7742571755236946] : -0.5287837115201083
[0.1340820644200751, -0.3852428119874526, 0.01732001880099443, -1.206567491086107, -0.2372730544951805, 0.04041955247128491, -0.5212441239964295, 1.4306809149371251, 0.05216659982048889, 0.4592973694692377, 0.449042126742542, -0.9830387487952191, -0.13655356151755568, -1.964264694617784, -1.9042134862659008, 1.085440932345799, 0.6712349821794232, 0.34402251646118776, 1.975491302847751, -0.6081684354332212, -0.07914121185666467, 0.41865806660553606, -1.711897867229623, 0.7765058229352522, 0.9330761632557558, -1.0355440820004742, 0.4747110586357355, -1.244147911048989, -0.5643983412634409, -0.1879359848017048, 0.28928220715711994, -0.63134771125107] : -0.4982604113492099
[0.06416778795527672, -0.47123466953630194, -0.10548016593041826, -0.8646093557365793, -0.019983437990156797, 0.0273009511285755, -0.8318238583022957, 1.518373862041, 0.02396042604883629, 0.9563443906145048, 0.5730318484113184, -1.1799404601448378, 0.06349496134235405, -1.5310433506839862, -1.3058337910376459, 1.1030419101367472, 0.42446301170176504, 0.5425937785955907, 1.8788868230517433, -0.5880016623694918, -0.6667845173111933, 0.7902225993439125, -1.4281667193099292, 0.8202845514145674, 1.147483316143058, -0.7684146174198866, 0.4240016242138059, -0.8466781948564062, -0.18207655938347087, -0.4576246436827515, 0.15340534020819568, -0.5025315828337855] : -1.0
[0.10069399029161294, -0.1107818016778197, -0.6960574618060378, -0.46011401350769476, -0.0893184522567471, 0.1863605469916271, -1.3580829201138966, 1.8469122227021264, -0.010178992950811941, 0.7413433916512048, 0.04403537596282553, -1.196612284793392, 0.24742395081426943, -1.2990987231618374, -1.4587846626689642, 1.0577069298577046, 0.46787927962998405, 0.8941153444479555, 2.698928101008549, -0.8483232641089932, -0.8768094724375126, 0.603704118425888, -0.9754517457518237, 0.6201669184029783, 1.533742305502048, -0.5552031208143908, 0.14471782085269752, -0.7052856122420466, -0.3208156728903608, 0.05640063571595588, 0.020428066117120565, -0.6628302859336529] : -1.0
[0.025044379679478118, -0.36809724445619946, -0.15949860867107452, -0.5916102654058182, -0.2916338417953581, -0.4042183092595069, -0.468975084214338, 2.062004769069828, 0.09496195398367321, 0.4272180395190446, 0.7763746162032599, -0.7101846074844325, 0.2969669323330189, -1.365937290552161, -1.736739049367765, 1.22510032413042, 0.6977385711906073, 0.9540059345900521, 2.3248328578099677, -0.7823002775681089, -0.8630225877629127, 0.2588649026284396, -1.443946668460012, 0.21399807391704073, 1.095679269798455, -0.9419161867007139, 0.45306446560456204, -0.7218178007493815, -0.17781284276349596, -0.4845069778238195, -0.3425463800598546, -0.6948243914450034] : -0.4895749092102051
[0.4014730549941149, -0.605629929362757, -0.5153177209774742, -0.8300348302927485, -0.17810378173293, -0.39893371163515834, -0.5686203948483644, 1.8348423155593419, -0.22515088721313542, 0.12562349324595123, 0.6905792843589236, -1.2339685789253825, 0.2117673221043354, -1.0645168918371986, -1.6353549786375245, 1.0325786602930487, 0.4353683412721622, 0.7477029068289969, 2.3947399668392357, -0.060700214456789414, -0.6457391522704041, 0.7308409417921546, -1.221900098605361, 0.5425059875836604, 1.463287734758324, -0.8746216427891003, 0.3690494619359449, -1.039844958809483, -0.6168659242577899, 0.22680676673777056, -0.03273178009578101, -0.5113575181696117] : -1.0
[-0.009638101946645272, -0.05642539174577088, -0.45932432822658265, -0.40078989573571877, -0.10727884385810676, 0.23832744715782603, -0.04257059489217718, 1.1120753551756564, 0.17887933163555575, 0.17545760229248863, 0.5908049970048591, -1.468714137507844, 0.34877198715470475, -1.4220003835747879, -1.6758989312286445, 1.2552902693329555, 0.2883770111246745, 1.0669609548081889, 2.421735757999789, -0.18726716644242253, 0.13811903269039572, 0.32158231603511117, -1.032461620451322, -0.08884451504378632, 1.1951682077585066, -1.0530359544955321, 0.4323486581161337, -0.5008737176392373, -0.04991606615717745, -0.3841995710173326, -0.21468729309849827, -0.589036537244148] : -0.5661080533807928
[0.3621090388975769, -0.6404331140301643, 0.1543189468105004, -0.5604094707251401, -0.11320551269574042, 0.02142013536177717, -0.5620777037501048, 1.5150451160245322, -0.4724617596417536, 0.5092736806379142, 0.25262865766547177, -1.0739286258300558, 0.49782877268583925, -1.4336623546329719, -1.5938622629385422, 1.3775778642759584, 0.35835252460644595, 0.7783107478417568, 1.9408477010825946, -0.2255142966023317, -0.4974877091584433, 0.8420085403959421, -1.3517429407832016, 0.6982830811879491, 1.3675714336384874, -0.6428578169499859, 0.8469156948524652, -1.0691719613729442, -0.4799244238850417, 0.09449477039661691, -0.022319703529456923, -1.0644973504177615] : -1.0
[0.494414319077521, -0.3224690966218983, -0.44033480672311415, -0.2672236769867462, 0.08679119611887776, -0.45251589926119684, -0.8384462321444208, 1.6753622207705372, 0.21469599145199775, 0.91650322585093, 0.5390199929346995, -0.9001433194141104, 0.3499614088851915, -1.8650689017992124, -1.7534002504830861, 1.3760398443849933, 0.43284783376094915, 0.5081189098457614, 1.8678888901975015, -0.31638371154034395, -0.29719935810896525, 0.5799698187777321, -0.9687348175429917, 0.4034570109962606, 1.2402978262654907, -1.1269974855974594, 1.04355413745564, -0.6592500389636957, -0.11032169918248286, 0.06714315465225143, 0.04864313695020685, -0.5018324721184324] : -1.0
[-0.16216635463882, -0.5145109307496979, 0.14225504113038634, -1.0421186176671149, -0.07751912538458473, -0.3843614582780538, -0.5138935452917782, 1.4225985154064542, 0.03728613386227455, 0.5108781823042429, 0.3973001807170551, -1.0292657019267726, 0.40277289873655975, -1.2875970918999184, -1.3764203617194006, 1.248698413397186, 0.25187304612943884, 0.6387112951838283, 2.149264015814666, -0.6643150843141186, 0.010125435252937964, 1.051924285282966, -1.3817870735501436, 0.539250212165217, 1.34078915582264, -0.9924117231727393, 0.43713943667202526, -0.7878899456878274, -0.2777255007545081, -0.1304987248888158, -0.361348183345968, -0.35314001960982333] : -3.0
[0.11475775921209255, -0.3626871388121478, -0.44072711780864476, -1.1290084611301856, 0.0651631356985552, -0.5511056757938171, -0.26993834069190675, 1.208506629157624, -0.37637048854670263, 0.6520397284013214, 0.7648497247404674, -0.5557327736878916, -0.06479466189884076, -1.4791180576867784, -1.2715841188091117, 1.4931438098336671, 0.531081269117438, 0.6387845735664498, 2.30278467379168, -0.2762027152414242, -0.16195056162408958, 0.3669670481021537, -1.3062797879439205, 1.0481421983680974, 1.5608359559266036, -1.064684703398797, 0.4246120026912593, -0.8885032892612774, -0.1822693168422183, -0.05285441297627459, -0.053425209857399764, -0.6629742519797558] : -0.4979864033785733
[0.39229084808341375, -0.7868670312814992, -0.4016864604225363, -0.712022235384788, 0.1484920549589843, -0.3525168114028347, -0.15757640187799699, 1.3593773257509247, 0.2015521280527109, 0.8109418377739375, 0.6249335948261692, -1.031287622106369, 0.3734289384787238, -1.4115580749920382, -1.7508184061237175, 1.6951985817384163, 0.9992080327787046, 0.5336837973090428, 2.5324947311207855, -0.1391531853195126, -0.43230512485406725, 0.6331856069488235, -1.0751241209554805, 0.6379664963504725, 1.1022558614096902, -0.6991673123215952, 0.2386326838257813, -0.5286183147476261, -0.44591648950284235, -0.17554737372966653, 0.06268704484549958, -0.6387687999732568] : -3.0
[-0.2938004071967132, -0.2478348395167948, -0.21196322928596426, -0.22282916730368657, -0.32659947011441304, -0.41707174168677763, -0.8400204555595077, 1.2284174709348328, 0.28056715840559926, 0.6068033538872591, 0.3225316585960053, -1.1993355233349337, 0.34283029444032964, -1.4968007558314411, -1.725955117263415, 0.9471902609484544, 0.5954271442577784, 0.7610734948491765, 2.5674963745821597, -0.9730760751563341, -0.12277547481335266, 1.101029902496585, -1.4726896578001307, 0.4630531963133734, 1.2943048875985539, -1.052261526748799, 0.3772231204725014, -1.209222781039398, -0.27522385842818653, -0.23074686204943606, 0.22846831540526463, -0.261246700234636] : -1.0
[0.5207622549808335, -0.5123216782472273, -0.5368742356441055, -0.9829426831315251, 0.013853466611495086, -0.051582171065364224, -0.6199097382374932, 1.1038821306268285, 0.08165390664897973, 0.7096080433515386, 0.4841129573685467, -1.1798048542366615, 0.3595622200491223, -1.7961064198846075, -1.6951508955366177, 0.6523892150712833, 0.456564356947481, 0.5267973281224919, 2.4153283532427636, -0.700531643156684, -0.06274638595425014, 0.3944580177566803, -1.311741874680815, 0.8896782760577933, 1.2599500087960644, -0.7271103885166803, 0.030911029004463575, -1.2587769421340445, 0.026122917319368222, 0.025505279130576958, 0.20874503819781792, -0.41493735143610894] : -1.0
[0.20498631866883596, -0.3502388803388968, -0.36210982803017544, -0.7770835023641011, 0.14875548879529332, -0.4204242598502549, -0.39531755277670194, 1.4760037251695963, -0.022414868826916318, 0.5613453739422679, 0.5669392129923333, -0.8228214937548644, 0.7116473246733369, -1.3086821791246412, -1.6383346096001725, 1.5096655602734854, 0.2987390976192528, 0.7010773487026221, 2.6464551671657235, -0.6155622113336032, -0.6015920383432029, 0.4762932689607693, -1.693019516315064, 0.19850341611354416, 1.9218000806981594, -0.9744956051274176, 0.7438016606868636, -0.8160924159496956, -0.405921487744137, -0.44336163441436016, -0.27354469198805703, -0.25628151838872354] : -0.47385094382546167
[0.5724852643672729, -0.35320155030468964, -0.4327981805314392, -0.757920433822275, -0.2585339365607815, -0.16658098595449503, -0.677550122435524, 1.4776870647701295, 0.2961431722013637, 0.08638304788883489, 0.09517314515947928, -1.2305449498979346, -0.1897030243814819, -0.6550868677011995, -1.6621577276248454, 1.3472616853567372, 0.8176167255617359, 0.6462487936097185, 2.2806440404805977, -0.19809733046488054, -0.38694595192072595, 0.17855928509725416, -1.2403084857208755, 0.6205058978782593, 1.2781307549604386, -1.0648274791200447, 0.3355485803916716, -0.9519344328376912, -0.023777051590525344, 0.22123195631488807, 0.3461796317620978, -0.7698478340057977] : -0.4798191243951971
[0.5616790422082949, -0.4592317982480118, 0.1480524538998218, -0.4626704195554416, 0.3504577783141827, -0.37303291472043393, -0.8420404052484481, 1.2610017355006786, 0.1766970166515064, 0.5437074436458231, 0.04258542675973548, -1.0710844121643612, 0.4884487779785252, -1.3955586307685373, -1.723534781780099, 1.032757004353123, 0.38708436194972295, 0.5341928277015926, 2.303438031380875, -0.030065755064220656, -0.29124815816603955, 0.8728908538279432, -1.235636802292382, 0.5665105900410623, 0.7262196196160156, -0.8248336079903574, 0.4378860329539995, -0.445306796663969, -0.6060596387227948, -0.08308349608776727, 0.1968218578341258, -0.7994785681342008] : -1.0
[0.12184441989882484, -0.46350450923250963, -0.40762872099096903, -0.8985090956303441, -0.32788463931853384, -0.35147869839924306, -0.37800824297925756, 1.625201355914718, 0.015030538531084462, 0.48602647243580166, 0.6931086370731182, -0.8262686818470751, 0.3364180910438557, -1.276932999013951, -1.3835183848587953, 1.6139047219368494, 0.3303670390016423, 0.9315649132559627, 2.123493199322783, -0.27385507543879195, -0.2101310070276509, 0.6335269882577585, -1.182633857784415, 0.37102974069035644, 1.2858710359695316, -1.2777340113504894, 0.5649896954225203, -0.5872698158760378, -0.8004970758212582, -0.19806692941988202, -0.21281969277909574, -0.19585326768430644] : -0.4554698250510476
[0.31700518703239255, -0.4491203095317419, -0.06571655278605872, -0.569487256108245, -0.10692150132264598, -0.24438332407580732, -0.2818703934005078, 1.3993784939938516, 0.045496414092300805, 0.2576848917118685, 0.14313220019005557, -1.284635928137576, 0.46918929430700507, -1.2912060433441879, -1.7055909091787032, 1.4507615675242957, 0.7380276512539931, 0.6094479324008533, 2.3861528656939153, -0.2541648487767012, -0.4696674145120453, 0.538156862836629, -1.5131228966906993, 0.513403727955692, 1.2632771304509889, -0.6761884029694035, 0.7494794431633792, -0.7018370493338282, -0.2944464772568564, -0.26598453081760143, -0.2422406341430523, -1.0782419139430797] : -1.0
[0.29364213986097776, -0.3100497761952137, -0.3167053155206516, -0.9393730999487947, 0.23702227847850427, 0.13705844465664688, -0.6488343694306814, 1.6328164414692001, -0.07658051930823552, 0.8530501253428038, 0.41682331659617844, -1.0826731228781905, 0.5195979503816933, -1.3892682361075916, -1.5706527404652038, 1.6120631870707833, 0.6972926886718849, 0.5404401450512434, 2.324468500755862, -0.39439919782915245, -0.06116335776656845, 1.2811580354781538, -1.0362945959246275, 0.744803361418798, 1.268342212996719, -0.8653899557127999, -0.03657094094341051, -0.6937797653434551, -0.19478916963185253, 0.07406293153494722, 0.005422830742067522, -0.5399146661166256] : -1.0
[0.33063285468609005, -0.4319318989129107, -0.5989227652170879, -0.5045016613521285, 0.2506207628590685, -0.2713136254218514, -0.8179374400259146, 1.939653245493436, 0.13699033575708325, 1.0082702790922886, 0.6387620048842859, -0.8851408166718769, 0.4674954610328588, -1.1828245554052332, -1.4160239576533222, 1.4608466176989385, 0.6202784360055723, 0.6571475822979914, 2.4047102990975464, -0.7222396805555901, -0.6955290864863802, 0.6788888130419299, -1.0771719126326438, 0.5065834786062506, 1.293925234909549, -0.8662415215437312, 0.6028432637471178, -0.7231204801361604, -0.4430314288377753, 0.15311870615884496, -0.38905469935749026, -0.32111786514149276] : -1.0
[0.20991663078736453, -0.2626347666439364, -0.4843825573780301, -0.9081847623931891, 0.05392345288927332, -0.1827711929510155, -0.40260638846906943, 1.46614950827551, -0.13380378000696225, 0.8495496569320675, 0.4731519267468224, -1.4091707905215898, 0.16561536611113764, -1.3298389123324277, -1.476638034799119, 1.319928126087589, 0.3522497749722643, 0.3794056369654585, 2.1773633159302888, -0.5504151665772911, -0.12851709819658597, 0.9583082064422835, -1.4790910762639695, 1.0144712623431196, 1.6333963881973643, -0.911933213668875, 0.4224241410833106, -0.9967631346908296, -0.6040319363046391, 0.005609389231301748, -0.12896888138421064, -0.658979120572548] : -3.0
[0.401547711921997, -0.736258221529048, -0.24585113203499526, -0.6827905301202241, 0.182658397258739, -0.16885535766076065, -0.3799944609777445, 1.0670938002650996, -0.19929840762087878, 0.39746848318780936, 0.2623942788542683, -1.0753895304472503, 0.2681709163239599, -1.4736718362117935, -1.3857459221853645, 1.483413452921722, -0.07359795158502441, 0.771843195145186, 2.0543879166343153, -0.7322377989281725, -0.21242002001553603, 0.46382840093616534, -1.2222856290034683, 0.44561837329333165, 1.7557133246462604, -0.42612928289476915, 0.24612839510809192, -1.109335955267794, -0.25189003259590503, -0.35399242968657973, 0.05373950495071313, -0.24189417476335118] : -1.0
[-0.3381143576368549, -0.7426946225501028, 0.20561841414895926, -0.6650189235349737, -0.1650007058094521, 0.07116347369822626, -0.6667030480093477, 1.536283493289899, -0.005331767458698473, 0.9139942432423012, 0.603973822774434, -0.8098189139989513, 0.46693588662377705, -1.0123748604349587, -1.7596711614326033, 1.07522761841583, 0.44142129150491366, 1.0306986957200461, 2.2305151570939934, -0.42522918841216933, -0.5254363997981792, 0.9124932213650738, -0.9785526269805822, 0.6319030292646026, 1.3702746951035443, -0.9841970097533524, 0.31740729468804263, -0.43308709221838465, -0.16764828487244202, -0.35002471180260997, -0.4973277171509114, -0.6334089955074906] : -3.0
[0.19502088598918796, -0.5630177514251402, -0.11208806946718436, -0.8828749931690059, -0.14963782080322985, 0.11487443656491012, -0.5877391934125411, 1.5073280524657713, -0.244035359068712, 0.8298221181536896, 0.40826630620143695, -1.4327860351199517, -0.25563881105815456, -1.5007479226616762, -1.2733016596936166, 1.3683621302511744, 0.22271355815355803, 0.7901231323015064, 2.0902380950960864, 0.41628462422505946, -0.4423750799477175, 0.8497698955875245, -1.5542152023312477, 1.071178504689677, 1.0969249647686115, -0.5464838098615005, 0.43828543858639496, -0.9655308217391885, -0.6619522131937464, -0.08773475026385369, -0.08797122460551633, -0.9715898096165965] : -1.0
[0.45978827996043614, -0.9086741705125921, -0.4240440006091411, -0.9174423828011994, 0.2817173547521572, -0.36557241274162, -0.6000765023707475, 1.663177525062426, 0.03177472755452915, 0.8095920346266844, 0.49616635999617414, -0.9922516650972216, 0.049951038807964254, -1.195022865266343, -1.426241487930708, 0.9904091307094414, 0.2666058136552422, 0.8758815054246477, 2.149975917603647, -0.195053934469554, -0.4335852682357142, 0.9173217824313078, -1.0664729978849596, 0.615081789815453, 1.446765237628878, -0.8489506404385236, 0.45503299002889247, -0.6838940021459307, -0.1887505046522648, -0.02119622642893669, -0.05969640876619242, -0.6604612932686665] : -1.0
[0.5388772537950319, -0.5169499609666216, -0.014921719835869318, -1.220045297624892, -0.17884537154159108, -0.4760554304877823, -0.2644196849425113, 1.2884515536173424, 0.4320423782173813, 1.1637267069501092, 0.3349951765982369, -1.251888725787512, 0.23404622057202695, -1.2890257690287967, -1.2215477881250685, 1.5134948303433486, 0.4726936256205542, 0.7770013473809074, 2.043424431442841, -0.006886957081812473, -0.23221137823928506, 0.7969565597267709, -1.2192976199118355, 0.6101614339442242, 1.080922665414863, -1.0613823414873804, 0.49563190386511413, -0.9713814740283517, -0.29835586055989594, -0.018419302003883753, 0.07081767900691795, -0.6398265642867174] : -1.0
[-0.1043512003570685, -0.48344689107388084, -0.42584082817815133, -0.7948268747505596, -0.14513945687523438, -0.3854505761074748, -1.1497036746673956, 1.6328344844553984, -0.16286223124053525, 0.24919749878482267, 0.43494249618532965, -1.1517716720244249, 0.47017898211944403, -1.5812432368705556, -1.289572075320097, 1.5416639721064336, 0.4184737200554015, 0.8139102123010773, 1.8589937324882908, -0.36359939402630714, -0.6048266854495679, 0.6963254175932962, -1.4868661050882248, 0.534246760303193, 1.4075427027649994, -1.0131159563923782, -0.04669832444405103, -0.9775077645438264, -0.08987414264572888, 0.07631866314280708, -0.18189403379347038, -0.7701515384163528] : -1.0
[0.059719051788614044, -0.5058476217619103, -0.22983451312312192, -0.6772987193193473, -0.19777595682521382, -0.4708702548686208, -0.5341493392952618, 1.5027935441500466, 0.2802231906519105, 0.918427304748395, 0.41247632337065687, -0.8964591593565076, 0.2699259133361336, -1.3861061325954502, -1.4338469273977281, 1.6501083970705623, 0.14089695029439786, 0.3885725224178443, 2.6247011070164827, -0.48758980792428747, -0.06263131587961057, 0.6930049379917538, -1.0719311230770534, 0.5327203050099742, 1.1943701014815764, -1.3535545503597848, 0.03421497252497757, -1.1568900906084336, -0.2873327974221424, -0.34703255568357094, -0.2030689632271367, -0.23629087521034764] : -1.0
[0.08698552731166842, -0.295278117457233, -0.4407575063924187, -0.367482777572764, -0.26195566332551584, -0.41263891219057264, -0.8751091825443593, 1.4266773782650541, 0.28382802875570895, 0.841649387839314, 0.23013184413308055, -1.4273901857500788, 0.39274760929240926, -1.3112607321371954, -1.7901917651037103, 0.9636665824546484, 0.5283959986582438, 0.4691202805384589, 1.648718562850223, -0.291416367830568, -0.45613037493003084, 0.7517605724828341, -1.1542152794600122, 0.4821078077423898, 1.3582053652297625, -0.9595533306985968, 0.4663720652693701, -0.9364074438402914, -0.36071361224291815, -0.08031049472167448, -0.21905556882799765, -0.4317070535397517] : -1.0
[-0.05605728053465772, -0.7040048145335678, -0.13041452856303193, -0.6379705980396655, -0.38100215519112524, 0.13809531853854162, -0.3725185137363263, 1.5294872154406023, 0.10621681445714468, 0.7906430877547006, -0.10458928549553898, -1.1555322860587793, 0.28048457317238096, -1.4387411965117238, -1.4480015941531181, 1.1391692586566942, 0.9395693512772492, 1.1585531200882637, 2.446376814183215, -0.6261669456403505, -0.33346923557471847, 1.0932512091605529, -1.3461532198613408, 0.7165384021608432, 1.2461299153432481, -1.1133711906697898, 0.3151537000273142, -0.2689248200631508, -0.8587185776637893, 0.02607798040560895, -0.2815340738458407, -0.6035437572349698] : -3.0
[0.4683892377088141, -0.2979877311913459, -0.30570829261282917, -0.128864368214621, -0.07675428067695783, 0.13705280126595154, -0.41000849047530796, 1.596626060013081, 0.2966483670972631, 0.4874035201356878, 0.3685598828389131, -1.2231306041284733, 0.2551710031892273, -1.4569755308392287, -1.6925591551339352, 1.2665397500980442, 0.8834948355235352, 0.458930039811949, 1.861698851363627, -0.48314540388931826, -0.3377596125057465, 0.8187364817820535, -1.1037060834164178, 0.6703225217226058, 1.7439018672675353, -0.800468120919869, 0.7200507512653972, -0.6817701078167535, -0.3540990895259861, -0.03186761298528901, 0.3141325715905309, -1.136493767152336] : -1.0
[0.30235301487117955, -0.23770659363456037, -0.2553808093402796, -0.4478107945545185, 0.1740640561267471, -0.19223876812195684, -0.4742055969568154, 1.4687349104272538, -0.1349118004104223, 0.9260316043494179, 0.22647499507247057, -1.1870013826556007, 0.3635119771674056, -1.1165592021828203, -1.3216944482942758, 1.4893979679115157, 0.12415036898737675, 0.6078300571780849, 2.1112546502529344, -0.07188632954295138, 0.3323781264073295, 0.6120129103789915, -1.501524666075932, 0.534011588117634, 1.261731648344737, -0.9318840372346185, 0.5937644696271809, -0.6388538175295857, -0.7800421719302497, -0.24448237638824444, 0.09615933496388246, -0.6574168083192103] : -0.4750627170909535
[0.17013672512041159, -0.4158160720865651, -0.3741330379502904, -0.5761774642086717, -0.1027579606993807, 0.057744094750883074, -0.5823644051599026, 1.075001725246842, 0.4028347138005498, 0.6357781663273409, 0.10956558704661895, -1.1616525205327224, 0.3540781026778842, -0.6433209321006031, -1.6484001731319766, 1.2490547332103572, 0.5676532936765291, 0.7225325795369647, 2.7765410278152336, -0.7558443223738478, -0.3703495014618317, 0.764030127824213, -1.2096813755912303, 0.37207603685080537, 1.1752941477686085, -0.907700045314288, 0.1679416175706243, -0.27771047084979145, -0.6255203428793625, 0.036729799090121376, -0.0940448900664534, -0.6901964413138182] : -3.0
[0.0940611566532715, -0.30412364357700267, -0.308052200069434, -0.5775676012537946, 0.15707157675945893, -0.2118449447199363, -0.5908602052839523, 1.739844567052991, -0.2465004471257378, 0.6118291182036543, 0.5280461233560322, -0.8922356830587728, 0.19960354981944767, -1.3284814724315765, -1.5907346416160812, 1.4585980482625511, 0.535469816092732, 0.5142084344057203, 2.0099011794078954, -0.6706536814544044, -0.7078238343424867, 0.8040046977988142, -1.3130114452532655, 0.9809311264029571, 1.2518678102994045, -0.8766722456313115, 0.026695088359592223, -0.8170324382164891, -0.6210553782410088, -0.04332997813998457, -0.27029416072503365, -0.7834401869363269] : -1.0
[0.29860928358608185, -0.24376405769827164, -0.42854662556782763, -0.8114503380250859, 0.18173540596496707, 0.03121297061569378, -0.5960442099864424, 1.262231539680346, -0.1240059016314173, 0.891967386018477, 0.42747792462672823, -1.144786879409391, 0.5003107796153752, -1.939241116335546, -1.8315860085275146, 1.116210302667782, 0.76142750980669, 0.6711285023943003, 2.490880990553568, -0.41109669164198964, -0.37246705504004896, 0.42199266836014004, -0.8938283696177303, 0.469642974080939, 1.3505340059584212, -1.009070705194881, 0.5676518833146548, -0.4845745618184956, -0.6379077076228388, 0.18318915601019659, 0.05776857782850209, -0.725950515040072] : -1.0
[-0.04369211719408564, -0.8043162230027211, -0.24319608341268184, -0.5236392895342001, 0.08624214547040487, -0.41147451164700577, -0.7156808742603105, 1.4973552008387585, 0.1533679877894559, 0.8563062123182564, 0.30718877482738205, -1.3539233449188106, 0.4978565235855593, -1.211034188621895, -1.546770530214781, 1.219287344725138, -0.18557844196833312, 0.45160677293578805, 2.509707814903623, -0.11683620936366812, -0.46732346641844136, 0.9788373687433092, -1.1025029614671347, 0.5119310136317188, 0.9912925904626689, -0.6008695665162682, 0.548452045425905, -0.7944180366485534, -0.34799802929094314, -0.16328477988515738, 0.11547490242589376, -0.6788745020939468] : -5.0
[0.12545172725132153, -0.8899715462710811, -0.2151301369282762, -0.6997295108787409, 0.21790393583124035, -0.18674660027817142, -0.36496621276996843, 1.4077045915632151, -0.10588078633075787, 0.787740586076728, 0.7550265059748897, -1.0923075669381117, -0.02419898075403276, -0.6922324847280313, -1.7406749154588705, 1.2561773354673098, 0.5774979936553583, 0.2519673362878419, 2.7595530314774077, -0.46393331282877387, -0.30637233309298856, 0.9746164736409755, -1.131551292999025, 0.29551729493879986, 1.1582199219192124, -0.7200977744490001, 0.28620724002306125, -0.945644528659307, -0.22395309446725192, -0.10346908413830451, -0.06005376635188436, -0.5211658243145703] : -1.0
[0.4310727103962609, -0.743679744224256, 0.035582374990602045, -0.5218266254598579, 0.3995180930411357, 0.21396936957248336, -0.5538608679033187, 1.6627731896993192, -0.404550602869116, 1.0797671143945817, 0.07480024240006378, -0.9751106533352472, 0.13454876109182803, -1.1885148151003964, -1.4086542975958374, 1.3568524997237876, 0.28207206782789157, 0.8287350260969253, 2.191481262475749, -0.30927651180055216, -0.07177666467628152, 0.5735864016580663, -1.296218944252399, 0.7522748988480805, 1.2295704529148428, -1.1429834019108138, 0.5738391240939222, -0.5464876843540761, -0.15651583478543096, 0.06458380465278564, -0.09669839505445352, -0.7232201784323987] : -5.0
[0.038498205815796244, -0.42697421358028237, -0.3663562716380092, -0.7405716684310012, 0.09391270191299486, 0.1263707620999282, -0.44404791047552666, 1.3918186742845327, -0.04959406017041357, 0.5756409576203314, 0.1616158062642841, -1.2586700169097824, 0.30278255408054605, -1.242610889895274, -1.8249878274500648, 1.1197857805133409, 0.14181718244546826, 0.7564000455779416, 2.1904117845658138, 0.04944054535642106, -0.5783556019323636, 1.0322517354880618, -0.9934446063103988, 0.940518668936938, 1.5592779179847416, -0.6414959384241061, 0.2802631797447473, -0.7833291556190694, -0.7945258790535619, -0.030354403690970172, -0.5446368212304473, -0.3266469768597423] : -3.0
[0.21690358893992867, -0.31283749758231877, -0.4131571772837344, -0.4221586487227411, 0.20666989393636273, -0.24958072994500025, -0.3777825466510826, 1.408526442604545, -0.01594759230516256, 0.7542191239021351, 0.7622153497079919, -0.4196823250424452, 0.6034246890776549, -0.81105426198654, -1.6330255050280384, 1.1794378553601066, 0.7004743588258686, 1.1180249213911844, 2.4183244889954967, -0.5034452510210614, -0.31689369622832636, 0.5510372188096782, -0.7735963498990405, 0.7371906747487235, 1.7229920440012843, -0.7275033244605801, 0.6752630434485503, -0.4193306969773361, 0.03900866028923883, -0.1270703615206148, -0.5203400779175784, -0.63146370035633] : -1.0
[-0.1901775164066577, -0.23791358296037096, -0.1813881913858416, -0.36315093544604465, 0.05956118869113528, -0.025564665237118478, -0.605831356407239, 1.514774069691728, -0.7087811025958456, 0.8533877181968679, 0.16073785932208418, -1.641243780090451, -0.09407488122248187, -1.1031542941142871, -1.1798431302462418, 1.3569478295836541, 0.27136414370595585, 0.5031130448248127, 1.9647179497093106, -0.2503050368856483, -0.43817167642131294, 0.9338256436770885, -1.1685813481989735, 0.5280729222851743, 1.0641410925297732, -1.0484954947811262, 0.33153360158477146, -0.760788844261001, -1.074836649713598, -0.39010569184609645, -0.10736833200864315, -0.6379298867706314] : -1.0
[-0.0032098649572752103, -0.8673495713044452, -0.0982389946169037, -1.1025575043911786, -0.08735146289610485, 0.23238555141788458, -0.30797892307117286, 1.1829764867128476, -0.1495846087525534, 0.5264181001202519, 0.37326701321650635, -0.9421003386282625, -0.028797522741216774, -1.2970111122736623, -1.549668156869686, 1.2395892154493413, 0.6311200523004472, 0.7659327255326043, 2.7297499365354323, -0.19700176511094025, -0.626328152688725, 0.6761015283693893, -1.1037258677934607, 0.721713653134455, 1.3454630051880652, -0.8425567206976798, 0.7566955595192104, -0.3891658630787838, -0.5905241935437567, -0.5065593468432014, 0.1903063468151534, -0.7290327483403712] : -0.5651694644581188
[0.49321818066780565, -0.5748473459834775, 0.3576049330280926, -0.7891612599297643, -0.42586783313513915, -0.0708306724877543, -0.37936363349362956, 1.5549773020457223, -0.032438560683715256, 0.4644567399643768, 0.17707247442960872, -0.9194077490341058, 0.3271354552068536, -0.49225396398992416, -1.5009610087028482, 1.2809826282912207, 0.22224475456346574, 0.5837485706130177, 1.8302994432975404, -0.4535815011706749, -0.21104286550371676, 0.6185992642369869, -0.8639153792635624, 0.551909236235487, 1.1460830833394902, -0.5200018560263694, 0.15056520274446328, -0.5658471662701934, -0.11908668343560613, -0.3913917778937402, -0.49215282992740456, -0.443530737952488] : -1.0
[0.17482840682466383, -0.5658779963298898, -0.263879432369791, -0.5594115565098947, 0.0850425142204874, -0.09903427898736808, -0.6296595321098946, 1.6052000349651527, 0.09196556999106441, 1.0353225420213894, -0.007214424614754716, -1.0744421052417579, 0.3985259861901863, -1.3050888816417947, -1.4211732917323423, 1.3025500189461376, 0.03402934459391613, 0.8730272701909156, 2.0602308813983283, -0.3123738793731327, -0.43316561164439354, 0.8869621023455289, -1.6332234675682873, 0.4985329876360668, 1.3261760262026498, -0.6608200494037668, 0.6083541456568208, -0.2592445780456256, -0.20538826966893753, -0.2232099062104094, -0.2171633679859205, -0.842053683985632] : -5.0
[0.5692007764790917, -0.70542126009778, -0.1795268696430778, -0.2464686561697063, 0.14452156128702498, 0.16202232392881807, -0.3114189962584286, 1.4640049389742964, -0.14708246487941284, 0.6684223325475446, 0.3717905989413748, -1.0243849106665865, 0.3906203790829181, -1.6220898485193387, -1.3921386209409154, 1.2920134406543151, 0.03692535906908939, 1.030861375536616, 2.521071869426819, -0.14029068315144141, -0.46635864155385615, 1.0827432873074523, -1.3651557838098922, 0.3707930952011091, 1.2960929623931454, -1.0481458793443859, 0.2973093749633508, -0.6750263224348858, -0.3272637818179992, -0.014467133468259282, 0.12738982678938512, -0.7251290859751726] : -1.0
[0.17687434830535453, -0.596281400820295, 0.1572610907284422, -0.30009360152869125, -0.16302472245464034, -0.0511014807221027, -0.7672487569725588, 1.383150978763808, -0.11099738640770769, 0.78889500406381, 0.1136553670441528, -1.7786314202714404, 0.17499844883961602, -0.7985581074627184, -1.5818747023979818, 1.1399936976960132, 0.2621166205512675, 0.5712140320574078, 2.21350813450564, -0.004408046185929271, 0.03580412203427957, 0.9209564411587347, -1.3441748869567312, 0.753086304394993, 1.148095042137548, -1.0187853491705043, 0.5418023299191064, -0.7130936178661321, -0.5291017243867185, 0.09234875964633377, 0.1164428809246674, -0.7880171568295032] : -3.0
[-0.20247049220686578, -0.7095859126863747, -0.36028955497276716, -0.9776674801846119, 0.308835065240409, -0.2510428088460961, -0.5539526010496421, 1.4004766477776822, -0.2194147514511599, 0.8220754784595694, 0.42363704026385096, -1.3242138349625212, 0.5641366314295484, -1.4073032729447568, -1.5669396152294175, 0.9631140876685707, 0.21851723135119178, 0.7276181589092621, 2.4885975955215907, -0.2155418038985824, -0.27344791013701664, 1.0925610382125037, -1.3175044146736692, 0.8645690170714929, 1.0719680489770287, -0.8723456420660763, 0.33684737005521725, -0.8494497058247374, -0.8409965780887811, -0.35109201598968826, -0.23985202833059527, -0.4918195271639507] : -3.0
[0.13304830341384702, -0.9867117312431211, 0.17477964042830407, -0.28911660736070477, 0.14133064220624678, -0.21670309146742728, -0.5156357914876548, 1.0664413748357071, -0.35633810325610454, 0.5938286735513219, 0.343383460561661, -1.0785300887674936, -0.1858274875779959, -1.2930827829153313, -1.5059883749073724, 0.9836672839300249, 0.2950869113518675, 0.5515319212283447, 2.264904040614123, -0.29637578641648143, -0.06158572377777127, 0.5045041565085464, -0.8512515761913444, 0.24616637106678785, 1.02723069264561, -1.0974799595306552, 0.2894113079270312, -0.4904702252394843, -0.7746372264711534, 0.25143698971465556, 0.0635800165040602, -1.026668382815314] : -5.0
[0.041149425181039534, -0.6991485756033222, -0.4344281631019602, -0.4652585877722377, 0.3366524876476011, 0.21423573357139167, 0.0652740007903524, 1.9110701584009946, -0.020346892692013112, 1.2239200782679012, 0.31933139883826334, -1.1820661811070743, 0.09616853816427681, -1.0871513272287356, -1.775265066329762, 1.3079008078071999, -0.2567320505915591, 0.5154950979832404, 2.1570155381484777, -0.14733699799771896, -0.4654565194267241, 0.825597121332467, -1.107738187108455, 0.6918854462681773, 1.106951617207125, -0.7384421903462959, 0.1774180493283215, -0.337829034382801, -0.321495743329979, -0.15024816681853484, -0.14929297499193572, -1.1014318646445167] : -1.0
[0.22314548216921903, -0.5424531195526668, -0.2691275598499293, -0.051919593431669686, -0.012908596133261993, -0.06345158780558716, -0.5289891824975981, 1.4069613821639617, 0.1868881148904133, 1.2153060998326515, 0.366167975913945, -1.7583870180300267, 0.5334755885670454, -1.400355928998501, -1.6408973855556535, 1.2321226390073283, 0.03277826028811198, 0.7011352997587993, 2.3581902669014663, -0.1604035587154237, -0.6718449781097295, 0.7418187312761197, -0.9467203487386793, 0.3980669402077319, 1.1260602178192831, -0.9169145743728838, 0.6763300825845477, -0.5150538796560815, -0.9759105631755856, 0.2224383642968447, -0.41669488848973174, -0.4617395516449858] : -3.0
[-0.17963544977325338, -0.5525026855442948, -0.06904220987765067, -0.702963729027152, 0.17569727504078303, -0.08284396228288085, -0.28650164791276084, 1.081919233221099, 0.1489299528652792, 0.7180464386540033, 0.21403875930144536, -0.9158530858382401, 0.08978352137078749, -1.4531526269338508, -1.357744507186503, 1.291322843452011, 0.46868852812467554, 0.8023856733615682, 2.2636061925096205, -0.22547445784942988, -0.8853168013004125, 0.7044213717986162, -1.249213674834565, 0.7014308900185309, 1.293814793062945, -1.077459646678101, 0.5762237900230429, -0.6893696596964549, -0.4655863627880632, 0.2035519183057129, -0.33675391137413196, -1.045916401937738] : -3.0
[0.26725084966904333, -0.48314483735265223, -0.1512436577172711, -0.5513570030909329, -0.5878516314071126, 0.13904928706033812, -0.7356792938386324, 1.4851265208213607, -0.1307448042919473, 0.8332826971254571, 0.049206020650717996, -1.4416515136592416, 0.4355868657753685, -0.845373693506115, -1.5545127953331637, 1.4617269526206924, 0.04126921039455167, 0.8560709404467599, 1.90662452425084, -0.43769619480254746, -0.37992925908064834, 1.1730951894465715, -0.8219162305062166, 0.6704307390483064, 1.012467396188921, -1.1142875831627475, 0.6106409977158123, -0.8901530012263185, -0.5442889973646923, -0.09336237202543074, -0.19088291284831257, -0.5892979404207643] : -1.0
[-0.281485886343524, -0.15408527393532956, -0.580496497441654, -0.5067720212674109, -0.30650966651550166, -0.017369705474342155, -0.5002711607081533, 1.5826628022956777, 0.034857877923228676, 0.7529358854252449, 0.009436771790641119, -1.4917667194386481, 0.5640720294451802, -1.3990334019324397, -1.5493109156895868, 1.605185941492983, 0.12898335612647313, 0.7311342637317586, 2.427433798657296, -0.5677883358465822, -0.7600664326709875, 1.190837217329781, -0.5949172843480829, 0.39259148541954525, 1.068897927935753, -0.6689143295532498, 0.3524047717647879, -1.1419331797485701, -0.3627699624179179, -0.2972130167585018, -0.07908740769401829, -0.7641812991524758] : -1.0
[0.40673473256587533, -0.500289940825921, -0.46235586541945073, -1.2730519384183818, 0.2477917199050773, -0.23138079471217401, -0.7116197189603825, 1.4240282606625263, -0.046747366394666284, 0.8656152869645188, 0.1906721580793785, -1.2589961834054086, 0.17174065315361484, -1.4292966878941509, -1.3054624098264382, 1.6547165072624987, -0.08903207183327516, 0.5898392396453487, 2.0515485457904337, -0.20260242476013762, -0.24450612822174284, 0.7413216750148311, -1.0138793719789219, 0.6341452775533957, 1.136296352559007, -0.8237946965392907, 0.6225743548546889, -0.3966408921031826, -0.36176907701080563, 0.045021266905534325, -0.17397071994609614, -0.518662516143173] : -1.0
[0.5039498838557833, -0.924444196493, -0.5096304624287431, -0.5091765730561343, 0.034052134704211645, 0.09516642806037498, -0.5028176641328026, 1.6868227556658468, 0.1363435064064483, 0.34397333730017515, -0.06995740262136788, -1.5374738340052034, 0.435201035145433, -1.1711122924802515, -1.6429150759597944, 1.3461246420436164, 0.2099198866884508, 0.8344308057445733, 2.4743678790175037, -0.4514240775844557, -0.8524521628368625, 0.880087884413035, -0.8726613388442198, 0.1478449950828718, 1.0383409773638534, -0.7958027446944034, 0.10464121072657218, -0.6294364329579301, -0.7325546317879361, 0.006616471919605696, -0.024352044636377634, -0.7007135858137411] : -1.0
[0.6391085611435083, -0.8232648718072897, 0.03404852989508353, -0.6212933763489851, -0.042987369871418615, -0.4709620674290824, -0.42055156323296966, 1.8016040742942727, -0.16168338934747545, 0.7333507753120051, 0.23907325923323525, -1.0551573819947535, 0.3281368954474892, -1.16008717046083, -1.9325186982592821, 1.3904829964976813, 0.32453859812027264, 0.7150824955771772, 2.3996372718525936, -0.779980379271272, -0.5423818368191513, 0.7900276540851019, -1.6003800657959302, 0.7588812641539093, 1.4384515169873169, -0.7579696331609681, 0.5895943870780822, -0.33468093433833773, -0.9950571115796771, 0.14948339926504173, -0.5097148990026641, -0.6567590549132379] : -5.0
[0.4765986683485992, -0.6359801086574323, -0.08876366438785764, -0.6189446813373867, 0.08591228376411644, -0.16630115851367258, -0.3645433332452087, 1.7081018608873189, -0.11769231910854493, 0.9722167138025564, 0.0922367695335934, -1.1436000704812055, 0.8127654036359973, -1.216830826362077, -1.5247105729420276, 0.8513075742138514, 0.5889039690057101, 0.8296892661885438, 2.4085550089880288, -0.4959212389927191, -0.14134814174398178, 0.8174367264336242, -1.259572691934715, 0.2908809838439031, 1.1942162775465996, -0.4726058394776749, 0.6207066614017602, -0.21371973525006266, -0.6260263921623128, -0.23625251679351264, 0.2866284001107081, -0.9105578005346031] : -1.0
[0.1842305299103915, -0.716122001093004, -0.24941200364746793, -0.607281729982341, -0.004260240344299185, 0.0755395071843789, -0.3275277814955275, 1.4894677966799985, -0.2048601725067645, 0.9661255117490417, -0.14117067557187885, -1.373447800078536, 0.2708540840153504, -1.2637975751308845, -1.4869372896922997, 1.1174548589295252, -0.006710863611725432, 0.5189535381707154, 1.8872662700030411, -0.40403757969690235, -0.28208172647558616, 0.7294364041531539, -1.7662976746186354, 0.5586101451280584, 1.0503418582258741, -0.887563078359523, 0.3774713392443265, -0.4953945282636077, -0.8203655739474831, -0.0528395036047484, 0.23962314854643033, -1.1626505740848834] : -1.0
[0.0025252717191176777, -0.7575501896378287, -0.15865930010123558, -0.6046404026384798, 0.17678599127030817, 0.1114127315119901, -0.33404862223852405, 1.5766399283189256, -0.22627674737505804, 0.9226273029946757, 0.370260376274885, -1.6235611253090045, 0.01637672082989547, -1.505480802306595, -1.5246190890131186, 0.6991448982455124, 0.3227326757979031, 0.40304276021151325, 2.527270876796724, -0.22505912011236168, -0.4642932505676187, 1.3910625257539868, -0.893440257197275, 0.3025907569924236, 1.6048682816455608, -0.716863570570785, 0.49708458721541565, -0.34462754021363606, -0.42865679058099226, 0.18602160250101726, -0.2948467941098312, -0.8192691037860014] : -1.0
[0.20852029616047982, -0.776095780756769, 0.4522574929657509, -0.3986948510297136, 0.238165046935813, -0.2415993493481588, -1.0111492118461687, 1.4839145081198752, 0.3466941830720045, 0.9401796948625175, 0.4190289755395966, -1.2626889417893092, 0.44763132022478436, -1.6622379617402312, -1.411724101366175, 0.8169347105561316, 0.16138103452780855, 0.3347306810530976, 2.0767063741424625, -0.24496669889669442, -0.40176211843092874, 0.5969212564229007, -1.1486322933833284, 0.4388761182754027, 0.9519996038209635, -0.5019137583958511, 0.8626226723983067, -0.2726214700959301, -0.6073672807194008, -0.16936373093106116, 0.028701770902750418, -0.5220609430080709] : -1.0
[-0.33499630221189747, -0.902938483233403, 0.006790675488345818, -0.744215734896118, -0.036523122284145504, -0.20976105424815067, -0.7392175780267196, 1.750227108198096, 0.04189390754547227, 1.4068708103222418, 0.007944724308259071, -1.2100030476685466, 0.3725060326795876, -1.2628971740694748, -1.2419289079834885, 1.2242656474428748, 0.5225810117215862, 0.5924496241885694, 2.4007136853475965, -0.10063939364346239, -0.4716294322786454, 0.7395715299705647, -1.2863829588948923, 0.5961950927401191, 1.4749473894964509, -0.9124943323194602, 0.29934890025176863, -0.8095860421546244, -0.21122624647119986, 0.22291811281294507, -0.25482694662974065, -0.6630847554659312] : -3.0
[0.6946756683345587, -0.6263080511216326, -0.34259692004476083, -0.8074821316512089, 0.2754748154584328, -0.8586685433341569, -0.14636569728341364, 1.483372963060426, -0.11319753619146897, 0.7778083136172259, 0.28936378714150573, -1.6392861770507958, 0.034624325690749136, -1.4482641846788533, -1.6655096749990614, 1.7483146025137186, 0.040578819554245915, 0.5160676948387544, 2.5874216322847605, -0.62479960598341, -0.2032132010995134, 0.7734496486913777, -1.5519384358085857, 0.21115187080105668, 1.3985511750948074, -0.554108267845274, 0.8318810440755804, -0.6820845724117297, -0.5978184959972682, -0.27178933335174715, -0.919676723689127, -0.6425039215902162] : -1.0
[0.47344026393930777, -1.0445315442278265, -0.6359560451185207, -0.08169165237287646, 0.031396922570044575, -0.5558140013890411, -0.3112115097539366, 1.3046341008405125, -0.07750907593317777, 0.7359100234791891, 0.2960947712820706, -1.09102408860424, 0.5451159923925379, -1.256596806124687, -1.653789191593411, 1.1099701731170777, 0.26971072927104356, 0.4860308531907813, 2.426964708114593, -0.12205430313704385, -0.4204130354752411, 0.7586938682562033, -0.9679103766541162, 0.7508380696323986, 1.1790183079171395, -0.6174558010566817, 0.38230029149576106, -1.203090275204496, -0.42839745991093253, -0.05597770923250592, 0.18508903508582333, -0.7417347525577449] : -1.0
[0.32123974505919406, -0.7619340717688127, 0.07404296046142753, -0.2658348892909598, 0.20760013771160235, 0.04443212499554927, -0.8934140824303858, 1.3199817302771453, -0.4501669208179401, 0.3414041678813143, 0.10673931829724788, -1.474815781295812, -0.03717597288058325, -0.9995010023862562, -1.6760421378993549, 1.1305318714623174, 0.22840327801806753, 0.738504308587003, 2.124479202370031, 0.12978272952519804, -0.5329205812770724, 1.017172510258531, -0.7686629674337723, 0.42067140226459093, 1.065392342154316, -0.7257541204256582, 0.3413041469879118, -0.7125695605875275, -0.604902656284052, -0.28974646114844604, 0.09821468417871346, -1.2607977805176678] : -1.0
[0.0336346569620975, -0.6486681821890331, 0.37157925841426764, -0.19528474523383998, 0.003027208953094364, -0.21430691744947314, -0.7709533923968228, 1.6204523297383098, -0.07595799695581514, 1.12849751419965, 0.186366014992133, -1.4219941874174726, 0.309957172451802, -0.9161672935724364, -1.78344345380969, 1.0362118213779898, 0.2641303958118935, 0.7811608727118801, 2.7561582675136025, -0.014262400621441962, -0.3331334701240535, 0.725013223552956, -1.3991850357784843, 0.3938158211551618, 1.3596728961842186, -0.757316895146478, 0.599141632391985, -0.06236325316365088, -0.5074579458919601, -0.09245350210883371, -0.2263648469467543, -0.7481048548916983] : -3.0
[0.0114052944728949, -0.46975687092597596, -0.45381414504595363, -0.29497018290004984, 0.06550946664345399, -0.22237760896839387, -0.6593931617574879, 1.0334780302333524, -0.17209055206188778, 1.0026561836518586, 0.2792554083954233, -1.5428164872626233, 0.06657374498218932, -1.4423967630025465, -1.6784329863802552, 1.8621729439048074, 0.04292683348662549, 0.5273856173911311, 2.5091949730507834, -0.08133911097645513, -0.6734113092950149, 0.846469551356392, -1.5854359368577982, 0.37903607265917194, 1.2479255305223838, -0.9122102996515546, 0.5898039238532357, -0.7933059623429335, -0.5416274825702683, -0.21363380458946374, -0.3740875188533952, -0.7011370418074774] : -1.0
[-0.01974000718170843, -0.9750454957139114, -0.6245044545271465, -0.660998123661948, -0.12032343156999845, 0.2091701372777291, -0.20555882698859013, 1.1177574273529045, -0.27780231295063024, 1.000340298738707, 0.21672525924249095, -0.8547217686757007, 0.04100944303915635, -1.487296449852076, -1.526056691118039, 1.0281268967397708, -3.8567249893478595E-4, 0.7839708882560802, 2.2464878682330296, -0.11514183440751641, -0.20641721218263165, 0.8896669065500837, -1.2979665242953522, 0.08691971138758858, 1.6678624387467134, -0.8847267320657657, 0.7390048815792198, -0.25080355513321306, -0.6015571302450772, 0.11691301356964391, -0.060834152988318374, -0.5016566519522445] : -0.5139242085543546
[0.0548874766057533, -0.6886102102436683, 0.0963243380849953, -0.37901884203985503, 0.1271619690750912, -0.4057764757996423, -0.25074531965917796, 1.1341312974728668, -0.16200178586219202, 0.552682917943879, 0.43150427904365635, -0.894729298028547, 0.30713792180327804, -1.3006486142800864, -1.4456273050561625, 1.5063411182722013, 0.1893477902999343, 0.8236883611006387, 2.308014048788342, -0.6811120590633566, -0.7733754027975486, 0.773404917304857, -1.1261557647781486, 0.3471615244772823, 1.3653645617914296, -0.9311760323581456, 0.548679492132289, -0.5200208842806536, -0.6282781518735832, 0.24367214780871715, 0.19194509119843248, -1.1339186819036742] : -3.0
[0.1648712480099555, -0.7882462699473988, -0.2875347468876716, -0.24994052690142257, -0.05402802024549096, -0.013053626686851866, -0.922946731587237, 1.3296062727209974, -0.32838308876112643, 0.5906412640101448, 0.19974755897417615, -1.2876361317578167, 0.30074959592971406, -1.306404196054547, -1.6779448510853041, 1.1402088425447705, -0.0013958973822046084, 0.5334324191219147, 2.21806268523645, 0.004818841566883669, -0.0875196971134061, 0.655788022499365, -1.605858913699272, 0.1875978931029107, 1.242112892491782, -1.1268654098318551, 0.4192529165665583, -0.31550760688870866, -0.6141319989937017, -0.026234357141708953, -0.2611651365756299, -0.9698750327175647] : -0.45002560182051227
[-0.0987774918524229, -0.6960962895478797, 0.20335687928771093, -0.5885551619547476, 0.010429772656334553, 0.09069096529703768, -0.8054638175430228, 1.3411974240853504, -0.02771140601443503, 0.9048704043887077, 0.08905727744968035, -1.4270566752354454, 0.2381997740473141, -0.936500588883177, -0.8629889136841213, 0.9305870839073241, 0.09372348673824292, 0.8839570865746418, 2.367061397811516, -0.25300965948032256, -0.15447554154216142, 0.5183975119694815, -1.0648593761196201, 0.7283980168246669, 0.8867629335681317, -1.0258104069424463, 0.450094457477948, -0.16706044410198662, -0.7228471293104013, -0.05067975149011256, -0.1530863071625484, -0.9927459568080822] : -1.0
[0.2772269622704389, -1.1469026944591025, -0.44226132892302383, -0.7422622938741255, 0.32568110379308196, -0.6973420995512644, -0.4984330977029523, 1.442453354064939, 0.04230804075526616, 0.8838250542810167, 0.26275273886619455, -1.2884079482881197, 0.2637962013076654, -1.1153728166022217, -1.9320072463898394, 1.2045049926598794, -0.03127329493511263, 0.6230501702586895, 2.174164746862646, -0.3395276308397024, -0.20275240615828888, 0.47832406339342415, -1.2834399070038836, 0.23228388383504983, 1.510049963209635, -0.9544589198533919, 0.6570993635136445, -0.5155748341917961, -0.39111789464468655, -0.16218748650799117, -0.1190760958036283, -0.850074393365584] : -0.504375544461337
[-0.42533346129452365, -0.8760289772239177, -0.27809994531056115, -0.11880833448387373, -0.26462433465203683, 0.01859233411033298, -0.2178156541208348, 1.172238843943903, 0.2650803301600464, 1.3360271763392824, 0.10915587839336063, -0.9784107594796597, 0.7270011448596947, -1.0195992413674222, -1.2785964686356253, 1.2105916047916834, 0.14239408088176325, 0.21970625866723809, 2.1682219516275283, -0.10222627117876112, -0.7876771826855644, 0.8782676124174464, -1.4128584268073994, 0.4421148162215325, 1.5698648996263664, -0.6147901050679034, 0.17440337877350154, -0.7432182605453124, -0.5306315445897232, 0.5098948585064951, -0.21491654181708672, -0.706486257927263] : -3.0
[-0.3997236463256012, -1.140377492424193, -0.04948842733345592, -0.5262372123968193, 0.07399483793774911, 0.056153400555901234, -0.6348593319219247, 1.4563435835666245, 0.18939700295494358, 1.0314850463522724, 0.2022616010029916, -1.3207435234963276, 0.28511398170238267, -0.7302487521364295, -1.760348564554705, 1.4652105741514065, 0.41342068425053125, 0.6416640276957828, 2.126643261322705, 0.09470907178282989, -0.26710301262309594, 0.8172173663563265, -1.0223707780294733, 0.5693522811516031, 1.523828971133384, -0.8467360521775413, 0.32020458511951866, -0.5559063592934329, -0.5987349417290755, 0.2047152034221078, 0.014312160163952078, -0.8410454775396138] : -1.0
[-0.13180878403286295, -0.8498607032572452, 0.13014855225166397, -0.5446314805004749, -0.0562238108638303, -0.46071402836848924, -0.5501182475061147, 1.6226376525086874, 0.0983323076869683, 1.2749727264692425, 0.13650666329582872, -1.148943004652656, 0.7852141153316547, -1.4551808449295325, -1.5713650522547196, 1.1545329507490478, 0.24421526228210336, 1.0048044227383446, 2.498581271187854, -0.17041208715731088, 0.010790907035969799, 0.4775237054549957, -1.5024951414166041, 0.42240438761766586, 1.3018840860910728, -0.99528799180722, 0.5631189851218241, -0.4358914889037111, -0.4044613654386036, -0.002475579894181401, 0.003462382565359648, -0.8152920097535158] : -5.0
[0.05230423837412779, -0.6937660758086511, 0.20898248689569127, -0.4364675698435623, -0.053672924897452096, -0.25076107823985994, -0.6303810318634453, 1.7106374924004926, 0.20416855427490638, 1.2791068597687287, 0.10191220613703315, -0.7103254863390324, 0.07772116147381125, -1.1985783866737485, -1.049223242932535, 1.5163894896732595, 0.35756996317874884, 0.7929198408081213, 2.3208895712294058, -0.34652898183874975, -0.6991111293776523, 0.634788971262191, -1.0932300322662596, 0.5637010030294339, 1.6868130925222429, -0.5148407482175429, 0.5524678244974105, -0.5553084465219836, -0.7536416647048136, 0.37232161258334273, 0.09027085572545936, -1.2845300476181931] : -1.0
[0.0336843066349477, -0.7078469995451367, -0.0027015441362647358, -0.9011626942488187, 0.2811116469116483, -0.24122424003139945, -0.6523477847900999, 1.3035912539828958, 0.45053410436423924, 1.437436173895191, 0.27262965117621013, -1.4544507891482694, 0.2904432483041158, -1.193672751133094, -1.520098294219641, 0.9966609976331131, 0.6268430245896022, 0.5166105026226254, 2.1693520558989667, 0.10873205269585151, -0.49892117529202085, 0.5755809496974712, -1.4079126938648907, 0.47705247500186543, 1.8009725793206206, -0.5771819016641553, 0.7138819245487474, -0.4926997617599872, -0.5573829475379397, 0.3317080820890928, -0.4346611136567246, -0.782276213024437] : -5.0
[0.143556867102409, -0.8823770644803051, 0.023115654330383907, -0.5702377429676142, 0.07545771637688653, 0.015667786587236637, -0.645412518751795, 1.493254814097572, 0.01969876010700832, 1.2496388881473375, 0.11806417954281549, -1.0473009323621156, 0.2369304669538222, -0.8884044537462079, -1.568098736601728, 1.4536994016002374, 0.772241713746705, 0.07925457855014495, 2.1987728145021874, 0.08356609050498642, -0.44958002910481487, 1.0996966954908862, -1.428365375171948, 0.6797689572133201, 1.369262063337218, -0.8094184910832235, 0.16425569470394863, 0.0989093471633104, -0.8917426289088546, 0.17319590832710047, -0.09497429945369679, -0.5737204774702799] : -1.0
[0.2545881132107417, -0.4643615285450272, 0.04882270940595798, -0.45507712739551537, 0.060990453598766176, -0.2202244504704048, -0.4925792311558591, 1.33110659552412, -0.3079105200544464, 1.2584787590241016, -0.06622762158137804, -1.132216376951055, 0.2785861549185916, -1.187286130971022, -1.382336159200203, 0.9612687624162732, 0.27362197689443407, 0.5025602227121936, 2.662936710796125, -0.06518406152197354, -0.8085726243192309, 0.6779499310580279, -1.6405360156210453, 0.5414034693150175, 1.1797345256211456, -0.8843779666034753, 0.49966360762202766, -0.42126417079823253, -0.28717602548360355, -0.6334458552498168, -0.08531016241264175, -0.928767783595993] : -3.0
[0.2339580806072335, -0.4736653311809491, 0.06701704581863278, -0.06097502435141028, -0.12854457002968997, -0.20368002551946468, -0.764293262045338, 1.7446498747852055, -0.3740573739641974, 1.2533844041286824, -0.14159675937699118, -1.42608982015469, 0.4243105719343713, -1.618911164738786, -1.2647045692310768, 1.2317890686719222, 0.31589326572922805, 0.676069245781004, 2.4544539453996657, -0.016342194930572818, -0.39745074605748804, 0.8729507202985216, -1.8162082256477583, 0.6247658632557044, 1.7186545101295505, -1.5169387700025498, 0.5622831202298125, -0.22805082239650232, -0.6794853095217188, 0.20000431924980888, 0.22232293589508417, -0.6689555509999665] : -3.0
[-0.14114850252764358, -1.0170328580881058, -0.2058312961471394, -0.4679393510589293, 0.26683978050807433, -0.31376582198956204, -0.5378841258433584, 1.5912661742586491, -0.12393199293833512, 1.1512209329321241, -0.12470332086149932, -1.725493381190748, 0.24662215534548337, -1.525992045103009, -1.5401284166737124, 1.1324332543043936, 0.09396359605545751, 0.9177997841525778, 2.5062120645482513, -0.15955336151255753, -0.5319278776688146, 0.8437793597282557, -1.3035725512838072, 0.44059825444865597, 1.6034452141718705, -0.9022602751646706, 0.8481009611309354, -0.3851615360713167, -0.4563551664559684, -0.01821156040583506, 0.0558908252649785, -1.0159612209792244] : -1.0
[-0.06349017350251246, -0.8636255929900186, -0.044745335884047874, -0.6401786897850015, -0.2989901248908049, -0.2705645672733707, -0.9266996218914891, 1.341637580328032, -0.14308461158988628, 1.0448256149379798, 0.23967913854594763, -1.418315057492031, 0.05913817167518029, -1.2224637600817658, -1.4746469765712014, 1.1161506491507518, 0.15817893445301293, 0.7700720982104969, 2.3042460837263037, -0.15542648751472457, -0.2229424749916832, 0.9541715848965641, -1.2406293036745784, 0.49640142281672944, 1.2420467246022604, -1.1631986323991577, 0.7494130708093225, -0.05833937118065641, -0.4065620905052174, 0.04684075295678004, -0.4328419178271523, -0.7351787312970213] : -1.0
[-0.06848650499913517, -0.9616003827293597, 0.05430828782038394, -0.6700116069785811, 0.20033254347410084, -0.07850807205837614, -0.45540582863435314, 1.6792824695559803, -0.27062388780123725, 0.8941831576977928, -0.06617034232405303, -1.4746141654628375, 0.3558268695944697, -1.5055318762214396, -1.2187957227300512, 1.2585403606254313, 0.353531136614866, 0.7406464625300839, 2.636777183840773, 0.10404695638700201, -0.5580787281061514, 1.0563257530480634, -1.0239074194924256, 0.6038983140239278, 1.309019072730299, -0.9192372050164643, 0.4552656464324327, -0.3937229141273864, -0.2225207341195615, 0.09828752344951132, -0.12006261300476971, -0.7239321501638625] : -1.0
[-0.2866189671046252, -0.6915327672421339, -0.20859069531821017, -0.5279849246464557, -0.06385104807649356, -0.28893924422407397, -0.7162538382914359, 1.445750641118972, 0.07300313587006707, 1.3422559067703719, 0.4428277416221339, -1.75048666485999, 0.07676471064663581, -0.8847990977183066, -1.4172730972825043, 0.9894045464382629, 0.460887160105706, 0.7066501898524533, 2.2054597269680447, -0.1670383012860444, -0.8048263519190921, 1.0138802640546483, -1.2877975556115058, 0.7314184061546689, 1.2994426395876577, -0.7473459321152085, 1.1379291665048281, 0.013656797357434913, -0.6471872184175104, 0.3347574924920203, 0.03986366192207437, -0.325148054285282] : -1.0
[0.293043630079543, -0.7549997285223757, 0.15334721996701167, -0.2763682964628849, 0.27878096163019117, -0.08340500450174247, -0.5924893476419644, 1.2390262897171604, -0.24795679220447697, 0.6831478657318255, -0.004019347159701647, -1.0712019246268714, 0.10092211277802318, -1.0194513792354545, -1.655537790030932, 0.9469419779956132, 0.11247787482011523, 0.6249223456500977, 2.576404850812424, -0.19910736999112036, -0.17031338115296868, 0.7757200498347976, -1.6724036209676563, 0.5706446664422115, 1.0597521726714847, -0.7668090484057215, 0.2053552676478932, -0.35697659190959513, -0.2330008356724404, 0.429561865649289, 0.051429598995701695, -1.0552538752970873] : -1.0
[-0.13963205406531817, -0.7856616260408738, -0.3743438984196864, -0.2806779563667397, -0.4044868352748029, -0.147861570644098, -0.5478288401382989, 1.645924394764601, 0.1493782166588836, 1.3309877342728103, 0.051236143991214345, -1.2671502906470664, 0.12221863106449102, -1.7542609015069863, -1.9649800063644822, 1.3503470062387644, 0.4756733503580518, 0.664016322454399, 2.853559521805828, -0.4210130114327795, -0.5600438829050112, 1.1265510106225272, -1.0834909674818707, 0.30516978967056224, 1.5358606950917808, -0.7208603352607601, 0.35367467573044264, -0.6912181847700333, -0.2805891627879366, 0.24811805647842894, -0.36616708943407894, -0.6435607311628654] : -1.0
[-0.04745740982752622, -0.7928455972444161, 0.19779019243251283, -0.30756744423126886, -0.17326161558976524, -0.40655537129369235, -0.3619225198208589, 1.2728389273798844, -0.564715656926088, 1.6185410797834519, 0.14684821141506105, -0.730141172382681, 0.6297890071366444, -1.3978570776539097, -1.0502254649848766, 1.1272366089906858, 0.422250868503462, 0.5579906717110876, 2.134517394417737, -0.3642361308757015, -0.47757228790080786, 0.5986706532607836, -1.2525680312087748, 0.2578393839936768, 1.4201046226653482, -0.743213769887708, 0.4748080637611637, -0.4669913086420051, -0.12220944564496744, 0.02518215857227045, -0.4209456043605517, -0.8021569885065082] : -1.0
[-0.31692958622670236, -0.7306914774023389, 0.07624463298477852, -0.2587857906490494, 0.5823892559325018, -0.41599499194194134, -0.6661270494406311, 0.9915887282228819, 0.3515089405302566, 1.2035935143693406, 0.08347314871891053, -1.0486172999946999, 0.3352348600649655, -1.1849286488965032, -1.6464610021566686, 0.748371801050541, 0.18842751530595836, 1.0077254363341175, 2.1302896112240424, -0.40763677208188837, -0.5260814044494941, 0.4447614708810358, -1.182971614582995, 0.7466445792692771, 1.5352084610345156, -0.44195533961823624, 0.42300240317459, -0.5220177650380884, -0.34329889224261523, -0.11197937692455982, -0.33330420320985843, -1.0687571352828271] : -1.0
[-0.04668654105982936, -0.7674442426751609, 0.06558992504461539, -0.38380219624775386, -0.2166782215467767, -0.21311715481336624, -0.7955961651433197, 1.679927090731992, 0.3074257888322995, 1.3479018906432634, -0.16334566223347252, -1.0572081022561093, 0.9197066848201165, -1.1099138178684955, -1.3628834564827155, 1.207495860576021, 0.32814745377596033, 0.6939647976705097, 2.5662857608023697, -0.23504630502875562, -0.1522442578063924, 1.1573814627137171, -1.7657705719628203, 0.6356051676104135, 1.8428562098933117, -1.3020470579563264, 0.540445218635637, -0.6700862649505098, -0.5689282454769731, 0.3558153395740095, -0.08666826036197092, -0.566357171654085] : -1.0
[0.2019694270886121, -0.3750929213420653, 0.04292648082197595, -0.33265457767297213, -0.3802975803382319, -0.6577946566338622, -1.0326167910672541, 1.560980998340394, 0.35931505852569845, 1.5459483624415438, -0.15240623194824987, -1.4591169032317217, 0.5331610690840937, -1.4443936699142, -1.6926292527133227, 1.4763905926662828, 0.20799778365881091, 0.537637821191578, 2.3956395214035187, 0.04012173610115892, -0.21028001974794816, 0.026828905633402123, -1.3474504505947682, 0.4952235616576344, 1.6460563825578751, -0.6319471847943219, 0.3390871895799664, -0.25465041400175814, -0.19533511202121245, 0.03993462703386434, -0.71530596036316, -0.996559897835608] : -1.0
[-0.28343353073148786, -0.793968928837759, 0.32565690443786977, -0.34894390270620684, -0.02272513963919364, -0.40084857841955845, -0.40967626651016964, 1.2156714332286795, 0.4113081925395305, 1.3412238020117087, 0.036878672037502336, -1.0404628550250448, 0.3052749691813155, -1.1410733999673848, -1.3430389371068805, 1.3931281597558305, 0.061852824216256985, 0.7306440526370855, 2.227284596811966, -0.36740343197933023, -0.18471329928851, 0.625152173925638, -1.4477819028051204, 0.43522694171243015, 1.6159301848633942, -0.3820190754696417, 0.5031542509772948, -0.3001041179817102, -0.7018967863213756, -0.608616646060824, 0.03913965938890532, -1.0684531026624322] : -1.0
[0.015029792626932173, -0.9308928286010343, -0.0019748546582800553, -0.6995460814852014, 0.17074274736284162, -0.44806547590497997, -0.5805758077382396, 1.7130853348720452, 0.03629155615951506, 1.433248800210956, -0.4478082813575087, -1.5463307606321166, 0.4839113441396555, -1.4680871189548599, -0.8948035101024803, 1.1543409229601371, 0.5626166933934584, 0.7374323755259988, 2.458380887073525, 0.08666771987129497, -0.027363936039687675, 1.1356482287791887, -1.7953329610176485, 0.541067292102851, 1.4625337659406499, -0.5558599363435842, 0.6110501426984107, -0.2933737733770553, -0.9309765120875408, 0.2510849986694682, -0.2516639550419594, -0.5725562934791397] : -1.0
[0.23679029486313075, -0.809151453267233, 0.1393327751011339, -0.21810290700618157, 0.0016850616967020943, -0.6363017428400135, -1.0202070403023245, 1.3186341689717793, -0.3228414110527788, 1.5808902651375947, 0.1456080862497804, -0.954376625781039, 0.5195583174895609, -1.283365065110295, -1.3717274207201484, 1.0052186726934977, 0.1535807925186835, 0.4393075245524675, 2.0610668865247264, -0.18181548145533888, -0.5000670082547103, 0.8819770908933019, -1.5460174246528489, 0.44299698413743416, 1.5300863977179096, -1.1968037943042282, 0.7502611184020069, -0.3106453671629765, -0.9044569691143906, -0.07734646436966804, -0.18680133396987425, -0.9819058338411824] : -1.0
[-0.06889977696007767, -0.9795254820293129, 0.17993455832376565, -0.4434277271806839, -0.29892694851629137, -0.2625588285537278, -0.14078439438340495, 1.7401006508335408, 0.18760328973693624, 1.50761915926075, 0.03640442581867541, -1.0158382366321175, 0.29129661329148837, -1.1140837936085697, -1.527212734364411, 1.309285688963952, 0.508963000623891, 0.6646733793811713, 2.5525658665343167, -0.31481106103448475, -0.23506547884708232, 0.6337708605444615, -1.5811634427729417, 0.26527343974526973, 1.4619403085057974, -0.49827156468578043, 0.5073242379842215, -0.11382208584317866, -0.4362416147301739, 0.11732908549621404, -6.617584227520124E-4, -0.5806319906491105] : -1.0
[0.010266178744443133, -0.9165815977002559, -0.20915180015793788, -0.8421219562685638, 0.07858414247746807, -0.06999796996132418, -0.8556800577209938, 1.4542481307220385, 0.011193322711263415, 1.160193876711112, 0.28899027314773384, -1.2450750372638895, 0.28239453146434595, -1.1249791930840887, -1.7688082322933478, 1.107882483469836, -0.10810910300639615, 0.7998845643890878, 2.3332717177028126, 0.04352099800185007, -0.28702077465448894, 0.9518931890953051, -1.5187893340926204, 0.44002539023718334, 1.7834962854593908, -0.8108675822794303, 0.2080105204862337, -0.527600729856743, -0.23316513531870015, 0.5839064403900895, -0.14490927379033977, -0.571406032475245] : -1.0
[0.028315558112805853, -0.6410608828235582, 0.17821474138365012, -0.3071058246335031, 0.029288300869921572, -0.42463901372152657, -0.4004399550576873, 1.4187838209073111, 0.5537667212384321, 1.2548041138237842, 0.2679227252538422, -1.2591937719278306, 0.6438665528132624, -1.142650213705491, -1.5781525648542891, 1.1887853763902831, 0.5902370847737178, 0.6104087917536222, 2.061199822654491, 0.13692704046775356, -0.30525602176818295, 0.8678345899466363, -1.3965283978579586, 0.3917559722554963, 1.456092519101488, -0.8897653369461914, 0.4785863152420079, -0.28199689011160867, -0.8317068869333131, 0.5148236408471975, 0.23433278543791541, -0.8834352115186354] : -5.0
[0.06840137908802447, -0.8748660437314627, -0.41998031299573513, -0.625273246656066, 0.14342337601763055, -0.43187321034697135, -0.41691540457804904, 1.3357805226598103, 0.2756249518421682, 1.3490669468771486, 0.27551664573288615, -1.249327761082119, 0.555546902852774, -1.277389994772991, -1.1972555453266625, 1.2131341546865033, 0.8655592908438349, 0.6274555555964444, 2.744588490909189, -0.11650436453317721, -0.5023447670859648, 0.8264327601971091, -1.6074052467535784, 1.1034044714904145, 1.3717409265379956, -0.683706021322098, 0.6026862235653841, -0.34134483717451425, -0.4198116081516835, 0.15104130063880716, 0.21858738394939337, -0.5576010610502551] : -3.0
[-0.08475881442818083, -0.48663233251567545, 0.025935644869119465, -0.3204927324535942, -0.2439818109140576, -0.16493285534981275, -0.32081039167182107, 1.7283469722488425, 0.44018033240475957, 0.9374133078193415, 0.09002156592214547, -1.3335029763752078, 0.7823226546303012, -1.213279910177919, -1.3753136920688418, 0.7613553480430489, 0.4626250710709692, 0.9725879689981518, 2.232547622794072, 0.02246845765585409, -0.4379634144365131, 0.2859728469239651, -1.2653099166320103, 0.28259390760305025, 1.5244168490095478, -0.8555977258750335, 0.6703165575988008, 0.10990723616904596, -0.16272999630847934, 0.049755052782980896, -0.2730483738302728, -1.1000406289065658] : -1.0
[-0.006575141234747381, -0.7077171978428274, -0.13103103880164774, -0.6661840982933426, -0.3691863686143702, -0.6323074973583276, -0.37556537156199643, 1.1463445233860332, -0.06824047942114014, 1.0453879161270176, 0.13074557374178386, -1.1845022398619156, 0.7352768587687035, -1.1715849266427756, -1.530951605067788, 1.410282473147524, 0.7463990784222201, 0.3636475635328738, 2.7151179154658376, -0.09146073121449663, 0.020398402907452207, 0.5421760635144994, -1.3390988367414691, 0.9919044245748623, 2.0027148204306977, -0.4950442778048691, 0.5283035065030576, -0.01015746648789112, -0.47407063298570634, 0.2604035414992453, -0.05828447069387452, -1.005728826223641] : -1.0
[-0.35383258406421114, -0.9433465437484969, -0.1831662754471141, -0.7337889201600001, -0.314151791222661, -0.6327991761473333, -0.2480447165780057, 1.0178492034329563, -0.12299377851663396, 1.076744843896475, -0.02318805391671455, -1.1380051302455765, 0.6243491998103718, -1.437092402169897, -1.5732168221843448, 1.217806942058691, 0.29540155919675193, 0.9333826583875651, 2.50708434947226, -0.32486880459789713, -0.2767205719069745, 0.45320547401299893, -1.4465621585111643, 0.38991076679723125, 1.4276674904920252, -0.8503596403364334, 0.5230367314365306, -0.5295190275909174, -0.3100266413950594, 0.14000672776612, 0.006880220738435111, -0.6547811811223305] : -5.0
[-0.11917500425760433, -0.6944494315691572, 0.37354551945784015, -0.7308452717137617, 0.09906422595394164, -0.36364475041073524, 0.07289294034395721, 0.902806140357147, 0.3892331069443168, 1.5233854727629677, 0.5989402052855419, -1.1081930349207667, 0.8594243517223124, -1.6421346860698358, -1.086969530589326, 1.1644147782069811, 0.5913820960312954, 0.6603892097919517, 2.2857066511771613, -0.18201383937799467, -0.6597960644251761, 1.015192502388051, -1.2413642714899595, 0.8268315539202495, 1.4544229725992386, -0.5804066235309921, 0.5360903501502857, -0.6200847391597579, -0.7962933346392497, 0.18741161214694801, 0.22543252307851688, -0.8949486621463677] : -1.0
[0.07515668389890712, -0.9388035910170258, -0.465911245897603, -0.29153346045617634, -0.07733208497369537, -0.2130221948713975, -0.20028108611958811, 1.3608486365521197, 0.2800256787311677, 1.1935169843230524, 0.7492947381201389, -0.8274437947166192, 0.49276688124455853, -1.273143531607025, -1.3631836642641553, 0.7446717413947062, 0.582072361413749, 0.7048857350895794, 1.9649453810009572, 0.12252555602329249, -0.2620646897998864, 0.5124342345728682, -1.1535680490658922, 0.3976233898236744, 1.387591903224629, -0.5193630771384043, 0.40640673971732333, -0.5090039069804497, -0.5811367013568633, 0.22982851147964845, 0.1541713720749464, -0.49657357914738975] : -3.0
[0.15919914348680905, -0.7500986071899124, 0.08678646895336718, -0.09435405820833309, 0.062309304878392785, -0.3400382000457221, -0.20468894354989647, 1.3766113632366597, 0.48086660077969845, 1.4729171619798795, -0.35909808481885186, -1.3286407369459905, 0.36262965149576976, -1.4338929955892694, -1.1731967324107737, 1.4808544248192252, 0.6770232292676062, 1.0194905734798392, 2.534306807019122, 0.12314216450584944, -0.3691855234654939, 0.8736140377350136, -1.1972074964666242, 0.623204967511753, 1.7257021894061793, -0.5819070845352965, 0.47727286023615156, -0.5344580709827988, -0.55741581793357, 0.5719940927736067, -0.15692368600065415, -0.9290301811224977] : -1.0
[-0.2350623226222429, -1.0285538067881705, 0.13647455488857663, -0.6600881169234134, -0.18423088765036216, -0.32052687865785684, -0.4418783306861291, 1.0667498172621863, 0.17218040272248986, 1.3176788139453925, 0.145642202677216, -0.9969892764831585, 0.37522281752752285, -1.30183239871796, -1.318938093460583, 1.2794542630478651, 0.529482719972249, 0.8716902808100828, 2.034256159589393, -0.2337681041749195, -0.4084325419994958, 0.9298393623515327, -1.6707363909983775, 0.5085132387243959, 1.6545525580858167, -0.5726753061201332, 0.5635046491848058, -0.03508267312228458, -0.6798263592182872, 0.5109514342030593, 0.1374363662214243, -0.6804849092144786] : -3.0
[-0.24120645639471155, -0.9637610878062912, 0.08703192737729128, -0.14951257894573944, -0.16071975546781742, -0.7981335886309271, -0.22856304520241855, 1.0835723346090411, 0.2258247155352737, 1.145598135788326, 0.1462828084562414, -0.9052582194640203, 0.4011291279809947, -1.0118081537391088, -1.235888929406725, 1.2139103925396606, 0.3897732135253819, 0.8915882916427026, 2.23474784542906, 0.02872428747097927, -0.4326122540161385, 0.536997173897618, -1.4306862494097226, 1.0141054838304475, 1.3757128665426612, -1.0669026018833137, 0.17054535916213037, -1.0351465072727335, -0.2389195648111322, 0.1198940383015287, -0.2102428730217898, -0.9102611967196661] : -3.0
[-0.04603913705513136, -0.6812761902485479, -0.20166271422095935, -0.3769514213365122, 0.4157639345093163, -0.3221309564372298, -0.678087841828956, 1.076813939586943, 0.046215291506670864, 1.0475420524871168, 0.11822673898325642, -1.378293115253764, 0.43297068400639777, -1.2408029172474462, -1.131148248284319, 1.140971775411318, 0.7666457634112115, 0.6742867238733387, 2.064002688754946, -0.027232012621694904, -0.14006485943656719, 0.25714751688129867, -1.648660751854329, 0.7863673378496766, 1.3673422689605672, -0.8608396802520724, 0.5410974798375665, -0.254968307247903, -0.3306497438530928, -0.014867575806954109, -0.08084966281889822, -0.6662381589962764] : -1.0
[-0.16928084749131922, -1.0560039613463703, -0.19415218135392354, -0.38699435102974156, -0.12003144518104167, -0.8754306904165805, -0.2708373888918447, 1.5680949239465383, 0.16400408376716508, 1.4120043002800915, 0.36642037683906015, -1.0732811338811035, 0.4603621669998083, -1.4427267104458874, -1.445758242365374, 0.9361795251448352, 0.5401018750254029, 0.49495790969846354, 2.3827721994384734, -0.013155580386909727, -0.3332098023559064, 0.3956210224913476, -1.3595777902398434, 0.5719895908671679, 1.75091731337616, -1.311879605727937, 0.2928264184803303, -0.4798119243491544, -0.1404025916806529, 0.3462690590526259, -0.00906041018457214, -0.8515404438531089] : -3.0
[-0.2246804169930561, -0.6467830073544573, 0.17456519863204087, -0.7703061898074002, 0.3485320470404657, -0.16972648639548926, -0.3777846255521292, 1.4559480169867762, -0.07719248304755394, 1.3153756088924013, 0.22191803821921002, -1.079784619571295, 0.6523222052728951, -1.21196182284126, -1.4294537131812004, 0.5051065794071032, 0.5300976535839764, 1.1178760188725378, 2.3433807934287256, -0.0252546880620753, -0.013569007022858903, 0.3612993992115081, -1.5495733299981096, 0.6903861163853753, 1.649430741294746, -0.8166339888272293, 0.4803330051464602, -0.7052382501496035, -0.25548970170246466, -0.003907031487914964, 0.2665231263268297, -1.2308776548332865] : -1.0
[-0.37398192765949984, -0.9421904783425579, -0.18905780822091228, -0.8849273294279358, -0.024434892284855264, -0.12969500357247882, -0.3748038549267723, 1.523521804893317, 0.15868248506354057, 1.6102281617269893, 0.4733423336214356, -1.3418731219242848, 1.1253146955013196, -1.3899679712653619, -1.022063502380142, 1.26810683834722, 0.6858942891098578, 0.27572912738275684, 2.0463128212772244, -0.16487355471397863, -0.5890017211186103, 0.5567696715562643, -1.5741497954800048, 0.497667861369897, 1.7036497540362783, -0.8205432982422335, 0.3480905490063535, -0.35475006192770797, -0.6518746259378382, 0.14624839543249127, 0.11870211244145334, -0.7875439126320714] : -1.0
[0.031343143065297244, -0.8485446199855721, -0.06678791541994751, -0.7770062251819713, -0.1605597714424833, -0.5217658749836634, -0.4485845095954032, 1.091251163833487, 0.16671997460479374, 0.9501967054373466, 0.19241228441358177, -0.8164750356734205, 0.4447548808833146, -1.5155652202833492, -1.4651280718247317, 0.7538175016266764, 0.7551150125281925, 0.6014283674832834, 2.4811514470808067, -0.30783876170062247, -0.4567764702202819, 0.7182453185914901, -1.496039371576829, 0.5675070826552778, 1.254851813797251, -1.1580730350593635, 0.4922807592273477, -0.5588594806314858, -0.5392218438898915, 0.6448852650874545, 0.4520510608570319, -0.90670458840549] : -1.0
[0.1515983274217168, -0.9830922933052625, -0.010692052939072386, -0.5681747193757108, 0.08456354349088535, -0.6826211651611245, -0.09608939798324145, 0.7483436440945916, 0.2842481052752116, 0.9932135084956739, 0.36884560999924687, -0.9929334077682209, 0.7401433982739575, -1.3553291799911475, -1.4814634853512525, 1.0446170866563604, 0.3149229287640556, 0.8076903333753759, 2.2082907601560176, -0.21310705909070712, -0.2921836999701443, 0.5384072612520641, -1.376371801910503, 0.5968401928926904, 1.2938458597804092, -0.9406596837903586, 0.7067671269459318, -0.5945833740638373, -0.22568099502858546, 0.47594965229235753, 0.16655604596371537, -0.7760721400880579] : -1.0
[0.33633380722630396, -0.542384273304389, -0.09590190152729082, -0.8105474849670653, -0.18270245467245988, -0.49536567888270183, -0.029338619542315092, 1.1748866231297346, 0.8676186616797636, 1.2022666958455388, 0.1922013854897548, -1.1712217413558144, 0.3797013790604028, -0.9891534179205983, -1.8088311081869866, 0.7100272811397859, 0.3923933734911294, 0.46710175137658994, 2.0900296951117734, -0.6338210165722974, -0.39616230987055856, 0.8133454603480509, -1.1097578593109563, 0.547806587606809, 1.7133299635907147, -0.5468813026360906, 0.6367412507905407, -0.44059685244512686, -0.6671408433530892, 0.5086881706263335, -0.02073372689521514, -0.5810008648805837] : -1.0
[0.18045774962698907, -0.6963727928651792, 0.07740110485049184, -0.29060068995648763, -0.38834615524408794, -0.13970447833526328, -0.31289300894362576, 1.458715180367256, 0.31625047992627664, 1.1670515179202456, 0.40598744035689877, -1.1812213166550047, 0.4784317904666906, -0.9165983645709743, -1.518041880520778, 1.2039275675943462, 0.4812036060411544, 0.4133831487855197, 2.420833652356694, 0.06374753220855689, -0.4216607794582371, 0.9020905820259896, -1.806955924884857, 0.48530748856996314, 1.2012100280912281, -0.8886827066755487, 0.8713074187246312, -0.5283363261577139, -0.323438539130624, 0.5383136897309211, 0.10869689797228502, -0.9084990986999699] : -1.0
[0.21461580095133193, -0.4453483851532169, -0.3294582943832104, -1.0112432691682811, -0.008621047087394997, -0.5733841981482228, -0.47478076953970755, 1.0634215119422767, -0.12672463655453514, 1.370947324019486, 0.40502242031503055, -1.0550814238769215, 0.9857700619116097, -1.245579157399994, -1.5853439100464757, 1.3047347132714338, 0.5386194091074977, 0.584604179137816, 1.8515468731915583, -0.3999488623557892, -0.31002950840019994, 0.4551312066193179, -1.45927944458487, 0.7682298677049777, 1.3946922944230624, -1.1271905401662639, 0.5404451278553832, -0.517907274719396, -0.5981276921527693, 0.4066084340798335, 0.43145340618727457, -0.8919921522387273] : -3.0
[-0.212187493136339, -0.7243128809728401, -0.2203547045748857, -0.11661672062928674, -0.26734074051750834, -0.7861259889614272, -0.4608820860405275, 1.423020732890058, 0.3576531101805641, 1.1014796591340026, 0.4428734220369198, -0.8695719805474121, 0.6819953546242647, -1.1052274741444579, -1.072513296081464, 1.1252938222140756, 0.4193337458194241, 0.5401397884555754, 1.7616872153304548, -0.08795582957913707, -0.21169987541054103, 0.7468117140599226, -1.3652825218890414, 0.3760410756560906, 1.6775278573300019, -0.876966040447516, 0.6668382109799154, -0.08812400309172247, -0.5232641941907097, 0.8093314282421551, -0.02209564734838647, -0.5800144517736283] : -1.0
[-0.18095759223974683, -0.9059366075298315, -0.075800324531468, -0.5818356191403464, -0.2613284515200063, -0.5448363374074, -0.6149284256953624, 1.2906349192446593, 0.135932865289499, 1.3286845381650252, 0.5256331388954184, -0.9034165820369761, 0.42783013958602306, -1.3334253084390484, -0.9318400923091579, 0.8071507011331005, 0.7134517510678422, 0.4460483875108388, 2.1369002214989723, -0.26793643057177363, -0.078356191637794, 0.43166538750692385, -1.4555379139307343, 0.6257557520632909, 1.3749320726265022, -1.2534024463131836, 0.7170309585212686, -0.4580667845825373, -0.1509619768025141, 0.6091051772036988, -0.09044360922888692, -0.7998438112512829] : -3.0
[0.03499169081193049, -1.0839576400077324, -0.41929378728466743, -0.41829159179060194, 0.11905359435847598, -0.8849125121169283, -0.29644721515898803, 1.2175687976510743, -0.26595854900757143, 1.4484463328419004, 0.4064612766339191, -0.8281704490796172, 0.16763141011234145, -1.22371517301412, -1.534263158872253, 1.2611401171390946, 0.6125409483812447, 1.1380498299424178, 2.7422323564978592, -0.37732860426707765, -0.1415566919520052, 0.2960226370894532, -1.262292925785568, 0.2158556561734029, 1.951915251986914, -0.44083353505941203, 1.1468604610448407E-4, -0.24767349995655016, -0.03097867918510533, 0.17523108218173009, 0.15167107398991442, -0.903098349477654] : -1.0
[-0.3709685002231846, -1.4222948529075317, -0.7525901429642999, 0.14143166224374198, 0.10500376807901321, -0.5094765389336156, -0.23498950874856975, 1.114015364879213, 0.595426214088142, 1.3289098024650385, 0.314069849016985, -0.756257391404694, 0.7010744168391522, -1.228709118358942, -1.3029265397421883, 0.904972794148929, 0.2094420041859988, 0.4435173716096, 2.34282706682032, -0.04953313791124595, -0.13847911611226302, 0.7458230976495499, -1.7471562954644329, 0.35380489278729577, 1.1815209233062125, -1.094048280766069, 0.15939003947669778, -0.7386980642429155, -1.1075569382848383, 0.3242208829916438, 0.2526305909360428, -0.8539007789082316] : -1.0
[-0.03222573682028378, -1.054507882808229, -0.21682385123599632, -0.257459546968669, -0.12072861521965922, -0.4112136641127726, -0.07870269451652667, 1.3477087637802228, -0.2365309008956325, 1.2022345753073265, 0.05176755183361814, -0.8699652507558824, 0.6862156077122328, -1.5035989815749946, -1.2441736768429748, 1.245616789623233, 0.9645757348472752, 0.7086053495877436, 2.266464902989281, -0.18911807341101455, -0.45993285188622823, 0.7961431930697216, -1.2756242796872697, 0.3664434030933035, 1.8018398978173, -0.7683333297236316, 0.523268768978138, -0.4934450147783187, -0.3910797779946039, -0.033069955332865775, -0.06528598162633303, -0.7266983597261307] : -1.0
[0.20255262232347324, -0.9174113400293239, -0.16982905261240025, -0.4863883488385393, -0.15429238155142463, -0.29778946472800627, -0.22557655212509575, 0.7996918248259229, 0.18158493788625285, 1.0511685376628028, 0.0596143929618162, -0.7519741964911704, 0.265470200455049, -1.3809906903022584, -1.4714975238764612, 0.8550190727445054, 0.5363908112307139, 0.9415379576587609, 2.128444559131707, 0.26097810428605706, 0.027990076224007232, 0.8104151756446432, -1.2125459560537724, 0.4765486653050603, 1.3177177294342892, -0.4138756974674449, 0.40531452472550566, -0.3278247393849879, -0.3691921933417379, 0.2981071122896022, 0.19491333228154462, -1.0897625341061477] : -1.0
[-0.34376505501295007, -0.7372033572642348, -0.11175302058784159, -0.3669408656699675, 0.16682991566996347, -0.18212263099520343, -0.45583420903141997, 0.9428353370558249, -0.14340047955425173, 1.5102871973004153, 0.4910824081492972, -0.9917067957303722, 0.30246916651334815, -1.453845097718052, -1.3809042414343553, 0.9615846696180298, 0.6378944023583395, 0.9984775461231812, 2.0379822352116177, -0.028513325680864194, -0.3643641759949411, 0.4582052662330598, -1.3004178763835381, 0.28530326509670856, 1.7091573936405016, -0.7764341880314392, 0.4698106616045003, -0.9811392656236231, -0.6878631584430761, 0.25857624917111954, 0.14548670737582137, -0.4550094603167] : -1.0
[-0.14312747402581855, -0.927267922139913, -0.5927632648907082, -0.3219094720538281, -0.5866966098428595, -0.22996793372903906, -0.612102478616021, 1.227180925841466, 0.27561831032820827, 0.9656464750110291, 0.4422574320006841, -0.86836851492434, 0.6252501958432133, -1.6089877965985542, -1.3841976417045707, 0.8986381806609183, 0.36805951221886835, 1.1314861401715315, 2.156067702699478, -0.0653770651709685, -0.44182959442636155, 0.11979909804158873, -1.7543415321678144, 0.6804592943862908, 1.3286400998866754, -1.119847777606085, -0.2620184818626567, -0.8550662643139797, -0.10825723183760544, 0.27859370600574984, 0.11303857934608402, -0.5798651726971232] : -1.0
[-0.34331709075448313, -0.8767909780326557, 0.2550604960404724, -0.32516603304794467, -0.23946584951123218, -0.50359459160838, -0.4553716288475951, 1.0767485996912909, 0.20544932570578017, 1.5719224996285623, 0.3958080742712804, -1.0383305817923456, 0.6146541133817892, -1.4395504439705247, -1.4055671614831684, 0.9182511262747494, 0.5064200644136688, 0.8218866412743437, 1.741213345488508, -0.1476237636690751, -0.5789458556597831, 0.7209067496270432, -1.4563744659170352, 0.4184093799351633, 1.8310136922883828, -1.0372018677814183, 0.6142243575391317, -0.09904278548062401, -0.7888085479978031, 0.5587468712220752, 0.22863896205640227, -0.6973222667968518] : -1.0
[-0.15326065596416022, -1.0918464170564375, 0.022776131997558846, 0.15754494555782123, -0.3459357888606833, -0.547284675214204, -0.5576180407278635, 1.0236765599211015, 0.49045051211277574, 1.4924166854415035, 0.5033101615760687, -1.3165717644593338, 0.331363000339541, -0.9814101375924406, -1.360864475706754, 1.1558454282389894, 0.734009763186696, 0.818128570581748, 1.726738995585205, 0.0882624794241769, -0.14535249468675984, 1.035530553150874, -1.141239992047001, 0.48227709349723585, 2.044426339945607, -0.6955058488476096, 0.2772040305753064, -0.5632692852656473, -0.3535882988526281, 0.2434152741561051, -0.2638956147333128, -0.5793245556662965] : -1.0
[-0.08840529227202144, -0.8130147254446373, -0.028762312653983255, -0.5008119774060775, -0.20114856320493227, -0.23281266388220478, -0.420165911701754, 0.9558949788104795, 0.2150224773820484, 1.8187139272140795, 0.1931269034760648, -0.8925148748589564, 0.40515468753684647, -1.0331989269203985, -1.3609365741466155, 0.7682262281026044, 0.4908112875309633, 0.9247111976618347, 1.8200250158054885, 0.04516615043017762, -0.5258353745973369, 0.8360460684188511, -1.6520868737034886, 0.5722338429090209, 1.402109555229929, -0.7347388747118321, 0.3498795326766044, -0.356060780432486, -0.409531112781144, 0.24320780556587415, -0.15673717769820053, -0.3437047864514888] : -1.0
[-0.09842432119368383, -0.5070404676167765, -0.0702608875864344, -0.3889574513047592, -0.20212532638308955, -0.5319129193583212, -0.1733807350079599, 0.9040826759553401, 0.1915596002853279, 1.3279216983313125, 0.26290228396280413, -0.7704656613179883, 0.8787100857812451, -1.1821156112713964, -0.7704197224732641, 1.0398968373450066, 0.6442596670588663, 0.2742245006249004, 2.1978179262166537, 0.11912712635319607, -0.2747209315820335, 0.6049423797171276, -1.2271078219724492, 0.408902254602322, 1.5093195758837679, -1.0537717530625983, 0.6155613766850019, -0.31292041260456593, -0.7398090336976562, 0.5152712657555489, 0.36871643032755197, -0.48542873098878814] : -1.0
[-0.05850734246032266, -0.3610184912439973, 0.10765669551109724, -0.469577705062492, -0.06649653200805357, -0.7585608454361417, 0.2506179992337495, 1.2975393411930185, -0.05719437815735312, 0.874636603023401, 0.2105809409877488, -0.734293799900282, 0.6970506210857762, -1.26565885239535, -1.07746513089207, 1.1343559682609012, 0.4851152310857962, 0.5881707158521277, 1.7933973139994743, 0.06534861637864424, -0.25701959149441145, 0.5839140225796695, -1.370204775655742, 0.7685510469859878, 1.5292515424123745, -1.0104552845325567, 0.4098110285648172, -0.4085684805931975, -0.23844533480030577, 0.5295939203343266, 0.4521287246060727, -0.7947352528694797] : -0.46047652851451526
[-0.18358602426294335, -0.6849455521603816, -0.3906663049469108, -0.38681295502088753, -0.3454812407098816, -0.12684661489441856, -0.32208371535339353, 1.4163900473071973, 0.12580233675129265, 1.709626370892635, 0.28767389368273566, -1.0439400631468776, 0.3391600407211631, -1.0272113410952577, -1.303357542210138, 1.3844192287457548, 0.8481735550227973, 0.7316449692437137, 2.2684652544238855, -0.046856232602864645, -0.4911719191256019, 0.479342034885176, -1.4030811774581704, 0.6417416080095569, 1.3992866362746448, -0.6261415055060761, 0.7591100697802052, -0.3582138970458748, -0.6379692360583968, 0.6250972469813441, 0.26139556932679464, -0.6610643817496984] : -1.0
[-0.41796664199822803, -0.5549799933350255, -0.04975227419913769, -0.10693065454221828, -0.4135361930505471, -0.6562469386089661, -0.313511754554693, 1.1852522633612936, 0.33966006290516604, 1.7253496835963176, 0.34882226876899997, -0.9783311524795798, 0.4352291856590238, -1.7350451234756843, -1.4442241503484265, 1.252985547914255, 0.6811428163538559, 0.7106052221600953, 2.1253147318496284, -0.12373174223622078, -0.5351481718013152, 0.7976746126812507, -1.1954256365205422, 0.3374192675198501, 1.551326821509109, -0.9381766831972898, 0.28872193904118004, -0.26226300581503587, -0.18630862254624264, 0.6037379908332846, 0.09735633175157105, -1.1838721121254996] : -1.0
[-0.35402776061464375, -0.9454345635768449, -0.33343251057526074, -0.5811748196355817, -0.2662865358996398, -0.6500488173054532, -0.7798104108068387, 1.2877457371344323, -0.0046626861242516915, 1.1983453596095344, 0.01880172703535221, -1.209181100601731, 0.3492300383412372, -1.3905486949690469, -1.0457495554634304, 1.0480451533866955, 0.5905208568712865, 0.8720004957114825, 2.6778816695534773, -0.3841432050002563, 0.13206655696963163, 0.4800813676776773, -1.4488493054310965, 0.39370982740216176, 1.606632376368857, -1.19941119747498, 0.16891539958421375, -0.7485381701712721, -0.7707362511166929, 0.8977458214972799, 0.272751569291481, -0.8474860770046205] : -1.0
[-0.3702292533389283, -1.0825369186584028, -0.22970878099780923, -0.531182579385994, -0.3675546144291483, -0.6223120088330251, -0.5901897915103854, 1.161143999055633, -0.15453648518990726, 1.5463743467513222, 0.28410655705007903, -0.7719327649096188, 0.3162237262264487, -1.1876679184848071, -0.9622378029591279, 1.0704197816482766, 0.715423701768595, 0.6981137615156704, 2.5284520932999084, 0.07604508439777546, -0.3140418787300582, 0.8169278977181104, -1.1143985931251843, 0.4478663974271479, 1.1661847150835922, -0.8240034260699949, 0.14994413680297247, -0.3003363082331245, -0.03803275233344677, 0.49186394893661034, 0.3384628849006848, -0.49340444076631873] : -1.0
[-0.23590767847041477, -1.5068857520793142, -0.8140821786903545, -0.12816253379216622, -0.30060838707209625, -0.7894286377203186, -0.2548133512555506, 1.2207490198101982, -0.08047373003409433, 1.3229063633417053, 0.40606933721746735, -0.8453050922426083, 0.3990075062887723, -1.1458711785377582, -1.1684454634582406, 0.7527129793234026, 0.5793710724372882, 0.6589958446366275, 2.506373967873804, 0.17207060149943232, -0.19507351988762225, -0.029443021403319447, -1.1451747601894506, 0.7798235530311428, 1.3647010012792231, -0.9718234533013023, 0.7394558609467299, -0.37812663611918174, -0.6839583234779647, 0.33503718936443966, -0.2702280682876502, -0.594455428208644] : -3.0
[-0.32938182865502963, -0.967874359064822, -0.09651850441306115, -0.2618518074065329, -0.3373951992750953, -0.3272739429609888, -0.3980409341305423, 1.7695717462827851, 0.04835939646136746, 1.476791727816988, 0.5322919553566583, -0.8413904063068293, 0.1873438414493681, -1.3055159599906823, -1.3761362646548292, 0.7660425055112393, 0.5705682229021585, 0.8476656292476854, 1.9457877543333746, -0.014350322352078282, -0.22019918703361957, 0.8245612432589634, -1.6620260718521618, 0.22708006457201302, 1.8126743220892805, -0.8229213485584626, 0.7207718897454134, -0.31731009106237223, -0.4531958609704008, 0.17985446955041035, -0.35488029760130246, -0.6851809249587325] : -3.0
[-0.2139716546098511, -0.9104321987162718, -0.722982074254511, -0.2522414635738764, 0.010521216309197612, -0.7178253966485567, -0.32219139252035467, 1.4944264880991225, 0.28121599554177407, 1.4193316690813675, 0.4406410967099863, -0.5267259895925009, 0.26571412295851893, -1.2790089874388093, -1.3614141622435503, 0.6960705177937008, 0.9710183375932571, 0.5165330808871187, 2.0244255201503654, -0.15233269209942837, 0.14750360729392084, 0.5084658656982903, -1.4167365333342992, 0.354822343770318, 1.8298533021266548, -0.6433725181855421, 0.3846267543383428, -0.8405752891856767, -0.22107581914426494, 0.8562295508494355, -0.10556982765716583, -1.0293420023603437] : -1.0
[-0.40051391428718275, -1.1398458387175634, -0.43108167375956347, -0.7643065171715955, 0.10126789040763348, -0.5142276031130018, -0.6328260417278818, 1.8747837328024675, -0.059188293879657045, 1.4104265623558023, 0.7594022870949777, -1.126555295853021, 0.41678469201287593, -1.0444758454074592, -1.2109501612128757, 0.7973664589245205, 0.7661804964302468, 0.4311654396380536, 2.2828120093340356, 0.03449936333179204, -0.2955832941811344, 0.6213916427605874, -1.685610157252955, 0.3790608594115382, 2.0373199893395557, -0.7134659177820232, 0.6612689887602418, -0.6816410391564931, -0.6819761175996548, 0.33694106043440775, 0.3225524675950254, -0.8477059637185761] : -1.0
[-0.10377530746083782, -1.0037282049910046, -0.1186095127675656, -0.4869104754065398, -0.04472763263375011, -0.5039342884271494, -0.6734040954833489, 1.4018816588145357, 0.15302523052019285, 1.4487768016411657, 0.10710455221618764, -0.9547948589912134, 0.42030326539427754, -1.4660685409551284, -1.1464427385856073, 0.6654108458397557, 0.5971029631998953, 0.6826405202567937, 1.9947235666037604, -0.03397705789639324, 0.19187810204044656, 0.8274813425273756, -1.025992795674647, 0.574624349786424, 1.553831420061394, -0.755018225719953, 0.6441018476230935, -0.14938792864523293, -0.31121182226383204, 0.7372498020872338, 0.07474322572950118, -0.6638243096043575] : -1.0
[-0.44400887844345044, -0.8027374549589787, -0.37822847633929335, -0.3510135249697256, -0.08529664868441904, -0.9099742020733939, -0.6251285465259236, 1.2137728281676614, 0.5303363791465068, 1.4439467214436075, 0.5705819366879726, -1.1187683871251166, 0.06542521897290432, -1.2861164464870876, -1.0969308696057734, 0.9047882569769157, 0.6006390688172482, 0.765995822471421, 2.275282612868885, -0.17786075532140797, -0.4507508156102976, 0.5467771871407494, -1.2952841088509635, 0.6197314781377312, 1.8864893451513556, -0.6210234815709037, 0.5573520822071987, -0.26910253216271574, -0.30566289427827625, 0.4853705714319772, -0.1823056146553648, -0.5010118752548783] : -1.0
[-0.2534269369301265, -0.9191359543106203, -0.4013112122845423, -0.4424893316811314, -0.4474005654448803, -0.4054686202832013, -0.7384749555705927, 1.1455708349205578, 0.5860169899020118, 1.0549391424982277, 0.3301885433209995, -0.5310391793372602, 0.2554630790090694, -1.2389788773099866, -1.1607539283248167, 0.5217164091080164, 0.7902873416893691, 0.6158470547914305, 2.124231261943635, -0.09303274412884738, 0.16048138529715364, 0.6106262962004058, -1.5331716390684305, 0.46121323979292733, 1.0732205319270491, -0.677383471498052, 0.455657190119033, -0.522835691782921, -0.38987940996469667, 0.16379037648250028, 0.43127412786647285, -0.6979822730045171] : -1.0
[-0.4852623521011856, -1.0999363115326977, -0.19456451844284114, -0.620025880456671, 0.1279692454756326, -0.8586077080677346, -0.370818216776718, 1.1275994438789887, 0.4195531352455627, 1.2937953198602314, 0.6324963817546605, -1.0993945261623521, 0.5566729378254549, -1.0291014953067856, -1.0290436231757587, 0.9166190896209139, 0.4787223554848264, 0.7051782204396557, 2.142641233166986, -0.5530907905778036, -0.20962668317849179, 0.43056502796605256, -1.1491528126162291, 0.3309984368911517, 1.5649844738943877, -0.7717483147373225, 0.822605608925588, -0.15274726680927167, -0.31438165313188954, 0.3515238564322567, -0.08280934548852938, -0.46582768042833395] : -3.0
[-0.07710532571540293, -0.8054763479224656, -0.13113289596464114, -0.13618964860921304, -0.12235208480530346, -0.8060490752924023, -0.6435648010232583, 1.2717375794369745, 0.057741938867261006, 1.5257765573438782, 0.8887407365310309, -0.7406962604929224, 0.02894098170524184, -1.1487761423190912, -1.048329349337398, 1.2175464218316676, 0.4058866546366026, 0.663177921442773, 2.1400035549886756, 0.06802775103248865, -0.30863856246813415, 0.7003386824352658, -1.2763233946541366, 0.6660108784099954, 1.2740967477175733, -1.1325437395049942, 0.7835749468964954, -0.3819422000430772, -0.43428043814850104, 0.4028171236384366, 0.09855915081679131, -0.6371048872123571] : -1.0
[0.023381747053602298, -0.8376872427627293, -0.5234016863744313, -0.4191094450410833, -0.048804507166763086, -0.5142796234308484, 0.08578301333266486, 1.2328394003914933, 0.1412927216704666, 1.249147228777814, 0.13405193034167334, -0.8402256018983408, 0.2853371829923458, -1.5364609385404662, -1.096805025773474, 0.739920554294418, 0.8393383484848002, 0.6037448347788844, 2.0674123062256013, -0.313549526389016, -0.15011402741182825, 0.337650278988898, -1.5327576768945217, 0.6723325029503765, 1.4627111105770831, -1.2009110766006303, 0.499743390495787, -0.5340135938694353, -0.24302233979678112, 0.5759519524993292, 0.24342891892936544, -1.0551904052997338] : -1.0
[-0.19834284812101327, -1.143079415898199, -0.21221036845514857, -0.21271573410337752, 0.12966749815948536, -0.7773252870192786, -0.4409298731206528, 1.311937386936103, -0.22298770963082215, 1.0695225490646267, 0.733568257632355, -0.7576237180086965, 0.29560619202575966, -1.2003497225308266, -1.1308013522458762, 0.9633648051058187, 0.41760179884424664, 0.7257909055431329, 1.7058763449803602, 0.03242566636406813, -0.11057685177499524, 0.9948097202465834, -1.32389994593202, 0.2976247590648108, 1.5286945826819165, -1.0283433207826753, 0.7073985705174761, -0.28799353564703545, -0.3327769032230616, 0.524626847694067, 0.10921902237184115, -0.7445530749064142] : -1.0
[-0.29992750360598613, -1.235386145559966, -0.6264976284298813, -0.40696184724737117, -0.23871944734651943, -0.7357546636234541, -0.31858047160009983, 1.8099676076963016, -0.27327898886685453, 1.3012974379191875, -0.020310801385415134, -0.8022415457373933, 0.510828144550455, -1.0328108607369864, -0.8880323899256883, 1.0071021821709736, 0.5112995362454094, 0.7412339621505062, 1.98878815899214, -0.876796327892822, -0.02347778469693146, 0.4784805364072706, -0.8787048007028271, 0.6427518193883986, 1.4632934348175468, -0.9195744688150309, 0.5950658980415326, -0.2615253621201736, -0.4005540065066006, 0.36661260600650797, -0.2782202116875271, -0.6507209668036626] : -3.0
[-0.5534324415428873, -1.2263513005049484, 0.03564109335403792, -0.10704036092854358, 0.1435441284351246, -1.114146073561852, -0.5345583076996716, 0.9241713210028809, 0.12354184361208295, 1.3559796819426353, 0.31090340890387813, -0.7831280964736718, 0.14568776286088414, -1.689349401814534, -0.9197142365621815, 1.0610323100279657, 0.3607318949248878, 0.7602899587744636, 2.190384113429417, -0.08175687763846334, -0.4235875909230755, 0.7647671988490872, -1.5014603854325204, 0.48330438698496114, 1.3561478609432365, -1.2501192488623105, 0.482508018084336, -0.9172361724290632, -0.034099214349267104, 0.22985906843337167, -0.1983994708062359, -0.673239461423732] : -1.0
[-0.7773059629496757, -1.4722110096595222, -0.3522230571620403, -0.3884174300871611, -0.07122167722091721, -0.5555792578858485, -0.26533679268984994, 1.2236257769702703, 0.13683594475096839, 1.6438370051587212, 0.3877531720909473, -0.9965716920628692, 0.6621323286111552, -1.4152129060513088, -1.0173677983646363, 1.121399082282185, -0.059817946068738026, 0.741576070506514, 2.160886764382422, -0.0422674019624917, -0.09274281661572069, 0.72282768765964, -1.6075435950287904, 0.24591777868485826, 1.4226051436473497, -0.5453157495864142, 0.47277170696242177, -0.12057437999306159, -0.7554285852217845, 0.10937259002482153, -0.020617969283105178, -0.5345849506767207] : -5.0
[-0.36261701955982506, -1.131838109923122, -0.2850371137471766, 0.0032583273871165663, -0.22213132044323775, -0.3532654377019879, -0.4837132193422128, 1.3338694978410366, 0.481896877471184, 1.6153861618947705, -0.08759322476061543, -1.0876078461018552, 0.6806049545852629, -1.4361957560953926, -1.709084340971275, 0.8547263331307903, 0.5025454380244362, 0.6864442020038994, 2.2509606664927597, 0.14422122462985765, -0.08720932587167449, 0.22095846152853513, -1.1926443506664852, 0.6467022831659796, 1.525888374166709, -0.7635927536574677, 0.43409223664574637, -0.6372573829431231, -0.35998049895162243, 0.3879621131778148, -0.11998977186684574, -0.7497389347367922] : -1.0
[-0.31021954140973135, -0.9108682465009635, -0.3787571477451302, -0.33382908239683307, -0.2977346470791345, -0.7989313622492683, -0.5651169844595028, 1.1431925521219357, 0.049676769295432806, 1.4605847125577276, 0.7315651778182586, -1.1581111078243764, 0.37953552825495096, -1.264344886201895, -0.9329416105335671, 0.7794573059189601, 0.38257630106366336, 0.44590218978130264, 2.3279001930486256, -0.13300910607599997, -0.17287713084170847, 0.38164598609760036, -1.0300404600688822, 0.21312398878003513, 1.7431804581738048, -0.841500716191009, 0.5344263278157066, -0.502724925098135, -0.7720701154067664, 0.01922980892093462, -0.3459982686492532, -1.0710155897195277] : -1.0
[0.16036646913037506, -0.9683009751072599, -0.4960026125705589, -0.448496824826258, -0.49019874022371657, -0.9672788431034596, -0.5072795758226168, 1.4225830028304545, 0.05888613351437502, 1.2402173733368111, 0.192555535527517, -0.9386430750994094, 0.37021584678459485, -1.0715320530053853, -1.1324230132574518, 0.8239590661300933, 0.8655111524536999, -0.09034690553019131, 2.1730847481383426, -0.34299978360619765, -0.5466542716133982, 0.3152667775550737, -1.285870716106832, 0.6216804084128232, 1.7491531257324853, -1.238602234785902, 0.6178111285711486, -0.19762926435640307, -0.40505313590133557, 0.7721575827708993, -0.28424990006092, -0.7512091843650418] : -1.0
[-0.21335701574179472, -1.1277864059810547, 0.13747782094786964, -0.27416038882334454, -0.38698845136356275, -0.43256183816722876, -0.5076079999782935, 1.6464714362585928, 0.41466980390733077, 1.3241469433870887, 0.4620689120963057, -0.7251875711882514, 0.353218064101704, -0.9883635457069244, -1.2734727312936602, 0.8017495747728102, 0.5957535821103375, 0.9197761659769258, 2.369866874761654, -0.19831805309496373, 0.047051507530064235, 0.9224130326747785, -1.5605889679438794, -0.20648632397106736, 1.2479629332423223, -1.020765137769094, 0.42021003030403276, -0.35520660305044743, -0.5729958044071741, 0.33293050600230367, 0.05428949621012444, -0.5554819746321695] : -3.0
[-0.6235347906067514, -1.2374377140302508, -0.35361101879409856, -0.10149477673488344, -0.30674953873904126, -0.8378501107838929, -0.445597060291813, 1.504439595778088, -0.36639846817286537, 1.2239822312823176, 0.4616434516619016, -0.8263356315557285, 0.1642557939919729, -1.3645848335018531, -1.266315860903807, 0.8011069017365021, 0.6263775841820981, 0.6335124140140859, 2.3807967208764365, -0.0819431868434194, -0.21163081643269518, 0.34143183496513785, -1.5804591315578966, 0.3236781224844413, 1.7990582053488624, -1.0837230836689424, 0.5140250265143071, -0.6178244975052347, -0.9471298890116369, 0.4003955634523289, -0.26222304448035755, -0.620855792320895] : -1.0
[-0.47032212250968464, -0.8762632443239124, -0.3626639890473272, -0.30555013848148527, 0.019407786735411603, -0.7761973610083688, -0.711014183437477, 1.5098409358133704, -0.09531654688182976, 1.3310059547072577, -0.117289529843213, -0.9380323269262415, 0.3865158424080069, -1.3142255227480586, -1.0766301633087494, 0.6498688608100835, 0.2875062888519788, 0.44631095049230507, 2.4955877639703505, -0.39118375002426065, -0.2112965236585958, 0.7156779694891785, -1.1241938149194375, 0.13423521864979243, 1.6973528847202752, -0.4870869695088425, 0.5894225151497645, -0.06453678032470472, -0.5244453951234029, 0.43862581795132105, -0.19215650560474098, -0.4850974542692871] : -1.0
[-0.07979085778007261, -0.9445586806171387, -0.20365051312694182, -0.5418035777623996, -0.6143598440679517, -0.5545600535969609, -0.2950034816861653, 1.4678189930326357, 0.16667376043988866, 0.9664617695689137, 0.5682541388373381, -0.6945356382994394, 0.20976827761626712, -1.5976233712940369, -1.504046861398083, 0.8110503561506098, 0.687638684131758, 0.9704776131597408, 2.4992291095714414, -0.3389457449426653, -0.42585576418339954, 0.5847486016125875, -1.3525283943201225, 0.5609727132206194, 1.4503776726478552, -0.9925110566169275, 0.668803258452902, -0.34579660482282476, -0.39985227535445844, 0.06068731009590689, 0.02615788332171956, -0.6918908914596384] : -1.0
[-0.24953399834230527, -0.924099464471327, -0.22754336146315696, 0.20297736414061984, -0.14440257706645795, -0.2976615861851602, -0.692721907266128, 1.6726359451400983, 0.06427710434728276, 1.3179093677058946, 0.28869387247864325, -0.577988500135945, 0.28341855158026863, -1.223583401518351, -1.2931675600356096, 0.9295936333599644, 0.8186349776063556, 0.9187792650449004, 2.441773551430784, -0.29691865946291623, -0.061550881924211875, 0.6859536485361644, -1.574723637834841, 0.5581666652489591, 1.711608416759908, -1.2396817619508445, 0.49146683079779335, -0.3966156858242275, -0.5233383351922156, 0.2394265060763349, -0.3775957771411781, -0.48782020540524396] : -1.0
[-0.5731267787951128, -1.1695723693884619, -0.5196496585929934, -0.1251754231773448, -0.44375062015965566, -0.8809583358042766, -0.4649236467020273, 1.1583693567397344, 0.032663559557887266, 1.537832319579565, 0.2758116412044307, -0.9280681943911226, 0.3950210881193162, -1.4252130994526315, -1.1474037839335829, 0.7864263302271229, 0.8483249761535199, 0.9591206953115115, 2.177670217077152, -0.15172766513813302, -0.6868840756090272, 0.3017596774104324, -1.291608863362908, 0.6352976600987644, 1.6578328459784135, -1.1191800906383709, 0.10484953258765195, -0.17308035675460423, -0.26179823926677737, 0.5267560858799193, -0.24886024269208112, -0.7929797185633168] : -1.0
[-0.35555527289513944, -1.1700965701770416, -0.5221568323446755, -0.3002662504187317, 0.11702986751028266, -0.7340353168965319, -0.3133993216827104, 1.2076441504605926, 0.051568610007079047, 1.2319081927262419, 0.2403758042623054, -0.23699024493904597, 0.3592963730016852, -1.2888600515599458, -1.090608237137318, 0.5183233996583434, 0.8185096338389592, 0.712102113591623, 2.462261758794754, -0.06188902152895699, -0.06785449647923, 0.7571923391564381, -1.294733278616691, 0.532887515270813, 1.493659341910282, -0.8848335469104551, 0.5692283979172883, -0.7596381938741187, -0.3791720102779412, 0.6099889206325122, -0.34270471832812377, -0.9706309154260895] : -1.0
[-0.1742058412134818, -1.0633417543860966, -0.4778082440198077, -0.3028415178230109, -0.7411530791375852, -0.5199166522012879, -0.1766873787536333, 1.397168661098412, 0.06173154362922737, 1.5348265306423323, 0.8541061661897357, -1.0642653725222078, -0.016425637419356653, -1.1424103810356268, -1.6154566643177262, 0.930114758799247, 0.7219323569693653, 0.7526549718382572, 2.385968534334494, -0.11319422548566901, -0.49150029817069907, 0.7014009459191577, -1.0153444004945367, 0.45861237134478605, 1.2522728316200697, -1.1919871984616006, 0.9511713758899861, -0.44259013898652455, -0.47283804635832877, 0.6779293490034419, -0.3164979191237861, -1.0898356914034548] : -1.0
[-1.0498637870019865, -1.1254359454836866, -0.5946929670445706, -0.23316816085236647, -0.13049157443945877, -0.5601708456609922, -0.2976667817193842, 1.6643753997792174, 0.21404040096182042, 1.4232170955821224, -0.04659362505558001, -0.8914407404648149, 0.32569851236160285, -1.2749590837422604, -1.552763070334344, 0.8520245920089138, 0.18599084472189922, 0.4650448308255163, 2.385323012333901, -0.26215373432481914, 0.040614427795401906, 1.0071433896641886, -1.4004650684240798, 0.2990451543759862, 1.2938686411160434, -0.8753438662878013, 0.7108378054639561, -0.2572400666636049, -0.5346779013138316, 0.4051043319301837, -0.19827907886616275, -0.7594037183383049] : -1.0
[-0.5883253686767299, -1.4376390083346997, -0.4966590258510285, -0.8376321660720041, -0.21960289062213686, -0.7240455447247693, -0.42772975773876876, 1.4282185478320049, 0.44399077979104956, 1.5905634507559643, -0.13504681749440683, -0.8799602281403763, -0.019507879322547217, -1.3919964769121398, -0.9048606083650624, 1.0384636143299744, 0.548687476623483, 1.0163522414584918, 2.244190627230278, -0.4283759526763571, -0.04631323206435236, 1.157863536095074, -1.5145700115856178, 0.16010345210270113, 1.6768887549432174, -0.5459376830699202, 0.46625136960985913, 0.018296651775057626, -0.20938909694957175, 0.2843225408350492, -0.15960767233942857, -0.18611224943946025] : -1.0
[-0.15896616900014165, -1.7033021089646097, -0.29730083316177, -0.16141531345418578, -0.19192171525816693, -0.7319182226066661, -0.4690448914632683, 1.2785261901957414, 0.3234163724427417, 1.5078281389711656, 0.39432042350626406, -0.7372633952548888, 0.5191846352032694, -0.8467137137068734, -0.849637160448563, 1.2455168850023033, -0.08687251652422406, 0.66392337847361, 2.3492062244823515, -0.4563807539599437, -0.1418405220469475, 0.5642364064618434, -1.0368960826872162, 0.2120314913909388, 1.5431741647222197, -0.8748016089469138, 0.26908733568172827, -0.3804874214732937, -0.42172840469892553, 0.1865599203227427, -0.21010200375109772, -0.9241626721979446] : -1.0
[-0.5916241382139401, -1.1352335451977038, -0.21636057245389717, -0.48363215466351595, -0.21121971817635365, -0.4437916994420142, -0.4412864578178912, 1.6822847924127677, 0.2830944846081014, 1.6177082549907367, 0.2761758071304184, -0.9013241007209631, 0.4408751868513028, -0.9260832322032051, -0.8945240451304839, 0.798129714906204, 0.16373721206730021, 0.5475584741732635, 2.457566258073089, -0.2839950439018829, 0.054180732336833196, 0.562781453215462, -0.9709839690334503, 0.04844438267273943, 1.5133954931935834, -0.9517658974826879, 0.22667599393995913, -0.4349047407323944, -0.7036751978261184, 0.20187589693560237, -0.5133869257223306, -0.7529080562292285] : -1.0
[-0.3864938053030531, -0.972550816178351, -0.45541706562954687, -0.583086597791244, -0.6034553136765594, -0.5216714345046897, -0.3328243406570755, 1.6366053582175575, 0.17341887844536727, 1.3063385235076226, 0.1503709250339756, -0.8563582868758803, 0.6279196407677482, -1.3033537739430427, -0.7962424434601136, 1.1781906614114588, 0.5384027647051909, 1.052131083626653, 2.1818776830192514, 0.07552755707517295, -0.22202221797723581, 0.3845184464162402, -1.4212051705397921, 0.36853392105339, 1.4110918145398452, -0.7257792538554545, 0.41679766395426976, -0.7650908434980594, -0.4540520281932501, 0.7436217491578476, -0.25862067021748025, -0.7942746116066174] : -1.0
[-0.4093680933233099, -1.5721517034334447, -0.3109704743991115, -0.531096398012428, 0.5336212304778316, -0.4542418025900738, -0.2626966659969271, 1.784231063190116, 0.04574486694226181, 1.7305371677681893, 0.2422896766763952, -1.5077449840383814, 0.5997968347594131, -1.2788931766987681, -0.9688884948057294, 1.179605359152311, 0.28327800070957626, 0.7210504644338256, 2.2326061562146187, -0.37028208983186706, -0.35608758248122224, 0.7010244477897505, -1.3907731331830413, 0.5383599903750976, 1.3774844616325803, -1.1454440675197768, 0.6533129068300627, -0.34206649702551023, -0.5599528730093887, 0.5570294606572401, -0.030609934958767113, -1.2513364152745239] : -1.0
[-0.3158099780840483, -1.7033606416606397, -0.25086976266376987, -0.5229439230388883, 0.1277812648244213, -0.8825771146034673, -0.18436918447387105, 1.055597259240658, 0.3658248390713596, 1.1506077707830347, 0.500533962656109, -0.7968971531775869, 0.6666182357780325, -1.2516657471833672, -0.9271240318086067, 0.6419188056022864, 0.22675877720553744, 0.8929844300549846, 2.1105135540523374, -0.249417241355759, 0.24487550357109333, 0.906197510294939, -1.4524108624180962, 0.8073199974572911, 1.2605754004286098, -0.6709851873892617, 0.23651821252997252, -0.42602676481783563, -0.5439946921360593, 0.07744158240261756, 0.18173444065211497, -0.5137341996348112] : -5.0
[-0.6644870860424551, -1.0353002872531154, -0.25886423728819763, 0.11087765195730231, -0.43220643326935204, -0.3898096745298854, -0.06742027198720313, 1.678557107725618, 0.1413213436842623, 1.3575297453087485, 0.5433399734028346, -1.1561487809477176, 0.5621409092973406, -0.9579981628492046, -0.9737367259544936, 0.7640357816311196, 0.31407316566126237, 0.611822756255993, 2.334201927514259, -0.22390379717241632, -0.35657075351441764, 0.6807650908781128, -1.134652660570305, 0.20851704809981092, 1.066481763754436, -0.8989363319233339, 0.39103475378665675, -0.5261453377093162, -0.2607496305441225, -0.05649161604947789, -0.04967862711652821, -0.5556208912402931] : -1.0
[-0.6779295279424304, -0.9554504212851909, -0.06366889519530192, 0.0397413230531351, -0.42455141670790464, -0.48938295004184496, -0.5244219043224659, 1.9971749366647362, -0.2879238466065617, 1.6539892766132402, 0.09052106399192777, -1.0741682978071148, 0.6219358789591666, -1.0239529549986721, -1.1914197809986802, 1.091156791335964, 0.0974632800219124, 0.7827241222481868, 2.0628781273791357, -0.44446533332936067, 0.25109107869498737, 0.8527534635568708, -1.0432281483888084, -0.06286142203164186, 1.4835592387656011, -0.8630032772212181, 0.7858035570300926, -0.8271215925364457, -0.8288970776746544, 0.5116175254904978, -0.21060587868156655, -0.7885215105254021] : -3.0
[-0.39527735888893695, -1.4409630854283058, -0.1927332522034662, -0.22428874680891153, -0.046041473768705043, -0.8118118273538493, -0.3023458082102416, 1.5528024591701408, 0.11992215182261856, 1.4357471276520986, 0.36904800525731546, -0.7401912337472365, 0.23016310330666145, -1.032870315889898, -0.9956604459796747, 0.8300079818102291, 0.09569130814864663, 0.48301607483953835, 1.9671858701124685, -0.3290980541934433, -0.14878361503438287, 0.8598540738827856, -1.2959608913295093, 0.39390431236294626, 1.771285826447337, -0.41749747417689426, 0.41957386577246436, -0.17822615324705432, -0.7493593580758522, 0.48676983263353524, -0.26645712761965384, -0.8118704682610263] : -3.0
[-0.7076845374844574, -1.0534431959489674, -0.4784360015238366, -0.22282134899896938, -0.3053378273865729, -0.38501817551709455, -0.5499356597989243, 1.4141710714340705, 0.048680511551391574, 1.4741615203480125, 0.4001312808630973, -1.3059904105617357, 0.678384118204954, -1.3413724850779618, -1.0679302806693214, 0.9505508400440132, 0.2858107463621267, 0.9090288661568356, 1.5663166905336223, -0.1725130637668365, -0.19633150073465228, 0.7703063991989605, -0.908185375129157, 0.28804295887097886, 1.4126995043713968, -1.0252384161595003, 0.06370163079617513, -0.414281111341857, -0.35226122443228225, -0.0750771604304204, 0.11021236666639024, -0.7442228332990335] : -3.0
[-0.3673212223625293, -1.1116443042090844, -0.17147588807334324, -0.6049692005783054, -0.29510129117888856, -1.1525814473214653, -0.522727516903127, 1.399462895220544, 0.32103486257815356, 1.5373332123319199, 0.13565603679707514, -0.5430329453827842, 0.8544346385891973, -1.5174655275924327, -0.7325677290641468, 0.7687776474520216, 0.5276033647731234, 0.46213910611048087, 2.2018052751143076, 0.09654427052000841, -0.111689788890696, 0.681124856465387, -1.300435916949807, 0.1093094682527404, 1.8351162382441053, -0.5448717345828054, 0.8755729707795388, -0.44755646349535066, -0.34052892883588776, 0.3656603439445316, 0.08026274543022884, -0.5524776419394649] : -1.0
[-0.38986111812310253, -0.739790605524999, -0.2162181412322033, -0.49958022692684945, 0.39729473506578594, -0.6746114971224009, -0.5551359609346816, 1.200781348362266, 0.14373397173215463, 1.7728813077581265, 0.4766921384180215, -0.5908452655903804, 0.741617315091319, -1.0286436146496418, -1.0889388630934675, 1.2253628028675718, 0.4202067882170093, 0.31806449500000694, 2.512160896570373, 0.09911634566015176, -0.2757772457955213, 0.301735323601025, -1.4591188515243838, 0.0715290871546207, 1.4836514880639322, -0.49562687355780877, 0.6581819104026375, -0.2287487620405184, -0.3548031271729534, 0.37704564133026675, -0.05911222480130742, -0.7138108200656674] : -1.0
[-0.2548604714100918, -1.324807345353551, -0.16202865047351958, -0.07713736228641149, -0.11675059072489463, -0.7237906472508362, -0.4679831200427139, 0.8819219068893193, 0.5288632873438063, 1.6328822004962906, 0.22234266824425658, -1.2465247657674898, 0.3442024169076567, -1.177027397765977, -0.9514362729559767, 0.8932978228220038, 0.7550556707244196, 0.7762631700965535, 2.3613030313415524, -0.1579549608526908, -0.3282226469439453, 0.5625031426621543, -1.4286874639181193, 0.5983707694214806, 1.5601017537035669, -0.7734832288364755, 0.5194640668713341, -0.3502268120596445, -1.0415338199387736, 0.5523696594025134, -0.0254357071862219, -0.6126672746871891] : -1.0
[-0.8092222059320233, -1.7276114641246403, 0.15637303389807594, -0.11619749880997632, -0.5897282283989039, -0.7075735348066408, -0.19322707573003234, 1.6771363787250624, 0.21611052834595645, 1.5364215468177247, 0.044903643132018556, -0.5769018389387304, 0.42631602320916, -1.0521515093228246, -1.025547503459775, 0.948583162416574, 0.2551393665650106, 0.8189391941271911, 1.8249317344708285, -0.8094057806465232, 0.24026060101487368, 0.44138903768928595, -1.223973108216232, -0.1222069291587572, 1.5081213761042351, -0.20103710621870063, 0.7718489370017734, -0.8234192658024179, -0.671763511229381, 0.16234418325179806, -0.1317947215021225, -1.0664209316631812] : -1.0
[-0.4469318549595964, -1.1560935183134082, -0.05028084664088775, -0.5045231251919946, 0.004272559624376462, -0.9879826112431279, -0.025352321248031218, 1.423162488716354, 0.10214154850133089, 1.590089321683215, 0.26676691684687676, -0.962694911547778, 0.7921199305178832, -1.1520234739559763, -0.8870703070336723, 0.9143856051822051, 0.4342701184686571, 0.7702298929923919, 2.094883412740772, -0.458657289913731, -0.29162407672113616, 0.7555117293547452, -1.4336771774107433, 0.41679407019525844, 1.555687171020842, -0.9343466714183375, 0.6650873040465686, -0.8280292507465953, -0.7281630579071032, 0.17324538535203643, -0.2639347102347425, -0.46937000195788103] : -1.0
[-0.3864021881731604, -1.3086651176599224, -0.2932736493368103, -0.34742177944368685, -0.10402558510082323, -0.6667440044396535, -0.12829576717270402, 1.4897960890827284, 0.3058077087389002, 1.3695388366931234, 0.7478533954969302, -0.6873479863336422, 0.9804171281258424, -0.7582543729945611, -1.1179250025951464, 1.1582809446106532, 0.07807613311481744, 0.8686518147230223, 1.7982439039686207, -0.396647211253327, -0.12807691559679074, 0.7569797702277596, -1.1906264695637552, 0.30393844989005403, 1.2908579775434186, -0.685799145758328, 0.4933780542933729, -0.32621880413798504, -0.5867800293920867, 0.23010244818703893, 0.08372797619275135, -0.5546896417809808] : -3.0
[-0.43160832466051346, -1.2893812413238501, -0.7719791478237756, 0.23652828607582854, -0.1747378118622454, -0.8141663765939329, -0.43615213086291355, 1.5355443143556409, 0.18046336241037586, 1.5151773177789898, 0.2326989547081325, -1.1293962934449253, 0.6430324321284658, -0.8312954572233249, -1.3516455137353232, 1.299936842611096, -0.0013869287073282333, 0.9838237804888678, 2.2068312943659434, -0.4740263416213879, 0.24331112080176398, 0.616692625922248, -1.2614499548458282, 0.3265773009086773, 1.649367888758468, -0.4672588569937279, 0.6995141529674294, -0.2720640858639774, -0.4801255935928331, 0.07964174693680276, -0.1171981726224379, -0.8222825481069171] : -3.0
[-0.9056857869428144, -0.9469488288220831, -0.2047954741233966, -0.5601215465040177, -0.21748756395733249, -0.9071572791234874, -0.20899595871998963, 1.6340001555547756, -0.20878482999383255, 1.2389425346861136, 0.12075807691995136, -1.0953232602180483, 0.5870438839627735, -1.24661493151094, -1.4015826643862397, 0.5518973739540934, 0.34366932428209995, 0.7792494490776574, 2.243835492940855, -0.5150136702258155, 0.2262823833155897, 0.8279113604436557, -1.7207248827969768, 0.39526571681037226, 1.306069501047828, -0.968061907376638, 0.3529785516564127, -0.42490157575909693, -0.6779222431347326, 0.36926103025907087, -0.04984137843383503, -1.0308099640489212] : -3.0
[-0.9037949406804405, -1.52001666721239, -0.44854691986512496, -0.5224145210302109, 0.2668971631292019, -0.5470142384382063, 0.043526167808835003, 1.7837293561532337, 0.09482023437803364, 1.6824325244566176, 0.1030119490017398, -1.0531312333504852, 0.6293602416516952, -1.0443152575597907, -1.5322860910419025, 0.9731903331844441, -0.036675094926916896, 0.7220084679112574, 1.7005173796455688, -0.13253704332396976, 0.19463749407324726, 1.2145108683224306, -0.9429757588232899, 0.4557004996124436, 1.211039875813718, -0.5213752540150596, 0.5261713927750932, -0.48020326244397216, -0.8977075061915885, -0.08966687310128063, -0.2166840631831702, -0.4156568441626283] : -1.0
[-0.39612138317452444, -1.340058391392178, 0.09135266907650053, -0.16725516451808653, 0.05445041195309151, -0.5703502008056537, -0.2891321258569195, 1.431662600259836, -0.012932779117705184, 1.5172019499414344, 0.1238518027269615, -1.1513315206282906, 0.5603389501184302, -1.3268528252566052, -1.0432922270379448, 1.034075783371924, 0.17100740519922242, 0.6648440325240286, 1.9429880862600264, -0.6303459633477603, 0.18158249365928242, 1.3871856718316837, -1.3862431432600797, 0.4567297025125684, 1.2000699391289424, -0.7643736325388436, 0.6894955329820026, -0.43331441202918636, -0.8733892677496315, 0.02186509650475052, -0.2060489039605406, -0.6246656009803291] : -1.0
[-0.5753712528937002, -1.0385954045937875, -0.20921411930829134, -0.2982816194263802, -0.6384450155603626, -0.7097860244623644, -0.37812080937939835, 1.3723074419399985, 0.6263688334320577, 1.7442298104509262, 0.11112178420456045, -0.400151346188269, 0.6729069555371304, -1.3194542520305554, -1.0462401853339132, 0.3769400762543457, 0.3078907993408936, 1.099383898511029, 2.354630311686873, -0.17810666589043295, -0.6364163315467278, 0.6279969369322923, -1.4084855847077824, 0.7986594351303028, 1.1069745346829583, -0.8359320771980796, 0.1494671782038035, -0.5170677554440976, -0.06306782460673366, 0.44740114989097257, -0.061769078981571496, -0.4219807706382138] : -1.0
[-0.4852093894299029, -1.3616043724560416, -0.010599031411835658, -0.08075937685907839, -0.4052080784329752, -0.5417882876833524, -0.5465591615556691, 1.840161096178106, 0.07131212074997001, 1.3673017094349476, 0.17442182998673778, -0.8489262472543974, 0.652710749536245, -1.3455652133272658, -1.1645019685521043, 0.8297904541849441, 0.31702272630996964, 0.8764305532596129, 1.9637470466179086, -0.5632294955942383, 0.38615413348752475, 0.8422753485582739, -1.1145239901114676, 0.34371357925393514, 1.3184838977671431, -0.457820573871304, 0.6094150962789394, -0.49233159940238813, -0.9128545565026962, 0.6279895053339655, -0.06240623212121825, -0.5972847995601763] : -1.0
[0.02193930927322929, -1.326282392839757, -0.26038122382940654, -0.29275859311519453, -0.4576570810164156, -0.0691652692353999, -0.2295204613617664, 0.9771375703965595, 0.011372055342815296, 1.4170269683337329, 0.3127762723468846, -0.6072633908388061, 0.5628920569437011, -0.9188833352547182, -0.8562554342001379, 0.6677910606916908, 0.19916507311474083, 1.1975119017805318, 1.9592303226835561, -0.49644418202273255, 0.16362371281135052, 0.7096640237110778, -1.1212659923312784, 0.49025623230031307, 1.299736535985664, -0.7742290466630936, 0.16418767482941843, -0.3509972496079335, -0.5436012967087243, 0.2816221863617043, -0.07722042833424206, -0.9902283803208286] : -3.0
[-0.6597915331505094, -1.1398520712788576, -0.3599926959229857, -0.29193271649343017, -0.16739748110765076, -0.7113972342995444, -0.5237908855333806, 1.3982206787957436, -0.04442121595698739, 1.1332045885640967, 0.1381605805737684, -0.9352428677332736, 0.4326532256744474, -1.3589552565151364, -1.2041205462182583, 0.621297130904528, 0.016985411795391786, 0.8876527962393777, 2.225632649649177, -0.2950528055728287, 0.3131900616789951, 0.5380867398748437, -1.2456725158496897, 0.32821199389839917, 1.131372625609853, -0.5101143193933373, 0.29890027661264484, -0.16374865836317976, -0.7052191080399955, 0.011748982796212837, -0.031931499616805914, -0.515608338683928] : -3.0
[-0.5374665788815504, -1.619624908242691, -0.39939062110474943, -0.5735430204164376, -0.3329309771804581, -0.6124931562283922, -0.1452617249416544, 1.6138076365910343, 0.17388211634822975, 1.3351058896568682, 0.1259445899508202, -0.45978611648117423, 0.523794083685519, -1.2780803613609575, -1.039777864898273, 0.7421391325281516, 0.17190080641662533, 1.145421255825716, 2.1940090159754226, -0.4310687406098314, 0.07605605544621659, 0.959698132920344, -1.2561208897693605, 0.5093516662589046, 1.7138925761132828, -1.0627700569393643, 0.926367344843759, -0.6795119890665758, -0.9454749434146457, 0.2798849715523182, 0.06341989862356334, -1.02790385809403] : -1.0
[-0.355340938142111, -1.5194712647791015, -0.7157848617064275, -0.2960141057504728, 0.011715438526429242, -0.5883473192777999, -0.37718697815840074, 1.374757335128835, 0.3319458413911883, 1.433861933851618, 0.3225508088264856, -0.6426837302108195, 0.8807811715017357, -1.2776345597078553, -0.797693487541468, 0.8904975734115489, 0.11269789180803493, 0.8730484488536764, 1.933718294441444, -0.14251867948422006, 0.022802591965135705, 0.7376897534711981, -1.1829364816444858, 0.4642769888042911, 1.280319712202773, -0.8657564937408546, 0.6080280398175915, -0.42785214176503983, -0.6763124402022841, 0.14401295571665332, 0.15625979880941251, -0.6442291488806499] : -1.0
[-0.4782619120988811, -1.2448742548905143, -0.5622524900697976, -0.5692017088029147, -0.386162017374424, -0.9868985379758095, -0.3682988274638536, 1.4358528771809345, 0.3471520451906319, 1.5874023489139113, 0.14049571867000266, -1.0244038695612645, 0.4102678494599068, -1.08605783835543, -0.9807532911238088, 0.5225525224844711, 0.0897266822844713, 0.5278368043386685, 1.9341417644930778, -0.17191145314141834, 0.34799026166287317, 0.7715862791108442, -1.1241118554104699, 0.13003251697039642, 1.1039630763201265, -0.21856230679947242, 0.4074044824432364, -0.45685614556557363, -0.39377007177187073, 0.3289420796879198, 0.1380393005100241, -0.4719234537839224] : -1.0
[-0.7537082864050315, -1.020591840395397, -0.3370250466132587, -0.16749177883798377, 0.07613337945760518, -0.9429198751035143, -0.022484875990480657, 1.5234112446001495, 0.5535507547733406, 1.3981295168155754, 0.3905170263093141, -0.6658529228751124, 0.6481026093897733, -1.0970209837491776, -1.3205954233658028, 1.091163589883787, 0.04409262030994546, 0.8409006840185896, 2.0483130593071217, -0.4982825364356883, 0.5025115945193521, 0.6696606301674906, -0.9190367813387661, 0.5038847192597824, 0.840454529315167, -0.5581294644908991, 0.7499995895977707, -0.24040954953294347, -0.5788926002563195, 0.10950474792782806, 0.2905522240828775, -0.9581932833498843] : -3.0
[-0.4901402671073752, -1.0384643884135352, -0.3768279282292777, -0.1523602297192601, 0.10187666542921464, -0.4626834745127825, -0.3699635261464759, 1.2830893050851475, 0.48993664329965647, 1.4653950387047145, 0.45967028762744677, -0.8275238289232454, 0.4932880347388568, -0.7449872771125838, -0.8247638263984067, 1.2924523394849436, 0.20448359524663545, 1.0254638317574634, 1.8866015653099963, -0.33975759452052123, 0.33201693607582744, 1.0595893534093013, -1.2728101826338152, 0.02206808257379428, 1.2318862712485432, -0.7658524704406974, 0.2365568022806478, -0.24105254373667886, -0.900976023942385, 2.237794027726281E-5, -0.08239589748758466, -0.8263746060853617] : -1.0
[-0.9237746148620556, -1.1163037498363853, -0.5006088262308969, 0.18735918906324817, -0.6407655697056713, -0.8298805568123035, 0.043772789642701704, 1.1958148602850485, 0.29194625026281046, 1.5867788925610111, 1.0488199801847284, -1.358041415272975, 1.0561373604546276, -0.8581039840035218, -1.2198662377088034, 1.198168751094022, -0.044436634637683964, 0.9213299008988427, 2.0481421155729658, -0.2217869371411775, -0.10547471357758216, 0.833271911366831, -0.9437400945067627, 0.5851336910461152, 1.4566426169073874, -0.5721711263077797, 0.6334298784976142, -0.36316431159857243, -0.715626996651138, 0.10432906914676825, -0.15165061053885187, -0.9143857739876043] : -1.0
[-0.496053270260438, -1.4400527616130505, -0.09604881237452967, -0.024423084785676175, -0.3455793335677829, -0.51042950616631, -0.059838900927762534, 1.2699711654651067, 0.0885689547430018, 1.1899255478925685, 0.3705443981613009, -0.5296434607260891, 0.8521463221630906, -1.2356288229198449, -1.1395214350221414, 0.9541546545810539, 0.40990127753184546, 0.988000432581249, 2.1178576376750855, -0.5688980189941015, 0.4161383209153754, 0.9617368806724869, -1.443376097886935, 0.4111798656038825, 1.5132710596292451, -0.11063405948220784, 0.7625622891375001, -0.23757297865321803, -0.44813903642464387, -0.08592421811691878, 0.14659702464704963, -1.0364074239545025] : -1.0
[-0.5313053657464984, -1.3599973933852878, -0.4303640461145801, -0.21153321841893502, -0.5270085782067375, -0.7848255731969178, -0.18050182100622889, 1.3719585973925035, 0.035997235056429655, 1.3994508764998772, 0.5599357799489793, -0.699627717890563, 0.44910695451261257, -1.336559432176478, -0.9452779985454431, 0.9440600649200476, -0.08453452272305281, 0.7960341694022354, 2.0603772232627344, -0.3938697419559452, 0.047500693537161486, 0.6575491455439695, -1.5898417474673274, 0.2392330226975128, 1.4302719649681384, -0.7198973995172302, 0.38246323921531894, -0.3142287310542114, -0.5543985456120075, 0.8992548459103352, -0.2542605691235734, -0.8957939904549956] : -1.0
[-0.5598819037369019, -1.047919878856248, -0.8461477091166396, -0.3559800423369738, 0.46464645881559363, -0.7435267342842576, -0.6149302263041272, 1.2768412798386886, -0.32361833012705943, 1.0488003698774706, 0.09623376141275558, -1.1985818856654067, 0.5962257488426436, -0.9964861629169788, -0.9749775956632696, 1.0560361578112556, -0.3419432232619394, 1.0792439028827703, 2.066671812643387, -0.6581053493521212, 0.1853702996358548, 0.26498616856468366, -1.7164330559163412, 0.3896550562540807, 1.1627873987607327, -0.3041897508656719, 0.5344703999242352, -0.046325937535084516, -0.9580803582994553, 0.011782247513238031, -0.008719354707289663, -0.48749164121597066] : -1.0
[-0.2081481225990806, -1.1082118736885094, -0.048506979446867604, -0.4538828748689317, 0.08315972983692604, -0.7856609356231958, -0.3907204875014645, 1.2031795426140546, 0.27375968415657936, 1.6425010666597868, 0.5343925168556716, -0.7562527123194337, 1.088244901560695, -0.5690408578381474, -0.9359508014978507, 1.262375252331727, -0.17386047732818044, 1.188118662572105, 2.2946509403652917, -0.6005293354803325, -0.09315285677402425, 0.791020350402699, -1.3950581719249884, -0.09588590968668564, 1.3659508172066959, -0.7370510330538379, 0.49323077876092375, 0.2014269900568178, -0.6052569278639469, 0.11530810063294915, -0.5453386871537373, -0.5118242842811265] : -1.0
[-0.6820791859853035, -1.4720591148728168, -0.6786700008242605, -0.046582051254187795, -0.2660540596469164, -0.7852094743659971, 0.025166908141713906, 1.1782037319969665, 0.15154027729499986, 1.5333975793225267, 0.42316221651437963, -0.9158560959907918, 0.5244597689785626, -1.1118457323931368, -1.2133546980402496, 0.5338036169601459, 0.5464758930030755, 0.9676834033387203, 1.844071513024769, -0.10991095400256512, 0.08124924200413433, 0.3339016220117772, -1.326769822922371, 0.12340759790643585, 1.8147485758365196, -1.0962859337956905, 0.40993336100806055, -0.29678808307397847, -0.7162033373796761, 0.13957847046909477, 0.02854140646134861, -0.48571617599900735] : -3.0
[-0.5667123385757922, -1.5452133938676398, -0.6529021180954602, -0.4646541092764832, -0.2061654341590047, -0.8182180292692158, -0.23932162363536605, 1.2331981672907275, -0.21432532058836756, 1.1352449714963515, 0.3882094422470762, -0.463498461666056, 0.6177064284660424, -0.5041474212866102, -0.8677190240231216, 1.1361240096347163, 0.30745079017359067, 0.5942636687532385, 1.907075678957694, -0.3783780504340337, 0.07753327891910636, 0.4469237867049555, -1.3476727561783435, 0.11629667650460201, 0.9937791024127856, -0.4457137033345374, 0.4116181480614224, -0.6447796255625149, -0.33160320388437853, 0.33266690117772857, 0.11160298511279468, -0.7052221402390904] : -3.0
[-0.5012150120920092, -1.1648298026853956, -0.3716489947812483, 0.25649249352879927, -0.18694542570009112, -0.5288822760319019, -0.3840064011915877, 1.3472739037608716, -0.04376099547876387, 1.4747342398611865, 0.6251024840000909, -0.4281520872719965, 0.6894924080785043, -0.8516735991477732, -1.4618697073019784, 0.7921669316461849, 0.07134746170334536, 0.5234173696151663, 2.046127190039331, -0.3147067124392562, -0.02285271034901039, 0.9679946373983853, -1.510495406749765, 0.6952664790605821, 1.4950490389440978, -0.7331964929393356, 0.8111020552694372, -0.1649502766981907, -0.51030304969928, 0.31695562299128976, 0.0014328139727887747, -0.7371508062743466] : -1.0
[-0.5491146816204819, -1.4698926410626796, -0.40793800509412603, -0.06441968005089097, -0.10891798666470615, -0.6846337433636371, -0.37754467340358266, 1.4906101736793549, -0.02676435834805517, 1.3442444487018455, 0.28803372471367666, -0.9333245087672707, 1.0038422484783605, -0.9870222025792429, -1.4212515980159204, 0.9545100477174937, -0.1374696133708323, 0.4612674911626412, 1.7617465638111591, -0.6880349688513789, 0.14477200020310124, 0.6195513272927515, -1.2879601234170273, 0.1984767738231548, 1.1137989918801656, -0.8254205096859174, 0.1377068141502681, -0.4755835097852561, -0.5786161131650724, 0.22518518268897317, -0.19756641271579528, -0.9992643223746334] : -1.0
[-0.48459205535421784, -1.231080882065457, -0.29277702919300247, 0.12095897931671862, -0.09506310829947907, -0.792279406613488, 0.2103930143053297, 1.3636299642234828, -0.17655515567580815, 1.7959127846056464, 0.19621480303883074, -0.9984850180946094, 0.4690610844972196, -1.0102702526431242, -0.8777617559598457, 0.7236650834430537, 0.07079706890874976, 0.6473951015639156, 2.330966739587595, -0.3776465575009455, 0.006005205215741563, 0.3422023112670927, -1.399602160504445, 0.3011469174661239, 1.356011658210788, -0.5529248311352342, 0.5529172831947156, -0.7420736207075583, -0.4485613357198447, 0.24344331473405234, -0.29134057925254203, -0.6631224540708947] : -1.0
[-0.3745771979667889, -1.4289204885427274, -0.630355264467466, -0.22020432397817952, 0.11497406566076096, -0.7641879262683037, -1.388926147225522E-4, 1.1741915566474972, -0.21210680806428656, 1.2046457677162135, 0.2333353750975009, -0.32861079130680204, 0.7889207524011784, -1.1234035930254647, -1.2022950366597651, 0.8035416537861081, 0.15798936618246004, 0.39059570277279976, 1.7278151974391904, -0.2088808398344941, 0.06618773760358111, 0.4514629474987637, -1.689273234412406, 0.5384513955979214, 1.0908296927780612, -0.11812830869298807, 0.4175047159448514, -0.32859898346284566, -0.8526067501602592, 0.2339953875342726, -0.18166095818793734, -1.0293368743698075] : -1.0
[-0.18764694532396098, -0.707588008820796, -0.368253922504267, -0.1610350048708692, 0.19075720049809974, -0.8138662821064947, -0.5191996856551847, 1.4821364103930976, 0.04535490108622636, 1.3888586891956178, 0.43154682464100874, -0.4790664697935897, 0.9368928211041248, -0.6582368696180461, -1.2862364154851451, 0.8959697966165459, 0.28856549088510186, 1.0178292309638521, 2.142721496116978, -0.6906935458825758, -0.10228202297045434, 0.5017807200023404, -1.2392353616006124, 0.42860047203561574, 1.410663187042685, -0.5553449992487659, 0.5002491260312312, -0.5114226869754954, -0.640527211783224, 0.383028411115279, 0.4062662849874609, -0.37026207310137627] : -1.0
[-1.0695509671396888, -1.3106321996414152, -0.375609983068137, 0.06946673810612128, -0.24190185548880466, -0.8043523499478227, -0.2854948891793115, 1.2900774556428292, 0.04917599193420036, 1.2901088746135818, 0.5823574192655278, -0.9539034846243248, 0.6752528564970378, -0.9937495343529421, -1.1079572082148879, 1.0844475252038372, 0.017867311291950683, 0.9169300898004045, 2.152025052663486, -0.6693673710099359, 0.38565615733057246, 0.570541919019407, -0.8901375856970006, 0.4861374601734244, 1.0361934346307256, -0.4143244406729664, 0.4603036566202501, -0.27925310411351906, -0.617865727582691, 0.44124635394332473, 0.3508076403820498, -0.9411939431614958] : -1.0
[-0.3272621829776036, -0.842440013635751, -0.8726745966484912, -0.6181604792839589, 0.011012152476065656, -0.7336503631994326, -0.39144457315173065, 1.3850144137734666, 0.3419527283850604, 1.8808363686435248, 0.6314484342455566, -0.7477226197304646, 0.7782493348148966, -0.831380831644287, -1.23738521119054, 1.018844816250517, 0.30301175842981193, 1.0350449276449771, 1.5631492940004157, -0.843334772697182, 0.3379085475136913, 0.7469905072450539, -0.9579298199092408, 0.7466349157527064, 1.3406608162104023, -0.8967004000823193, 0.32957476946925973, -0.04574808522636742, -0.47784354319369005, 0.27982215072678984, -0.032850081023105354, -0.6718301251002573] : -1.0
[-0.4598998155585279, -1.3276286744201322, -0.7028784063430112, -0.41417765299237363, -0.46742231551353625, -0.8126947094787891, -0.369298828293803, 1.5913087994469124, 0.13897229635161407, 1.4860212453625286, 0.27921173596427873, -0.7427563568700559, 0.5851046443569486, -0.6741335694607682, -0.9887514497803336, 1.0795948840949574, 0.21429540878714481, 1.1511179879861582, 1.9458304851820176, -0.2557423278379559, 0.9036874102813622, 0.7505741875567674, -1.4041701863150349, 0.5166687548073458, 1.3515357062158913, -0.43397246674536805, 0.5026370230669015, -0.13690521044124848, -0.6502285063055752, 0.061979015844499, 0.18006772153769496, -0.8302728507552292] : -1.0
[-0.698729358395328, -0.7072107097760791, -0.7502199961453004, -0.054692558104863315, -0.07449813828632315, -0.6856021322569653, -0.07951660307705107, 1.344261057744708, 0.3365369326400817, 1.3431327815580085, 0.5120283388133243, -0.7813197501949503, 0.7965790807864623, -0.5498138390192042, -1.552647854686029, 1.0090940793682859, 0.29116716431375256, 0.9628563754412147, 1.8673818096424373, -0.38576534727479295, 0.5192614728849778, 0.27215285096253017, -1.009261884524851, 0.03318832384349879, 1.516820009829916, -0.993008939833443, 0.4694409436781267, -0.5528726914643473, -0.9113594479649819, 0.7055397428140611, -0.07962212888323472, -0.7811091469543568] : -1.0
[-0.7701660973115347, -1.1328691035897707, -0.7537059934985297, -0.07581655663762685, -0.38405466434121427, -0.9965621622383234, -0.2873918769886922, 1.2805871120953893, 0.4159609462699812, 1.5578127150868235, 0.32699898588595616, -0.912268739722107, 0.8190423692741852, -0.8662274126275203, -1.3243892256260663, 1.122487006738128, 0.5286173411499948, 0.3301816433135334, 2.18166321754347, -0.17867111413088624, -0.0015285821262677746, 1.060509680652602, -1.1703604376957817, 0.27813549230261064, 1.5416557195811489, -0.8420223919778085, 0.5252936991366455, 0.02935208323095262, -0.7421083792431022, 0.17727593048392362, 0.13057102842033633, -0.7140416583072058] : -3.0
[-0.3992133461572885, -1.636994947477883, -0.5480123151557249, 0.004558535026258581, 0.09092270027950983, -1.2394414978725088, -0.04490239544135895, 1.0007950612820218, 0.42027252104120116, 1.2976745728230872, 0.5622695112267203, -0.7780410101011436, 0.684716918727327, -1.187775024517506, -1.271129451099029, 0.7017361362599109, 0.0011325299295821822, 1.0165868986099245, 1.8055719678219886, -0.29063951614917904, 0.23234514537996936, 0.30433821644988907, -1.429291486436417, 0.44505621201217693, 0.9792232681317037, -0.40015340647146436, 0.4804822545955323, -0.37658064394984614, -0.6539785052404307, 0.07109134164487182, 0.3004765179392684, -0.700574671171292] : -1.0
[-0.9152254779082789, -1.11146060205924, -0.5928563985396985, -0.044611372660262244, -0.23384624826933242, -0.9790165887484275, -0.10758701771522973, 1.3344854589396227, 0.3179827098669958, 1.2466226183094389, 0.31846926160301714, -0.7301453597983468, 0.667798815079, -0.8543639293878588, -1.114369787055714, 1.13148805444333, 0.5393889333701465, 0.6347936605702809, 2.244693647170841, -0.5673405022614412, 0.2156094979462942, 0.7726092770171286, -1.021735410372779, 0.29627193083825504, 0.8495656468593424, -0.74859342398828, 0.7286576216255269, -0.28183890076009616, -0.24675146850088608, -0.018238968626455493, 0.025682484463682126, -0.7955599258064111] : -1.0
[-0.5038769007795628, -1.3091247183503678, -0.3991358788134192, -0.2254325003612353, -0.20681407391332865, -0.6180773751687572, 0.31913514382581887, 0.8716429933511803, 0.08112170952030395, 1.5374853151774102, 0.6958879012819199, -0.7438627528331373, 0.9342642936484946, -0.8902098677875466, -1.139823511008495, 0.8826773860205858, 0.32339151395903276, 1.058989637915534, 1.963902305340484, -0.5650257036980588, 0.04222742069168828, 0.2819956816790677, -1.5236709788791423, 0.2893631823096871, 1.3505376510600908, -0.7371648822787997, 0.548228500957766, -0.8139398292853587, -0.5781903955403122, -0.1134338882027977, -0.22151239841437237, -0.245455825957008] : -3.0
[-0.45439885284243897, -1.3497703315495957, -0.6209426485213665, -0.045135530147343436, -0.041263246928513034, -1.0208140998681445, 0.18252085811778218, 1.382803215709332, 0.3889906844131294, 1.6360357846134785, 0.28426807845242186, -0.6958998087973622, 0.6063819009571434, -0.9390216047874793, -1.5227936405755589, 0.6884620636836737, 0.013723483839257589, 0.889595789848586, 2.1536880913936636, -0.49655394105633216, 0.2506094757077938, 0.8194941465452965, -0.8680101420330673, 0.2949125128759539, 1.2862219180470742, -1.2296088480021996, 0.22832598880570093, -0.3621500577647205, -0.5197795995737547, 0.48424296279354734, -0.1986370973060984, -0.9536523520925583] : -1.0
[-0.6721226365881661, -1.0225776404103852, -0.5174722298978992, -0.15269985422889237, -0.02574718688056274, -0.760176862910628, 0.1532808083491064, 1.0703516051221578, 0.3236329192549525, 1.7500536681298644, 0.6904413258158355, -0.1779570345045175, 0.4455003650202157, -0.8901612419984203, -1.2654031142214706, 0.8052688794391902, 0.08971423755552027, 0.7453283753272084, 1.6184418587850888, -0.4116800490831717, 0.822244335381964, 0.9039348076117888, -1.3642974327633552, 0.1637903728580709, 1.0874875841809757, -0.4798186271410183, 0.46622615403934287, -0.07572059181508728, -0.900972526683911, -0.12680797091773127, 0.19504285453819692, -0.7075778924428788] : -0.4888545816594904
[-0.8974241999061915, -1.7279842004824189, -0.7336732611323418, -0.09224214851505028, -0.08660522552337305, -0.5336983293047026, -0.3741755339097509, 1.2113710584033064, 0.0845284285298846, 1.1958821943099347, 0.4532204774613159, -0.6355590646084126, 0.7460523476487274, -1.0477605878738279, -1.153516177274941, 0.877841719781016, 0.2216690655565067, 1.122347369870865, 2.0165101202223417, -0.17084427482692977, 0.3984944373360265, 0.6416424527889628, -1.2804358185588578, 0.19144202246260744, 0.979247993817, -0.3804921510076729, 0.5823657693395206, -0.43524868033687736, -0.39867576765401824, -0.16750949317486846, 0.11392422372501847, -1.093939735881971] : -1.0
[-0.8622807630854961, -1.434049553891776, -0.6984260582979896, -0.40845991538837334, -0.5332929523569596, -0.8989429902400858, 0.2174008285919276, 1.4008967317830263, 0.39410974164638846, 1.291019324534741, 0.39982147769167103, -0.7118931073412716, 0.7229450797914545, -1.1565965542586576, -1.111460831025828, 0.9109113985399041, 0.42995920863231507, 0.8145105331677245, 2.017965564350753, -0.27000284206571545, 0.43767785481018434, 0.5899339255896009, -0.9927942387212918, -0.02881178642116633, 0.8243312155520142, -1.151338700212619, 0.4135123600950607, -0.8430296311065534, -1.1420448953085365, 0.14215663891392488, 0.6709597871700668, -1.5045476154577297] : -0.5123677253723145
[-0.6148635722786583, -0.9455839127305976, -0.863124009047145, -0.1551489116335796, -0.2218705922845403, -0.8609773504118986, -0.37985245161308423, 1.3172245811522716, 0.05907596601250992, 1.2580435756638917, 0.542935216451591, -1.5622333321976078, 0.5438087385114251, -0.9806987730772859, -0.9961864497403974, 1.0512477050819378, -0.06354924666740866, 0.8645184675554527, 2.1003728167463995, -0.5879054940300861, -0.05545120962044198, 0.7556267460877581, -1.0832892722131242, 0.2514827844758371, 1.5024099544533547, -0.49787999540564465, 0.6086925217431105, -0.46811954011182016, -0.4340011762749405, 0.21095382797027937, 0.3459435428984844, -0.8501453499767665] : -3.0
[-0.6544153937870053, -1.3539998655078471, -0.5278642032608505, -0.1968856254524028, -0.27595112218315887, -0.5659213522241431, 0.008972877134885412, 1.2858497459021885, 0.6004371530799145, 1.3471482969877644, 0.2757530991052698, -0.7438064047390616, 0.7347800269989421, -1.0828398035582796, -1.0537988264092433, 1.1203073024396133, 0.05949857281609586, 0.9743637039394604, 1.9706058451039508, -0.4247682789654682, 0.13203068508125143, 0.32849600886556857, -1.319418715686291, 0.39101680086402696, 1.0731638395122127, -0.7029163752218102, 0.8018396302005075, -0.12169780096632651, -0.9564292911201935, 0.4647717496241449, -0.1367863265695175, -0.5917277833744492] : -1.0
[-0.7780484846181768, -1.0204212737956715, -0.49371858237919947, 0.051287570907535884, -0.5157817214543292, -0.5358912351771223, -0.1331216032939986, 1.1518725574733397, 0.32382205763818395, 1.2712139305920593, 0.27456694500515694, -1.261983368505998, 1.073200162870466, -0.8443581839012577, -1.590841018083063, 0.6434269182147427, 0.2977537279872946, 0.9612748451141068, 1.9910614416578991, -0.39296720482606706, 0.09234399137210803, 0.8321396467311454, -1.0377423413208484, 0.18132979520892234, 1.2371938401834683, -0.776196401277591, 0.590498022867615, -0.8060543182097604, -0.3870953641585814, 0.11659670878407946, -0.12658619583928948, -0.5870219995406054] : -1.0
[-0.5069991210797937, -1.2094961044319097, -0.9124094056278158, 0.029939913251968986, -0.2728974970301866, -0.7283447514058231, -0.1707869571591096, 1.0493086663577391, 0.1788238600314907, 1.1986209486759443, 0.2093045794525809, -0.8770865166865307, 0.7669729118736108, -0.8663890039101919, -1.1678903958866418, 1.1882742636353236, 0.26233249423668115, 0.9228260908412139, 1.6731978897746804, -0.23341740071522332, 0.11262083865981219, 0.47028273294543765, -1.567026452846619, 0.14587783639805818, 1.3947934818817944, -0.4892326766675595, 1.0151773180528134, -0.4395671618853604, -0.2741261523159524, -0.08134203819475624, 0.3477185673782206, -0.9177665049564472] : -0.48967465487393463
[-0.38457534665925014, -1.156131895336978, -0.33490040437604923, -0.08068153386007125, -0.7102963768843658, -0.2776685555612416, 0.22728091717251062, 1.0808385461648349, 0.30380851227451044, 1.1884966201193592, 0.4880972085130867, -1.2414219292012587, 0.9346113513426517, -0.9274889317146774, -1.613311949166948, 1.2060767647615833, 0.5207434010225958, 1.0210688581787297, 2.075969176701431, -0.39893894169295985, 0.20317088324349009, 1.0665105936555008, -1.2202485708839856, 0.5609064921002432, 1.6014455669546936, -0.3409194724176968, 0.37305935388140343, -0.07669132509319673, -0.5083522814362929, -0.15852530908969065, 0.6288995498533025, -0.6901239092288622] : -1.0
[-0.5411742091343623, -0.9733797633053639, -0.8227538979810841, -0.09837660218144122, -0.6763489416857107, -1.1266117942816023, 0.1616437282278572, 1.1606210897811233, 0.3178326048038644, 1.3506814262876663, 0.6697182627471316, -0.9349624524624006, 0.6655135997676034, -0.6372314957928995, -0.9811604966608223, 1.1502814785972024, 0.3571294746459378, 0.9644170129476395, 2.128782945532175, -0.6431448529262858, 0.27707774455747947, 1.0011987505268496, -0.8917640702334645, 0.4024124928883005, 1.580499224979893, -0.5659676476429483, 0.47095306167658224, -0.2511118814457658, -0.07755904332623609, 0.04362742396586029, 0.26353511077943653, -0.8330868210611905] : -1.0
[-0.8466349015547086, -1.1273730110930027, -0.8754938152984606, 0.34054633158559666, -0.01374698600247104, -0.6095195088116475, 0.0770887913718673, 1.3190475176269518, 0.33229461951600414, 1.2487322538154948, 0.06316063861843563, -0.768277586939792, 0.5998903464760561, -0.7696109986019638, -0.7333129549630983, 0.7909252601336638, 0.5141473686041672, 0.24039156535656558, 2.0415103128423526, -0.7186800062363086, 0.1962754010677789, 1.2260504671088661, -1.470969260220972, 0.06343995222936771, 1.3693299468022169, -0.7618091122162718, 0.7974514464975334, -0.17192861477766075, -0.8185385876144862, 0.4730099610086848, 0.0906199192164716, -0.6884221629563569] : -1.0
[-0.6589334770729188, -1.0245684678638356, -0.8270876435335182, -0.2600742314774315, -0.4983288810549039, -0.9169161761164476, -0.30508651105001217, 1.558834662653875, -0.10119539149357781, 1.587468904824896, 0.6256809981019249, -1.29938410098551, 0.47478042828340405, -1.0526094914197472, -1.669007652558717, 1.3308916788722922, 0.5397345259986831, 0.931534686880587, 2.4329361749292087, -0.5367181979598294, 0.2242734845524702, 0.7783046015743726, -1.301076839230684, 0.5675928692287967, 1.584853380585451, -0.5992966798417207, 0.6525662465065587, -0.4884900743334941, -0.4995724087092028, -0.06446658131563424, -0.2504408068945827, -0.9539639146312303] : -1.0
[-0.48870679478713175, -0.7304227741781364, -0.7847360938548772, -0.1168842767763372, -0.2777867269752727, -1.048313893171483, -0.37041092292755196, 1.3572024107508533, -0.08353108381646135, 1.8355054073873522, 0.739583198415033, -1.113487617344338, 1.1646393511117723, -0.8740164754018921, -1.5912794690945848, 0.9565456932003805, 0.6455358223049343, 0.6456352239629419, 1.959050280347799, -0.5012527348250865, 0.05744529933445966, 0.26350043941003043, -1.2202121673600161, 0.2400662965745567, 1.5150004575521065, -0.9094119386235334, 0.7623182804669942, -0.029224157905157977, -0.469665665422493, 0.15364390457307753, 0.030230658432074134, -0.6018213891668291] : -1.0
[-1.0723480528649427, -1.3123870265384567, -0.5112852912580463, -0.39006016599659094, -0.06622288613968344, -1.069658069916323, 0.02559963449630373, 0.9063973253365251, 0.24434129274137284, 1.5855364174086146, 0.4611018777846531, -0.9581224560912656, 0.8746412766579752, -0.8046274745373134, -1.0407875199473635, 1.072743336507609, 0.5165486730527571, 0.7686749883320402, 1.9054947992101694, -0.8235942401959844, 0.15278469157280888, 0.6164352265865813, -0.9115105954618632, 0.49368525939531205, 1.617439792966109, -0.6648466781203263, 0.37318493972246836, -0.10473445989859384, -0.6453228271122549, -0.07139061849284101, 0.22005177536076748, -0.3508541252615547] : -1.0
[-0.3991848987904315, -0.9150271958667631, -0.8343860742887486, -0.11443405197489147, 0.099677410006836, -0.8771034369508145, 0.031097472937850507, 0.9874437386370589, 0.17094914136992886, 1.2173349099556499, 0.16023296490080502, -1.0500661152385304, 0.7499235769907282, -0.8221044781795753, -1.1367079112849556, 1.1967594618542807, 0.41099663957709553, 0.9001421754489873, 2.0581614630024037, -0.46192608893355874, -0.14004751211291627, 0.8794258957171933, -1.0181705946001933, 0.23034445847148638, 1.2193358331366015, -0.8719183465450466, 0.5439657603065614, -0.6289601287653197, -0.9608163931888659, 0.3106273410918379, -0.1105452964999208, -0.5207580068035735] : -1.0
[-0.5926007674706903, -1.2816682479274484, -0.436948589065731, -0.41983507847801244, -0.23909982366413604, -1.0207082993629377, -0.2842113630518663, 1.0713715832598645, -0.11949739835223183, 1.8825972817457788, 0.8656815875562776, -1.1579070039604518, 0.7507228146712955, -0.7755582903691298, -1.274827528917975, 0.7334480479132068, 0.2905190118132572, 0.8421274962823263, 2.0667412635921147, -0.312172945718084, -0.024284075465088983, 0.8086183035774265, -1.308155829014858, 0.5110349884725669, 1.4766862434657757, -0.5787120287640741, 0.7671031217152209, -0.2351736050340379, -0.6417621071381308, 0.28986262443393196, 0.21055193734816946, -0.32593875138173234] : -3.0
[-0.8554838969200289, -1.157079125913293, -0.22470709367629194, -0.35598280828749584, -0.02479884981888289, -0.6439746697866615, 0.27900387539023863, 1.1477192882048854, 0.4449359973723548, 1.5367617549571078, 0.2854593452958576, -1.1748091050465654, 1.048298869398282, -0.7820487240718391, -1.1697783307262424, 0.7613520446661535, 0.11000281215355412, 0.7233279437522288, 2.328844321980271, -0.5401571425231846, -0.09611802040060294, 0.49066570910179136, -0.5996537888619498, 0.003767234108407347, 1.6053546195746253, -0.5931022407245866, 0.5857585126244894, -0.13681315158079474, -0.7066788942757769, 0.008414025030745509, -0.054788117954132146, -0.7928951574076535] : -1.0
[-0.7176098430280519, -1.202050537849201, -0.6961329167250646, -0.39651673418181066, -0.18901243295870657, -0.7411133674160897, -0.46577249103358054, 1.3831349658485257, 0.1661563115500832, 1.7428209736235019, 0.7390288515802304, -1.3362662440314277, 0.4279203675274251, -1.104494095772079, -1.2879999231829777, 0.8258981842815328, 0.48082047354699586, 0.3761689724603277, 2.020207462701213, -0.2527401639429606, 0.178241723646699, 1.0243143216288415, -0.941055760790219, 0.08980781222534284, 1.3021982226543545, -0.5652300030429451, 0.6729587717696806, 0.01600969098482774, -0.6546965321986096, -0.06431692876932682, 0.10922704893201453, -0.43871780772680236] : -3.0
[-0.9201882088791837, -1.0746945315343288, -0.5699133694742351, -0.29437519655299926, 0.09780462575477289, -0.5640795999997646, -0.16318108120669583, 1.0722645506071582, 0.22498994020954066, 1.762663873795928, 0.5963724432614506, -1.0771681837356069, 0.6685803763338356, -1.0361289429690055, -0.9861333381201783, 1.118749252825445, 0.2550391653956779, 0.7479332731935334, 1.8467404029285517, -0.31861772227862883, 0.35292021175323174, 0.4688137551929676, -0.8510083724479418, 0.17203513227904, 1.5955994834092457, -0.8470562134386894, 0.7681940151580741, -0.06042465570605787, -0.7873618911962671, 0.4357207562250661, 0.34174658928879137, -0.45445855198500157] : -3.0
[-0.4234052086648043, -1.1584592195660215, -0.6067500607756516, -0.33464127079712747, -0.24988440383328636, -0.7132047643956354, -0.2495031493950681, 1.2925779534916695, 0.34171413319795596, 1.1654344303972533, 0.46684082134345006, -0.7639488543599493, 1.024711697965002, -1.1964155475157014, -0.9500183556436541, 0.9812776893895035, 0.38658682159411706, 0.7894588042493152, 2.284451900574156, -0.3095615888044354, 0.1534229929797807, 1.0498928484300696, -1.0377870212304878, 0.15989246084318717, 1.318820995605585, -0.5530120879031216, 0.3998276045894085, -0.5213661905808511, -0.34966340736801216, 0.39344899994754934, 0.0032074745820459827, -0.6737422305799502] : -3.0
[-0.8192586714103258, -1.3131404772015234, -0.10981037860664944, 0.07650967135138531, -0.11962544412029984, -0.6301139795911693, -0.12371485641529381, 0.9934248231508219, -0.1920916512468652, 1.69921818418532, 0.8731025162800257, -1.2088106264604828, 1.0430017516530645, -0.8952284004935904, -1.4027629380932896, 0.9383824143429863, 0.5079887255783397, 0.9504164693811954, 1.7513338856608658, -0.24082908289857874, 0.17032314826954878, 0.8646366271899928, -1.4005374457271496, 0.5167240658659007, 1.5534739997009186, -0.8676700203482871, 0.1482617991853763, -0.2853280876969346, -0.5507715259707524, 0.13829969441827944, 0.16282065835153195, -0.6322891939309522] : -1.0
[-0.8239031839402132, -1.3077377097792175, -0.7849028825964661, -0.3791356557671767, -0.1113256665474894, -1.287815488433829, -0.4321453071776778, 1.4524550554322146, -0.10015264201289553, 1.4156192112052965, 0.7177431112640348, -1.7881861998001471, 0.5909870166752803, -1.1210790576429794, -1.3179391451080849, 0.7510532038477208, 0.0799901817471192, 1.0746411316154205, 1.973010638373883, -0.7144402106424304, 0.0022010805739804407, 0.9308009257139318, -0.9453568607243461, 0.4294781252577555, 1.1940599800133198, -0.7395134344828658, 1.0337166901871013, -0.11782851534989455, -0.7974359774678981, 0.41609825417066937, 0.2765400654898394, -0.3798152316900521] : -3.0
[-1.030043084794757, -0.9185134987559527, -0.8944861926837024, -0.20397919525709185, -0.4832368019726352, -0.7812386058079253, 0.186732906105738, 1.1759337340362652, 0.16131561309500675, 1.8422640432502673, 0.6426037701179944, -1.5303494810318807, 0.7752993063687349, -1.1444570148940065, -1.576889682156596, 0.7491835229672406, 0.6079781117937689, 0.8510602945354906, 2.175686503523569, -0.30081738992520984, -0.14242429600417808, 0.8373174516124792, -1.44134315620007, 0.48718593609486893, 1.3942296832133232, -0.5341961066517045, 0.7693102845900662, -0.3960391382165898, -0.47464385024747224, 0.2983274529162835, 0.2633078392332031, 0.018485526944491792] : -3.0
[-0.5337372743270703, -0.7363467967935272, -0.7150791581686041, -0.39495206257840604, -0.43354222468614134, -1.040269307430837, -0.19550174707093854, 0.706273303155478, -0.23929542417521507, 2.030034943895977, 0.9321185842013591, -1.4687308835223356, 0.5952792000028119, -1.2314464005173031, -1.329365235608049, 0.7942731295313941, 0.38227022025353524, 0.5084099883509362, 2.2751565734339603, -0.32715555776144495, 0.04644325386645516, 0.8347485662601464, -1.0484855586145339, 0.01614384788919604, 1.513168534135617, -0.5420686344371274, 0.7784760330440716, -0.3095169335440223, -0.5274755688157882, 0.16699110637255613, 0.3011262654689878, -0.8328255762845976] : -1.0
[-0.5252729904820282, -1.18221325364805, -0.26399623989278176, -0.11663551647128304, 0.15335192476469045, -1.1389983843095282, 0.25412006887033933, 1.0682461464850568, -0.2992956954599686, 1.441033688480239, 0.6429023079668081, -1.402220753618993, 1.254637431258303, -0.8753041615618804, -1.0814370860696196, 1.1876875286778528, -0.06738737275872902, 0.9990440890222304, 2.176093874484145, -0.1608963065902602, -0.1457719439169363, 0.7293598394253561, -1.2008423176386598, 0.36692347072785697, 1.2221154953645397, -0.5720963444360616, 0.909405750526917, 0.026350855638434006, -0.6789871764631425, 0.29657719174710945, 0.11514687747612713, -0.6483929223557542] : -1.0
[-0.6826752729842246, -1.3435398179482747, -0.5819475237887315, -0.3692507794151221, -0.08374846473476708, -0.9097213433265754, -0.31259121054887656, 1.0576615081081067, 0.30200080555904185, 1.4963672412606075, 0.4928654779443905, -0.9507577282908256, 0.6834701231027238, -0.9595360947076325, -1.0415180209728396, 0.8707408751093904, 0.1685679995739641, 0.8275127675804725, 2.2569870376353585, -0.17375852321704874, -0.015096538941704152, 0.45387932287986416, -0.7806519639104955, 0.032748002201276716, 0.9044564857704084, -0.46685918864718057, 0.3079573772625866, 0.002208179168870006, -0.348632846697578, 0.5022394054281054, 0.31393715722880605, -0.4200227060147557] : -3.0
[-0.4116559794792636, -0.9924705648326887, -0.8074678167873419, -0.3243218253418548, -0.3066485339135322, -0.8987013462395717, -0.1594557665553587, 1.3932326741356453, 0.13610184259517305, 1.5174850606670136, 0.515658371773907, -0.9535200372493657, 0.9836482283445713, -1.498041093307977, -1.5631769663156772, 0.7543578355127145, 0.377469784128672, 0.7233644940822946, 2.705059174953604, -0.21318881767972683, -0.04404187423496256, 0.9774426788423556, -1.3760248957874919, 0.32010498191078546, 1.5595567134727082, -0.7990808478810563, 0.6885681490054939, -0.475281380085686, -0.7704965410097446, 0.13611671060836195, 0.2524530018514714, -0.43818895662002005] : -1.0
[-0.3820196880632734, -1.3269042808069416, -0.41225828609097853, -0.26062533298161644, 0.004501732953028803, -0.599773062958724, -0.16143823210771854, 0.8996712711193697, 0.1009757849445759, 1.4497400459158767, 0.7145899824656703, -1.1137907029065803, 0.8307034323853973, -0.7177246082773662, -1.2488716509682816, 1.0744607398141746, 0.29615402161987164, 0.9335481011365273, 2.0477867695302363, -0.07226875319437437, 0.22616864004259984, 0.7193810974473409, -0.8464123100602317, 0.4020789207748342, 0.8405655722930628, -0.5177402386345822, 0.9645259513104799, -0.2336765165637972, -0.6580300580768643, 0.2385123242934543, 0.26581325268315575, -0.5192024119643494] : -1.0
[-0.6038044250860267, -1.3035293528404621, -0.6713791661552847, -0.30380937975031463, -0.1587837840291678, -0.4570791747990504, -0.08806999462256204, 1.5327537840551093, 0.05982177391385441, 1.3840930632172834, 0.9278494686623001, -1.4208076082232306, 0.8427860108225209, -1.29859209570518, -1.1371146837340427, 0.5716273972538868, 0.3083119554846599, 1.0279006168075946, 1.4719248974850085, -0.17133956079377946, -0.10783616045592309, 0.7603308519908317, -1.4115286841969708, 0.5059402345297273, 1.4133324101258058, -1.0766076400012792, 0.6604016606798007, -0.4527039815824292, -0.8526405030557986, 0.18764656745475974, -0.09754206983691016, -0.7209124965063104] : -3.0
[-1.0671226184608267, -0.7668458250411814, -0.5569855400184495, -0.3889384607808347, -0.1385927324184691, -0.7207861465317825, -0.593557625989423, 1.1083903778111301, 0.45864100450544576, 1.557796195864356, 0.4433907921312591, -1.4023059823457236, 0.6715233303376639, -1.0190981604761868, -1.1507768247213828, 0.898874853516603, 0.3163443383710219, 0.666110276905093, 1.9116102576249483, -0.4993428684316027, -0.062424152002299005, 0.895904071116345, -0.8639088049526759, 0.2238901730301725, 1.4157691319060273, -0.4080457808554297, 0.6167492133449032, 0.1545203057799564, -0.7099076451884904, 0.21165698060701066, 0.08431374383062315, -0.5129768367704748] : -1.0
[-1.1830363956017136, -1.3202490786591783, -0.4380688169608378, -0.5208349223710729, 0.13313731371150617, -0.7657061705712738, -0.1202315706258677, 1.496265405769535, 0.29012448289642967, 1.76991633783045, 0.8649776618979648, -1.424055695867509, 0.7150815016057505, -1.2854115718181147, -0.968345470347215, 0.8566244032875594, 0.8060359952927934, 0.9295770031483312, 1.9887472432952782, -0.9339363639640936, 0.07881899989060065, 0.9350156621773024, -1.201412310403707, 0.5699175033702788, 2.112362483610922, -0.6983813674274567, 0.6080749277417505, -0.366550105899597, -0.5198217477322944, 0.269203026551182, 0.05777470335796869, -0.3463118100975334] : -1.0
[-0.5695528792518391, -1.0989276747762333, -0.36316647299969207, -0.35423962887556604, -0.2902754188049767, -0.6977930963897055, -0.35444068627420433, 1.6294115847845072, 0.11587593330388155, 1.6721144973292015, 0.8060398455067372, -1.6895247324267744, 0.694938045492285, -0.80378504254265, -1.1126147340697412, 1.0257288093296046, 0.40168108351741866, 0.6368154998615554, 1.8889762033708113, -0.499165535023184, -0.1534875682180131, 0.8380318305705722, -1.2316532792776775, 0.472184449457388, 1.3023140071145658, -0.7470220262762194, 0.6717848155197724, -0.19367614236159247, -0.5880435200221986, 0.43292166691419426, 0.18219650062640966, -0.18176612009136617] : -1.0
[-0.7910096295771878, -0.9138630152701224, -0.9134065170321104, -0.5641002205400053, -0.3028018658542522, -0.9127605697712082, -0.1422166190633215, 0.9673889698286959, -0.20128386369095694, 1.8631825987601, 0.7266890012167958, -1.3214391036569528, 0.43732076492557015, -1.0311511962805393, -1.311696340438898, 0.9207198763148, 0.4039454528233902, 1.025688148098828, 2.154036143186884, -0.3447773688908785, 0.06581208158509672, 0.3034832138282664, -0.9759644875076818, 0.46701789464879395, 1.542616841961337, -0.1261112407334351, 1.0126605611820798, 0.0452628377278253, -0.4680968236873315, 0.17651985884221405, -0.03780082726285092, -0.34854463051275897] : -1.0
[-0.7584621776070727, -1.4323710810129582, -0.4360039890424863, -0.4038107376920708, -0.10402964283549951, -1.0115833642187493, 0.02647070419040648, 1.204915169926604, 0.20157292789628, 1.8809894361252872, 0.891603008886194, -1.6240393803011333, 0.9733176605398981, -1.1328960926333216, -1.960371007312218, 0.5042805377396535, -0.020943078862197873, 0.6370262803273206, 1.8554428711641529, -0.03271601864640167, 0.14391528415242777, 1.0267565254153461, -1.1852267965514032, 0.5306941805378131, 1.5448469564645102, -0.766121852230562, 0.5907054151590783, -0.3900942171426828, -0.5927606230976962, 0.46315641070110153, 0.23736428370064402, -0.7895666239176276] : -1.0
[-0.607834664069816, -1.4971223789505594, -0.8393924867970499, -0.48741875354572195, -0.21299819793230124, -1.1522347341876382, 0.02285140804365826, 1.4080856717629864, 0.15397428358425616, 1.7072170086011245, 0.6983427353464553, -1.374119251211242, 0.7563684196921528, -1.2296316652809434, -1.7608634099209288, 1.2519627390522814, -0.017765827294058234, 0.9562175368511702, 1.770399548698961, -0.45605485086775455, -0.12493536919701259, 1.1623162548110633, -1.1623823797701338, 0.44264326373835455, 1.462454702932776, -0.8148513576586854, 0.7331218101940608, -0.4281450549560254, -0.5356625474395819, 0.24734790653073624, 0.11699159881826618, -0.7097167997814635] : -1.0
[-0.7121459671636732, -1.3058398538448213, -0.8529549010572238, -0.15686595929088853, -0.1806955471444554, -1.0263502633123227, -0.5628431375905794, 1.0715022005927315, -0.3081961883039597, 1.672637658305298, 0.48626410993628866, -1.2405737300247686, 0.8573205350109934, -0.8341309532381265, -1.5038551236015563, 0.7849208475352604, 0.09120176922446832, 0.9300255177034189, 2.147359871270332, -0.8644230735771865, 0.02366565503363794, 0.9894632785461743, -1.4213858736891798, 0.3246501567356789, 1.2369634439926809, -0.7845556715383427, 0.8795357342959396, -0.10402385310008201, -0.3307494496704764, 0.6891581918762938, 0.21277207531318876, -0.4466389265913394] : -1.0
[-1.5563738749947749, -1.2622221289439055, -0.7055216473842729, -0.23040412252274006, -0.18459014129642468, -0.4851165367893902, -0.29922583557214766, 1.145809637080729, 0.02579845723864332, 1.6510729703752094, 0.7511057578775111, -1.6332250333979164, 0.8878279525902988, -1.1786127136927604, -1.4935218467420746, 0.5386047644527683, 0.6340148784571187, 1.031281977158524, 2.0860448819905453, -0.4012928981557888, 0.029776455717635562, 0.5205959471161665, -1.3031548765677439, 0.02814342876286985, 1.169153996855426, -0.7422181605452113, 0.8706697650631597, -0.11783465267574433, -0.5992978687684799, 0.21832486220218006, 0.3049070662322525, -0.4570770105022851] : -5.0
[-0.8347352300017096, -1.2865916181269759, -0.7230792507314596, 0.034357470738733575, -0.4939853880260213, -0.9225300815307871, -0.02318970558725275, 1.2161898627355436, -0.2854903091659598, 1.6099479733092406, 0.6585711616387311, -0.8914595015365459, 0.8178903568161009, -1.321941818980008, -1.4236090907517902, 0.5166087834639697, -0.0040738945825072315, 1.1817775906288392, 1.7922099226153623, -0.17113322119848184, -0.03603859267183854, 0.637543981837616, -1.0892845027977371, 0.8351855183408354, 0.9227465435795139, -0.9749368732795808, 0.7166695866757171, -0.4919080518247758, -0.5662094760661415, 0.24303415662452238, 0.3676902896780324, -0.448770824408976] : -5.0
[-0.480109845035476, -0.7835243601690198, -0.8996342111494309, -0.005132407917755655, -0.44715836461370206, -0.954184246239717, -0.18545046569305454, 1.3302534531921522, 0.09123362983240199, 1.7512979206636303, 0.5001339840150237, -1.5352898003493876, 0.41805324596522203, -1.088898305208076, -1.427369380856951, 0.4178699486241219, 0.43987842140019284, 1.1482966157219532, 2.156674813928538, -0.2835009953109058, 0.09880209510433413, 0.3602039964889534, -1.1023478312271606, 0.10654107188434936, 1.304045189744095, -0.4746081743012914, 0.7257295551132852, 0.24599640764589162, -0.7507384538255983, 0.04495135933083444, 0.15846097086554106, -0.27513888309546136] : -1.0
[-0.8977516291159465, -1.3275218396565065, -0.9466841132534889, -0.3352966935376295, -0.20629000437188993, -0.9090837253483356, 0.09694078786614499, 1.5733712682369776, -0.04371426259782755, 1.365105148399547, 0.5581041159694058, -1.3131266869102252, 0.9989258520750943, -0.9606578755479316, -1.1595769183785798, 0.7418250919321785, 0.32531749761890516, 0.7031944897079527, 2.123822571928213, -0.8858154491452007, -0.16822704211822442, 0.7852308556459252, -1.3612463711709544, 0.44162364751404426, 1.5993912716927046, -0.9179763587578638, 1.184665963078302, -0.476259878161415, -0.22132976749800753, 0.215469577576934, 0.2555078084865319, -0.4824061907544598] : -1.0
[-0.3242596800573506, -0.899616346231748, -0.9530838458694179, -0.48764256104049497, 0.15514213493340448, -0.5303067871515835, -0.32656993554640024, 1.0258139137330953, 0.09686401354520854, 1.6767033611397768, 1.0666773280277004, -1.6028481641522645, 0.7497953887954827, -1.4795655755843522, -1.3967182515337027, 0.8170387615017402, 0.4514090560832863, 1.009246113011247, 1.9675265411837497, -0.31741760454430923, -0.2830930585210234, 0.537703037320246, -1.0920393288975045, 0.4920876804553669, 1.239546507913679, -0.5845892650309915, 0.7961544577231318, -0.1418641002412272, -1.1675720120915623, 0.014522246347547396, 0.444643703697336, -0.05197543895912282] : -1.0
[-0.843815915033066, -1.0828066810621693, -0.6179746191175173, -0.22615475318134026, -0.3277790557203778, -1.0964296528310007, -0.17686769903966296, 1.3751276906126546, -0.06865049764869827, 2.0898018015267, 0.7145439730172266, -1.6430203056083337, 0.5144020324834236, -1.1082091158743859, -1.491852580684435, 0.8857042511949809, -0.01487753321535551, 1.133994094355973, 2.286192655278281, -0.2817453330212981, -0.04159847664602695, 0.7002934881479272, -1.1217483949512235, 0.20804564954371357, 0.6646808823945849, -0.6848276181437557, 0.94258114898371, -0.42834791138277883, -0.605389072978033, 0.49806894440694816, 0.3439398235551838, -0.4506699397457736] : -1.0
[-0.8454375595198484, -0.9586958574094115, -0.6362186132844028, -0.18225801826952265, -0.014092268902562072, -1.1806531524528918, -0.4669294294700146, 1.4317628443610517, 0.10641288500952809, 1.693089592560687, 0.3812471698888574, -1.4512092158504946, 0.530312349353894, -1.1649098766662522, -1.0998022203161073, 0.7094431438312347, 0.4077251622774718, 0.8013129338228382, 1.8564523264248538, -0.31571162677080583, 0.03398641310215076, 0.9774153627069881, -1.4388730494426354, 0.5147078649621157, 1.3964739652318798, -0.2721982501872798, 0.6903294722596967, -0.18794000227056845, -0.45767457018117536, 0.3941909107070485, 0.2811569567194947, -0.42409566270135934] : -1.0
[-0.8273547657373539, -1.1585582640163006, -0.9957314429211851, -0.22464421163413506, -0.05959697132164765, -0.7033683378814417, -0.21961868050825306, 0.8715211499912999, -0.015967050123177187, 1.8148019613399622, 0.6637374974249237, -1.7495595300908888, 1.0220382970743536, -1.2393420614284274, -1.457826057896559, 0.672001404740132, -0.09449130410854728, 0.6716714233255454, 2.3040267204579963, -0.2840864931530902, -0.05562429879991784, 0.8658447018761914, -1.2006355551210344, 0.35761084604040444, 1.5380200322444786, -0.6328808599395419, 0.8966877661610111, -0.43501899158677665, -0.6665461594221045, 0.22681982335874895, 0.14650492317036184, -0.3720689634282166] : -1.0
[-0.4775440273469341, -1.3121929173833957, -0.7773918064273565, -0.40533063256464963, 0.2276196933476378, -1.0883285493367465, -0.28837508360380615, 1.6185940513964197, -0.12120199190350567, 1.7864026256727656, 0.7405661286303995, -1.4402310590830696, 0.45180499010426506, -1.1128065729224872, -1.484582153191004, 1.0598949444734815, 0.29834647054845037, 0.9247110132204756, 1.9449163149825945, -0.7385050476996518, -0.09767398058875515, 0.7824087801466744, -0.8570954829085808, 0.5757157335546338, 0.8418612523221984, -0.9180912053354502, 0.9811451801363003, -0.10830338229470311, -0.72322013312259, 0.6739210847384196, 0.309716590698166, -0.7182120218886746] : -1.0
[-0.5657208403065871, -1.1072104433542769, -0.6626786970372619, -0.16568702951825098, -0.33873276135196234, -0.9469102175649449, 0.06009818412380449, 1.2226404607054024, -0.3093830640290373, 1.2890455122400986, 0.6451988308402266, -1.3972461828514173, 0.5101149918245458, -1.057262942768717, -1.4971443137771316, 1.2569435503457806, 0.025100486858566085, 0.7409679043458933, 1.8188186386033094, -0.533940005851042, -0.18021316795029999, 0.6802946916699922, -1.3303823793468932, 0.6310864759573548, 1.3876467405968578, -0.7201257258594914, 0.816054887857116, -0.11273893799879284, -0.32243553091717886, -0.14157104158938405, 0.2134911567005592, -0.22284262000554675] : -0.4798191243951971
[-0.6706471856724883, -1.442293024367522, -0.9168277897795685, -0.009495167071484067, -0.20669427006908148, -0.9994375598859482, -0.5205889642320457, 1.3597271453265125, -0.17803496878347433, 1.4006340427218495, 0.9334369684310344, -1.5593400568472435, 0.6547360873000295, -1.2404821816319522, -1.41959916831235, 0.9845661801586892, 0.3847671620958517, 0.9998519882644611, 2.4898248474706084, -0.055219217791407316, -0.49706951562524165, 0.8512971165339328, -1.3085604313074157, 0.40407371958538424, 1.3335363997147405, -0.33718206331009826, 0.9296614913720962, 0.06785278411880971, -0.4878080942584271, 0.4344973179669168, 0.025701333203033833, -0.09300720570350562] : -1.0
[-0.8310008749087221, -1.1549870644165126, -0.5713529437528552, -0.37662068138776367, -0.5209211365132282, -0.45978286842981003, -0.34481381408384876, 1.0901409957802615, 0.19775699517880996, 1.594994645974832, 1.0779058272965993, -1.5072543925444115, 0.7336939239598916, -0.8654849598833438, -1.1548346538927112, 0.8533167697126848, 0.13979515722094538, 0.8804366350823877, 1.6529248040673428, -0.45524066949046493, 0.1330850579788119, 1.1782326032554438, -1.0827917372832714, 0.07741218566575803, 1.1282554003967111, -0.3771568905198207, 0.6892052480256723, -0.42098103643327767, -0.8924868709324241, 0.3908030397428788, 0.12212441412636013, -0.4170103391332061] : -5.0
[-1.1411179250255081, -1.416483176824003, -0.5869117076815368, -2.3752202573501524E-5, -0.31972916794781886, -0.8292937673508635, -0.35418847276192034, 1.092890368381996, 0.40974259854525247, 1.7836189749768252, 0.6765670843887684, -1.5204642398550492, 0.6888690784525336, -1.0077762001814063, -0.9926967842283294, 0.4225312815675999, -0.01544199148490899, 1.005589151175763, 1.915163346316528, -0.30812521391118575, 0.16199670404293043, 0.8688430431064726, -0.8373042645489155, 0.43896381631184483, 1.3819042892944315, -0.7200135134672757, 1.0076742449111504, 0.18967087154006518, -0.31962635280914237, 0.4181663844192809, 0.20472423405519152, -0.48654523792925386] : -3.0
[-1.046574023721405, -1.2818425133796834, -0.5730414142729068, -0.1722999130040452, -0.5672399653735309, -0.25353403932015145, -0.003319583251045699, 1.2948010101009273, 0.12003111355459808, 1.9057016452846771, 1.1998770466789885, -1.3829364631867909, 0.5497670725849462, -1.1053995313753582, -1.404671873293536, 0.5260873054532361, 0.1574191874222745, 0.8606112793143936, 1.7388846264700135, -0.8216029195098691, -0.005287101003676938, 0.7511469949845884, -1.2908906089884513, 0.39233305694447784, 1.3487176813275794, -0.757827026554493, 0.7342393976746379, -0.058301043335583114, -0.5289991001674681, 0.49076896606426723, 0.5247864061738412, -0.9101418097237448] : -1.0
[-0.8788367181306881, -1.416300600550454, -0.7228104613157403, -0.0225068554845064, -0.35029296305653435, -0.9691685098023812, -0.0291704729877445, 1.0520866921971133, 0.25974484058398206, 2.0000190804061444, 0.6870052602504395, -1.1317774876127704, 0.8623401370786117, -1.2388269195777886, -1.2717206356851685, 0.805479885393056, -0.092033749853139, 1.1647708391998792, 1.919061916396712, -0.30866937881983536, 0.03856471926331901, 0.6515105078073651, -0.9649941171741286, 0.4302300284112015, 1.0429345110741464, -0.5569374545649033, 1.0663969822178023, -0.22649352035664494, -0.44873178434523686, 0.1892260742594289, 0.7272387993208914, -0.5983556244662473] : -0.46956625851717865
[-1.4429340897868654, -1.2532258861550398, -0.7678700893401574, -0.4344212902142888, -0.6117103801553976, -1.0331506630271072, -0.27446705110706027, 0.9513325525900568, -0.20579547972134138, 2.007282836825159, 0.6644023992855659, -1.7092474225907, 1.2235848398298748, -1.1391731544847938, -1.6732570265138695, 0.9263302692659232, 0.3200192958987505, 0.7676066810800765, 1.9807413373773353, -0.529139159870323, 0.41156633938986464, 0.628376353256617, -1.2674109359262005, 0.4544900456194466, 1.37335967509711, -0.4788748466398905, 0.9474608932767415, 0.11300807741402552, -0.23324968287246567, 0.5775195509786243, 0.16350239656127452, -0.6846824928951551] : -3.0
[-0.9983091708092652, -1.470304031065348, -0.9376553879210927, -0.2533247150407737, -0.6258170964248859, -0.5716260023912385, -0.3472170065256191, 1.504589551947791, 0.4383658877630056, 1.6040787782154151, 0.3708753449377811, -1.543002629135234, 0.6748418772482807, -1.358725314419495, -1.2590650952119486, 0.6920894280038368, 0.18528847092726186, 1.4226787386224369, 1.7991171346161197, -0.2434901870693935, -0.09143492479782522, 0.7406980370467068, -1.1390634776643689, 0.43297216950614126, 1.2778231564588205, -0.6325507729335995, 0.5314037168560433, -0.48651779825038766, -0.19773582875773943, 0.18977824947114505, 0.013846008494435402, -0.2748734602335351] : -3.0
[-1.0203876602305986, -1.2641769944822823, -0.535624015324757, -0.4922554230821312, -0.773109869442109, -0.9330584014507084, 0.060260010070341014, 1.269238769799966, -0.04041167524049134, 1.7389293682413083, 0.8360428858239215, -1.0358352646649704, 1.0855961533462548, -1.2976135981843886, -1.7827821466476796, 0.6846753721393519, 0.3235603270960617, 1.0302097912413901, 2.243037735603305, -0.4492828203533044, 0.23229718450839873, 1.0544980786247244, -1.6032495957473698, 0.1786257769859905, 1.219282995080108, -0.7892868491471862, 0.7017110168502847, 0.12359583061605983, -0.20646698210263448, 0.5033760764474081, 0.15919748143832924, -0.6749415163173553] : -1.0
[-0.9728524225670871, -1.446510445930651, -0.9893768942719814, -0.38175232972619133, -0.22306735199878966, -0.5539206633836764, -0.307212775212153, 1.0742985949179693, -0.007453779697570287, 1.5256727516193738, 1.04586005086594, -1.8567275003678372, 0.9037126812353025, -0.9880004121908214, -1.6859442209178346, 1.2365145619803535, 0.28179419058483024, 1.054172419456059, 1.6866663017784225, -0.26691707829845324, -0.11839885579551608, 0.6576209140907757, -1.3587472281564963, 0.501819652904218, 1.0645958638087547, -1.3499791154169636, 0.4624890407419401, -0.2397317058446767, -0.6456315375575254, 0.2846925961171321, 0.22461591482970997, -0.18692784817818597] : -3.0
[-1.1880542041729438, -1.3119237031923567, -0.8078650430251215, -0.3140316485280461, -0.30715619284623535, -0.857492062175468, -0.11041312274078614, 1.435932016948505, 0.07931047115195662, 1.5375236613121266, 0.4349427419470251, -1.0269952957783723, 0.8568629509183143, -1.513104750678891, -1.4566237581608281, 0.8720099828256727, 0.30464491324542287, 1.2804283274925554, 1.556590172703535, -0.30842787804011024, 0.12620371345849518, 0.6101102020943459, -1.1243391152563953, 0.8533307256308712, 1.0888994878693132, -1.0103938746946894, 0.7323957800752152, -0.7399840239590538, -0.20986785708937244, 0.5733648081924805, 0.5546463957574642, -0.6392579662703886] : -1.0
[-0.9535609065571482, -1.4116132071879353, -0.6292178574731103, -0.047919763565533124, -0.38488936977908406, -0.5826805012465149, -0.22691396284518278, 1.1964151316797416, -0.26612432554142645, 0.9881286248978843, 0.573852267704556, -1.111037069502448, 0.601183094149976, -0.969107694780463, -1.2301141083037703, 0.7430100275221262, 0.4080492088916459, 1.4193930066465736, 1.9671569390836572, -0.4539501268086855, -0.04618318172003073, 0.8703977151937985, -1.4746944961930504, 0.034065053552625735, 1.2274657129655526, -0.5094467860836038, 0.5252061498913114, -0.5115029512505993, -0.8757815660758694, 0.16505273507454105, 0.3413066871390329, -0.21920815598351287] : -3.0
[-1.5113014816846897, -1.1211483376536155, -0.6734949292929675, 0.12485476453691699, -0.30288968061412125, -0.33498806222746325, 0.012823865512047422, 1.240324775805607, -0.005348750574769023, 1.8124888670846282, 0.7276369713706189, -1.79089011324024, 0.3936990853849057, -0.6709448120221637, -1.36781103360069, 0.9069306468131322, 0.3142947237659145, 1.1661288615394048, 1.8789078260343486, -0.35877380360490757, -0.19222324803022284, 0.7883043043259634, -1.251211777831867, 0.5428317271791863, 0.7065985863916295, -0.7951860390133957, 1.107128877114916, -0.3325255942823949, -0.6166197761670735, 0.4231463446785013, 0.6149151831689039, -0.5604915842153929] : -3.0
[-0.9796144485081706, -0.8759205512300416, -0.7228802913988546, -0.3097307748088922, -0.29966700929782164, -0.8486958498142164, -0.28976143305311575, 1.0675810981167837, 0.29030368833743586, 1.6550038850494857, 0.6658915251535262, -1.6031658661818793, 0.8593354375534095, -1.1207091984804707, -1.2291040108060678, 0.7629131311214153, 0.42243317315018014, 1.0815294534951543, 2.0184413585993455, -0.3264298166699172, 0.07892587895258756, 0.9668261767076594, -1.4413279647144615, 0.005011701031026994, 1.168881250675731, -0.9827878282710427, 0.49951242742293617, -0.08488407545489227, -0.5474701279316065, 0.4989992498639481, 0.3793090859049665, -0.6880177809781642] : -3.0
[-0.7221922875547193, -1.7479667531169507, -0.9666902015481947, 0.10294123174377232, -0.3356625120255888, -0.41969590630971393, -0.24553925463285659, 1.2027199742336394, 0.12504076669562406, 1.1031115530330187, 0.42559151519036176, -1.10229948576548, 1.2384668854597511, -1.1015931076189995, -1.3227604198458671, 0.6790808870327862, 0.1952045145858685, 1.3779371494122363, 1.5481705436198812, -0.5469334869569447, 0.3724309273468799, 0.688846815142993, -1.5902591387173493, 0.6417165314355011, 0.6706823428353683, -0.6855447215292656, 0.7051531890849058, -0.25201189185534134, -1.075494107322128, 0.038435462024760336, 0.11268705483609495, -0.5845704375504719] : -1.0
[-1.0209157386952377, -0.994169611419021, -1.1602946439178685, -0.12493713098620615, -0.5927788645122873, -0.40611962001801516, -0.4011506263275787, 1.1126882028848564, -0.26074982673075114, 1.680337800115816, 1.1729865252109706, -1.112214011378443, 0.4985660172962261, -1.1541340724595892, -1.249863014455963, 0.8444702118298387, -0.10979582332159077, 1.1312009020904172, 2.083077400486621, -0.35801168986105175, 0.3901603778537625, 0.6308253697270275, -1.1899646020644252, 0.48821181963711, 1.0152790936207587, -0.448561118484996, 1.2164887995670006, -0.6560847492713786, -0.8381813517346444, 0.2104972780153886, 0.08015351065975121, -0.5082958061316389] : -3.0
[-0.7341572139307102, -0.8967331937460634, -0.6106783712005908, -0.038521450803981255, -0.6428338583388207, -0.4957466525572795, -0.25366085846083747, 1.2887457203184953, -0.11661974917601224, 1.4362164688873065, 0.9019626079914697, -1.1052840800822477, 1.228751630027359, -0.9469370118478739, -1.4022953977980992, 0.34349634893519065, 0.7701888976612892, 0.7199496351829524, 1.8081697758184734, -0.283492683248924, 0.04118911860764729, 0.6489617626950747, -1.103841586030661, 0.4066674396615614, 0.772240575071683, -1.0526970897850796, 0.5801245724815002, -0.3741732205291741, -0.5308748238941875, 0.025302027481452327, 0.5508207400475627, -0.7295057807967594] : -1.0
[-1.6914932075054911, -0.9567004054134879, 0.24728892535984492, -0.5463008018840241, -0.2456556223369926, -0.6346866646467707, -0.40456459766144504, 0.6751331384645503, 0.6301563703734137, 2.0807815697879226, 0.5017007722542555, -1.791312705127704, 0.7007624367117111, -0.7531806191432059, -1.2007789308273877, 0.798788194407693, 0.19458753759203906, 0.9767262335508079, 1.8930479361056227, -0.23481389113807222, -0.09235394853658462, 0.8998378557673761, -1.7681401836822617, 0.5330215757231053, 1.067724232715384, -0.36685273397152157, 0.7464940341474205, 0.07619979181098141, -0.20719511356329187, 0.35285568967348696, 0.5358297207791599, -0.9084599271526818] : -1.0
[-1.21560086654522, -1.2466503848380057, -0.5731449880345496, -0.34425035630348105, -0.8224551412590391, -0.7222251810410326, -0.1974253474004823, 1.1689717331932776, -0.1021059757621427, 2.3395274095939587, 0.7841822283878139, -1.253737610002509, 1.5672783596551207, -1.2069167394970484, -1.1793424920553572, 0.9796222806941044, 0.35141611200727746, 1.212272863367642, 2.2698241048484418, -0.5167529959148472, 0.1775572083236428, 0.5166132505479761, -0.9454551966050648, 0.19671194965343883, 1.5033062706662543, -0.3479416051965127, 0.8704518887754245, -0.30591428416487887, -0.3608141500113882, 0.21427795704046002, 0.5308808070082716, -0.23653719499392065] : -1.0
[-1.5287983986385056, -1.288686156009532, -0.22236451513640176, 0.062080917927992585, -0.3677743418146184, -0.5968231916979143, -0.4124467982515487, 1.2089370964664379, 0.331059250842098, 1.518767683052498, 0.9800240661507492, -0.9453726978289196, 0.5008671527470754, -0.964970746799801, -1.1202406895746675, 0.77105184266301, -0.07659949805913727, 1.1263101131749973, 2.0040417002980995, 0.034615000110403416, -0.3217853274133187, 0.34236967107376787, -0.6082150594613512, 0.5593788922672401, 1.079933264724921, -1.2405361398814656, 0.5531389265983836, -0.2427637375706749, -0.05003692869843662, 0.13555077252662062, 0.5432623202997523, -0.5923169251907747] : -0.5383770249106667
[-1.3927792165903645, -1.2917497716965607, -0.5478955417869418, 0.16934980435147373, 0.2798454698488666, -0.8574812007455418, -0.12999198397437764, 0.9824400717970472, 0.3208535267513803, 1.9236768657709353, 0.9302767262950222, -0.6559295139617851, 0.4644335709087733, -1.0538016119224525, -0.9061934361170146, 1.0035628104652587, 0.518942380183026, 0.9878861393744549, 2.265452786082074, -0.24613687021323477, 0.633753575319105, 0.5580398905571535, -1.13072736445782, 0.3564595927703432, 1.0847785068024072, -0.3878619355919821, 1.0331110425754055, -0.09436643922210985, 0.04723001362797713, 0.5827891403761165, 0.6787308146231358, -0.5722487086767399] : -1.0
[-0.9711694518723817, -1.30597610274675, -0.9151492311924462, -0.2581448900822263, -0.5893258311151118, -0.26227541373362556, -0.6695891851125212, 0.9944244567043051, 0.30975381454515927, 1.3242548438349366, 0.4279684091103937, -1.5069263471843972, 1.1442082776339064, -0.9719256189125287, -1.3601586476325211, 0.896689733395677, 0.051563923222777946, 0.969056932275019, 2.3975228372954067, 0.12483712231286181, 0.20812613256222073, 0.821577569630139, -0.979085487436072, 0.8021909144179605, 0.796221685449215, -0.6969213072357981, 1.1195958802083326, 0.2774827400788287, -0.48002295871018064, 0.23466924258057584, -0.3281303193438674, -0.43158302939337495] : -1.0
[-1.5630263379599802, -1.4619023808935934, -0.26143509896578154, -0.4213920256650015, -0.060539584796348966, -1.1413516784735342, -0.8324526902227858, 1.372798248927724, 0.1483611211132754, 1.5676455956957027, 0.7682962111059856, -1.6283220057235708, 1.1744179448280172, -0.9159406203507124, -1.2337751947350408, 0.25830499807996915, 0.3962435767580449, 1.3003224536891727, 1.7500634599364033, -0.3671653635778941, -0.21329386698430713, 0.3698241634122136, -1.4040404672336873, 0.43831086193326635, 1.5574703484533758, -0.5788710847853372, 0.9657858852313636, -0.3783094339358373, -0.2546386371651108, -0.07491105222385208, -0.2345974456292095, -0.25186848069082085] : -1.0
[-1.7312540936321503, -1.3720867666544807, -0.7151916593564043, -0.05761903998463286, 0.0489639186684932, -1.0809300663014092, -0.43438273571605346, 1.1165985546261992, 0.4611559095440136, 1.8128808951063502, 0.14942301057726193, -1.4602906929652164, 0.778786951765279, -1.009314632002253, -0.9571605914119006, 0.8336498841312073, 0.273909790473339, 0.9939136439941982, 1.548654258496649, -0.44702455915712036, 0.002784344736599248, 0.10724137272134948, -1.1384617398209493, 0.35159516969247234, 0.999395721568808, -0.50644745091432, 1.5896672532120415, -0.28796628640401994, -0.38218061321160296, 0.7138296373021646, 0.1907380029040997, 0.015444028705800916] : -1.0
[-1.2775264712597112, -1.6834875844092836, -0.35212217962691195, 0.11568039612860564, -0.30522631133853534, -0.7736020227493646, -0.510420180808309, 1.1452446110575123, -0.3939979391617789, 1.8727124057841689, 0.5897499613331434, -1.60918652202612, 0.8144870318516416, -1.5238544004611865, -0.4758914610306708, 0.3170195577311191, 0.55235404347359, 0.8513859834857211, 2.2446891886044495, -0.8218151211257705, 0.5852081274264249, 0.9342079691703247, -0.7702893084731907, 0.985365994557653, 1.4894203813280154, -1.2109982178414003, 0.7249801359127637, -0.21423619866542715, -0.4608969974995844, 0.12058283663883518, 0.456037361980967, -1.2268712526775922] : -1.0
[-1.2797537811230937, -1.1239541877225063, -0.6454493833137007, -0.42118617279007037, 0.05580078454393461, -0.7526032119785898, -0.6118332010847117, 0.6678355400664912, 0.4119424725730369, 1.87422720728392, 0.7053509686194052, -2.353803801375725, 0.3397177171361493, -1.2364164993592952, -1.8928319890967513, 0.7240884106720816, -0.01572503577439241, 0.7682758568126948, 2.0764630819890426, -0.3401703079916038, 0.3691663257960404, 1.1566253962596087, -1.16690042012469, 0.4912010147477539, 0.9201194838521206, -1.559319700105088, 0.6436301916294309, -0.3446815604601027, -0.35947878970469094, 0.3837442072647028, 0.10314970018715816, -0.5813859261931684] : -5.0
[-1.4170934830819815, -0.6493387662201182, -1.1714840606627441, 0.31164697142751024, -0.9909424146361389, -0.7827867345057412, -0.5364452842535876, 1.6774751294179195, 0.2546916667262818, 1.2894595357526981, 0.7671024193102164, -1.7540088743791395, 0.9120749650300585, -0.8530784277109282, -0.5520433295666537, 1.1896141197735672, 0.5648519238479253, 1.1219489834253982, 1.9117588844395221, -0.23185566635387553, -0.03820855858387058, 0.7516675382499081, -0.8385160569105231, 0.018671751165648565, 1.4855783064484098, -0.7617219128270206, 0.5870619130379577, 0.07073536381794573, -0.04013589890512531, 0.8250165538431283, 0.27237678723759245, -0.0351949036881129] : -1.0
[-0.8742477853125695, -1.614437028503709, -0.6885407907208119, -0.4444075290844208, -0.6663356582141411, -1.004510488809985, -0.05621870875817339, 1.296784931025192, 0.22817434380700077, 1.5491436322881011, 0.40916168921358087, -1.8246654004431075, 0.5254501904807254, -1.350359954388909, -1.3408860952545643, 1.162929244653683, 0.3522559235053835, 0.8052310960898444, 1.9182802642719958, -0.06921282911488702, 0.2006346829322006, 0.8025482767186571, -1.6131324588823033, 0.031174441643279704, 0.5461839633109549, -1.2277501525870782, 1.1789648800905106, -0.10015368650581719, -0.12323749097661552, 0.05070158180638723, -0.11550004899166086, -0.539543051378749] : -0.5045336376536976
[-0.4942618673183815, -1.4343090965764071, -0.9096658611074798, 0.09718606085115061, 0.32629741263736056, -1.3042388893634618, -0.37528985462536885, 1.0752648161622358, 0.10400475833315714, 1.3008600502162069, 0.7296318242315876, -1.2334371429230375, 1.1680058288722979, -0.30844232908205915, -1.221479352151282, 0.08979066438525296, 0.516459156411845, 1.2041900542658375, 1.341886642356166, -0.21141014971346858, 0.18493637524240647, 0.8274681554741269, -1.383854420427241, 0.47291556483885866, 2.106085831201293, -0.39320505019412816, 0.3734714909112992, -0.5468685968890321, -0.26410952788096675, 0.8211779616269155, 0.036508120124399385, -0.916158301572269] : -1.0
[-1.0566609563832383, -1.680109003488802, -0.6926897736310873, 0.18506996202185338, -0.9594240905469614, -0.35801345207877455, -0.47522141241314286, 1.2666484551283737, 0.07042456510500837, 1.4203943595367106, 0.771566592025435, -1.7493650126067335, 1.0813099669263588, -1.2947486111307078, -1.4113019084028333, 1.3949900948730385, 0.07726122236043609, 1.4269381049154328, 2.030070314173958, 0.07501445300962417, 0.07877134801245284, 0.8135249244442134, -0.7392715527111597, 0.3530086412022434, 1.5870747817198374, -1.1328009090085023, 1.2327568781754543, 0.5198830757304382, -0.42505321707639904, 0.36306634041451075, 0.029960574904167175, -0.5808184251613939] : -0.47984201257879083
[-0.8278804744435195, -0.9954202663813151, -0.983079983936133, 0.12948344519348476, -0.45698822078156826, -1.4773518484611672, -0.3361994027662359, 1.810851574202387, 0.6537376240318109, 1.5796147970410277, 1.5188164972605875, -1.993720848452462, 0.8836699562794058, -1.3485049184593785, -1.3924579022004973, 0.8794772192892958, 0.3059133711826585, 1.2942992975047378, 1.7757284675384808, -0.3931586469105984, -0.5484960924079799, 0.8217267958323362, -1.2593802044311302, 0.25083321769763267, 1.7500903058200659, -0.6020141525317071, 1.0083380091365668, 0.26036718868923253, -0.21332474603139615, 0.6355068836213138, 0.29768898481426737, 0.14994485355778214] : -1.0
[-1.4748980801728948, -1.869573703948495, 0.08415380557734281, -0.4243257351333957, -0.33315066744852523, -0.5869274641030899, -1.0752719889835802, 0.8213226559339918, 0.269491725523536, 1.6806577744006712, 0.1293462085797098, -2.349328277371862, 0.9934281652455057, -1.0071062146278495, -1.7855749500989941, 0.8961595411427163, 0.23892455546107766, 0.8881290570312315, 2.511255180058886, -0.06335078963471319, 0.3629726110264594, 0.5537378602526649, -1.292526100114451, 0.7773572815326966, 0.6979274524495966, -0.9251235402138611, 0.9262817382466335, -0.3706255552875629, -0.5043420872799232, 0.06389746598148954, 0.3835178613611849, -1.2652555115805362] : -1.0
[-0.991377691683742, -0.8756272860717472, -0.35294372170881894, -0.2203084128926907, 0.0792835484851302, -0.5868444155920448, -0.4665785341738308, 0.9009950076136934, 0.8703413059040783, 2.1035023674753144, 0.46346792544279936, -2.1452619031599216, 0.3016222938052435, -1.221674611757197, -0.8591320144822211, 0.5947755602790658, -0.03448304260230495, 1.211389841870279, 1.9486117496512376, -0.7754720916654763, 0.21285903023545114, 1.0512841158643202, -1.5515213059787598, 0.25437863171156533, 0.44446351361058134, -1.1612187197879096, 0.5467617032406226, -0.28023751028928734, 0.32841521243794547, 0.17329045872203813, 0.11197034946279946, -0.45194895975382837] : -1.0
[-1.5861413547348235, -1.0282227914436715, -0.5703206079608795, -0.36249861695681884, -0.22315253437992666, -1.26867273438183, 0.13801324234783513, 0.2638239860366729, 0.2057014497785196, 1.9127871680919981, 0.8563367946838762, -1.4106800373971833, 1.0110237764545411, -0.6082636443630864, -2.1994323894867254, 0.3870932817870737, -0.045223346273972925, 0.7634398539238637, 1.816780544087615, -0.39702441936542543, -0.16190484609672973, 0.6366324121530155, -1.3316115497306906, 0.2828279757572282, 0.7403343689816979, -0.7165366491836799, 0.5399608529223381, -0.32872383459010546, 0.14369840893260033, 0.9342878748956669, 0.7449204180591422, -0.37142848974570175] : -1.0
[-1.4390041414230226, -1.2167134607087047, -0.4259204498077103, -0.31136430011636085, -0.4295081908456433, -1.2427071150284519, -0.4600252367511717, 1.004121475959793, 0.10920411783960193, 2.4831824626352583, 1.338312363384233, -1.8163718000112004, 0.31692929840343387, -1.1709264692425072, -1.294525882028916, 1.0053810256019335, 0.11105361706353709, 1.0480792072500063, 1.7813477615373858, -0.15601517515760716, 0.5655874742746327, 0.1676970082503635, -2.013564306549392, -0.22684750987775804, 0.8184732182745512, -0.7910005171278166, 1.386622956491851, 0.027495211464415553, -0.8225306895389997, 0.3682491700251379, 0.7451240642159119, -0.5852234352912397] : -0.5044488473372026
[-1.0786833243586673, -1.8467516827196717, -1.0852510404290545, -0.05308901395732357, -0.10257356081544834, -0.3970396333197491, -0.8936040627973174, 0.9194396669280176, 0.6288272892005942, 1.896668847862901, 0.4936889299467587, -1.8183913982905313, 0.40240462681200206, -0.35532598224001266, -1.5207518653565497, 0.029055374913440013, 0.48811828477234065, 0.48513665164835457, 2.175077440526132, -0.3194537698774176, -0.22717869674171642, 1.6900006760654, -1.6541139381654633, 0.733910457460692, 1.6285026814315406, -0.7065570531958405, 0.5486917105547486, -0.21246986765465842, -0.6997843598896514, 0.7160134352697003, -0.43855276285354444, -0.1204384943701649] : -1.0
[-1.9798063783523028, -0.9176332346849279, -0.1250309153902071, 0.33089013421312474, -0.4716950289525051, -0.8718718105381449, -1.0725699786874885, 0.3845006578725807, -0.23319939206852058, 2.939247637596904, 0.5402659116245264, -1.6166767770615256, 0.49419813361192433, -0.7291047548691494, -1.7132860682529576, 0.6436158665639852, 0.17887772252518885, 0.725242457290916, 2.307539748413461, -0.6562952430394501, -0.6961447235878587, 1.0623443240362538, -1.0005387439020679, 0.019498319649502882, 1.3659079291884508, -0.9063395172283195, 0.2930836713233692, -0.3749001911381675, 0.08921202607044343, 0.11866178521186344, -0.1834766945051038, -0.6204679659303908] : -1.0
[-0.42715325352667854, -0.9259754004818316, -0.7504729581373014, -0.5706381374036736, 0.26799136074957625, -0.8293854809906195, -0.35920476052986305, 0.7728248041775019, 0.194963694291876, 1.4027976284731047, 0.3963066002667179, -1.0167988584521581, 1.1723454007753993, -0.9088871951160125, -1.101900113129643, 0.875072777164819, 0.22749937870995454, 0.7617181481697881, 1.955459341085844, -0.31117020935546574, 0.03494488716809363, 0.21282473762972465, -1.3519293598744508, 0.8496947318642982, 0.7341595003113375, -1.1311057773020303, 0.353190623655832, -0.6744775070533082, -0.020326816339467035, 0.7086733733234123, 0.07701385638613839, -0.7079314383427732] : -1.0
[-1.9368232954615738, -1.2329028715205312, 0.07342137789474557, -0.6438518432409128, -0.37603295684163784, -1.599026504177772, -0.7278448458977005, 0.6659185233673697, 0.5273331573718715, 2.02293202361151, 0.513631570686388, -1.8077046364920408, 0.3965013746463758, -1.0772182594365454, -1.602649071712625, 1.2406823307680501, -0.3016691063770235, 1.3083902798256337, 1.5161433455442515, -0.1127541687382484, -0.24516589244317, 0.9924854663375684, -1.3229688731967344, 1.0145538629205828, 1.824045626876081, -0.884875336864477, 0.9217783791076728, -0.0012353212513764866, -0.2612687764332115, 0.42623367389718014, 0.9274710270684816, -0.5997594167278103] : -0.5321983857588335
[-1.695451666935904, -1.6847858357404943, -0.33325556505612053, -0.3951554858785048, 0.33204968406201385, -0.6369284563163522, -0.60710195026411, 0.6463409703907435, 0.55944842811951, 2.016492118549908, 1.0123772587919682, -1.7762251482429443, 0.540370600306813, -1.0384491995122525, -1.5678780206099767, 0.18838565730127588, 0.10185208759320247, 0.2696318982742002, 1.189703522032047, -0.12469286612961053, 0.5442784661769606, 0.9943879383962578, -0.9496784011655259, 0.47229144740560275, 0.8848149953461576, -0.727651408670355, 0.5790392033422277, 0.21122519778438031, -0.5031171583625599, 0.3643751769747562, 0.07338972278668113, -0.2875076287745638] : -1.0
[-0.5976525174093653, -1.21758655969323, 0.29816390374753615, -0.2587578982260822, -0.18138597027789677, -0.5881576111119661, -0.13607167894425415, 0.42956096589726306, 0.1995861746168931, 1.0845301691142435, 0.8660376272752903, -1.5226062428133031, 1.1000040302593896, -0.9471347434494364, -0.6341683808284289, 0.3976596346219315, 0.2528601955279178, 1.2579348986814574, 1.8761187675496809, 0.03008771050044673, 0.4351853495072945, 0.532152676683584, -1.0422615610961734, 0.6777112305966022, 0.47022118720088346, -0.6574148408517019, 0.056317967149189574, -0.4599641875232012, -0.9784174488240445, 1.0302264543281108, 1.0174738435893207, -1.4396020180065676] : -1.0
[-0.6082456916674042, -0.752366462282496, -0.24624398788735993, 0.09579718049631036, -0.19874174567544065, -0.33915033053796967, -0.3053743688426872, 0.8951657987731647, 0.2135740928192333, 1.9235065301872738, 0.7228738218372548, -1.9096834519855639, 0.34303706593793665, -1.2457726913279508, -1.3411537231180513, 0.8363922387009862, -0.12553981958426788, 0.7819387120588497, 2.148504491794103, -0.16142932962602424, -0.16400643970498774, 0.391214706112466, -0.9056208000401718, 0.18778565991141288, 1.0560822984170746, -0.6975246986461296, 0.646745207897298, -0.5482629007033992, -0.16458436870018, 0.9809624537053869, 0.1526248453928567, -0.6211712111320065] : -1.0
[-1.1657046179959003, -1.2682732163870767, -1.4277983109229133, -0.5942043954514415, 0.08318741391407036, -1.2228516016546571, -0.4894748666895307, 0.363876221306694, 0.10967103728788982, 1.7963289035243233, 0.7373752970008451, -1.749822951104042, 1.3468758906419867, -0.9735121828246245, -1.1828847116790981, 0.3186543493678278, 0.4404452259501658, 0.5786819758398938, 2.3767738903503672, -0.9674429772808266, 0.42335792553775325, 1.2696719315061264, -1.1994229634750835, 0.5046359272726968, 1.6079280982157684, -0.5462544473029628, 0.6203174647417906, 0.06738686421506718, -0.4959558560853017, 0.3803712186388374, 0.12228889079935867, -0.39872662892769417] : -1.0
[-1.5735736825538178, -1.3707947585224698, -0.16554141982933296, -0.004079974571647771, -0.44813029596838333, -1.0129551771561618, -0.37339489557263383, 0.7642434431945669, -0.005793779196720417, 2.555185625997509, 0.796379114097108, -2.238320166490937, 0.27122451577432977, -1.3460610288978976, -1.7184000712722884, 0.09082048723940273, -0.08185697845495851, 1.1012389923352723, 2.114042601000342, -0.2655603304847137, -0.209252149100621, 0.023735046322350795, -2.0999496773845494, 0.6492208641466741, 1.1289286655464497, -0.9428949939107374, 0.7661447311851414, -0.544398540605508, -0.376986333913309, 0.8561264380615046, 0.18486496793769192, -0.6135191317085362] : -1.0
[-0.586458573078288, -1.4202671496508523, -0.4945692351503244, -0.06749992294594426, -0.023760856109126927, -0.1450441930359765, -0.9529618949121763, 1.1984892821095015, 0.4254579012513851, 1.91118644504648, 0.7159683348641535, -1.1355126078986122, 1.0539941579437728, -1.0389479623838673, -2.0211672120068833, 1.0628256452575864, -0.28985035155559535, 0.9592515968625851, 2.169743810567683, -0.7639276847313429, 0.4199521352524547, 0.6159307938565732, -1.5591097792134496, 0.4751290637402243, 0.8765822662095208, -1.1474880099370162, 0.8164178090997251, -0.1026085320335845, -0.3475162457767723, -0.1612999401783924, 0.9145834667353334, -1.0242321406880364] : -0.4798191243951971
[-0.940469330880693, -1.7179227105074344, -0.11772206283390985, -0.833075391334793, 0.33776027498666766, -0.9686675137718996, -0.4856592038392477, 0.6580313639553749, 0.9451726671439398, 0.5240850085568247, 0.20452389845431226, -1.7668701762087513, -0.10701791460861554, -1.5535110227576714, -1.600333470828689, 0.22796966226409077, -0.18096714291505972, 1.6856252586798606, 2.736189936188299, -0.15350930895253012, 0.6616843322468601, 0.7962902271962358, -1.3494618180980187, 0.2582402537477824, 0.52148091901119, -0.3289230552189356, 1.0798237142432003, -0.6726142660829568, -0.5232004909461911, -0.19101466556737962, -0.4117291677552345, -0.7530594962411676] : -3.0
[-1.6109155937268813, -1.5627293319545017, -0.5757917567842369, 0.22123323155143998, -0.7587974725683824, -0.43278274261469274, -0.8122254384716865, -0.4179795838858079, 0.46510140834743996, 1.855782415212554, 0.0059068645903088135, -2.4241950866508692, 0.5679335498558451, -0.860477454861281, -1.382035175643627, -0.054722293511386244, -0.9041582217891314, 1.552419365728221, 2.0512412283491015, 0.25091840900637774, 0.06224640324935907, 0.8439599818602267, -1.690904135293584, 0.3846049423640391, 0.5222733191358515, -0.8095788088467438, 1.0694611624476695, 0.033479277609733626, 0.48648977091253015, -0.04054969309328876, 0.35269889660696907, -1.6112375993927501] : -1.0
[-1.0853769694055146, -0.500061608450105, -0.2839635972023691, -0.4856242966818576, -0.47098246764292817, -0.797748899998652, -0.939237724080703, 0.12319622851917966, 0.5419790996588684, 2.8302175161754524, 0.1237336702850037, -1.8933973421356243, 1.151193961936305, -0.7024780955899025, -1.2986629868578423, 0.48934020516363064, -0.02235923194620404, -0.7760670421973396, 1.8228347199470745, -0.8760166949626261, 0.834363287180299, 0.8033026349844904, -1.8236492893584284, 1.3385039760293052, 0.8295010301966557, -1.1381420507612252, -0.12319297346379832, -0.5787847449882746, 0.45324990874391774, 0.487255196818554, -0.14646584838885573, -1.0276537647291737] : -1.0
[-0.7870139343580913, -0.704819621713002, -0.24231038208298109, 0.01869739734157272, 0.6063328660882179, -1.4476119268895222, -1.2369027163765023, 0.6910244179313163, 1.336434304829683, 1.883174418758354, 0.06530955434277252, -1.175106738995353, 1.2433965490096672, -1.2878556740299616, -0.7042001854932536, 1.2114289034981864, 0.5875332327329205, 1.5966720786768471, 2.01760981318701, -0.7272448400705701, -0.822172724638423, 1.337707512556729, -1.7697254650856244, -0.2834889757243838, 1.107979298989767, -1.1055927547034896, 0.6865143381670054, -1.2051296435394059, -0.07876139818216124, -0.2934321110389308, -0.46002441679379913, -1.1669381449422214] : -1.0
[-1.7649767116602642, -0.7096075523434137, -0.13588520935161835, -1.2324294864223995, 0.1413396912433466, -0.573796904368709, -0.446927314087908, 0.7215573633501726, 0.8545401387082339, 1.9685665124881668, 0.09192191413679451, -1.7012951325300703, -0.08107877226136184, -0.8926648167577177, -0.6503969543198161, 0.8328328997435109, 0.40243897241954124, 1.6617072407958209, 2.6775698782537574, -0.2871656133314765, 0.4475784229614153, 1.5806358613012776, -1.1198202420428987, 0.9119663939873415, 0.9139696824657464, -0.41601411688727996, 0.2135243172167146, 0.13844853080929553, -0.493302013038845, 1.3067035847318902, 0.8377264250250032, -2.1707493115928704] : -3.0
[-1.141836256457462, -1.219315915201842, -0.5398271007242661, -0.296370566532038, -0.14884480636396422, -1.3436870230814242, -1.2357551363339008, 1.0968808215832555, 0.5011882046289254, 2.100376023436861, 1.6363136725408503, -2.4943311901293326, 0.7322397233392085, -0.7520264125943805, -2.3340914304441953, 0.6423904445459554, 0.5832495656785135, 0.9480939636455465, 3.7932139679548333, -0.6707414787138879, -0.4450783997641101, 0.2910399251358512, -1.4969975540181175, -0.4336500173702701, 0.5049278089939941, -1.8095930239181421, 1.6134713164882313, -1.249876799383185, 0.0037586851130526067, -0.24048664590981556, -0.2651345108206619, 0.4982386463097478] : -1.0
[-1.302069718681617, -2.449868623595003, 0.02672548238847633, -0.79132776768477, 0.43609265542893955, -1.574798721465391, -1.6428580143885636, 1.819154584961863, 0.028616199226586703, 2.430539225100842, 0.34446628172936117, -1.8153477415572536, -0.9661299788119598, -1.4675884113657003, -0.8646836719178016, 0.06791827062938982, -0.5359170576954944, 1.9887295454919407, 1.7272102079134806, -0.48302729338467226, 1.0865876483039767, 1.853283268168261, -1.2943966431687128, 0.5125913877724265, 0.19096487479730195, -1.6021041942985466, -0.2695610982190195, 0.07994681378710689, -1.3254254122579219, 1.0141102864956162, 0.7533187426327794, 0.12096413558320318] : -3.0
[-1.2265227399784377, -1.7350123663997419, -0.25963830018118667, -1.0536028667502984, 0.09946243358913481, -1.2396700663301443, -0.2748500682548181, 0.15318023930362812, 0.7594943113457981, 2.8932501606495684, 0.252089648002106, -2.320968011534435, 1.0471595645958907, -0.11087296726665508, -2.0615083977625344, 1.0589152002682716, 0.565777787267143, 1.07325138560114, 1.6094657533450019, -0.27409888127380144, 0.4082960032453672, 0.6029329828495533, -1.196618029264239, 1.0861777113978754, 1.313012143873675, -1.5243028980181745, 0.7356578150186778, -1.0588971348280578, 0.33014734708883303, 0.1370564571273043, -0.23180051203344204, -1.3127356973921709] : -1.0
[-0.7550525616579707, -1.2241393471914275, -0.2409218981936796, 0.12597839358862706, 0.4869051667327983, -0.7366356614323886, -0.8612198457067307, 0.3420046692212468, 0.2466775588890725, 1.6525448676178602, 0.868677116177567, -0.8011466903926303, 0.5845645413921217, -0.157683058863627, -1.413028384344442, -0.028161200309222423, 0.45811609845804385, 1.4183461804709228, 3.244768361080018, -0.17997969146078857, -0.31268835396376304, 0.40538403181543453, -0.9847100777632796, 0.22626945192499742, 0.6008350376267093, -1.006174291661691, 0.8939158782447898, 0.2785919552967327, 0.6387863672849365, -0.42594442067030164, -0.6885088871737916, -0.15327390345558167] : -1.0
[-0.5720313708225796, -2.62186375828077, -0.17043425384151784, 0.3262026912779077, 0.45117903749384275, -1.9854778842325977, -1.1200532523499716, -0.2019500408516337, -0.20121308920322956, 2.4774083426938023, 0.5014091625588342, -2.06677858665801, 0.005548786976768749, -0.786911424247732, -1.4187241470375995, 0.715763848243635, 1.0544644317616945, 1.4866114648751956, 2.2247481230668327, 0.5610324331976025, -0.41706930084469185, 1.382278994621307, -1.0256721450749409, -0.275294157116033, 0.6533282780859752, -0.8036018435166534, 0.26265346371831993, 0.41542979978078637, 0.1433752940391071, 0.9061247829635586, -0.5003761983570384, -1.2531513325437909] : -1.0
[-1.8172964969084697, -1.316534913225277, -0.20626336917129193, -0.1777860142729208, -0.5331897724655563, -0.7565386489444818, -1.4009206547260666, 0.8568836586789847, -0.055311370673424565, 2.1657476021442434, 0.09305135657971836, -1.9742412676339078, 1.976287060205412, -1.0762066564790653, -1.7206480132446975, 0.8175579919219003, 0.9220276308690519, 2.2004058173784338, 2.5539725119053527, 0.5643883314683742, -0.6206525603485482, -0.3204928637920168, -1.0076630963743873, 0.41148369271900964, -0.0647215571247044, -1.598609139611546, 0.35091433560999247, -0.3235838556150088, 0.3134798265544548, 0.15690582248746382, 0.23471537853464008, -0.545800619132176] : -1.0
[-1.2204672743973297, -0.7744313206180231, 0.3807456031373761, 0.023453916605810754, -0.07484184927385093, -0.6937952973450753, -1.3385398200095564, 0.08739802164661603, 1.1793957013695944, 1.6361938386060537, 0.4057662399663937, -1.5741993229406854, 1.5304836648933695, -1.143021766053791, -2.76489563148217, 1.2976000710420421, 0.18731476771678918, 1.1680824818553805, 2.596800346294267, -1.1886820995931626, 0.09491335623724104, 0.7170279665780094, -1.1566590271194352, 0.7166708979520711, 0.7273442668182634, -1.175352209790402, -0.07168426771695235, -1.1457542160981278, -0.49274218418492627, 0.58901910294687, -1.050031506151588, -0.3641986621516493] : -1.0
[-1.361569864964428, -2.126784363792722, -0.12280937890326829, -0.8722020947031787, -0.9703107021774577, -1.290575779239192, 0.22380411140519163, 1.73384841662225, 0.4140224800641696, 1.9989801536797873, 0.6787774047766529, -1.639461842271718, 0.607683272348216, -0.6032658382497244, -1.127893495116286, 1.3185179637429725, -0.6154368911443531, 0.2580970560927154, 2.017641498589684, -0.24445672321252074, 0.5748790827806439, 0.7920065789663401, -0.9608123904368133, 0.30542681427640095, 1.5958595333575238, -0.026008908483571402, 0.09823780026829587, -0.5329099101765173, 0.9935524458717533, 0.18978590051920632, 0.22658450608296346, 0.2554815802503285] : -1.0
[-2.0274280639233595, -1.565933550767269, -0.6740239591389341, -0.18844628609153602, -1.2869596051929382, -1.8871055752307675, -0.6229486212382311, 0.5875516405515694, 0.9307751939263824, 2.165452562794111, -0.8928703537281979, -1.1005400628595545, 1.5576005265503983, -0.035445238114254485, -1.6624706791799444, 0.08074288503349192, 0.4873615579476314, 0.8168433909511833, 2.746549599323186, -0.5208716891183505, 0.38137845358178285, 0.8800210676571132, -0.4592143515283872, -0.4950714970491702, 1.4640973027091948, -0.9865674174649756, 0.9515806002495308, -1.0188420233827378, -0.14847639023275624, 0.3640100789533507, 0.4608941376829625, -0.0248475758006812] : -1.0
[-1.3101777025338293, -1.4505354209841195, -0.013149587425849707, -0.9297259884888973, 0.1901591477171652, -1.0465237727877337, -0.553379003912949, 1.3494838087225665, 1.0490921892507479, 1.5184713182369771, 0.45834497388705503, -2.4332551798132678, -0.1503587715656155, -0.6950689488451904, -1.6694707669930493, 1.1444723328143365, -0.4619248318481812, 1.6733660700512047, 2.5942919475523905, -0.47184839757734104, 1.1418732341195346, 1.7276986804441365, -1.5704382570629707, 0.006596573455236787, 0.5883782145565913, -0.34650941527847356, 0.3091362527352565, -1.0473663945139893, -0.5333224225327912, 0.7130375406084728, 0.329548067417594, -0.8889613149655935] : -1.0
[-1.6782214823887043, -1.3145784373007685, -0.751847070052536, -0.7498731604207393, 0.09171539021024652, -1.2947993824736324, -0.5880695310156707, 1.1336189403106256, 0.1736724247705399, 1.6540464303559346, 0.2764090598060283, -1.7681774350619817, 0.6598536095839179, -0.173133022929008, -1.5915889728202086, 0.5542738113682636, 0.4626204357123834, 1.2888126636932211, 2.7083868645235922, 0.2393566142897134, 0.8595266203599334, 2.0218814591863756, -0.4394938076105166, 1.2172588001361442, -0.03994359261669045, -0.5254614679950524, 0.38713977424561596, -0.8567312330089234, -1.1425995977624719, 0.5554936683306785, -0.21759981867477718, -0.9257771193038824] : -1.0
[-0.8583949088647336, -1.1701605280479104, -0.565557199674302, -1.234652036649646, -0.6448490055939247, -0.4614134373116568, -1.218639798511948, 0.36946365420011307, 0.9374000395729027, 1.6884568954488763, -0.6880877111998598, -1.2651886003511446, -1.7707822047387578, -1.8643111281522784, -0.40607213516961405, 0.6954435599171565, -0.5239083786727077, 2.0403234586591292, 2.01499954131574, -0.7609107364036181, -0.3529145480345687, 0.8356248839388354, -1.3726328419083105, 0.6904055100537915, 0.6376482874835572, -0.7486801406134881, 0.36299159024528477, -0.7156751143566109, -0.43505628471252367, 1.1367103170329163, -0.07634576368297175, -1.9492490905447233] : -1.0
[-0.6793572851497373, -1.1995456633713184, -0.10552859964311288, -0.12795376184884044, -1.100496018584871, -0.4934006573566544, -0.3858363486957065, 1.752284686143001, 0.6780562177949399, 2.1457956756872854, 0.3540855259172508, -1.5143271978153385, -0.3129231815026979, -1.1744892049400293, -0.586399069136946, 0.12992107918506562, -0.37747310025603026, 1.2220166248550273, 3.1096337316177243, -0.349978588030351, 1.1794279342540372, 0.8297637056938367, -1.7867619722077523, 0.0037567671490947863, 1.1951796658231184, -0.7571707961305655, 0.8415088486939257, -0.23794550472541434, -0.9057754752645235, -0.001040331765394309, -0.018774948632098165, -1.766239160639615] : -0.491102782162753
[-1.3370838392237692, -1.1144147727498308, -0.12434617335318898, -1.5193845403749702, 0.25213936455902847, -0.7358624330394076, -2.104334654381845, 1.0475085730673896, 0.17380974182033904, 2.1184779883932725, 0.06910273811839543, -1.8255722275703339, 0.6123659852630423, -0.5214913832817819, -0.9962111749463217, -0.2857071363215647, -0.6332812735233823, 1.9875817100297875, 2.453775961812525, -0.1087635692306187, 0.8324816844200423, 1.36593356647266, -0.9712707708138499, 0.7095591824435171, 0.7954210824870908, -0.9052594392031913, 0.4407703502636251, 0.12204770291958411, 0.09589704259140353, 0.6217658514212228, -0.27732300651419944, -0.08608795209651177] : -1.0
[-1.4667438294169965, -1.1263170310936825, 0.21790584262196203, -0.30816761357149186, 0.6693558454316417, -0.5548900261412046, -0.790155955750397, 1.7138370910767242, 0.7573628125811473, 0.9165592640401485, 0.2844669985967816, -2.067892408623443, 0.6145118279077741, -0.41416713522002635, -1.9460994232906432, 1.2654743321050337, -0.3113726662275163, 2.6148680114548695, 1.9420436498134948, -0.3522886018781286, 0.8314888008330579, -0.6765892946068017, -1.7289080476988876, 0.9802566006086951, 1.2513431177930565, -1.161944526089436, 0.44214797060835875, -0.4813361617095187, 0.09204597381323343, 0.545259489491454, -0.43212658285094846, 0.32336056698073246] : -3.0
[0.0055850892616597925, -0.984363198359215, 0.45812200070693565, -1.0083608148553092, -0.63244463222897, -1.2176875767088793, -0.9143927688387545, 0.698808211014851, 0.857838171378726, 0.8458145562692615, -0.6636303013493408, -2.4867411049231705, -0.5453211719540481, -0.7537294952012177, -2.153808576417908, 0.6524775568513725, 1.3256927221423076, 1.1575339735043866, 3.075058176059705, -0.17835660480389076, 0.705300206601113, 1.2032272133784419, -2.093967659086668, 0.3680409007132269, -0.13755570398982153, -0.3491964553225965, 1.1286688492346377, -0.4246713707734409, 0.020972540964728004, -0.466071388021106, -0.05265824968903321, -1.2131978085056416] : -1.0
[-1.3407895880693685, -1.7886950426387496, -1.2441678264626568, -1.1654397633055449, 0.7051762922777748, -0.5105004405968075, -0.3500656686209295, 0.9824295074190827, 0.4464869135675509, 1.738812924541051, 0.893051170197365, -3.2277858889860944, 0.44986574342216806, -0.9672494348153744, -0.9931189882155902, 0.6141116431404822, -0.08787562433826102, 1.9293356033804432, 3.6335046721675157, 0.01697722077848418, 0.09177387948285115, 1.5165706149427332, -1.5324700947799994, -0.20191313866844385, 1.0925054285961082, -0.5567081373531959, 0.8278295501482515, -1.1937578151090698, -0.6496743964676952, 0.4276372021877512, -0.11774838222312145, -0.8410300355192719] : -1.0
[-1.8377896304882273, -1.4518734107369802, -0.3716519114353227, -0.1193205053670402, 0.4619992743700111, -1.272516575960121, -0.6222190957606034, 0.06439747140321739, 0.8532311331065405, 0.5386219461477253, 0.7149299394760674, -2.5961055617727156, -0.16486654542898282, -1.3630434077326061, -0.5897507930863806, 1.1807052104339757, 0.32498289352635795, 1.9391451028487348, 2.3313184470340413, -0.4131599072950212, 0.4349911932581481, 0.5806020155247356, -1.3321017052079742, -0.31126683130110855, -0.22651264284663108, -1.4116368980287048, 0.730458344538509, -0.3818886381958908, -0.9493107930637374, 0.6708019427639471, 0.2519152609999478, -1.644821427825421] : -0.4841866059736772
[-1.1033983129706622, -1.083731365302333, -0.17446459966925298, -0.6010648074559923, 1.0439459260897064, -1.063013001883166, -0.8271470941068623, 0.8216498663004534, 0.18619493887093697, 1.830266334269122, -0.368485825008525, -2.0523123911897323, -0.697070227241871, -1.5323350906761324, -1.3724667255367664, 0.5193878161019336, -0.31491547685650445, 1.8220268401724264, 2.799284058048635, -0.7066169628231844, 0.18824507990962253, 0.4714633644099623, -0.7633759809659789, 2.883501425314794E-4, 1.644645936368337, -0.30103382158835357, 0.5091304498359983, 0.3834511297566984, -0.973342871509189, 0.5318038085353513, 0.0796074841103335, -0.3247161137012823] : -1.0
[-2.497228296074364, -1.786265342168079, -0.7532822377526868, -0.446107807850322, -0.38206458455820896, -0.6328867010497743, -0.7582077235296226, 0.6642085557495555, 0.45323348808346076, 2.5448472784105522, 1.2096044028149344, -1.1385030381249086, 0.9092013283173824, -1.064371821833817, -1.1772402964798052, 0.6322415922558583, -1.1499811219785314, 1.5730129868642473, 2.6468522853190173, -0.954949186388419, 0.9061616761502138, 0.9133051450289822, -1.4021544470618696, 0.01069793507258282, 0.7636189030998415, -0.8096530317665129, 0.39380672265130684, 0.005310469208371527, -0.09372994995462364, 0.8763659799566557, -0.6125276828018971, -0.6008786068829446] : -1.0
[-1.483395451347541, -1.3148012113563203, 0.2229225429991246, -0.06793658209385067, 0.5661418748941434, 0.18137449732387778, 0.28106108240263816, 0.0983380908459861, 0.6821503591636819, 1.631714616447882, -0.7492615430929139, -2.4970625713098933, -0.09520753674853168, -0.5003134669738699, -1.2616914789391376, 0.19942133099137807, 0.38718382563775955, 1.2070670264950445, 1.3844232274214543, -0.6735628061353705, 1.6225227295281717, 1.3652288472167096, -1.4458893210524753, 1.0053459189135103, 0.5228252096094084, -0.6785047814596542, 0.6315375326903472, 0.6341975428139661, -0.5743074589125903, 0.14084199760363036, -0.10445226460469798, -1.5793515297177323] : -1.0
[-0.5825746223233451, -2.03321644627476, 0.4201797419440034, -0.43680024725213745, 0.7580947183414168, -0.2781775474848063, -1.1570059084490234, 0.7243829357564103, -0.32526988836672444, 1.597411973674734, 1.3372242672350847, -0.9549026010296788, 0.45992449172169897, -2.1450355113935755, -1.0461966493011525, -0.25160990361216445, -0.18870768757173306, 1.7341571861176697, 2.138258443800727, 0.4480464455527992, 0.4133801826436499, 0.7480595183247125, -1.718099179801546, 0.3124915935311523, -0.03127855807923552, -1.2119074225082769, -0.5038793468841194, 0.8630026063737104, -0.2679182657582976, 0.11116166113152348, 0.36706413635588253, -0.9236914807017362] : -1.0
[0.18732599223717727, -1.7580162988713175, -0.6796587377076604, -1.0069103278108233, -0.3828459596343759, -1.3213397140895744, -1.4863186474129018, 1.244271039717344, 0.4151366106730197, 1.4833554039659063, 0.8649574257558382, -2.3560106788973245, 0.40712630961193436, -2.271018586611568, -2.0804385237748706, 1.0523235728517533, 0.4529489651198346, 2.204161052703368, 2.9251264752673785, -0.45557675657246355, 0.2663247063274422, 0.7131500630112394, -1.9564653849795852, 1.6197006655167896, -0.08506299053244537, -1.6101325104352622, 0.6737657879399386, -1.244559733632392, 0.06722374383706942, 0.5712937642677678, 0.3782127049466575, -0.7956582910127465] : -1.0
[-1.2586960844348858, -1.5898342899319213, -1.6912639941715724, -1.1539910762464343, 0.20674670199326564, -1.1640253873600102, -1.140811448093169, 0.26547929618800825, -0.142415053937045, 1.8741255711230078, 0.47565867659567357, -1.1376139195879924, -0.13851783078800306, -0.3786094845767078, -1.4823873042808486, 1.3713097001273136, -0.17092031288002785, 1.688327808109932, 3.0886405810583955, -0.10467045550718343, 0.6127679398134889, 1.0358382663825483, -1.7741255051535976, 0.6413505005131833, -0.16962645671948307, -0.535465605684414, -0.2164465395948305, -1.5901107367844696, 0.06750340863712667, 0.8418756881751337, -1.037919648727641, -1.0378346231242412] : -1.0
[-1.1505153243607773, -2.284780380015918, 0.11187922524624225, -1.1579909168581595, 0.7627364999612032, -0.8085595314813264, -0.9298621340204344, 1.5257586549799922, 1.5792491347776565, 1.0187867372409678, -0.1515062014067653, -2.716960051560654, 0.45109106330983745, -1.017101200505049, -0.022690752467073194, 0.7931660323524887, 0.19038549857148043, 2.1631953993976163, 3.3867812189784043, -0.5923078578567573, 0.8565571663609507, 0.8819763421322158, -1.1195604286998782, 0.5373547807648924, 0.3248485529415785, -0.6708918433189458, -0.5163178281844205, -0.7649103975698702, 0.22125183024231804, 0.9231358175676647, -0.5785075324888411, -0.11573908797327936] : -1.0
[-1.0195619437618668, -0.30871041722551007, -0.7784483647910405, -0.6448074278995197, -0.535971793689248, -0.844654138057065, -0.9619391989565271, 0.9408618850045392, 0.9527681119715916, 1.1212388459495624, -0.09762132417119423, -2.342359516191393, 0.057425001470213906, -0.5541564676965491, -1.1152649696242922, 0.34823221907159974, -0.17258660352169794, 1.2448783325270867, 2.25625264267922, -0.26135032225227967, 0.3370009163854525, 1.346138640755051, -1.6664934783244394, 0.870777424014119, 0.16995154560795167, -0.30100691964365167, -0.3645859162658467, -0.11899996060470563, -0.2504806257736844, 0.466051881791296, -0.5023710594718821, -0.4648735599242405] : -1.0
[-1.3227256318346423, -1.6794167465865648, -1.1664267481359087, -1.3252670086340812, 0.27135691045633265, -0.4895834862324299, -0.5100094072582891, 1.0833970868523854, 0.34592260439278205, 0.7532038870807095, 0.031949093595586786, -1.7379941444392288, -0.2465941146446637, -0.6926402737153117, -2.105820257249631, 0.6592308764067695, 0.6001068137652892, 1.943059299497131, 1.969129294144997, -0.06794184431557898, 0.2396996020529898, -0.1041046166534968, -0.5315951996964144, 0.8709493698603459, 0.170351162189196, -0.680517322047215, 0.17658298517623683, -1.645873085407354, 0.19997572291144233, 0.0051237864497150065, -1.0492342103283945, -1.4252755577722613] : -1.0
[-1.6606989793147329, -1.8181929974004027, -0.24893602921702107, -0.9913783960981157, -0.36646421516183614, -0.5503567030313488, -0.9515072290281615, 2.4733052893072154, 0.9256256789651223, 0.9153752409696774, 0.320391107572752, -1.7325451389854567, -0.07018613559208046, -0.6120100640688297, -1.3010622988127492, 1.1882435616924207, -0.8449012725161101, 1.9964662600910408, 3.433697448929842, -0.4577112595097083, 0.8925488441153618, 0.8244068896082887, -0.7451894189905686, 0.5559186867832894, 0.849364994584507, 0.0294333780796725, 0.6216906147488099, -0.8756352865735959, -0.6791576017793814, 0.4571905234091417, -0.42212873455262784, -0.10341305457755218] : -3.0
[-2.012952438511467, -1.0478546297632656, -0.8026122956277726, -1.0019879988927716, 0.9866253279214715, -0.7822915620468925, -0.6673652857189613, 1.425498168441535, 0.35113587244757294, 1.3359751583331645, 0.9092361473841684, -1.9305860145595504, 1.0583145433738388, 0.0995638903298981, -1.3116492927309302, 0.4141124070552972, 0.19146143118634382, 1.7754462991662368, 2.6156289263320356, -1.8486959279928472, 0.3774590132879447, 0.8838776412750095, -1.673766540250808, 0.05634072071519014, 0.9317032170618657, -0.5932312898702964, -0.5229080473211232, 0.3200627655404934, -0.26473389726190444, -0.5368042214315787, -1.4959819049356489, -0.8406635385816417] : -1.0
[-1.6605058113163893, -0.9682718056582336, 0.6713396356039509, -0.8470411156471295, 0.6634930562265728, -0.5076150586418801, -1.7342510095873533, 0.8865649886191138, 1.274944921530152, 1.561322535846924, -0.1827140305090918, -2.8888480850557148, 0.9289534796827589, 0.19182583096899408, -1.2348739920224294, -0.20139662635703615, -0.8450644057617632, 1.8436584377743317, 2.0666322233302794, 0.319608753625262, 0.6575248991047189, 1.1217402169261792, -1.2444312592898672, 1.2926914331738493, 1.5180818425785627, -0.5631282574487112, -0.777251715854387, -0.9884866103739866, -0.9021527125604427, -0.49876387847345494, -0.6141403156452607, -0.07926510683175286] : -1.0
[-0.42107979097003945, -1.3530388092975476, 0.04295220013290893, -0.05312529625229734, -0.10622028093257113, -0.9186242079020902, -1.0473771386674149, 1.1153998357125385, 0.8639103734951302, 1.7452052731912304, 0.24146765621496663, -1.4309499731147017, -0.05227494750176888, -0.445506661471165, -1.6109505423403883, 0.9330774217479613, -0.2732845606710218, 1.8698834278113414, 2.265823703938693, -0.5038854882345573, 0.8343431944992902, 0.3508164705016593, -1.0639465597776336, 0.6096840614952728, 0.8776209939253301, -0.5065181636142769, 0.7268977009764765, -0.8860475451894992, -0.25096233077535945, 0.24407199664273432, -0.6855377120775868, -0.06410165523154804] : -1.0
[-2.237445961469004, -1.380570676716327, -0.6718160149172352, -0.24622674812181333, 0.5029964101694648, -1.379728328347798, -1.1410432517842808, 0.15653988618396442, 1.5434708699195405, 2.0110066482106883, -0.09006284594799868, -2.2279849899213535, 0.9074046299463225, -0.9597078845777776, -1.6539825332330202, -0.08628761451898592, 0.9398317475243967, 2.0847716218999555, 1.9289878432078829, -0.38806655034693904, 1.0736372707278783, 1.2664999303951219, -1.4315982657070365, 0.30445467581028834, 1.1854497691109347, -1.6119358607259855, 0.06668277701680919, -0.35141192686719436, 0.6191293445501189, 0.45650402724074235, 0.3022672276004059, -0.7465501950622369] : -1.0
[-0.10973675799065452, -0.43840168444479455, -0.2003403397212933, 0.03739279147685459, 0.32352548722602653, -1.0782524424532465, -0.6027208304315286, 1.923570707300961, 0.38859380369635926, 1.1605598835413273, 0.45918364240785986, -1.79291890384519, -0.4032234477453129, -1.3651918132082634, -2.258726212124704, 0.3517771660175931, -0.7967474872838872, 1.725410464879581, 1.6509788466754327, -0.362810778654629, 0.6081028744132384, 0.2513060256902182, -1.620856205535862, 0.5572746182042884, 0.3727466773502228, -1.4087028737542457, -1.0834044776331544, -0.7323783318075877, -0.985491978996387, 1.2459171763733297, -0.4133511841694417, -0.18758855196513952] : -1.0
[-1.793216380146099, -0.8310013140841522, -0.8990793539376764, -1.0087680600350515, 0.2947615590128885, -1.2914643250398434, -1.3567096278647697, 2.061296237009338, 0.016373424832116457, 1.9321186699579818, -0.03358064219371318, -1.71156916990451, -0.6510598129532006, -0.7964842057779751, -1.5721165261714827, 0.46276077871981064, -1.334370144847947, 1.9180578753636124, 2.238565392180373, -0.19638791344798445, 1.5578135917449352, -0.14607141761647546, -0.22325928042963672, 0.8635666084208973, 0.8324690892852489, -0.2559889396449727, 0.5459969208331954, -0.10310561873536939, 0.25707756024436684, 1.2736418993820013, -0.3856748872957187, -0.5593667527708877] : -1.0
[-0.33839315720726515, -0.47455078647048654, -0.1251847317944548, -1.880050663928205, 0.06649393581168009, -0.6743357027915714, -1.140981987418824, 1.3215564103416968, 0.8722602796985712, 2.11143199823805, 0.17380517056554018, -1.8071011216516464, 0.4120383648271147, -0.7608691351698658, -1.4069406924058399, 1.1268939149589796, 0.08637609585206193, 1.8038737401569083, 2.679195390455829, -0.08309216460125352, 0.1868156009081956, 0.8323766576953017, -2.2850364515460173, 0.7450454540693244, 0.5167655219898625, -1.4459236556395099, 1.1177461927266212, -1.2192047231230287, 0.08938611325332241, 0.18278316146953028, 0.1386258514268967, -0.7207839734827318] : -1.0
[-1.7382175270674873, -1.748528593404295, 0.2686469590617977, -0.6902929660032706, -0.09279463795143877, -0.06253311338790346, -0.8637755255769256, 1.8809223610535328, 0.06020409660156678, 0.670855946724893, -0.38315395107652495, -2.078368820950955, 0.8416265865347281, -1.0755620695964252, -1.6244895881589674, -0.44093498690693567, -0.4643739034264266, 1.8832024895307768, 2.11040637928938, -0.6873113524292674, 1.1150147982261718, -0.295949795045212, -1.2448375349079432, 0.6057832765435993, 0.03332548524367618, -0.5912938479571219, 0.683103495044975, 0.20386184619960568, -0.1849446769680015, 0.7596019549801903, -0.6442622161826322, 0.35039029531873755] : -1.0
[-1.1611571870125614, -1.1759568395865339, -1.0065893506134205, -1.4845401641825235, 0.2207697794468496, -1.2590168442587948, -0.7229602119923949, 1.3183915434962512, 1.0464885906233055, 2.144289639214096, 0.8967512863653682, -1.8593400938878575, 0.4472953291627671, -1.1733707130446498, -1.5720754239441126, 1.2392581851285493, -0.3260745863939663, 2.873230357638021, 2.3774111901139614, 0.020173217555630285, -0.2025409438921475, 0.480898806461234, -1.184295741960722, 1.0169396852057466, 0.9849094251873215, -1.1009924849375934, 0.55996701256643, -0.5135273571413056, -0.8466204974601463, 0.09051426114480188, 0.017920062725882174, -0.29166283773803153] : -3.0
[-0.5953638898849632, -1.8122852345363158, -0.018417029686349395, -0.9441379127795411, 0.09012132375468762, -2.1200303921516186, -0.9374513979866346, 1.237838336139903, 0.7977165961502145, 1.1393632075570441, 0.14714760421780565, -2.0345680366797154, -0.40631540699296853, -2.0198497955614503, -0.5858634341796164, 0.8133796985991231, -0.38880823819135596, 2.716948332363003, 2.957873141772397, -0.15368950179718366, -0.057362929429625176, 1.1120574626854702, -1.6771497454217683, 0.8445502210482162, 0.038739059595563674, -0.42805744405357254, -0.38039282803980357, -1.6527612342933014, 0.2957176777811149, -0.8221246196661778, 0.3234978554795163, 0.2946031070660841] : -1.0
[-2.652153024724549, -2.4805690844136645, -1.6396503597524612, -1.588771366775973, -0.27811803155295967, -1.2347858381603505, -1.4522260429330913, 0.7728996818840655, -0.13177620731373452, 0.6965538200785288, 0.8852740179624897, -2.3573696217188393, 0.058449740869548655, 0.14319918562947498, -2.5643954867151653, 2.157595953567485, 0.15771560968630827, 1.974428773226629, 2.45628189420999, -0.2595921598622618, 0.6446899166672259, 0.38998777491885134, -1.182517253231155, 0.8534325195974479, 1.2340246536396235, -1.2807784347716342, 0.45958057998941865, -0.8391006247306018, -0.6027805035761244, 0.3153598540195184, 0.26973330774519017, -0.5118499068145097] : -0.5177515636790883
[-1.5317524554213364, -1.0078179146242205, -0.5457431465460783, -1.2193817082403149, -0.3763841168634179, -1.3563666572160673, -1.5839292639962954, 1.4569811707435187, 2.108045686235588, 1.202835531255396, 0.9991051388618262, -1.7148380816996927, -0.05553190979189468, 0.2848955874085288, -1.6130627364161487, 0.9710867396270534, 0.6783111622597857, 1.7190923857202218, 2.924043706723408, -0.26246469487334523, 0.7647171667612183, 0.16372614386492135, -1.275713871507581, 0.4545597136540527, 1.1997481442616869, -0.09087754588623692, 0.6546255964954846, 0.5081091238259368, -1.074288703113542, 0.715689671177657, -0.4379307667806728, -1.5169253688719335] : -1.0
[-2.470564070305186, -1.7534883562415735, -1.1086567470176814, -1.3635336580325843, -0.19289086519321155, -1.109874279226254, -0.628009171748633, 1.9280001975038616, 1.9048609313424385, -0.24209183931573874, -0.022795960026717965, -2.766010929070972, 0.6802757105059164, -1.1829673569145345, -1.9819416649194037, 1.0212336557694848, -0.7629058892472583, 2.6389301894499453, 2.7099690811056423, -0.10602541412190841, 0.1365318419789418, 0.7828755808746237, -1.6680608889117567, 0.9869362660736265, 0.7848747147329191, 0.2642682303691382, 0.5195217285632545, -1.187366265743989, -0.5966665769025978, 0.13366363493849703, -0.8275288215525745, -0.025573609601206693] : -1.0
[-1.9201732626622312, -1.4107564970729438, -0.9154847102969047, -0.6391064716477005, -0.3706479544360991, -0.6741338419890526, -0.42348208867679826, 2.3759703837337396, 1.0239890303535424, 0.8641338796945011, 0.9434855454574941, -1.637505580722336, 0.48031112131593934, -1.1633860525798934, -0.2252138322611934, 1.758375386649786, -0.496712032524795, 2.4190393327525173, 3.3542760983614657, -0.4267543665223036, -0.09036264053752197, 0.667237955865106, -1.3803205457650813, 0.44932244317536396, 1.1018582238354586, -0.4203287650029526, 1.0137943234842117, -1.3832757008352727, -0.6739441992109578, 0.46047415299998273, -0.5161822995153893, -0.8785307652381914] : -1.0
[-0.6901477466396458, -1.2151656869655176, -0.6859555416767266, -1.0787875261906104, 0.9044176125616987, -1.867188396415235, -0.6070471907615747, 1.210186338458155, 1.1988553553607124, -0.5349681613271986, -0.07974833311601193, -1.7842655257260787, -0.22523363478449174, -0.9072750817888166, -1.9179998299598675, 1.2264819174323367, -1.1198340825223805, 2.4337100956092277, 3.799559995815023, 0.2219388090178333, -0.15664672488675913, 0.7273805194324107, -0.745106788192303, 0.7826612686654826, 0.8235188121486908, -0.43551407802178305, 0.37104048983446575, -1.1243356941826668, -1.7686283008606458, 0.49897232745142306, -0.8569560582168572, -0.11993337765328316] : -0.476760517467152
[-1.5369993459998028, -2.3329142302016748, -0.6224518122912542, -1.797780087246046, 0.09338567414006115, -0.8397548481815462, -1.531461479504943, 1.6442523528601183, 0.8251502530178282, 1.5269399933708026, 0.6830332756809829, -1.7335543464975467, 0.20887578611399632, -0.036801274750552504, -0.6673634024152665, 1.215892931229983, 0.22565502805410553, 3.160247022043283, 2.3217015205987845, -0.43321692505121523, 1.1002249180248382, 0.9064992875248126, -1.925349481905104, 1.153216270619796, 0.9304600825899711, -0.35652799581418154, -0.23046092170155819, -1.4812176314401087, -0.004437181181313532, 0.33103992988955916, -0.14989298460607087, -0.27742540317554054] : -1.0
[-1.1346992654668857, -0.7426106556375375, -0.8055533894477291, -1.0954295311317084, 0.2798543162715026, -2.334388582949473, -1.0491918099718636, 2.394365607484155, 0.46375126132906835, 1.3593642850663767, 0.5537098551047166, -2.247253074378183, -0.07839127197869453, -0.48126064800298235, -2.8546270943307404, 1.5861301118734343, -0.18584941886225087, 2.910054118242002, 3.4097878058324675, -0.32177031738357675, 2.0488280938511974, 0.51637108938106, -0.24324144543609072, 0.8689286027241757, 1.4288037351175453, -0.49727401085458584, -0.5637951906901152, -1.759723420202951, -0.23136306858039624, 0.48125173831855933, -0.4456067267075797, -0.9488789235323754] : -1.0
[-1.0312543001213357, -1.5598757669480185, -0.385259977070786, -1.736659961647983, 0.7908725669239335, -0.5540492488132723, -1.6233969272250612, 1.7940857861207888, -0.179001512983483, 0.3117362721513661, -0.09423540969831173, -1.1776019438475676, 0.5663360225930383, -0.4133885231094911, -0.2007345068034727, 1.514470821635402, -0.3848388283871268, 2.254473308591095, 2.783406893716983, -0.23864045952409849, -0.052580618739300755, 0.8409637843388866, -0.44105644791273535, 1.111778606347038, 0.7282747643588159, 0.018742881764833408, 0.29394386171039805, -1.51752632503843, -1.0645788722223362, 0.46038272861118595, -0.20657247965583347, -0.30290558022542474] : -1.0
[-1.3070115331449512, -1.4090782241002404, -0.5771829399133974, -2.0935509647189794, 0.6720356166740248, -0.9935840703693205, -0.7219701621378913, 2.310165223805703, 1.5738268279581669, 0.4487650969581767, 0.36875695272129455, -0.9481014203110852, -0.040442833803906564, -0.7936784033443081, -1.5334423956971586, 1.6844994212689726, -0.49049842425410106, 1.5121988711694918, 3.4794926815490954, -0.26643883022555026, 0.5233497408921262, 1.19371391960788, -1.4696045176777326, 1.0104679220309354, 1.5432564974437692, -0.596936381931243, -0.20533213810449713, -1.2384800041344644, -1.113185606111525, 0.5421802205537586, -0.7389039327025986, 0.08586629258796086] : -5.0
[-1.511477199861866, -2.0166856156234805, -1.1481277926896838, -1.4883160853383732, 0.47318943284470216, -0.7806476487434114, -0.21026599548181468, 0.9430129528594579, 1.2108378447733983, 1.672155695574893, -0.29433760637685824, -2.236227175326724, 0.31546728193510754, -1.4191153056098407, -1.546195247869875, 0.3300909567481818, 0.017414396008038235, 2.129047698264808, 3.1453539142569538, 0.0339822843913688, 1.9407619718509217, 0.931465052193277, -1.3689531834361657, 1.032474576481691, 0.88491938050313, -0.9712132404039583, 0.19152224007633947, -1.0766542500370193, -9.449898812513569E-5, 1.1076690229060147, 0.8341341214679072, -0.7215609382323743] : -3.0
[-1.4675795845369144, -1.8652279450794849, -0.282713702853529, -1.0754236480031072, 0.9338167070913072, -1.235383592954384, -0.2149528385602204, 1.5556578872834066, 0.696524541122832, 1.5734449378581, 0.14878726619545102, -1.8433489597546588, 0.24408280732795554, -1.1116121124490002, -1.073561669498098, 1.2436563045069642, -0.12359023013497161, 1.936860276069143, 2.9110324191748087, -0.32090663734075736, -0.3817830961309412, 0.7778050825885008, -0.3774367347368065, 0.3397237977505662, 1.1881251735882659, -0.2855429266424895, -0.23860714700368807, -1.19225550428645, 0.021277337456960532, -0.4011573444374887, -0.10758958361236853, -1.0287186170386495] : -1.0
[-0.8178586378849507, -1.3966349744693014, -1.213365007345228, -0.8631847155989709, -0.9106573475138938, -0.9931951318277901, -1.2490440615117273, 1.3795432749167016, 1.1989056990289706, 0.43059894386893605, 0.4772570115277295, -1.386400902795872, -1.0449606793643778, -0.9144103299231681, -0.7902378585613177, 0.29178832413740285, 0.5910448476880291, 1.691719113690571, 2.7685174433563757, -0.3430113178471816, 1.2197057577137125, 0.6214547575444961, -1.0128525440407539, -0.21167073606421183, 0.24794840927603712, -0.46721180036062, 0.24596922174124766, -0.8487239783433603, -1.345829312322544, 0.19740013906371093, 0.08249737639440219, -0.6461474096070541] : -0.5047492547468706
[-1.0689453542247258, -1.1575430635518162, -0.686329132828819, -1.1698106460976654, -0.11509700489179683, -0.7124520080905367, -0.5083400580474018, 2.364540724167656, 0.21993676279791652, 1.7163327545573484, -0.6375735785804475, -1.7666904782445643, -0.47856521782293093, -0.7379639263698119, -1.3473761583019834, 0.921832236731426, -0.003889014892352105, 1.6209299568654232, 2.935759911708063, -1.1087838389818037, 0.3814197066490856, 1.0471748244145314, -1.3011203285433575, 0.5140115779618393, 1.8166786942711068, -1.0811501178957754, 0.5624594022070811, -0.9971748157003337, -0.2374435322737682, 0.7870587693072421, -0.6534505851769534, -0.7458900397824444] : -1.0
[-2.0389681391872294, -0.5463034301045644, -0.22655697437791122, -1.2219421578601544, 0.6541829158686556, -1.2688585613109715, -0.24964814705264698, 0.6208344785978717, 1.6950892902251211, 0.9245673978125377, -0.39386109426255006, -1.3641372472150763, 0.09076571886013549, -1.6003091651492856, -1.5112448813672645, 1.0038662550140656, -1.023500820051682, 3.2720581536072313, 2.693134009886592, -0.5045031914860585, 0.9058899637083659, 1.3225737752924835, -1.397751268111969, 1.8243416252555114, 0.055147524620525856, 0.5564274915226968, -0.6549922438825647, -1.2377797850201437, -1.3504794572908845, 1.0787955500830277, -0.20544378051834677, 0.07140707870616952] : -1.0
[-1.6144419233933724, -1.4595238367475651, -1.3520837221441422, -1.1349227191264406, 0.7360378561880193, -1.4060502372258905, -0.4172288771035742, 1.8603291453872959, 1.0742610299408804, 0.9384658942547516, -0.35010371096604104, -2.172542065108845, -0.27567622086567567, -0.43510828253323364, -2.740319933389598, -0.0066796231432184605, -0.1989934382648721, 2.2650708681876837, 3.9171793384181384, 0.5207517564020672, 1.5579536102387008, 1.8891941400730505, -1.2381869978934121, 0.46499024419640983, 1.3793442001987692, -0.9109264800335388, 1.216444478559756, -0.6692762808077579, -1.3992828368334886, 0.36931035129543893, 0.6488689232995847, -0.5408913898844808] : -0.516227895563299
[-1.9750104707884781, -2.412244005947082, -1.0740251910458856, -1.0503468440481467, -0.21045157873191667, -1.8792507866226997, -1.8535249865108683, 1.7478909321332752, 0.8250471723627257, 0.6248475772917469, 0.4555288079425287, -1.8356757244262443, -0.402068833178012, -0.7341768518243263, -0.8015857629453546, 1.1844431550082815, -0.2572919946929898, 1.822524529290642, 2.7741424809214097, 0.844468648969515, 1.1538469168273124, 0.19956268460937032, -1.4806259408853963, 1.090407488722624, 1.1958113947314708, -0.3488160960314832, 0.2509947915093281, -1.3044383413276615, -0.9007366811068621, 0.4830325989142261, -1.0782495764228939, -0.5255715005378564] : -1.0
[-1.2709404137952365, -2.51078864612202, -0.9103023816549017, -1.0009227426048346, 0.46320981018039853, -1.8524080262606604, -1.1076395163037858, 1.0078420697373045, 0.7944509022308287, 1.0003664747729413, 1.0519873188097042, -1.983229613185295, 0.7532410635931717, -1.1641158272906653, -1.789534488724009, 0.500313820170266, -0.01580690398555315, 2.5917621166847686, 2.617661898371989, -1.7450597134987347, 0.15078172456176486, 0.9554663732864309, -1.221169734864101, 0.9039751306754739, 0.9092050706334285, -0.39511542408871086, -0.5313328107884883, -0.8488640432325244, -0.5722440902470333, -0.0022337589599610297, -0.8803859258044866, -0.29685529478964157] : -1.0
[-1.1182371894447205, -2.228501742092851, -1.0249734792405647, -1.1446106197333614, 0.3034888802589756, -1.2720793987036771, -0.9557522488204392, 1.4127660090186092, 1.3392790704185007, 1.5310254752717154, 0.26660898515843545, -1.6304921768414866, 0.274216813188492, -1.4962182786201663, -1.888061161681885, 2.196644888250815, -1.3626533776695857, 1.9006705201364205, 2.7465339937791535, -0.5863754150556325, 0.2746733746951439, 1.0516636483094668, -0.8631715817073418, 0.9629406514490864, 0.9501333958138646, -0.0075576478628485155, -0.03150603116949269, -1.2120167070051435, -0.2290819609989458, 0.34013624740500753, -0.7424819319243747, -0.09592486535190575] : -1.0
[-0.6109199523895947, -1.4391651166778818, 0.2005334522288157, -1.4856928205989892, -0.05025885851113587, -2.2972108128369486, -0.5844014994648207, 1.1629859402006844, 2.2635980047316364, 1.4053224103923816, -0.3002206317517246, -1.0367783565499848, 0.5630541417903028, -1.2826551182827883, -1.3743491085184891, 0.5633386091481335, -1.6641460566743245, 1.5295226324820805, 2.3427155263353208, -0.6761078093745311, 1.4370777180579717, 1.7711852951244182, -1.0022365514196185, 0.8581558326408142, 1.1281050226654281, -0.8785891611434726, -0.13899754539907494, -0.08381640063381401, -0.6350038859361602, 1.0784712028969565, -0.24462188956962885, 0.4589508036322976] : -1.0
[-0.7819589626832933, -0.9677920539583432, -0.9139197237912624, -1.0566324494349164, 0.17915143842668485, -1.2090323926704605, -0.9464304516051671, 1.5794531180363869, 1.7496821232813673, 0.345125075589519, 0.1962899668840185, -1.5110651273370659, -0.33794184926353776, -0.9570112350946018, -1.4800507206763318, 1.3092015816279594, -0.5958132240452629, 1.8249955285138955, 2.8485910480214844, -0.0453825256769424, 0.7123844047427192, 1.2304529866732814, -1.5188727484693112, 1.1003345402164026, 1.0960983195400433, -1.25357427267996, -0.19097243331898822, -0.37612699065782085, -0.12151128406330447, 0.5613350153420513, -0.6110353364053852, 0.5178656827977892] : -1.0
[-1.4489773592152584, -2.401360573602551, -1.0250849600085599, -1.5112761196337887, 1.3140290422123369, -0.4923977203313865, -0.6353596666817715, 1.3998407863234217, 2.082473688760918, 1.5525491517810153, 1.1269408819842046, -1.1229263484386107, -0.08796768451047468, -1.0725130538838576, -1.8829573858239077, 0.8569216229617935, -0.6696567584832631, 2.7287258977601137, 1.3664126017443878, -0.17819400013273018, 0.12371125919412218, 1.0198652696359394, -1.199529261801842, 0.6744489694182496, 1.2584402922466549, -1.1339103478084827, 0.9030734464188895, -0.8063921680296842, -0.08642804103539803, -0.17021491070788553, -0.22260602423089917, 0.03305672727625747] : -0.5406713052229448
[-1.8035637270016984, -1.4344841512197635, -1.2355989239154395, -0.3699277345023777, 0.1497777883629973, -0.8118288751617824, -0.5779132276814511, 1.4032410664493014, 1.3119449724135555, 0.8926642522819541, 0.3908733668779202, -2.1699132105975667, -0.5810664504812493, -0.8931546261211327, -1.4457547522400858, 1.5351686584476707, -0.11640263215720338, 2.887088584916051, 2.894957622841584, -0.8269234739473307, 0.04649147233986006, 0.8929832692933688, -2.142582883529169, 1.0280052163729534, 0.9204121328528176, -0.39944195198023924, -0.40440334878284173, -2.6352699910377044, -0.1804209978771552, 0.05671325168289104, 0.3841250744722715, -0.6926756632298823] : -1.0
[-1.204679261749266, -1.8479766254742342, -0.9475400488785086, -1.2582624562738496, -0.09071792116480526, -0.056835504392378056, -1.035084090260777, 1.5198699059303453, 1.4071300896030863, 0.12280313686654543, 0.021080161128070984, -1.515973803467623, 0.5416667029761083, -1.1283653125929556, -1.0100420774897114, 1.9051903407047757, -0.29490937255646615, 2.071999231761931, 2.6727709401325965, -0.48184704880457674, -0.26604143221070586, 0.8208605721939318, -1.15355818323335, 0.5855974401588346, 0.19228360205354, 0.18671037106330957, 0.1466812277643023, -1.2633135078342155, -1.1734999041274845, 1.2254252445070537, -0.5978885216952441, 0.14198370267439964] : -1.0
[-0.8855148228010328, -1.4079123589421092, -0.951571819843932, -2.1681369033848625, -0.0642856222471333, -1.4032168773672031, -1.6562395606463662, 2.5085202508991795, 2.3319648418511254, 1.0943859265562585, 1.1185380201145003, -1.2861848978922188, 0.19855991442378906, -0.40810100636048163, -2.2581765723737317, 1.367999590342119, -0.050607594382108906, 1.6057121927438613, 2.6973141739727398, -0.28154199584493556, 1.764313481448725, 1.657482043056313, -1.3891225783510768, 0.35226508090026354, 2.253353101767047, -0.5752518763005059, -0.11781106693614078, -1.4910717561311075, -1.4124748412909964, -0.0820029482124689, 0.13502263054194377, 0.018766301499450966] : -1.0
[-1.7300477693575975, -1.130068746835343, -0.43099246700333804, -1.0142699964401576, 1.274237480191455, -0.43475644204588926, -1.074653208363243, 1.5183207887311312, 1.0246022104496868, 0.7006149400139208, 1.12961861725049, -1.5332267956825274, -0.17008232004530788, -0.4140510494600528, -1.6904650943489883, 1.4401814447389936, -0.9096356172171489, 2.2050395053731444, 2.3938272594696306, 0.6263992486541575, 1.234624200486723, 0.6594466285132058, -2.2417093826895016, 0.5920635431477412, 2.2066077274894647, -1.0341056808236777, -0.6806724275694487, -0.3123160779402073, -0.7291732236522716, 0.48946403817795076, -0.22120885696499007, -0.052465023035831226] : -0.47008765827525745
[-2.6423621464998908, -2.695708845300192, -0.6065435378773921, -1.2685494275969538, 0.8261635864341141, -1.0577752284556539, -0.6352694740717946, 1.7404315486603024, 1.5268684048494574, 1.1586647089222115, 0.06567735784717316, -1.0585702324976027, -0.7770660140564729, -0.4722289299887641, -1.3617058673424318, 1.8193303087508381, -0.7865134617836479, 2.061651892684071, 3.2021581291932435, 0.3613153165281192, 0.9873335829427994, 0.24709074828864153, -2.108987212720753, 0.12663684245429419, 0.9944093951139844, -0.5089898233206679, 0.26181261980395837, -1.2071104523082612, -0.013734067248325044, 0.2824758066010974, -0.6720726559559829, -1.0433014627028376] : -0.4645567373795943
[-1.750084217367406, -2.3959158490579933, -0.3639676103073556, -2.8033446233633765, 0.5135303752497584, -0.5918244472933397, -0.5898739595132874, 0.637606123914142, 1.0403945247140873, -0.21755880128542449, 0.5667481769230811, -1.8207196592538963, -0.5532194720979186, -1.6367312465368633, -2.0245623663608927, 0.4146972315469961, -0.2727727406108822, 3.1597425113555646, 3.5614205891135717, -0.5592349012570346, 1.044042188529054, 1.020933834970621, -2.4290586625742145, 0.33953617417977866, 0.8261682866024326, -0.9147803753223875, -0.13990180244666106, -1.0091419118938028, -0.40588245088837016, 0.07733968599289454, 0.628604878906242, -0.04627389291863149] : -0.49017511714588513
[-1.5053465520560199, -0.8636024720874828, -1.6607213856600762, -0.4136579854587026, 1.4009398195655, -3.203968737995461, -0.10593715168769835, 0.6111283170759463, 0.7795586683903665, 1.81255550460748, -0.6262698161059465, -0.4625311283656397, -0.3132589488154246, -1.5582635547558996, -0.8600341673957825, 0.06848717799192783, 0.06069447330296063, 2.9652618991278246, 2.021263512231085, -0.5800927866199965, 0.6580427908761692, 2.3805395592721803, 1.0533589462590818, 0.33890259051495675, -0.02898478104984692, 0.2826541881199904, -1.1052634333655538, -0.8960072616106312, -2.354527256092413, 1.1511037264668023, -1.8818901662440823, 1.1630867560530047] : -1.0
[-1.4495375563715098, -1.6203711572660553, -0.7271022945706824, -0.50320566042927, -0.7477350777012493, -0.5718238051034789, -0.2674577905255968, 0.6037692038389707, 1.1268841916246564, 1.220284890744908, 0.7887469014896662, -2.727860854510472, -0.21686326897923427, -2.4750988630323065, -0.5624134874481946, 2.021090273717827, -0.9116179486539886, 2.2010422423040867, 3.389550243855778, -0.4912782783453309, 0.9682044403432446, 0.45095824765598513, -2.3540280255070365, 2.252915473545452, -0.19960596046899493, -1.5293055561580051, 0.03643342728207166, -0.38451015022177315, -1.642747450326557, 1.1933239770576924, -0.21105268899471874, -0.7318559316725254] : -1.0
[-1.0687080615531643, -0.3258529515225108, -0.40496824877471616, -0.5396037049358621, 1.4175228627284646, -1.896890009927969, -1.041061956112771, 0.657065532111565, 1.2510719153295153, 2.146010616447171, 0.22936534872077277, -2.198987892343389, 0.5451802122162211, -1.1570739380114137, -1.3615516830560075, 1.8896498102953365, 0.9411666786810322, 1.7426850927882507, 3.507364112710517, 0.5937647937663604, 0.01073550863088224, 1.0189986330186727, -1.0869426326181033, 1.4329669945504215, 1.9937292337507047, 0.02966402733356291, -0.36555257485408343, 0.1440537277149374, -1.7988585639707613, -2.246282853516934, -1.8158076766247575, 0.7350252609228095] : -1.0
[-2.954716607359374, -0.6441087002643425, -1.5545772237022017, -0.9909935675624437, -0.5021431227254199, -2.2038224902485237, 0.024710559066863036, 0.4803750138498205, 0.8383942665795361, 1.1380865331278534, -1.1418502683452059, -0.20943107554060036, 0.4895548146392754, -2.0233464109579162, -1.5598363991255473, 1.2549555130180992, -1.2994881077895954, 2.1324566264988833, 2.532174815974125, -1.349840787910079, 1.9410133116256976, 0.6393819649518455, -1.5192757828879153, 1.2488308603214096, 0.29428846446660145, 1.2646604680458535, -0.3348158005253647, -2.293057697161844, -0.0146361394615796, -0.5275879697859693, -1.0138612819859696, -1.2831150464429812] : -1.0
[0.14570963434728434, -1.7175091021430458, -0.47571599376563745, -2.692046361725369, 0.28278993718427065, -0.7069739221058123, -1.4459637605126103, 0.6392128024892272, 1.329151951037949, -0.0596210190673947, 0.04858037672416754, -0.7508773655427601, -0.7174258182529812, -0.5698120278232262, -1.1995583071503035, 2.191931510734987, -0.8308003820181379, 3.0154253424934634, 2.4153741030804072, 1.4359969375475379, 2.170827803547026, 0.9853096061443024, -0.7656618006096745, 1.8705090130143363, 1.9085521351504606, 0.4563201139996399, -1.102240801843205, 0.26695533951431516, -0.49192334501980534, 0.10826159729163154, 0.37831400397116255, -1.408881155720363] : -0.4575353535738858
[-0.5146415536528868, 0.8298896643957105, -1.673018219130091, -0.8335015485104994, 0.3706691923313189, -0.914454357516956, -0.5194325020538031, -0.030350035063513525, 0.8999645602341815, -0.023833661744887324, -0.8253625439343348, -2.2233424109480726, -1.1386264979146807, -1.4250043465748043, -2.3213798856400034, 1.7699735501034373, -0.2843150464677521, 1.6057269668417495, 2.465832636900003, -1.9357739060051213, -0.838855691731568, 0.9241465812786567, -1.1189439693713308, 1.0943906648625088, -0.9284009545009251, 0.10639888208101943, 0.9339293730537229, -2.356222973950919, -1.0265770224014055, -1.2650715261972163, 0.4729733883628169, 0.3426621544612845] : -0.8945851759477095
[-2.0429103600182428, -0.8399674512213035, -0.3013746626370581, -0.9569092428858968, 0.7848272421324266, -2.827613056590413, -3.395223181752894, 0.6535695530317667, 0.49126496609627845, 2.491126012407863, 0.6411361149856094, -1.2529962670338597, 0.5811841280899395, -0.922897056744094, -0.6311373762530313, 1.0621297160087546, -2.435000327018671, 2.9039769230926846, 2.6903941887884373, -0.09124911024703064, 0.2547101442356843, 0.20279917425700655, -1.2065487519670146, 1.1644199849883285, 0.09049647887563528, 0.24462174142087556, -0.10028263319616049, 0.5435343697718873, 0.005267278811082798, 1.0233368978372939, -1.249847586715278, -1.0641639893110815] : -1.0
[-3.5408776513719897, -1.6092224781309026, -1.4373205357381282, 0.40963976940115976, 0.39221542876764126, -2.0369476697528524, -1.0180239943540532, 1.172605060854875, 0.11838390423769973, -0.41732453763650645, 0.46331269029797784, -2.9604050583549895, 0.07906308469962806, 1.2720405649034983, 0.20314601128174048, 1.3616112439586108, -0.7030618745570535, 3.5507261184607266, 2.991946900299046, 2.104077410579123, 0.6201114570315174, 0.901246336414728, -0.3479239841786319, 0.6014696557850407, 1.0960284797274547, -0.3421266670495978, -0.30280985551393863, -1.8280520044063429, -2.4408675183857516, 0.29586847600361194, -1.9323234730169536, 0.576778128200445] : -1.0
[-1.8744661375501972, -3.0369391880199528, -0.16736110677597082, -2.1703179167237407, -0.11079251284098729, -1.6920781621798195, -0.6696622726563548, 1.2813005439008571, 0.5022293036878841, 0.8410107009099128, 0.5742561149359411, -0.38414534077513385, 0.4288812777546549, -1.4814205519346169, -0.9081087587015406, 2.1838431683978303, 0.3618366860921731, 3.184719975889119, 2.814547230989563, 0.25716015264443787, 0.3944702281102979, 0.11018288102451279, -1.7690664540107854, 0.23640933817294485, 0.19225315403875864, -1.2362259091433134, -1.0803712950348214, -1.4918878320732607, -1.5502380222976686, -0.28686073212960994, 0.7555387280274168, -0.5762823339650831] : -0.49570070613514294
[-0.8916754174889289, -1.1153006593063692, -1.8259639450112277, -0.720129731264751, 0.9177645575173932, -3.1318713837330066, -1.0570586795234318, 0.6085286091948867, 1.7532976638967135, -0.4063575766281724, 0.24788445334104525, -2.385057083674178, -0.45711916563379207, -0.33832566668433184, -1.9149874613243376, 1.5119979461480695, -1.8383622623180058, 2.237338579825816, 0.6938997048255457, 0.3031078157125126, 0.8719972093732462, 0.30325913547485217, -1.7626216676880182, 1.5833291869331196, 1.2372407909847007, -0.5997777451313198, -1.0235801876113473, 0.6088983735349482, -2.2052545852574053, 1.2374606993463138, -1.0247564848254676, -1.212282530730799] : -0.4989540793678977
[-0.11189279084675507, -0.9179024677151884, -2.1957291677926056, -1.53971078534668, 1.4937377835560282, -1.185842478581161, -1.2106286437794074, 2.0445247175627337, 2.2635470437456924, 0.6529986448526839, 0.7106715656030722, -1.6969639127203615, -1.0747247190253946, -0.9428125286071681, -2.7582786148060867, 1.652736378126137, -0.7513958096383039, 2.243915720294538, 2.04052363177442, -1.5627187137641954, 0.3976470111508588, 0.33055981863465866, 0.2284396100944579, 2.201948124067873, 1.0822463723064255, -0.41544072155176937, -1.4989389705429739, -1.1934972370964123, -1.1427691365627548, 1.449296140991502, -0.08072707559801973, 0.6856714342011592] : -1.0
[-0.27096100978971993, -0.7828767375028137, 0.3858619204825966, 0.5870093636324865, -0.6160382066394828, -0.6803356199812505, -0.15402247589139006, 0.19429318678822505, 0.217394028976988, 0.15051461953059864, 1.995402980169307, -0.16803257139581063, 2.8270291750776524, -2.2980535367976866, -3.7145091055345896, 0.47822832297737194, -1.9620155353847906, 3.9835868690668366, 4.602667805563546, 0.6611711940522291, 0.89103220617997, 1.4477999122400491, -1.6720529288717034, 1.6787367412120728, 0.21683228055989545, -0.20865322764100236, -0.7907553068012632, -2.517845102445369, -1.0006192250578343, 0.4850094252745598, -0.017941366932205938, -0.15854258099845936] : -1.0
[-1.1559096062614258, -2.7790641529061952, -1.0039508826202215, -0.4549660044216127, 1.5904566100565496, -1.9878792282696192, -1.7668637425437406, 1.228936426470052, 2.2486269954151554, 0.305403550494195, -0.7911183490379038, -2.067726872745513, 0.4286797866653924, -1.8299713715613506, -0.7069905449918442, 0.3968266843221746, -0.10684181175221485, 3.428713384670931, 3.3338809855821485, -0.9302462587035896, 0.8273453220295985, 1.5110978104202484, -0.7297042140034621, 0.9627078281330144, 1.1868034271764798, 0.21301842986981318, 1.293476591208861, -1.9671961825633681, -0.38973159131991875, 0.5759385776837386, 0.494509263295835, 0.1574371039402258] : -1.0
[-3.0307339023440885, -1.7409964842557382, -0.24057383122876358, -1.4143132400813185, -0.19218343784452246, -1.6881558388217974, -0.6092237381112572, 1.112658890763129, 1.1257652136365905, 1.0352969742307974, -0.1797764261867072, -0.3272966868589693, -0.5803851664206422, -0.7422235062006922, -2.2215337359501586, 1.898478450482804, -0.6559404352275103, 1.9550596740278983, 3.6881933476794764, 0.020241439301681652, 0.3788158950079462, 1.6779206663670516, -2.8163937411623152, 2.6188120901853242, 0.28389031874532605, -0.1661841298288168, -1.2705088249398329, -2.155762692798784, -0.9666489467472673, 0.6841786130729933, 1.5080315307823744, -0.8661415152943011] : -1.0
[-3.64633502775551, -1.2343527911908367, -0.5609351559228083, -0.05638708627647171, -0.632458353622457, -3.365375289648469, -1.85041507982177, 0.9876620415067797, 2.4371520353466622, 2.419040450871924, 0.4162563813453997, -2.929125984891956, 1.1116918522488128, 0.7430018612252476, -0.06446435758841174, -0.9661621212517681, 0.65413447075718, 0.14294764535885296, 0.8259524018218125, 1.2417913509486818, -0.5875404640009803, -0.4065477710872396, 0.053463560426376566, -1.025935657239593, 0.19963606699190445, 1.3600437706078707, -1.2078789742078542, -1.2683922412419943, -1.5835647244708568, 0.12783838800782507, -1.1346604012153685, -0.04727070266656547] : -1.0
[-1.0845515800284118, 0.01841274952679639, -0.08625037721153883, -0.35734110199340285, 0.479371838616222, -0.4370346738299582, 0.6925296181800891, -0.7490753520901078, -1.146429889615347, 2.3845435170044924, 1.1265871689803522, -0.9309400340334457, 0.6431495184699174, -3.036428862687854, -1.31675468348487, 2.579973213296194, -2.7672105266657248, 1.8919338618970785, 1.2818777767225076, 1.2945095935940576, -0.6657847686613845, 3.1339268282941903, -0.712294282837759, 1.5532652289060482, 0.6154494400411743, 0.7170087055410183, -0.5086766429704443, -1.7448374354646685, -0.18374229509027762, 3.3135159234495015, -1.4802670982193986, 0.7953562462087738] : -1.0
[-3.2198634838169413, -2.0249422185265296, -3.2597054207444023, -0.0068868313701978545, 2.121824292082083, -3.1176932863081595, -1.4618086133001353, 0.5610330703970304, -0.5314014958719492, 0.5428979744075837, -1.6108405465707027, -1.976273023870776, 1.209348669689454, -1.5734952445776909, -1.4274803592228116, 0.28710545828785783, -0.036110009028036016, 0.4907215627635151, 3.483640179601628, -1.7459818649131886, 0.42454940489866855, 0.5823104177747114, 0.11794773319032159, -0.01802548753870714, 1.8390950805326594, -0.44570118446831, 0.7933970162682026, -1.676476372199216, -1.5759927403549439, -2.0171866177832944, -3.1653951102619073, 0.8666043787196194] : -1.0
[-1.728801557222267, -3.9388145007967528, -1.097630943334807, -0.627159785772573, -1.1329877594665563, -3.4379084134537496, -0.8934838061950462, 2.3363716429778663, -2.0793422300579065, 2.127698385332269, 1.8237487121796918, -3.1988121376991243, -2.0265850989392127, -1.7875417580933357, 1.7190428080968694, 2.612832457308948, -0.6636182542313355, 4.353369585037478, 0.47697456861820164, 0.9692294662465509, 0.9616209915150788, 2.381094557135381, -0.4216800274675355, 0.2157563422122344, -1.7349349322805812, 0.4189970702136885, 0.6622216321789957, -0.5725169300708766, -0.2950600060441029, -0.8057860647114026, -1.7048850319542854, 0.3834708676113542] : -1.0
[-3.408436873050105, 0.7264258329192218, -0.9632032442377101, -0.9143253323634768, 2.1560073022940647, -0.9102480911358333, -1.692704714113771, 1.5061217665686946, 0.22689692798793382, 5.468509170024317, 0.1741724364156018, -2.5353463122527766, 0.2656200138068441, -1.9360369310979288, -0.3738457810391723, 0.38690176643123975, -1.7056216996121991, 2.3528379293476682, 4.717596950190259, -0.41942088620009277, 2.244545745532879, 1.9295144043973487, -0.9051563933708049, 2.514150255562056, 0.7429103304798266, -0.5489392168527405, -1.0981203791997567, -1.4137927069457288, -0.31440621665567425, 0.36050631244744386, -1.4399738635305, -1.7351397923340006] : -1.0
[0.12884908867208655, 0.8222732361562742, -1.9216417620082313, -1.7232076870653013, 1.2943860655676724, 2.0702648672345467, 0.07068348796278245, 0.5784142485138297, -1.3701266250132829, 0.45420213760591777, 0.40466183093223673, -0.3835542777469523, 0.22768202699684675, -0.7670014000004812, 0.5391300900034562, 0.8078216984699977, 3.290760169673661, 1.0011221860517059, 1.8839021143260588, -1.4069052420697412, 1.327207300113862, 0.6745891214017277, -0.19464565583306487, 0.9326124486257823, -0.4054520043595705, -0.016290642443309494, -0.5414307823720282, -2.842420756023327, -2.6919926322101517, 0.39777494628419224, -3.8828864430665293, -0.990627867750701] : -1.0
[-2.383882063895713, -1.6323107869154478, 0.6349363750821067, 0.6139912125453475, 0.6426992809072481, -3.0570073211479034, -2.0242080576599575, 0.07468604576273163, 2.590037484268591, 2.3372716925476444, -1.1581848049431835, -1.8814787470262178, 1.1811935235963245, -1.3921884370247024, -0.7131477513032733, 0.2447900757637136, -2.6621893251791433, 3.177825980628086, 2.0851550446639635, 1.0303041409387204, -1.4249493214230426, 1.0563260675661001, -1.3264399504814748, 0.5301037328572152, -1.405200318240344, 0.6633902894252388, -2.3959418543855557, 0.6796119320100904, -1.886048801249618, 0.6404947054356507, 0.015701945849218912, 0.280447594218932] : -1.0
[1.544034969390065, -1.7610747528196498, -2.551710244815686, 1.0331131314219621, -0.3536481991264162, -0.6595115156342304, -2.3942727659144576, -0.051687637057053815, 1.1041109864368113, -1.2100333363507403, 1.4962141880400373, -0.9441598377165125, 0.48213094651155863, -1.871082656096129, -1.079582690180038, 3.195473442581953, -0.796834018750084, 2.0719181249117846, 0.6287033176780676, 0.9013491119606335, 1.298253433057777, -1.4333243831171638, 2.2322319007459512, 2.6307994083539663, 1.5390171792645164, -1.5260379695842967, -0.3138090086255285, -0.4914225306067712, 0.5302024414798516, 0.6219170610110449, 1.1344124629878392, 0.04847458464128143] : -0.6797915371981534
[-1.2654464359974504, -0.14326463311157744, -2.4201896420873883, -1.2050630504159892, 0.39795742217383173, -2.698070334349685, -1.1561073681238618, -0.7023583049560337, 0.35099474711325096, 1.839056682869118, -0.41059959938937174, -1.3866216003224154, -4.188627882084209, 0.025513935010924138, 2.1840947785479417, 1.3105387916846225, -1.3567481571242437, 4.5291004083973805, 2.210966938967421, -1.6686490154109106, -0.18434448578288576, 3.415103545792511, -0.7515620799638123, 0.7461185117487633, 0.39603514845359294, 0.11122551129485961, -0.7824698339938293, -0.8127296590508967, -1.1847756196259178, 0.45230076423038684, -0.9117227314412775, -1.4896676210887674] : -1.0
[-1.7106504544403973, 8.869205454636875E-4, -3.347910178189392, -0.6157737206784278, -0.4616585068228868, -2.1836757490666012, -1.50585073206714, 0.057585688144102365, 0.25675946308846953, 3.104300471852337, -3.201943064789871, -1.218149809240696, 1.2407584520952448, -1.959861037478547, 0.14415676666941268, -0.780760447657135, 0.03389673196766918, 0.8035377381956315, 2.2502899739766398, -1.3849593555972168, 0.2904554363964278, 3.9830483715940774, -3.2439601498053974, 0.8911787181435289, -0.8637146273337128, -1.8291772535637874, 1.0780608686885609, -2.4997527024597135, -1.0304098113943296, 0.7170425276121212, -2.4738266540074103, 1.5539074693881227] : -1.0
[-0.7211505470830762, -2.7513392532809413, 0.9029290399227501, -3.4354043965112013, -0.8097762611215106, -2.052034876182997, -0.3563507147202647, 0.46306427630820524, 1.221274380450934, 1.945073399816379, -0.13237347652845766, -0.1527702139820848, 1.4408599454122983, -1.0828776794143826, -0.2841902328677768, 0.059683540347269304, -2.344458768896226, 5.306148837757782, 2.175873196201836, 0.058001264712952194, 0.6264801530481106, 0.9244226869764613, -3.114387461751825, 1.2571851259868367, -1.5271553445423198, 0.009771143574290486, -1.3868146010093312, -1.5420736322078752, -2.108397550911368, 0.7652302041346468, -1.4029779377466949, 0.2639226789388648] : -1.0
[-1.197468666289502, -2.5232647406878668, -3.071366265498666, -0.5151438743658359, -1.2173606491779032, -2.435259027474948, 0.7447694091434465, -0.7614223520537297, -1.2426844303892777, -1.2887304543606635, 0.580252077832984, -0.9458595898242974, -0.8139246125553453, -1.9752839128868396, -1.7776082615578908, 2.3114243889500017, -0.5644614326023979, 0.6146524253214107, 2.089971291868747, -1.4082622988699995, 2.3214217868512015, -1.2321278719446955, -2.2909031428030806, 1.1887545546114522, 1.1977133334230006, -0.4597519127909725, -1.7043679405065686, -3.5762887594330337, -2.708082429539102, 2.219329407605306, 1.5324165912315928, -1.0970613448898952] : -0.4615330696105957
[-0.727949833133789, 0.5658235372047583, -3.8604862225484284, -1.363226668445332, 0.2095573752326807, -2.664786935444867, -0.12197024555193642, -0.4074775875434612, 0.32052836081369773, -2.50962044106293, 1.931099475638707, -1.8608392664075009, -1.8754856758764231, -0.4955808583817898, -2.4356375181838046, 1.0672378200023478, 0.3881604569365943, 0.6912720841812432, -0.7520106217726905, -0.33652821947248246, -0.623700115910881, 1.1635610347926002, 2.011520784021191, 3.05846461211323, -0.8418405257312982, -0.9003711626485792, -1.4602045262348962, -1.6349952566151058, -1.3716071331081583, 0.8378492402028007, -0.9445285345833532, 2.690884416039833] : -1.0
[-2.349232783274217, -1.3696551921004396, -1.3062192352988855, -1.6767527624276992, 0.799724174791925, -2.462945920211629, -2.3447415824788833, -1.0230406031162063, 0.34267861136870625, 2.0227454667831952, -0.5649245460083658, -0.7318286259553751, 2.2286687121543807, -1.7047322021202667, -1.6116771660858054, 2.3020644974034186, -2.255734734676161, 3.1597458773933873, 5.274389336889508, 0.11013428613328424, 2.8512616677856952, 0.7211213265315891, -2.361983383691533, 1.0670589112646782, -0.5097570645259102, -0.11575200139691683, -0.9066544653112554, -1.363054990181892, -0.9962446171835994, 0.284585940530125, -1.5276970720034406, 0.7587044317764178] : -1.0
[2.235069258411984, -0.3242132481988712, -2.217657267543581, 0.19593963784290108, 2.904371665808047, -1.2195689139193033, -0.861650794969272, -1.2945247786307155, 1.9798924112485516, 2.668672136452907, -1.3564574919132273, -3.4010957887278788, -1.8944878120033979, 2.4125645381624956, -2.764553234484694, 1.109286963589448, -1.7930145218532003, 0.7390204913372467, 1.1633938413012768, -0.7897686211150065, -0.15379676696378236, 0.35310687231550564, -1.492098704738799, -2.10252069367074, 0.34193499430999963, 0.4737490123955003, 0.16119214774318907, -4.44861664885158, -1.874037703687655, 1.9194674670389078, -1.7744540681866436, -2.1747803868431066] : -1.0
[-3.4243799675114976, -2.5602706235994424, -0.5173092912346388, 0.5641782234049233, 3.1999247246132976, -3.503798751368201, 0.4760354287153147, 2.3854678642427007, 1.4078424122827036, 0.18583416139143605, -0.39879220231201873, -3.8160712845655067, 2.975415171482079, 0.183739716183277, 0.8315556643866198, 0.0635601170758815, -0.3945621983166977, 2.343108285798484, 3.766424562746748, -0.7549453231587026, 1.2076767342753874, 0.08806953692654673, 2.7903070919732462, -1.2962291872825873, 3.1297473977774257, -0.7463901258697353, 0.1408923868888548, -0.4350224984638328, -0.43838175330636375, 0.8079427850028609, -2.950374732002789, 1.3393796936752365] : -1.0
[-3.002979850630206, -3.2914826840302807, -2.6072635148256076, -2.7077544730264664, 2.896183017265881, -0.4332263848331681, 0.16862471269563517, -2.3641799044931533, -0.9898432093633562, 3.507859245632972, -0.8912369714454119, -1.6824814247338198, 1.3128545609155, 0.8093474009823531, 3.0567848543292215, -1.9002315186281953, 1.3630302011095599, -0.22263894595938982, 0.6854692509413476, -2.4918912381536575, -0.9780702136545459, -2.0567548619130402, -3.6869436211499624, -0.19966976006051596, -0.994680824076428, 2.9658092332886477, -1.6563765913314443, -0.4582604918068873, 0.32015811267186467, 0.578625925295241, -4.697102196416381, -2.2010485019741495] : -1.0
[-1.5591411460218276, 0.03083792555895548, -1.346142152084361, 0.10657410153604191, -0.2326219333880114, -0.5505264269686381, -3.250343243527239, -0.11796543276053861, 0.02835016300733345, -1.5352949026955227, 0.94946530575643, -3.248441771823289, -0.30495682536053637, -1.5399536401460783, -1.4587479639904248, 0.47625931907588337, 1.622627134079804, 0.11684612875061706, 0.5097389640514463, 2.217300271175355, -2.3807053215034686, 2.532578625706659, 3.615256656880359, 0.3427135589680206, -0.6397771828798927, 0.6092493130240285, -1.0537051649749636, -4.409051957118901, -0.736755001572001, -0.5829311395052412, 0.34032822241680627, -0.3344777453618147] : -1.0
[0.3858367789011967, -1.5208527780177845, -0.011258994366852182, 1.8742432397795041, 0.5014846378272498, 0.9827479902356204, -4.555031364035422, -0.44836692063356587, -0.22560106885011677, 2.354829598766429, -0.3964130120887991, 1.9265308544463475, 1.4498514235376474, -0.4692068685247579, 0.5495111762797567, 2.4268103970216495, -1.6657152806918059, -0.23139075419749133, 0.5119116702940747, -2.8660874822082087, -2.1963418062151723, -0.8310895452207872, 0.053780946890403636, -4.356395898210187, 0.5816084711893159, 1.213295111743577, 1.469442811940683, -2.232386965263886, 1.0827986846687814, -0.33355171157982294, -0.3026696929483217, -2.143432710158011] : -1.0
[-0.6970979160314186, 2.2795477630224266, -0.7494797228265218, 1.9653492260019951, -0.26237711995748114, -2.052784646494161, -6.680230942961309, 2.2816126265166057, 1.14568695527972, 2.703731980803413, 1.4370154976442104, -0.2935425098612463, 3.7571779402739853, -2.4669857499351955, -4.460525105751066, -0.13715162368991562, 0.28505069817753126, -0.6916022307743495, 1.4994849431953925, 0.7959387886663569, -0.43410909225163247, 2.106021012342837, 2.948629576921029, -0.8796744298053725, 1.5016238083991575, 1.595177201021046, 0.24150753588878288, -1.9994533097093101, 0.5481090898005088, -1.6801973818212679, -0.2687930524917741, -0.9518389138777019] : -1.0
[-6.3548466927514, -3.1796814131757607, -2.090553187942641, -2.8872125096287338, 1.8936906821205892, -0.3126058024469782, -5.0195495894078235, -0.2696375893789902, -0.08627587008835552, 2.1548657636521846, 1.9702228255311933, -5.08239073859289, -3.0922046182566953, -2.3278408021843355, 3.1229994901563956, -0.6982989302262445, 0.3960002617008104, 0.46357794132108143, 2.0977302713895947, 1.1918082618004542, -1.0756363405290945, 4.225668575661793, -0.9904849369035658, 2.69040653768674, 0.6925388153793055, -0.7334485834468863, -2.0131068365085643, -1.7657542610738022, 0.6717862033301283, -0.12073641129734886, 1.227711616585181, 0.27402271528915256] : -1.0
[-0.8775735412302028, 2.76792534090505, -2.5466731473472803, -0.8170749168904161, 0.908853552712515, 1.1869641218998566, -0.06810981996927179, -2.517776379006807, -2.388526372340221, 2.6419395559872365, -4.864677969827705, -2.2882145477222013, -0.5597975291255026, 0.07013892784964892, -0.7914533156804813, 1.7587456810086062, -1.0377782781894367, -1.2673764185291838, 1.6289066852647118, 1.0550600066209461, 3.428192129891812, -0.19835803588811785, 0.24203209775375217, 1.0481708645849073, 2.9576841109440437, -0.9229703531403143, -2.7912101314371265, -1.7845975828625344, -2.9039892272563175, 0.6217212161254981, -5.7574870745988616, 1.379181570276826] : -1.0
[-3.7846444855897863, -0.9313752959638634, -1.0155473804534025, 1.4133993920778143, 1.5060902027939762, -1.33886704720551, 1.6743490717672591, -1.6541584407075882, 1.0756052744394322, 0.9523771793350915, 2.5584616869808543, -1.6475006460011334, 0.6894351045536824, -1.8060598666405903, -2.619150293104241, 1.236944631578777, 0.4139677963745635, -0.8887313202304301, 0.9809137206615429, -0.40153815717789165, -2.634946046811368, 0.9924316586574158, 1.035772906452852, -0.5815134064324552, -0.3360008987220504, 1.1163507698469142, -1.6924837863842606, -3.7134678224825226, -4.242311489931338, 6.015772132383245, -4.431567195808911, 2.621985772038265] : -1.0
[-4.343377203789238, -0.2236839484812969, -0.7996518319608783, 0.8536441090450682, 1.3402342082471854, -2.7995232344629675, 0.844104758210842, -1.4940204493059428, -0.6041632167675111, 0.5334277708021848, 0.6540514535579696, -4.2968510347353135, 0.8841790839738022, -1.9948017631390793, 1.586267778146199, -0.8910020768950772, -6.144269098081921, 1.7865834918805172, 0.29904037545818496, 0.4026114754350886, -2.844887752416769, 3.8008510566286056, 3.131343739705406, 0.9738414262407511, -2.357072410871239, 2.480534401402442, 0.1222962165318145, -1.8039415198694069, 0.3220501038116623, 0.2790625842843879, -0.6948418129951537, 1.1341688004613886] : -1.0
[1.1151386286407843, -0.5687574217762252, -1.3719120595627126, -2.3412449921480283, 1.0366247912595457, 0.13675824762584954, -1.839618677713244, 1.8006529456444957, -0.525015844191126, -1.091490387925722, 0.9161967008852285, 3.6135219985224247, 1.820603654166154, -0.49680096359942216, -2.0478544855659564, 2.109871483251762, -1.8355677564048032, 1.7125789414348132, 1.0641815175831424, -0.8575614288477013, 0.4704395300432546, 2.7202765672595595, -4.398073163687315, 1.8547395802801365, 1.868374779079282, 0.2526644738370931, -2.900082436373027, -2.5744197906134536, -1.5623754862964385, 3.9349623510373437, -2.0692591784962437, 1.0207439216264884] : -1.0
[1.7772666423223344, -1.056059248097287, 0.01951138269435715, 0.6170912962357207, -2.4613998776216643, -1.3468834619087249, -0.727272629211061, -1.2652717760456778, 4.287099640694254, 0.5570147458197634, 2.714342676709406, -2.276218685030751, 0.7396387709857661, -1.5636544120105214, -0.7207705725471805, 1.2491340420762134, 3.9595329915069097, -3.8829235413219156, 0.7847322180919664, 1.649497005963184, -1.5504766213064538, 1.156656720312601, -2.226721306086363, 3.1348501964650577, 0.6330081620561807, 0.05595558380100785, -0.6569887844636298, -1.4094476158506783, 2.2389633536205418, 2.2114279263016665, 1.1319878985352831, 3.8519676912546617] : -1.0
[-0.7211907895461427, -0.24736355943393362, -2.604754806183953, -3.379539914656997, -2.114159009708029, -1.3067008465935226, 2.2361409059071446, 1.0790654402277178, -0.32083813686066975, 3.97779510156412, 0.08115767422617454, -3.306852058813904, 2.5922785698211204, -0.724982712146832, 0.36874096595168177, -3.1952318779336815, -2.8603737033525167, 0.5128837181321226, 1.6128672890286384, 0.946238016863211, -0.574767096435424, 4.425269191236048, 1.2260990152632634, -2.38203477498699, -0.17492701372195485, 0.5620414204150707, -1.5382821172299033, -1.200113990825045, -2.437760318955889, 1.3033405830563691, 1.7068693185780317, 1.3836164179157484] : -1.0
[-4.132921679196139, -1.4633672068857726, -1.9531655514585924, 0.3713493949143903, 2.9524377296668107, -4.489027982855372, -1.1295456027831843, -2.096985762209256, 0.79935838737519, 4.949498418256086, 2.8615093434980086, -3.5073786571202765, 0.6039377787906873, -2.8145893932799178, 0.18739941212392425, -0.7211227706286955, 1.6876894597680432, -0.8451621410411376, 0.3469220581532555, -0.8223010664460672, -3.7033019384360157, 0.12468523170871304, 2.8238323579514644, -0.2576667093695196, 4.0823793103888875, 3.603410722630964, 0.8008208903776486, -1.9124660172992618, -0.5839036285634368, -0.9601919659603584, -1.5741952034823101, 2.9348258777878837] : -1.0
[-2.9606204335103143, -3.4351337284869685, 2.5873320609966406, 6.4186266588337, 4.132631070727678, -4.747327447555316, 2.4599272914850268, 3.4874856439013713, 1.6971920990360854, 5.6770077265846295, -2.864181654686082, 0.09543541465294636, 1.9307104708145293, -1.3569400395734417, 0.3006577395025686, 4.246721255683411, -2.9219687439355897, 1.252776200619259, -1.3784840447262834, -4.555551436796507, 1.2725223633786926, 2.958939893405003, -2.758607710432635, -2.5841950652884003, 6.00382590244307, 5.732471492713467, 0.4665097584014076, -2.0816931175199835, -2.9469146834012356, 2.610319646032491, -2.649526716422828, -0.21270502173537187] : -1.0
[-0.37778774096140777, -4.363791696195854, -4.058965978293594, 0.5309203957425699, 3.658138226284242, -1.304876941457433, -2.4814733384434216, -2.050742481768617, 3.999874859632766, 3.437224792680004, 2.966710056319053, -3.6876792767261506, 6.094654591113149, 6.28590658768659, -0.9892909202348639, -1.6413954616410888, -1.5027934642761425, -0.2714235718757685, 4.979540282860238, -0.8652018539604514, -4.201045633391685, 0.3410064270389606, 4.9544380714585525, -2.536314747537947, 2.6715938198482068, 2.6384390974619305, -2.0396011615605127, 0.39501928792522367, -1.0963398350536357, -0.9900588052653894, 0.3745811182385417, 2.037470203630189] : -1.0
[-1.2203114428708215, 2.0782740135676763, 1.0525717222587898, 1.2142920633572742, 3.608830374202709, -5.172035729637496, -0.43930983876236884, 1.7054795240603353, 0.8892018483219953, 2.923785169170779, -0.8623585242130462, -3.868836144871107, 2.5192830993749067, 0.2361964203411866, 3.4596420410531987, 1.412989905741232, -2.45164436221725, -3.728727661719139, 5.774995004774851, -5.92456348021064, -0.24739036230216094, -0.039232147686279945, 1.1982545138015892, -6.819049801433193, 4.893562665564967, 1.7027781941802118, -1.6369229148218365, -5.4235968323834545, 1.6518254275944928, -1.9701459688908851, -1.987245216206849, 6.920435226660034] : -1.0
[7.563434233339258, 1.7410822940178186, 0.010564359244078059, 1.77603568775348, 2.728936088098053, -2.3304245720611494, -0.06875871701812919, 0.838896694430957, 2.8705340831908934, 2.100041234611596, 0.8026083556006091, 5.094330173846549, -1.4901695295775303, -2.840979221573882, 2.072511648329411, -0.2531547656560919, 2.1422561846053605, -1.4606124107226346, -1.842410712077832, -1.98194437556875, -3.252966602226587, 1.8602688358705728, 1.7120051919867112, -2.5212528183422753, 1.5451957385065433, 5.666904035076322, 1.4322126418104766, -3.384487311876141, -3.220855993794094, -4.7228235867152, 1.1571334192680816, -3.8506609228232396] : -1.0
[4.3215845419012, -0.5540765008202979, -4.429521371373195, 2.3309949233257843, 6.071402992096269, -4.553418821377965, -4.892578820447488, 3.2964241714566183, -4.6131101764468845, -1.2893268811948244, -6.313619686177514, 0.6627554465683931, -6.422878522480584, -2.1247312489336303, 0.5933448370486245, 2.6138110668430867, -0.02076693989121231, 1.183211548834411, -0.7935116756641754, -3.777169258575846, -1.3591435711728108, -4.679847770667424, 0.7624305975212459, -5.553447010389158, -1.5882437474840874, -0.10158287947736411, 2.1494953691196206, -2.5156113135587246, -0.09868904987191807, -3.9017406781618025, -2.3482713753804347, -2.6940305256040045] : -1.0
[-4.490998481924329, -1.0165947861667757, -2.939777368639994, -1.160399999613227, -2.1208868862698456, -5.928122593235851, 4.482195891227592, 1.110208221046218, -1.211703982837113, 3.7556757174075495, -1.616254876567825, -4.62639375589402, 5.803543634271337, 4.724574875715035, 2.279854887555741, -1.2497611017193133, -1.8029062923277883, -4.324377264958187, 0.17167976840785015, -4.5179763741764765, 0.6305713207874142, 1.9452111145800306, 5.355014892145043, -3.2788406125619445, -2.2567924934276182, 0.9978380284219164, -0.12845580669322282, -2.2375465727992228, 2.621433126516101, 2.401285881780498, -7.873857519587354, 0.38916968563152565] : -1.0
[0.7949742058465068, 2.7412797605171013, -4.576962570784547, 0.9239433825503683, 3.8494686195366468, -0.7141933030785652, -4.830683023239104, 5.121536797549426, 1.8405477808095911, -2.392975007706247, -3.716060061274214, -4.8441890853417995, -5.803430590069347, 2.1823397006925718, -0.48711459792358053, -1.2761957021751433, 1.111963918013823, -2.427844547495946, 0.5513944931524017, 5.387311638606891, -2.513494349350488, 2.5512008241516018, 0.3539993018372436, -5.81511965048454, 2.885845732789785, -1.9312678707807152, -4.438693705710692, -2.2017266661171258, 0.3530076479862395, -0.2666686642329281, -1.5415328563853075, -4.119819889782369] : -1.0
[4.870961256199953, -1.3259057558749348, -3.2552211500829036, -1.0022748337259209, 3.1756680336054646, -0.1986411375112238, -2.2274288840635217, -1.309742557932675, 0.8063189011302697, 4.027332104746926, -4.449562069715023, 2.53473751842072, 0.6867460725960217, 1.6895279727056918, -0.3062929025845493, 2.9115345090592664, 1.007342846617027, 2.822723137514034, 5.484558908204393, -0.2720602432889388, 5.984029647101972, -1.030943712663147, -3.61746280687549, 0.5565139826913357, 0.07047782949612436, -3.3322218888288506, 2.507692487440324, -4.723211349399026, 0.1811925265634553, -3.4117005659373314, 2.16932255996369, -2.5859014689469633] : -1.0
[1.5223943294336735, -4.909368912513564, -3.9237473990028207, 4.6844001019351875, -0.6535245613855465, 2.8268050841053194, 2.9154174154231556, -3.4071623830117024, -0.9077208211188201, 1.0172841702994142, -1.7915266343568028, 2.6477524349362915, 2.535999412361424, 2.5644358543694596, 1.5835667196906245, -0.43607269212084826, 4.895032861628123, 0.7736325710747592, 4.485162360727598, 3.5034453289158645, -6.863825118436155, -0.2587008453963989, 3.399790342275248, 2.8020382700594704, 1.6273504857243197, -3.816860461335249, 4.396519270852421, 0.0480611998343381, 1.2134484714922387, -0.3276665297304564, 0.7426496887807752, 0.4204386777509186] : -1.0
[-0.2542164992272653, 2.433083535739024, -6.444308577001797, -6.585571370846155, 1.2020151157977994, -0.5804762027004787, -2.014703371600268, -2.613562629733245, -0.9483992944087303, 6.238362158966478, 0.8271127682876563, -2.652818357559874, -3.2648159655628253, -2.0654670158003063, -4.096493582137818, 3.851844418626063, 1.5825159269326123, -2.581175855662045, 6.605345359317852, 1.7726606590290606, -5.8012891743936965, 0.3485554472691418, 2.832418460156575, -4.5207391039264415, 4.574453762760634, 2.9128159410655727, 1.6258850738766921, -1.1340878299321162, -7.135994556951813, 5.536460491992835, 2.332918082001365, -2.7999874939773055] : -1.0
[-1.7855424872572851, 1.7820521064533552, 3.846234668443926, -2.7328278118054232, 2.1418551680013844, 1.2104876089018382, -4.815708584529903, -3.1857029972139146, -1.0125769239593734, 2.3689276122166394, -1.798672495943907, -4.044043184808088, -1.8876584582433436, -0.8255644711348489, -0.29457733779269346, 2.0591736838566743, 4.075735200117183, 1.4694246998629203, 1.4360518404451208, -6.799271748453623, -5.956129115944899, 2.650584140950458, -1.8935890731461094, -3.155020611142172, -4.509415890165649, 3.6974633806256003, -1.5684189646973075, 2.7671269738660977, 2.4451875709325313, -1.0233242966807758, -4.036125290650849, -4.967794853230316] : -1.0
[2.043712560245429, 5.5577423559740335, -3.4489257940706985, -0.3708881924558541, 5.546110533909721, 3.4207614515858626, 3.8304499577929723, 5.1646101015637065, -2.7103243574462987, 2.321752653048915, -0.08431592351896489, -6.801412776970958, 3.493464970142656, -3.5153002080919733, 2.1681551253079743, 2.2782689075843567, -0.33277890862513315, 8.217381856017235, -2.5914153481230184, 2.0119968775104917, -1.677288461781708, 0.49572912233501776, -2.3113739249771013, -2.347080221768792, -2.062418635709276, -2.3332973491958833, 0.043801414261537774, -3.2809658770564245, 0.4664141123788069, -2.504823394208981, -2.430616071140176, -1.0322246572902287] : -1.0
[-7.662034481498656, -12.406003436124339, -8.425705388460413, -0.3030522199775709, -0.24154588221698026, -1.3955875499064534, 0.2542764008332832, -4.350284131313367, 3.4923065893904472, 1.3205652443071918, 3.4095164000853866, -8.709174879377686, -2.0305398643735306, -0.9284960046147925, -4.400886548013447, -2.679423376325018, -4.373742728351321, -1.3535268031615957, 4.780936616262597, -3.1875360137276747, -0.3461906645639047, 0.05040684188370881, -0.515085379154215, -5.360256320491974, -1.5342760386804635, -0.3159348398720919, 5.752279356346769, -3.676760324800716, 0.06303024533445434, -3.8420444942949397, -2.08071859796922, -4.959443416519989] : -1.0
[-1.5806010764138696, -2.2520032556314744, 0.12522805320102792, -2.7743999597310864, 2.948045070576397, -3.5883929699961232, -4.18117668449753, 3.948526232588723, 3.6125093854178396, 4.1105074787807885, -2.3655073036890832, 3.243075113502473, -2.621207360341092, 4.115550175962493, 0.8941577872733861, -4.889182020993472, -1.3060862526687305, -4.767915888507779, 5.517218280658586, -2.2419625908060974, 2.4878053090502346, 4.755341730048078, 6.579641322537886, -1.440138730645402, 7.013610461634676, -0.6516647039817952, -0.7410992297101265, 0.4883309560017075, -4.686165271262948, -0.09091422428741092, -4.4812530800668275, -3.109983475147331] : -1.0
[3.030456892387851, -0.7988872584347199, -1.74215936444614, 1.4366997043829364, -2.9532103250845307, 0.2998989172141173, -0.7096290078342037, 4.656007698614646, 7.439310102663942, 2.2355992350998095, -1.3808040808729394, -0.5399136769151557, -7.823165063752093, 6.224311521376317, -7.465501532746644, -1.324583387829604, 0.20216196621878302, -3.1975282229026165, 9.834979580799427, 4.396895815044675, -4.928631544290191, 1.812312292218734, -7.512416449620687, -0.38447401915297874, 2.4281852320324395, 7.603596234300539, 7.406342841456917, -3.753616631318918, -3.167861449327331, -2.1905004322579242, -5.684409816157084, 3.0726984612115245] : -1.0
[-2.478134653961833, -4.052047810381439, 2.047801691406288, -2.586817231762901, 5.19347238696333, -3.1791220107117333, 5.169542039582867, 1.3062979792542655, 4.550879258895972, 4.057207050466747, 2.0262867605850463, 4.86465842431646, 4.170878702785023, -2.0720910532646064, 3.9347838782576856, 3.4967857989204933, -2.505427424098985, 1.776441710046102, 14.465599000935757, -1.1553314625362279, -9.035231913044674, -2.4869479325950063, 6.5502814551885535, 1.4633793210126633, -2.120759673535275, 8.686325785161165, -2.0817846788668204, -8.078086495776166, -3.3559916396739737, -7.404007790062572, -4.743673104967111, 3.3307198042986883] : -1.0
[-4.621962915729003, -5.643420408417015, -4.529731907998088, 6.281396109041411, 1.7216999651395033, -0.38095348773965254, -4.007664367124444, 6.412382950603614, -1.1663474346351512, 0.29887277415404334, 1.6728282967228443, 7.835418887987042, 7.289456538285565, 1.4958576292349681, 1.1787735186931534, -2.6844395092683837, -3.554107597942389, -0.18482918594241604, 6.4327837881046115, -5.806397648615944, -3.465405249315424, 2.369243139445488, 6.469266671519332, -7.033198253323905, 8.922847923490323, -2.9350284157958484E-4, 0.7738488579804128, 2.223078033383887, 3.7423887136617076, -0.9201788595699831, -1.4604553943922702, 3.384070819988424] : -1.0
[6.238850437702473, -2.6704074597594807, 3.593128936773903, 6.524619429365188, 6.053873881462838, -8.705155060231586, 0.15905350973123344, -6.123453527077882, -3.5994044627344683, 6.777788946712631, -5.21741419415959, 3.978801380265595, -1.8431177895665893, 2.930225709885486, -4.689485991219983, 3.5036834490813917, -10.620334447964204, -9.63613882370979, 1.5935452054221624, -5.101828881403366, -3.9878825010516703, -6.171499556587422, 6.593028619246381, -10.304284517562046, 2.799814383444983, 0.8146423643248895, -10.54516728286726, -5.462570252130622, -4.807040541007259, -6.623262752738845, -2.782876488705184, 0.013871858227707423] : -1.0
[-1.6930398285429404, 1.168065865087301, 5.783753669336779, 5.630031160541025, 6.638748011218024, -1.7348136929554188, 0.7600396974280391, -5.362907342686802, 2.866202256041545, -4.964307194791602, -0.4416486524882052, 1.0534965585818414, -3.2769316219123206, 1.2505601821473087, -4.147273256381878, 1.554602564021172, 5.584148012433484, 3.2977986497080485, -0.5146350827759014, -7.39015660858461, -11.356352190699088, 5.730899417447046, -8.754114031686353, -3.4735230875491996, -1.0519072031799812, 4.23222498368765, -6.76251818728187, -5.678816033988776, -0.7316047032524766, -3.167934650965663, -3.8330269152614003, 9.573227716350553] : -1.0
[5.205181616746005, -0.5220240956929263, 1.7010760806672547, 2.26633967261329, 3.356072044397989, -3.933153346719923, -3.5888244167743593, 1.9432714918455836, -1.5355697776459836, -3.2732738985356304, 4.606323206822224, 6.429903212073853, -1.057569518471103, 9.725667406928885, 0.5635640531638543, 4.724443512649718, -5.903040426491412, 3.334496646758267, -2.6352462174719506, -4.158707794420671, 3.056579105270603, -4.957523993646419, 2.6540821928147347, -2.7552376615569436, 1.5895846516135015, 5.306873109411611, 3.3555011238412, -7.070476600256469, 3.120947188782301, 2.798859332230986, -2.4328858147526624, -0.013292271859846272] : -1.0
[-10.304556897609274, -1.852640801241951, -1.3264100590233134, 6.025884797231116, -0.5808044682269391, 3.307929156356546, 3.8631406984897096, -3.9348915481847797, 12.226262853071932, 9.252901698527822, 6.115421835450019, -5.805072009149266, 4.027304065032643, 1.5997799031765387, -1.3222623377010432, 2.083571185344622, -1.5099302668095087, -5.870683223594892, 2.240427721140624, -3.7549372079623193, 2.8521414187254965, -3.0943755567512783, 1.3814924430185611, -1.8052031368706447, -2.7418284110158666, 3.99917008872834, -2.261304793730629, -3.591159472475004, 3.4353097865802606, -1.0809387411366465, -5.100978038868468, -3.021348242003601] : -1.0
[15.26884463804956, -2.857028900784891, 5.39345190576749, 5.762111736145867, 6.185137040327043, -3.6541890554518286, 7.7105505986865435, 1.730632235993575, -0.15859828850572422, 0.36139574111749617, -3.680139953625285, 0.0926413170268039, 5.925829020233394, -2.07484862496948, 3.9281208476063076, 5.38187513104981, -6.78182734631287, 12.311059648431796, 3.5481770761755724, 0.3634750845991688, -0.5981544514748938, -1.5924326139241833, 0.8699875813380599, -4.500303543676509, 0.17165845783836753, -2.673350335226098, 3.7116169550803155, -3.4708541796848817, -7.029134988560431, -2.467087749517188, -0.541986820136032, 5.376112301232442] : -1.0
[0.666362726769804, 0.0846467230463055, -11.041608009942912, 0.17339561525368108, 3.555313652139163, -2.456371603947858, -3.6798769271960605, 0.5876984791427945, -2.215238676003831, 4.6349558399261355, 3.9643272912350316, -4.327187001321016, -0.7942189494844558, 2.820850814820683, 5.592178774128556, -1.3333598072720019, 3.423416492550157, 0.7000280866534495, 0.6449204082900771, -3.9392831011011804, -2.0024309912303693, 0.6832155769058379, 8.613590591049789, -6.685597635784093, 5.467456945813363, 6.339022803081463, 3.2345622056638788, -7.615143379170489, -10.914882846467988, 3.3356680983751783, 3.9464853082746094, 9.014540172100407] : -1.0
[-0.9292635696632008, -4.81714182034114, 3.8800098957463813, 4.83890706687586, 7.651856203603998, -8.712109174101997, -0.5575265600589734, 0.17896527891839287, 1.295565230364538, 1.7509388427507129, -3.01903166874311, -2.1173785698417054, -4.83129198538648, -8.662868667297985, 7.186786990108741, 6.513441230938817, -10.242614668222538, -2.603823605517813, -3.7381869494616935, -2.9198128779070536, -4.6186910340790766, 6.173180518033003, 2.420889370213577, -1.7694162015843202, 8.940581280451934, 5.0718825831578584, -7.7377201795904185, -14.358695207653032, -2.8989179259234557, -1.2992891684414638, 0.04082532004586703, -2.999583570150404] : -1.0
[10.581229205060096, 3.2016682296043912, 2.790330804336818, -0.8205713409260968, 1.8304639400702498, -1.4244993104813584, 0.8194597492060661, -0.7768084182342438, 5.757519026201101, 7.0803949675539375, -1.9340828313022653, -3.36569248654472, 1.2565391587423114, 3.0033884377582005, 6.528877000383171, -7.066943988130836, 10.986446501803323, -0.23435047318910446, -1.9878881204593584, -4.413821470101448, -1.0908980666055355, -1.8390000638210544, -1.5892279839190877, -2.558461901108773, 4.889921543655388, -6.134653106233186, -3.683755519632172, 0.6637735573037524, -3.2405027776927566, -2.062340624143068, -3.4158093854226754, 2.370699439316167] : -1.0
[1.7883012597879437, 4.6599126603835, 2.5440939792485113, 8.705267943730929, 8.933738641821702, 3.7155474570395137, 1.1722330290720777, 4.001916156274381, 4.971141443592088, -1.9676745696037257, -4.13982147829173, -7.6740606305335675, 1.9201051803015636, 0.5686334383019775, 6.386216474522779, -2.192852587155679, -6.021647582232193, -2.7911434231365115, 5.538012809753393, 4.735389091796437, 0.7052280491740459, 0.8145870467342942, -1.5075037379836442, -15.541173814491835, 6.551795397543493, 6.930529849552672, -4.461182438275322, 2.6315302566510113, -1.129156046301001, 3.0674144727680708, -0.24596993212255858, 5.39911098441637] : -1.0
[2.473385228408085, 0.1139450677672662, -1.9559470036402322, -3.407852573183973, 5.345248738437608, -8.468147486032846, 1.7728177311027196, 3.635635424263663, 5.571846449739134, 5.8367990377844645, 1.6481450805354376, -3.1312301534880804, 3.817424379655305, 1.1210463578400132, 2.437780899431649, 9.440891997215603, -6.020577743269959, -4.787944926453631, -0.7416048781081246, 6.870517553495036, -0.5389050838768257, 2.2445386208938887, -1.4322073295698838, -8.116934607324296, -0.5322431256564588, 3.5165148148925036, 0.8274268088203967, 3.253395895368147, -7.911159649306665, -1.5605506440630628, -2.2943489460007926, 5.843994889569228] : -1.0
[2.0957585466692183, 0.5447302081198073, 0.1888885193239146, -4.324209967195605, 15.863708655178163, -3.394914762642767, -2.3448716800223086, 2.333245058928786, 0.24838123893808906, 2.200074484167082, 4.924620588810037, 0.7266593547288636, 8.554736477192307, 2.0317880424854717, 2.33709346939109, -2.5675508287476396, 2.064321445889641, 2.9168206819046567, -10.57437148991794, -1.5965921046252989, 3.8039545458835002, 7.806193841304618, -1.3174063049301639, 0.06837426252390744, 4.428208402944279, 0.5646156230621919, -0.03767512895410596, 11.365878888668703, -2.077899581822503, 2.8641095136533385, -5.286437334318407, 6.7341639204726516] : -1.0
[-5.8567041833281195, 9.017495725049216, 17.606729594610073, 9.831059046550092, 6.259699575213096, -2.9831803924136873, 0.8766182236381788, -9.5738029506229, -5.961739224968273, -1.4325729314039135, -7.332526213994658, -0.36575706862996027, -13.796881844737248, -4.327404552011165, 0.6295966154571913, -3.736133646614044, 3.3531770125689033, -4.837254789246008, -0.5662933956954248, -5.810101979687477, -1.4717991766507508, 1.8057017519938838, -2.551652808053192, -0.98379756076537, 3.521929358440519, 2.889168282517301, 1.9459485108178534, -6.345046944574934, -0.5317324232786116, 0.7948599998118322, 8.11073064833289, -3.0627588271828166] : -1.0
[-6.5841585921420815, -2.852092625634054, 5.685542799630252, 17.328328217025245, 6.583623415886974, -12.131426912829456, 0.9806402002356687, -8.182387378633628, 2.4741272684219267, -0.01796225946386043, 0.8433287274550538, 4.546487279944168, -5.232752559764807, 18.759356094913567, 3.1452296713907084, 0.7174861143996446, -1.419913969675978, -9.76464415368482, 9.773513171962177, -13.568146876055097, 1.4412380848601396, 11.915868481959572, 9.261257103621116, -2.9001356639199947, 1.6606429173102337, 6.104452478935504, -3.2284702605779687, -4.731850299476443, 2.11842382953304, -6.295073880683412, -4.625250933845894, -1.4523613389443004] : -1.0
[-1.1462245207377957, -6.072276552546906, 2.775033707168817, -1.4995204622558074, 3.7683930112144823, 5.1624855623538295, 10.026346909249373, -3.239656455876518, 0.5991119504382829, 5.736151953710497, -0.7363985531298273, 1.8733867314956367, 13.274860139446059, 2.7045916087272204, -7.566530123117824, 0.05272797531244011, 3.5514399844454485, 3.3574336004232626, 5.501401182420759, -2.8601535307169987, -9.388232737886483, 3.570406036303651, -2.542175420023552, -3.3237326881604905, 5.894592708326218, 7.1064021987009, -1.272319412484316, -11.682753181292458, -15.996159026401907, 7.94739812354162, -4.706068882145929, 16.62454571569194] : -1.0
[0.8454784632685876, -10.823445529636217, 13.279715739055721, 1.98373407785621, 4.95263634344747, -6.294227159535577, -5.895520608717174, 6.658948990654046, 9.164711203737289, 11.166015764762582, -0.986798627407631, -7.092697128109791, -3.9260458745024907, 2.2336763391377024, -11.242429647996463, -6.149641987553235, -4.232112023790297, -6.10250053289533, 11.51570704813754, 3.7274141214552325, -5.228867790451359, -6.048526380169756, 11.293163219247845, -5.12683448549555, -2.1486284252512324, 4.161869960405654, -10.244248182844562, -2.169537549208354, -6.19585592983813, -7.993570156859885, 4.128966893771426, 8.06055216642733] : -1.0
[3.449357066173211, -0.9904957596122199, 2.3583054369740597, 1.9623091286692917, -5.588662550771234, -8.064608043343828, 6.985159740134202, -1.8920592349568908, 3.4067362386506645, 2.64831043156749, -13.684180277709881, 3.195042581523252, 3.670289441123517, -5.993093698496871, 3.3568275003199584, -4.157567686138189, 7.570637884114049, 1.812312873626263, 6.711383554678754, 0.45147497618739707, -0.38069442804289366, 12.916715203481477, -8.254472181343893, -3.9749512189137333, 3.210666059779408, -8.222250885069439, -8.789111838135085, -0.07120626519570994, -16.657744272490604, -2.3063193771633843, -2.6648343328978044, 10.800627830969702] : -1.0
[-9.535032037530675, -5.0125168891510885, 3.4843636940550304, 7.948850158064751, 17.10183867417301, -6.484636060168977, -4.885209903653774, -0.4586026532004921, 9.660537931218581, -7.064496200694704, 7.748074054351865, 11.83644188388696, -4.08421233213703, 12.812294957046985, 9.239642898611821, -3.245219836346365, -10.23702146090842, 1.0869248208666018, -3.504427529700921, 1.1558668417781535, 1.602272879719676, -5.748585266161809, -1.1629284866980933, -2.37599025865327, -0.7222829995588596, -0.7050190867520261, -4.220586403252879, 11.12890125672888, 11.805085995949788, 0.6179933539701361, 5.423282535799355, 11.81659352874648] : -5.0
[16.051903901299234, -20.669547784659482, 3.926313799657214, -3.6264343931113103, 3.095881803393061, -4.360181780832133, -2.974395982016071, 8.658142092911469, -4.749915275437546, 0.455507043566586, 5.8185036862351796, 3.269010152097203, -14.191410985160282, 0.32819270419949076, -6.068240512760587, -0.7450584177411008, -1.8901419971812794, -2.0227600791816283, 4.655994854511304, -4.130197416774909, -8.71327776981803, 4.648113972716205, -3.8735711435040603, -15.94880307834892, 1.0062476632202069, 4.197513160064438, -5.973698378041268, -8.20471883118626, -8.629117843558623, 2.1774719149991517, -6.624608557877168, 2.5916528135515735] : -1.0
[0.716401004764103, -7.300299443037649, -0.01808687921111357, -2.9492277638120035, 12.94052690807913, 19.460784195935773, -17.213239323651724, -0.6341744137976895, 5.303037890061441, 4.050831662725059, 2.4931852773659853, -2.539938921984982, -1.2053639009777277, -1.141524921033219, -11.781168760475536, -3.8837578303258153, -5.4370931798635995, 2.6638689397159068, 14.072738638447458, -3.343225049783895, 3.380845184394609, 16.650650121119916, 4.103838172495305, -0.9240834008447953, -6.6212432078801715, 13.079609994247406, -8.494959601461396, 2.4161324567654967, 1.7123783647244073, -1.843862637943705, -5.20468703403, 3.899370740915717] : -1.0
[1.4311408425264511, -6.304481926218077, -6.70177029738844, 12.115081622748063, 0.07582226469670461, -0.6008655354540997, 3.4797728525221356, 6.628476017809713, 11.102353171389636, 2.206306447927217, -8.718525210152453, 0.9745689306283274, -1.2634899176223504, -1.3029635759731453, -5.795536464514857, -9.964444175036496, -2.920313743269689, -4.351729545182863, 9.026308739107904, 4.888838199770488, 2.6013847733203317, 0.018640890307284302, -8.691512391396497, 5.100696277684619, -15.844821336208296, 6.554412810074896, -11.110382753367574, -8.424465137153684, 2.0721059514289726, 2.7087608973638915, 14.763297986867993, -2.1298949104499907] : -1.0
[5.02472311553629, -2.428633627116929, -9.556645312058496, -5.571819423931297, -2.6095731242858187, 8.839120547681855, 2.6737009851704427, 5.0780094774496956, -8.526253899173234, -8.907686896568348, 5.693079884097084, 2.4700845570311065, -2.8163217973813106, 3.6823167274805915, -1.0234877780428355, -8.357237129179936, -3.6406708170404727, -4.223227495000379, 13.354459350984957, -16.258960152114454, -1.1691796961850471, -3.4075608106939845, -7.4738542964194155, -6.131012272319442, -8.337772997072292, 8.550114300578112, -11.542237205197422, -7.142388061793069, 0.5924691460579905, -9.153250071272154, -11.29224618343359, 4.2316759090450144] : -1.0
[-7.365483289831026, -7.563631085776905, -2.8877851241791848, 12.2414224184003, 1.9017491492831302, 4.721037735072851, -2.946100635895036, 8.55845597958715, -1.5126961196370137, 2.354462176253944, -9.093424449306022, -4.524131251675851, -4.630394159129733, 4.42593306660303, -4.617426325891631, -6.601290441186218, -6.934493392716016, 16.441848085450548, 1.982097708502014, 8.02848785761079, -12.058755323489184, -6.966186581065494, 3.929341469859041, 13.103720309843926, -7.490020126597157, 11.520635895759433, -8.837535398697964, -0.767548830855616, 12.66264085959012, 3.3533379104819385, -8.172812526543812, 5.190503697757291] : -1.0
[1.4565079668217555, 4.904977690491366, -6.018755569596701, -1.541721653697517, 4.29970952200893, -5.236545334832634, 3.147651188625453, 15.877138094743191, -0.4097636086425416, -5.3699845979798795, -2.7524021561935936, 2.713156744364941, -6.314897603240897, 4.292314987825793, 1.5558739619087407, 4.72298134319146, 7.418755697290358, -3.4225751418939354, 9.395438498300251, -5.157884618717267, -6.084783405622514, -6.182758645989266, -6.1468322292647795, -8.009910296910142, 3.533750203413125, 8.486662276866118, 14.088040554456423, -4.349777716826819, 0.3510470613777512, 2.279708614043928, -1.8549307621715942, -0.065781404123058] : -1.0
[3.000096650332179, 0.5585863824889472, 0.15727312819708972, -9.998197087282477, -0.8095983902045347, -9.626455682943504, -3.7460162485665163, -4.523894250710898, 3.5793041309580897, 9.641235685790877, -5.017631986712652, 12.10489034871761, 6.569542379860877, 3.9296577818699583, -6.5589421474304075, -4.025001611493862, -3.2235859282843973, -3.5507340555779843, 16.156805190431044, -1.6327947532113292, -11.457599238151126, -8.44687555479211, -3.601695928131186, -21.21950118143709, 10.173876834796497, 15.589276643251289, 12.61828574147015, 2.364710944491484, -2.0411706780784282, 1.1994178605540968, -2.4228144534747527, 4.308091943697042] : -1.0
[-6.429755994405771, -3.526931208365294, 2.3792593584764887, -7.123247943330579, 13.318450083229795, -1.4516002950310192, -2.680475729559538, -4.4139388278157154, 5.5797013828328845, -0.9573470481927768, 7.680985432392395, 1.1036159164088564, 9.610398845481583, -1.0475683763328498, 4.966825705528137, -0.5902354420378588, 8.753560957306181, -0.9766945069868868, 4.721396081898271, -1.6332288113276012, -12.10142021273198, -5.507332786072262, -0.1320823591377041, -7.247320540546932, -11.683237792950122, -5.587195760202451, -15.437565840051539, -9.621222062156319, -9.466666979693601, 3.21467746360398, -1.893385003780879, -2.840622171419001] : -1.0
[1.8684859492646035, -6.410761044697075, 12.124215374975432, -1.1791989918384242, 10.886195041440175, -4.2101665179297445, 4.2196841164751655, -0.4209248400767658, 18.11373612880266, -3.920613370588927, -4.267305133719398, 12.365117270383362, -5.421565415763465, 11.174442441462876, -4.248858492484699, -9.932954529037424, -5.489579935726919, -7.340245527496257, 13.34065147844336, 9.1094306590685, 5.832852737548526, -4.203026434684675, -0.09036478655748459, -9.390997177374764, -13.84578345880554, 1.1390264464770927, 9.38716845325723, -6.476438183061492, -0.6008925399468623, 1.5091106155955276, 3.3168568271491887, 13.835749708890303] : -1.0
[-9.29803769912925, -8.949642762980309, 2.662427241888488, 4.905518424828096, -0.35416971751384985, -9.398420764219537, -0.20791384412041397, -2.4520134642319857, 6.440671384225305, 1.8663438877116556, 4.757058721167184, 9.80716954808383, 0.7255402308089032, 0.2978495498342326, 4.6650226255740845, 3.8312843005574617, -10.908966435455177, -0.05850960727699661, -7.457576242299922, -10.427238586726315, -0.5199035016148562, -11.415727793312463, 6.24620612083458, -0.7536075298423501, 3.025692204282928, 2.779166844332229, -9.932710788032477, 10.281892828054614, -0.7878681344892455, 1.6371224687865988, -2.327676249778722, 1.1456038080033686] : -1.0
[-11.332770478478919, -5.209052659753439, 18.10449113189798, 5.594929769405758, 23.08618020843919, -13.525143150130045, -6.979832708638605, -3.6421538453587097, 6.578366109443392, 1.2739132420362627, -7.3296191502216805, -6.299819049062943, 3.8827059428867665, 10.551032972478938, 7.965072869100321, -7.677671305706815, -2.611224402899716, 2.405993884264948, 8.099373204276628, 1.1167598717789096, -1.1699647234007329, -9.271709318182129, -0.09146368911852887, -0.15653632700745357, 9.280437069773127, 2.7553034117230077, -4.058356688901837, -8.734608713717988, 0.982962173307783, 16.890921302353544, 11.56240236057189, 12.405526540375096] : -1.0
[-17.31809201648899, -11.076665394080816, 19.673808309498938, 13.01227672371878, 8.535014840568145, -12.340666192301946, -4.583512823510417, 5.486928934168463, 0.1067286707719024, 7.316715867951252, 11.415717938429305, -7.116660993089285, -1.1324565312059165, 0.9897136204073362, -2.0096011702878256, 6.07171044284845, -4.345950285813449, 0.057190456893650765, 6.208451817904985, -4.645350649567684, -2.240510766707902, -5.6423528379026315, -1.230997822102788, -14.434475245724713, 7.1581899964340305, 15.592125607482952, -1.2696195278969438, -12.057001985496157, 0.40358361149511357, 4.203018286544286, 5.9182989314383585, -0.14609576326096096] : -1.0
[4.832509494150806, 6.303115497298253, -3.5128975573530603, 11.504736470390633, 10.9903067857141, -6.012798544352991, 4.1238641527677915, 11.322599002348987, 4.275195600305538, -2.7742175026204414, 2.3620277698393553, 1.2772951546229416, -10.845895618518954, 11.247244520498503, -5.34218189418987, -0.04634839617356867, -8.039969335837956, -3.6500569438042687, -4.303569904114514, -8.702788050356254, -9.518459444131482, -4.810771664018931, 3.528129111157489, -2.261354203795999, -0.35197484818367597, 6.0755864562782875, 3.5295969899905204, -7.1999733278580536, -3.6913251438692702, -12.211536726585058, 5.124784991234075, 7.227628159731731] : -1.0
[-4.03677091868345, 2.802176206390852, 9.547402323963906, 10.648812297637347, 10.291616093801526, 2.399157047721822, 9.934650547567681, 0.9748907126136555, 8.449839858455643, -4.620732751241145, -5.857189120341811, 16.990682383435757, -5.26995649783872, 6.978217690348201, 6.293919000088122, -6.400770208042994, 1.9356884812451982, -3.511215394258154, 13.969671791683862, -4.796224643184502, -1.6861552997605684, -4.003441368664015, 5.393721667347663, -8.423344444573505, 10.959077737224286, 1.1558787948835982, 5.522295688013093, -8.352065875906629, -1.8798849444157364, -3.779164841556546, 0.35967422083220635, -11.500188601060513] : -1.0
[0.060113371576318464, 12.009735961515094, 9.631510306126005, 14.463430835308566, 11.053583029841615, -9.128210212962989, -2.5795244403354407, -5.904194397711658, 6.4633933765167235, 6.338252918364824, 4.045323970562662, 5.491894963462081, -10.610554521852821, 5.198400771189052, 9.649522852175918, -5.599211004922842, -9.290587940165718, -3.4499876464545456, -4.151141957968349, 1.5954775545979336, 6.3744392653048525, 2.7462746686398125, 0.9029875390294171, -6.611488407144137, -7.700071465706817, 4.399160268725247, -9.435975625996289, -0.8920169121907843, -0.34007423602639597, -10.899532187000068, -4.828589810793076, 10.578189855036326] : -1.0
[-12.221838926931511, 3.7160892159323673, 16.033909288216403, 16.6499625056598, 7.868994661874343, -1.2308372246109434, 4.305539660925723, -19.837197928933776, 10.301943829496684, 0.8916937862835437, -2.944304673968685, 7.908913418489902, -1.0274542353971068, 21.55664125655276, -2.8735731731404357, -12.285053231396944, -0.34921982600411106, -2.2798983982427683, 6.859684981791208, -3.0434370200812735, 3.5914377635236505, 5.306176660063473, 13.232957205939144, -10.530100964292279, 10.455107473253943, -4.815746067791977, -6.5450857189003155, 6.500304143731768, -4.744156975905654, -0.550056080665009, -5.4022296080309005, 1.3240404438262878] : -1.0
[-10.811859321730577, -4.552135215019319, 2.784719820643441, 6.9370965634793516, 6.751584150409707, -3.611036324370512, -7.126173859873682, -0.23921763703444743, -12.299775704256263, 2.6125211071761916, -3.5832955751138043, 16.82946842228072, 0.09564718499500202, 15.470664147394597, -0.4087145986612466, -11.543033383540003, -11.066104143235389, -1.0490537364671235, -2.145400002110843, -12.252565953379385, -1.8741136853613711, 3.208084971966492, 5.875718471092062, -2.3391800871150648, 0.18767049991381834, 5.833650114503398, 3.476892315612833, -4.314651422877491, 7.076104424988922, -0.5682301846035407, 7.016828266042211, 5.306548347472228] : -1.0
[-3.356246885623885, -1.6898183760463357, 0.5125258249535065, 6.037312415598409, 20.577985974313286, -14.12709974048825, -2.099003338573428, -1.253465807487589, 8.115843302919446, -3.516031745346174, 2.954635945184153, -4.172652707195482, -11.385685969256452, 6.932858399165105, 1.9139393423520519, 2.200468809335135, -2.612880970491421, -0.17606795230175099, -13.490132838799008, -16.024804662727234, -12.817256550304627, -3.6013528589364197, -0.7799311421805349, 2.488474973085771, -4.746473842940417, 2.537555651684832, -22.3160830025259, -4.439625822926355, 4.6929352740706625, 0.13758364003613743, 2.524739694324854, 11.172807598791199] : -1.0
[-4.703746229154473, -3.510995881687954, 13.533590805288998, 2.0461871161470606, 19.565134844926067, 0.523002917834047, 7.401462339236254, -19.04979793747518, 1.6829587606499987, -2.6114132504560805, 2.8406279657774105, 15.671020288936518, -11.443180817066427, 19.319965597949324, 12.18288072647643, -4.4838962645100215, -19.128212184838684, 6.193794233499901, -12.131842994697642, -9.443632175309535, 4.3086714195503495, -13.476666876892342, 3.9473905258162314, -8.429029779716426, 0.7194083187554994, -8.281845226191972, -5.18233205466484, -5.945565462991113, 2.664733088333546, -4.681423021603152, -3.4922511181582494, 22.112548296126178] : -1.0
[-13.606804189074701, -1.5507686931871965, 3.5312847353591037, 17.01472269840852, 10.22019346600923, -0.08822404969198328, -1.4445499061964198, -8.169059281829533, 11.517710625438733, -1.449516601998906, 7.271661774589596, 0.9569809256824819, 3.704736711475676, 5.97310575954797, -4.638007863579472, -0.2645200625510271, 5.576219282678545, 3.6193841125132424, 2.9479089344817653, -6.8888838216037716, -2.0211247817763485, 2.11981683719267, 6.25408166421785, -11.962608789725525, -4.184220576245305, 6.987983805768099, -1.795619091657975, -4.0901593169869335, 12.555933194225881, -4.706144318520283, 3.4394466170734135, -5.993484150712616] : -1.0
[-2.121358685037348, -3.992362687918912, 18.735248185770338, 10.705052450545146, 7.731203644925113, 7.340275674871, 1.4300102638546899, 2.390578271954287, 3.6975916155363158, -4.219265568215799, -0.7058480752248355, 3.312773929938838, -4.999539282638432, 12.44258959581018, 6.921210640218344, 0.3306103433760734, -15.411120404304942, -0.2425786137939383, -12.288456691711243, 1.1422832105217982, -2.7673999384072427, -16.95025613067773, -6.959609857404293, 3.5301938780288786, 0.2852333612953999, 0.0735742279897238, 4.732109981668755, -7.592527800629905, -2.3169143065072983, -4.714456983085834, 4.926351114329315, 11.599171574985876] : -0.5179801854220304
[-7.418003119218239, 3.285098390720065, 9.291877815916294, 1.0467882361166936, 11.91838528956717, -10.382212881771999, -1.5172369150485001, -2.997744275629766, 7.122860251606628, 6.780068093850821, 4.133545088128243, -4.530938529130822, -3.8942434485351605, 5.734149070098054, -0.9590559568439398, 1.120854415972377, 3.14931848651836, -13.147084443410005, 7.807172961205756, -9.972416938161103, 4.887733201495972, 8.724725306908326, 5.217632837553954, 5.1802356408048835, -4.873794745547179, 6.300286829735059, 4.217300714901812, -9.767019283252822, -0.5251578831528896, -0.060463565533456776, 0.5586642122569008, 2.009651499639035] : -1.0
[-23.072427418617984, -8.342784226214702, 8.504427229923856, 17.63436297858394, -0.4021629086007934, -10.748650470355685, -6.027406202340514, 0.5572170565418442, 20.2323528394586, 14.024466216923487, 2.7862217531693294, -12.231506130689414, -6.9789249071627095, 1.3458279712067247, 11.234568941434354, 10.308203459806876, -13.889606393246648, 14.294019223422923, 36.12709479729499, -4.953684479442509, -2.1489271259624023, -1.5606930293031311, 6.0244878760452725, 1.7038615039409546, -11.425271741100946, -0.327831475383356, -19.682162090015343, 4.992615381157526, -12.118350830724234, 7.679188969398149, -23.489988365146786, 6.507472652341469] : -1.0
[-1.6838723888836498, -16.575032199393657, 9.50761663917379, 12.686735390245602, 1.04124772643147, 0.06849096521959108, 4.28943771790586, 9.699262688439454, -3.935031993025026, 3.476253490363068, -4.240475134686658, 12.512236936441123, 3.573339420505791, -10.26278935869787, -26.896755162039337, 0.16620791027192938, -18.53081484490016, 11.410414011391945, -10.43199053963553, 7.883290350344389, 2.3962875877879917, -22.757199013688805, 16.963057347426258, -11.598237209694915, -14.810945593707352, 10.451112875235788, 12.142077495507504, -15.737543298562878, 12.348678323630434, 13.702029196875365, 1.5588932915345382, -19.128813547193353] : -1.0
[-3.025120404912029, -4.583412220228477, 12.999697618896679, 7.500176313083738, 3.6614873125046747, -1.300808849764599, -2.645919714256176, 15.845933052222737, 31.225766861353957, 8.339698119944186, -3.394188978589653, -22.496180966959706, -11.493277803327938, 9.57725539707643, 13.91199280656427, -22.529762656650778, 2.0199101627527414, -0.7865710091121485, 25.328016899993237, -3.8627910046236624, 7.524919741343163, 4.949370956179328, 13.20643690765857, -23.861141095862536, 13.289385529508188, -7.5988984608012355, -21.397457443628774, 8.374919727354971, 0.749528446461799, 8.253958858406111, -7.114822286762884, -0.07487082354808994] : -1.0
[-9.659506854475067, 4.302351222061911, 8.42674676363821, 11.758918404976857, -12.256287609807849, -1.2267715016133716, 7.465411528218265, 8.997345003526332, 17.60212745173319, -18.778843504737125, 16.390926853698765, -7.670527637135568, -13.345842457707612, -0.5765642225653806, -14.26479982246155, -11.766631073307789, -10.967396498821191, -8.133709869503734, -2.5812580506183744, 2.4961372764604333, -5.746056539469193, 3.2442456853191057, -24.078036190919253, -18.74242892105626, -22.26479709798301, -0.6533095729448619, -12.167494846291444, -8.92119329908414, -11.958122851105086, 1.2808533244916929, -4.192852481982197, 19.76541622996651] : -1.0
[4.149278858228996, 2.220545972593259, 24.936435899471405, -3.2388143980150934, 3.0618587518395213, 5.591949868578638, 3.605007197254793, -18.23540589196436, 23.377335309698065, 8.08636966747762, 10.503219758382073, 7.200044770692015, -11.301695640689324, 0.6926543395885192, -16.08677957057879, -9.493874905185876, -7.289543000619844, -7.139252477461595, 19.106922195208163, -7.52059272889536, -3.592465985788767, -12.425975646997568, -7.527703647622469, -6.898862932799406, 3.474341261881862, 25.249169186299053, 12.380853663069727, -10.924465730103249, 7.243049762436418, 11.470960344586315, 0.7107490701459596, 2.567020287430811] : -1.0
[-3.7466790232555973, -27.581722721356304, 2.8814669113466476, 24.68829667412292, -20.300125296234928, 1.282170559145161, 6.838908101231896, -3.8710708974987216, 10.121612375165014, -10.480891062134207, 9.051768616932305, 13.3813196387807, -11.751453256889747, 13.218788635795509, 0.2870552359492665, -16.577485601341426, -0.7412189275581635, 8.839357938047545, -4.65807344720568, 8.378582629366102, 16.116439049061228, -18.93821994262015, 10.085661592385325, -6.620350493114222, -3.7167577954081166, 4.382279054418008, 4.530711110256737, 16.1783032343986, 10.981009334465055, -6.607828437628765, -7.834279752595551, -5.130645383146701] : -1.0
[2.7163504069139464, -8.521760901071643, -3.2980738132316354, 12.353153572707901, 5.960119047872598, -5.47146106842529, -9.451781746577831, 8.31664060097216, 10.808778193603786, 14.208598451849683, -12.407292742347991, 15.38460444881197, 3.2253540074990426, 8.024168845240604, -0.7542917717688211, -3.1692137974606998, -10.461312629944366, 5.9192711315055, -0.4226269725914902, 0.020250436479966216, -2.7638997386181514, -6.493330395913343, 15.87904591764355, -24.0283017024257, 2.49095643674701, 18.568987524366197, -1.9774953219708085, 7.413900221640944, 13.30147460666427, 6.540755110825348, 27.237113628976513, 14.238289653441829] : -1.0
[-9.893613107070792, -4.905996877647697, 7.7868745434339255, -16.493355082573284, 25.46796081284718, -6.039521313792689, -2.6356414045774006, -3.125340470837313, 26.35209846477498, -7.440688597963721, 9.246361698688439, 11.134478447864787, -6.133188307934552, -6.813775631007146, 5.413721305647052, 18.440503507306616, -11.259938897580838, -3.3485922227806557, 13.317440909430763, -12.477557234169542, -6.804408705783295, 1.479422418372824, 6.390234112893202, -14.108034436284953, 4.612771657782939, -4.936071925030449, 1.209663746544357, 14.171576732625152, -28.077255625857983, -10.67039633853357, -4.285878014209455, 9.010256789268151] : -0.4847672635858709
[-31.135240520815756, -18.802350949002296, 16.549325629525114, -4.535140343006929, 6.8463782429766855, -9.216358742501248, 6.431694634386504, 9.43103329004139, 3.587448485955677, -9.739498475512388, 1.9574342074042148, -10.218137943512367, 9.222142280147304, 1.5423160201811372, -7.9716765808029635, -11.905038748616207, -7.921032070431679, 0.4165889292295195, 4.686558911642413, 4.487779306534494, -18.976725285436068, -21.185114516639498, 4.062957373302947, 6.450305742617439, -18.426622031257086, 14.684223915007733, -5.120309582914315, 6.982563541371958, 10.60055251769193, 21.022961483204348, 4.387404363892263, 2.768471099230945] : -1.0
[2.499554757747065, -2.2243096466892354, 9.88592816162768, 7.563868777659908, 22.051268461933645, -5.640175659693113, 2.218765144166669, 16.512955756479503, 16.18281887322646, 15.811518896714233, -0.882840636273215, -2.885078655967253, -6.648322328451615, 8.315164398458737, -10.743293877103085, 1.103014451177378, -9.442057225917399, -7.23380242719224, 2.6867936949749267, -10.943112348533738, 6.709923741725291, -15.371862922527317, -1.5557147602268426, -2.430527926816456, -4.244525717516674, 6.845536282709984, 2.833074401099633, 18.772285856642828, 2.4170917139471224, 8.537441330031015, -4.622139034838655, 10.254345210140977] : -1.0
[-5.354586979304607, -8.675225227913021, 20.192708089790585, 11.08061222084969, 18.11747723679954, -13.06870051302548, -14.26856985259496, 4.378055235823098, 29.615857837273193, -22.892640683868844, -6.231701212562884, 7.372135929198351, -1.4998059475430057, -6.684590245805924, 5.72286039550191, -35.77046494928708, -8.415690305091353, 4.128251997284561, 5.185731592390215, -11.490136414934437, -3.6411688539412026, -31.76012660347832, 14.750248510736917, 0.38960760459988997, 3.691449323852547, 5.979579968809325, -16.5097090000288, 5.973480138146227, 1.0998385546549168, 12.524834897161966, 0.39608612828627887, 22.330242731573] : -1.0
[-3.1267491953667785, -5.113556519139394, -1.4640458220608732, -6.400146921534559, 5.514000906904935, 14.951997006568751, 0.8134304334457825, 10.096956931518138, -12.420772559967205, 4.819498275833206, 3.397454392415294, 4.74359396865763, 11.674403540250152, -4.104728806325716, 0.6418276642212203, -15.56766421022375, -15.000673991544392, -0.08038423324850985, -4.6366493867674645, 4.647929748721794, -0.7472013604936736, -1.735810355363797, 5.719554472862089, -13.423444904360313, -27.18252782100852, 27.6912510171192, -0.2938685205769179, -3.1826886637693956, 6.5165810707418315, -15.269393093239575, 4.140161504732351, 4.7290821225562745] : -1.0
[7.269681331236592, 0.5608650443932612, 16.41268813522932, -13.480580674473423, -2.8507405742141216, -13.90110539780296, -7.840953165512661, -4.921380363596981, 11.48016994248793, 26.680510696499425, -7.094306915019198, 7.999078861663763, -12.225453818644457, 6.636145863602942, -6.018062371742107, -13.345994119999638, 4.7141901872731635, -8.541143610651835, 3.8627799600489015, -1.9519480356566299, 10.955247985788137, -14.79840104088931, 16.379740006357405, 8.622484567768005, 17.176488002374835, 5.416010619772961, -2.5121268928983285, 13.560476152100229, -12.521577109085042, 11.957610644298585, -5.0686120639454515, -21.38499773729511] : -1.0
[-5.805536827604577, 4.56086275125407, 18.763167898425287, 16.82174595938762, 16.51257300224422, -14.153215305226723, 14.251448918382348, -6.338710686035406, 8.445857826342882, 6.009392709652906, -13.751393903959618, 20.857699784130002, -13.382355804713802, -0.22059047330386594, -9.911126045278932, 4.776060519311181, -10.714741754473312, -6.189470698493549, 14.40332467571235, 2.4908752563350616, -11.382933673358725, 6.914147122380905, -1.981752097520525, -0.22393207742418397, 7.915886256451779, 0.019893258634245292, 6.645376146626817, 2.8845743804409714, -0.6740149029909532, 3.025787881190654, 8.850718255163077, 13.730045990165763] : -1.0
[7.116505904693547, -2.3694193402394, -27.81549512274581, 13.096988978951247, -16.0909156726722, -22.667956850900623, 23.71501105417463, 1.8439832457606533, 10.043303624147686, -26.147418107111868, 1.5755318038225319, 0.313902298161703, -23.783165429630774, -1.5048231144494748, -24.576681125365127, 14.376901669239862, -30.83698740381905, -4.965173233756886, 14.731528802463304, 18.031008587520997, 15.55127899861835, 2.9731530348624577, -11.744312894691902, -0.3070139456806338, -13.163868304767172, 9.098172232724167, -0.5994836798637131, 20.204068121281182, 12.844543170905698, 2.3681227087670953, -31.772525087367196, 1.38663415218832] : -1.0
[-14.589365205911307, -7.394331473505212, 0.3158299444573398, 8.450500100904662, -25.784151643037724, -0.3519874494845179, -2.1032514552833383, -1.957584077800333, 24.726605510082752, -2.7693768305510407, -27.57891764769217, -13.691769567885117, -20.03024921463978, 5.1925061336785605, -16.598672420822858, 15.503137925787561, -14.999066392557905, -5.84203949462661, 22.582880158770024, 12.380503063514839, 3.5479808134330706, -5.311881676050508, -23.066906874290268, 6.388979240498989, -29.62216831584829, 5.2266453403113635, -35.93924738460664, 24.165408129009997, 13.968849818946804, 7.650794168605432, -23.94034102507937, -8.999593444869756] : -1.0
[-7.43019042401426, -9.998110968593204, 31.4052237494368, 20.649962155876093, 23.235108968055744, -29.66322955076693, 10.736155457423239, 14.938374968971882, 6.907778776835787, -16.349647359209524, -17.84160799010933, 17.904885882990325, 4.922109190848521, -35.43769910079786, -24.475232946019133, -11.202531138892937, -17.143327075488436, 15.9474113575306, -16.98688740403309, 31.604017398160067, 7.172488509550971, 10.45883474639657, -12.40181431369685, -8.300024777553507, 13.686729360352377, -0.13299731761053524, -23.12203834023869, -13.3306056324461, 12.132381829155232, 24.97360153909713, 9.272919198911687, 10.064611104317207] : -1.0
[-16.440236976480435, -11.476950553126464, 13.144893253110887, 25.264761273900696, 12.383332270228678, 6.821687200832843, 16.09119474005178, 18.315324584817354, -8.639968819588239, 3.922542860098298, -5.599557788588987, 19.681752753954708, -33.398030331101566, -7.961175255541607, -15.12498449844992, -4.249595860423609, -33.16277628690113, 7.463883147501712, 24.360950734794088, -12.328066183246714, -15.367260360835397, -7.977443677686807, 4.254207627229404, -13.625884744848346, 3.551763967661441, 13.500615660433665, 14.594704613218289, -22.30532935557159, 22.250577490600307, 0.7363645137505932, 4.800249393864579, -32.38818992774028] : -1.0
[36.64695278212923, 31.603275840731413, 3.7083996143288456, 16.439229998867248, 28.444784162209775, -7.75709511525587, 7.426539166672056, 30.18430015549689, 18.4223618171976, 1.74800913144214, 8.633349017776572, 10.316115760148097, 4.392500206628303, 34.53027386952091, 6.159119585144037, -35.883668425610516, -29.619112837897916, 20.232535857489115, 29.91463072573061, -30.84220755699737, -5.344463948059702, -37.44562631587455, 31.980816243834266, -15.154257921591414, -18.927410082922997, 2.958393100037824, -33.44879260911095, 4.336275928715153, 10.287563952469046, -14.09269773103709, -29.43959038842676, -12.55522680648384] : -1.0
[-13.315808944316213, -8.330018779627027, 7.320799237805244, -11.464774877048452, -2.5713110522967844, -9.284811109508595, 13.28589474237182, 9.812548153665386, 17.179692540632633, 2.010724945029811, 2.079720263435733, -3.016465703501815, 3.843529261919339, 20.067597556035526, -12.83362567115844, -22.167253377662863, -46.82903941280241, 31.125218771770953, 45.66014739083198, -12.989421528172219, 35.29865910053436, -31.61059904812612, 13.499522205179618, -46.682836454071705, 1.5895151207718436, -10.266198174247814, -6.493841861093205, -6.817630477072103, 22.89231202635839, 9.544256835722855, -0.916180074765915, -0.7737237916022129] : -1.0
[-49.39078155863038, 18.14545929364725, 2.2611221188668953, 8.292170500762278, 0.41017286648140794, 18.062483631935024, -18.32330558600802, 17.549114280117852, 1.9479445204095711, 15.764136618166662, 12.41841237116522, -17.904357831191604, -0.7429676641983631, 8.19207491200229, 12.805660935887513, 9.399961469459475, 9.807586718974632, 11.845815366166931, 29.621666086805064, 6.344934369039567, 27.17735455597794, -13.225187007480146, -9.28946810612392, -4.542889571263745, -28.594982106519954, 36.79720473714257, 6.526392601810663, -12.06462352083447, 3.1252727520006403, 9.689830870025462, -6.729886966062631, 25.244152221433243] : -1.0
[3.2082936620963665, -14.356753127200513, 12.641994749747644, 14.659318627590519, 5.998906987410177, -7.7541468803604365, 7.849360130154203, 7.768138224547351, 5.9787673041444656, -2.1508699841386596, -15.127717999189743, -6.45724306285958, 6.286644023017952, 2.8332255439423197, 1.1584482846293866, -11.804458456822651, -20.131618835519888, 1.8221970963846887, 37.828084666112204, 4.3095169212645015, 0.43820973611329883, 6.363011840863241, -4.561802206705353, -11.647584512188182, 17.552267579452675, 1.465087734673466, -1.6833197577533827, 13.737451399888213, 24.768204326693812, 16.77017932446521, 2.947048522236342, -5.276579094754198] : -1.0
[-33.75464784054639, -15.980197311899062, 17.481056316321112, 14.669332009893616, 6.22035671333007, 6.122210433637893, -14.88391282651876, 23.488631437657517, 33.50229650736918, 29.18136313004311, 31.92698652991034, -8.2821419721636, 11.8084474848724, 10.59718443471802, 1.216849623726186, 17.734436388969392, -24.54837027979206, 20.741395169704518, 27.190249131071113, -14.719753969471924, 28.12532394543693, -6.492720128690238, 8.077338487128827, -44.20975102710871, -15.514391359878562, 27.26903926128982, 9.455531302406028, -8.433636154286578, 12.895118379465082, 12.229904541111317, 27.049946230188326, 41.81983975001367] : -1.0
[-34.18023414390428, -25.9789006496906, 11.962234621814, -12.138132601527111, 15.230219845313526, 2.862644702733575, 18.426901044222465, -13.523255933367373, 16.257713312006405, -12.13731410105898, 6.072975543524148, -14.336603761218228, -33.73095970515319, -6.5351712644557125, 2.8893324071674957, -18.73057570507382, 6.602227770221889, -2.750651897616663, 26.41946643981985, -9.009536783176484, -13.423241780478564, 1.9875820443859702, 2.5554698806858944, 2.19352405296331, -11.042990403965318, 13.515009190145555, -19.757901050238296, -21.43132683158897, -4.672307922428148, 27.647075847951633, -16.1428518565833, 26.891252377830696] : -1.0
[19.784601839111815, 7.224272393447384, -3.1049119693063094, 7.924658946291978, 3.858300511204848, 23.077768218985405, -32.12783158306123, 4.497084737836997, 4.49017680704252, 11.114143816993991, -1.5247073415905543, -19.067734914414174, -0.3369723897597652, 21.269976040047172, 4.968372716938016, -22.746522723177957, -8.186924653563638, 24.22958069939233, 17.661998531034723, 6.661734355288772, 0.3781797883274781, -2.8840404876233476, 2.6488613879835743, -4.90094244594258, 19.08292153963449, 16.456245981297812, 21.999589998270707, 0.9427186121353059, 14.147374361835912, 23.866407822774796, -17.863925051036176, -5.015882542483635] : -1.0
[15.893005656912749, -26.662056401344586, 30.604388906728644, 33.79179694261783, 10.958268158362353, -8.291381105452862, -8.590332087993756, 13.34987284307071, 33.4139232143146, 4.06922097571445, -26.973438406849628, 9.44646538104966, 8.80163768188164, 8.814766348202637, -0.36843903500984654, -13.332837741426856, -51.52657222566643, 14.287506747763938, 9.660641738868975, -30.59197256698894, -11.601473340811506, 6.290945523669931, -9.041757569986682, 13.208670914299717, -21.052142019225226, 2.4181136539721146, -12.51644786096012, 3.336477678004041, -10.226769584309622, -6.77733683013305, 4.12504315779862, 19.32881145039528] : -1.0
[-40.59869941810436, 10.809262793832781, -1.3577434195047609, 12.677687365803997, 10.689475318155408, -32.721708508911846, -23.241969232658352, 15.804000477677928, -0.7616742239953478, 25.1921888560138, 19.428678831807293, -31.63340830781979, -33.33355010748459, 4.320054907381642, 35.81732363875754, -16.569466591752843, 22.190204659519004, 9.836625028366221, 12.513921363388084, 2.4891388008810584, -22.15897394061789, -20.220833438957207, 15.38855865086012, 6.323966642194687, 19.43426305892987, 4.656012561186014, -23.936508648692516, 33.51433218191158, -31.92081432680744, 45.74216596776224, 13.715114465826087, 21.475387194151413] : -1.0
[-23.44847576977856, -14.011297457764703, -3.2497117946430016, 45.050476953481876, 5.620906857637715, -7.292197945926869, 4.828240310084195, -12.526394624612823, 9.617467836126863, 12.30440040595836, -37.27950363303911, -5.12421729042623, 11.633527546342197, -29.403305789007216, -10.735137291902701, -1.0681576393181966, -24.12331748108077, 7.683955281305229, 23.93509906140232, -10.373947267925773, -14.98072089541937, 18.663425813328615, -13.129888054987283, -19.727131468954177, 8.615719417699388, -12.42012922207635, 8.511175629966997, 5.5418177842389404, -44.402491335578496, 7.15259534319441, 17.696112069464142, 32.224351009839275] : -1.0
[6.50682386418518, 18.490783651192896, -32.426952955752725, 5.478854641266864, -31.3070603156065, -15.885791576793672, -6.244963950539068, 25.695045950655743, 4.0259031757545225, -0.016670077710720932, -35.22225523003266, -12.38544719751637, -60.46440318791368, 7.668559850727, -25.68307444719919, 41.77130030670219, -43.01474968164972, 33.17872650881833, 6.517394430785691, 6.486327496575425, 19.531444685687056, 2.889231006611322, -4.748457757130609, -34.82110726377992, 0.9821506407410752, 14.902953693528293, 33.630483716879425, 1.477640458139093, 13.5539239183959, -14.907371462290845, -43.967156161361146, -13.727820672597847] : -1.0
[5.9120808378171885, -5.056964470153957, -20.41327780631404, 21.00690812620232, -15.479798648959251, -20.971920017605683, -4.370971256741759, 34.593808060951936, 15.21127373847325, -42.67863411484406, 38.94940572805805, 35.60420320360257, -57.28069310808142, -15.482727251703594, -55.26845363823866, -45.064023812038435, -28.28404246490877, 36.25370087429357, 23.38521302696455, 41.79257273797583, -3.7234974685129547, 7.139012921756093, 13.472687711276595, -44.02828449490855, -8.398392685047575, 51.47183567379384, 33.335576615619175, 22.213593267694066, 19.81521730977082, 16.801264860659913, -43.632703354957975, -29.185624655452212] : -1.0
[-10.39830311520652, -18.975221437262007, -1.5380015830118827, 20.97478445834153, -14.93786405730118, -13.434382614714732, -1.9241174466682018, 3.6306785131444865, -8.148702199208492, -11.98702212717452, 23.850705357806206, 24.099717296215513, -3.156417653590198, -6.493852243094782, -46.636251072717776, 1.0939067674190108, -28.35868062447203, 4.735647578303729, -2.7150125505418163, 25.637797629259204, -19.542618775401362, 11.250642836014816, -1.5964272714840897, 36.52972391921086, -39.45930536724197, 27.129663976478096, -8.108083630332466, -7.245281474067758, 21.964687994269116, 19.567288267747543, 7.4349502457536865, -24.922471047628022] : -1.0
[6.407081523954168, -52.821753951386285, 1.3460248951623952, -5.8205252667663725, -8.306498507036011, -16.11895088264035, -0.5518839877080488, -15.738579987579012, 30.590638146659174, -42.39497327604187, -40.78985744579191, -18.415464876401177, -48.66780181320086, -6.108242429289995, -17.735881592721665, 8.731319675967935, -27.764897335006868, -9.159545183754927, 53.23059212426296, -3.05971549724584, 47.456664952883116, 50.56930423292278, -21.49075866244882, -9.230133502098086, -10.921918730804071, -19.47234547712784, -7.092621345412019, 45.072814180855005, -7.097847614810858, -14.458140306446504, -12.782406873757857, -34.69464086007954] : -0.4639829288829457
[0.0285270848179362, -26.62180050457762, 19.28271731398458, 24.202679092277386, -46.314489812220515, -2.7943242209324186, 18.296120906973883, 16.62014455633366, -8.674405626940755, -28.4136621184133, -75.70317144145149, 23.968385288559226, -33.20758171436736, 23.679982596096547, -17.618419258856676, -18.245908196087512, -17.209965318871866, -12.40848455614213, 50.69064449235811, 52.90048834988128, -14.741994982865862, -29.511816582206382, -2.8173303966403536, -15.851427815756576, 32.28076622523085, -0.5413367117165722, -14.430930746452134, 27.066890882847346, 43.78260410480123, -12.883359918958918, -20.94041471131369, -18.23986057615046] : -0.5256812355735085
[51.575062797523444, 5.68202849023126, 7.344209958080636, 4.190551157902721, -19.541884444992473, -5.56929828832463, -6.212339356490309, -18.648367483808588, 4.6561551388607585, -33.812255901842576, 20.951980373432725, 8.480500788823683, 2.6458366422392583, 8.252617386007936, 17.955159493539767, 46.08688451353143, -59.543990672933305, -21.119594896351185, 15.724642111483009, -13.894283785625214, 6.752545896393027, 27.334899347066678, -17.033147608424777, -42.73350326635212, -2.1080514993869013, 13.066342308335631, -11.360835836123423, 14.016232688108008, 24.228067950186635, 32.602439305320544, -10.954403513719566, 1.3956614730850774] : -1.0
[-28.279226534742012, -53.32535641146963, 36.69088151394351, 16.091711489316246, 17.075499875214156, 1.1361771110620698, 32.879136415168155, 21.477070469807245, 61.377444140930585, 1.3796262488833992, 7.524193491331001, 6.620210024972414, 39.13667670314132, -5.651537512696189, -15.561950377637533, -7.934140802734629, -55.52995716557436, 5.467032009799337, 8.903353592095264, 48.046633408504235, 25.467679716426737, -2.3042551138081038, -37.9287346095218, -6.997707824353866, -12.089964826212304, 23.382851017093742, 5.507605676877208, 31.345434323731453, -1.2199349389923118, 47.14371855357212, -24.327860772293157, 34.88991811024034] : -1.0
[-4.771396248487266, -3.6580078181586573, -7.608817249647684, 58.74041574124855, 10.820848904763965, -24.4407027413968, -3.757377504297084, 0.00964821889134182, -1.3956904597593986, -50.183478894197314, -26.752077752058096, 31.877396309335456, -31.446622085016777, -30.317680574602644, 34.0147556495441, -6.775420156446697, -39.87681930721215, 7.694535827207572, -12.772353336403468, 29.123364002029824, -37.55156695396349, -45.93956832175101, 11.19129965017311, 3.2227128969831336, -16.349158160239572, -23.097282814992653, -13.37944054798377, -1.7268313987924433, 60.56499569540364, -10.046139139681737, -24.283771255817193, -10.933060909815204] : -1.0
[-21.93034953365895, -32.39405536744665, 29.09056102399106, 12.148411857746716, 8.618168883604195, 35.8706933553505, 21.985955696736575, 8.365604568798872, 44.29160028192142, -59.607112514340514, -52.00887914376649, 51.874747639310776, -13.367111130842966, -42.01753154545565, -33.632438379633996, 16.534772486580444, 31.17642025608609, 11.339143474467772, 38.24229355610275, 13.359637920226746, 13.7314327711641, -54.12133335012731, -12.465181453605785, 7.223314392821785, 4.761675522348122, 4.107184067623175, -24.795596423636674, 9.548776164723204, 43.89645486164857, -20.213554855820433, -22.72902622716001, -31.036381832584546] : -1.0
[10.857790080623445, -16.6139010425902, -18.018742728007798, -12.029644069843558, -7.380418222224863, -62.3001807322224, 44.938698699638415, 12.086252792580108, -0.6377186569202493, -21.622178733635856, 1.220456239734661, -9.618392455011243, -7.476621288150202, 20.399860897276337, -56.27175613316567, 32.702552084678835, -34.19086409584857, -7.029555342162519, 26.51190055955956, -14.205632004981242, 27.917958693602447, 7.049493439896718, -13.311404403783353, 30.537587109078995, -3.4765901928350758, 48.81526815836635, -18.255408038134565, -12.61155532038878, -42.42177769908466, 9.387026588573516, -9.899877490584604, 24.153337327110805] : -1.0
[-8.597428481905354, -2.6532078160443735, -26.045462074323595, -17.37312220355303, -3.007991155813597, -24.89095479816926, -15.442064143063883, 20.544917661686448, 44.156013998892675, -36.45639012622102, -38.90626121835367, -27.178525923794027, -36.72831613081137, -2.9848854842812, -39.6581828913704, 15.04604508028821, 12.35291806044544, 37.864202881691405, 34.79724333163883, 9.087847242326223, -9.519980937268567, 12.226016468176347, -38.53044855721968, 46.20751883143377, 18.172513189672596, 16.47796979748822, -23.914160162316563, 3.2591191653086016, 3.3533299170428865, -9.997611840126796, -17.196930207162577, 12.645521661422897] : -1.0
[-46.480998543012575, 4.875088920002444, 25.434581171553027, 55.12262339141121, -17.23845204073791, -3.458500392550043, 8.852895548361207, 17.41519693379999, 29.92198030870039, -14.246231088865699, 3.359246300263395, 55.99947836838306, -1.222572206299736, 45.695092225395726, 10.067752528616499, 6.566175870461904, -14.587759785062229, -9.751974279501722, -24.334690775897393, 16.99585744715334, -7.296292561153972, -22.39303683230526, 16.99339335560964, -2.4390660400327726, -3.354334628871414, 22.46502796212911, -2.97181652263534, 26.23893364951993, -31.048470078155724, 32.41156116738397, 34.10437853626817, 14.718453814087379] : -1.0
[1.981772873813771, -21.6417235947874, -3.8952317804264642, 6.7726784147830585, 31.790507772918147, -15.054067120026325, 3.647208499876662, -8.469618847930576, 44.30856737242457, -12.69924761751626, -11.443330535838466, -18.810068389994672, 16.99411558679474, -11.970269527114077, -8.106499175347128, 3.0616304040743425, -26.317789357270204, 13.707798855092683, 15.744816667419292, -34.15590849778303, -44.230518921072814, -40.079318142720325, -13.095726926116416, -23.457791097086854, 6.767448340773107, 18.300505490231966, -13.4959811159548, -28.177724972582205, -36.81381652786189, -30.6891453291152, -34.7777719566585, 6.445300205166471] : -1.0
[49.471928229015006, -5.033562687397931, 24.79534468892038, 18.04218186616957, -6.864976038840973, 44.69252121011793, -36.861367821412934, 53.231967093347166, 20.51059520124593, -8.1609461596223, -79.34680530778594, 9.224333810629918, -33.909046248691645, 10.679667641144357, 0.8802390026004474, 14.089925524773825, -24.80482397178617, 22.0043263407073, 11.116353667238641, 12.03247935222576, 13.033293924352224, 4.625680248735222, 40.06328284966715, -11.933135278838646, -29.59829161941879, 23.01359239143553, 10.846791588304988, 39.22431247529858, 33.49650899239418, 15.515939950937037, -49.91975464576697, -37.579293105293395] : -1.0
[-37.11760616271592, 6.997920092557004, -27.84467657716806, -111.32762727149331, -34.80230980259585, -15.399466869267503, -35.445418887220676, 12.296753603422504, 15.439323440252382, 32.77233004303825, -19.70674587801811, 42.0295839721426, -14.428212669209778, -38.173217050889264, -32.91618411450921, -21.09756445206427, -31.379979651124323, 45.17235299217886, 32.73233457328792, -8.597043522528544, -29.873372819612687, -37.98730910377594, 23.37551689216925, -39.495126614802395, -77.95381977162474, 79.70484124388857, -24.925321081692417, 12.396823953915012, -29.979971216992194, -13.295030876987527, -64.4602954005056, 19.849327652313082] : -1.0
[42.52988341009681, -1.8411152796712147, 20.631909020957533, 81.68191750200788, 4.883215982538353, -23.179994276247733, 17.50150920804186, 15.152752559063106, -9.179590071458401, 8.120897919657402, 14.048850001193502, -28.556424829925657, 27.120501565140096, -14.428156706248679, -104.60649680334289, 43.78573284054133, -21.452134832956144, 56.62639503240595, -42.60565673992781, -8.657657994150728, 5.13951006495731, -11.543425600924753, 40.97102152704517, -60.338968833558056, -33.55888224108715, 48.52160091245452, 43.440299517887354, 64.95559451332728, -1.9456329048433751, -57.42313469599163, -67.22018140166426, -23.681044424129226] : -1.0
[-0.39940198213098643, -2.5805961514790168, -23.932596001806523, -6.024432457866924, -79.85371479060822, -75.05302805640977, 10.295380728237284, 23.785736179466706, 19.657552043824566, -31.88890469081724, -26.751592530799638, 48.03265751330635, -25.562913103258516, -10.871681079847125, -39.98261230312015, 43.912829497881006, -0.9516278441851327, -42.315787784080044, 1.277135621900129, 18.745492803719298, -55.34060147717829, 48.9557992012493, -39.07882886824672, -32.087537994189475, -88.7895724939726, 36.024492590913766, 14.296843835105431, -42.11947130851473, 8.793149795703197, -0.39956587675332145, -8.061445408982955, 36.69425792325791] : -1.0
[-44.68373668987533, -9.241670086751412, -28.818487311101837, 31.447310504518995, 25.459288884649165, -0.16740519741249038, 47.43732606836116, -33.02149590899005, 73.12089264988857, -14.55414150264853, -9.821889533840578, 24.22093340569019, -42.215016511427066, 44.28630687225709, -70.32290041272826, 26.67405944600975, 28.72005990073871, 43.62597315880946, -66.58191714626513, 64.77664547507264, -6.824542291530098, -40.554342718246915, -24.663207351284353, -4.719719556178262, -95.87061252005991, 26.832658850728475, 24.1210446022571, 33.732529081430734, 18.847676847416718, 40.61434561692685, 0.3937381621771401, -44.8323698554627] : -1.0
[3.313144075143592, -26.18804740386248, -81.01658968131066, -5.77687513683445, -13.982594674390246, -25.790840902065383, 7.013083300013305, 4.853291799083157, 38.476316273626566, -116.87574356193548, -50.027470179847136, 59.13198313288338, -46.076035989450844, 30.867873565742965, -36.97434251507562, 23.22286083705325, -80.66561207310104, -14.361944223749312, 29.515054464775098, 83.81188526721722, -7.444910878514288, -11.80848147350979, -51.1463241214829, -7.334361853740289, 23.366999692866983, 41.656157912243465, 60.311235007424195, -20.819710542551384, 9.581694882183323, -50.236173807147246, -68.82880451080895, -48.68167180747015] : -0.4991799701343883
[19.674062556194404, 59.37009555630807, 49.824794988399915, 78.31360333995376, -39.14157219951554, 35.62205372894844, -11.672205570629913, 15.857704727780156, -27.16745613428089, 6.967124264959022, 16.57095043345073, -17.38467826974682, -47.15076114843507, 55.723502814410104, 6.029623843439435, -22.883489948221715, -78.02069737723711, -6.331863739297127, -96.3562837704358, -27.665331918233175, 57.002991653096544, 35.643959050632276, 64.61925764761054, -38.073832645316244, -0.9218760550003324, 43.8905445452922, 33.751699151940954, 98.90347329212041, 67.71954144007061, 82.44492086317538, 12.953794144431011, 13.861378592310945] : -1.0
[-31.801959035215038, 2.9675229172162982, 16.16296464025947, -13.917125395751134, -64.12586421821653, 28.360369494016638, -39.036382915556445, -8.267954214548407, 17.3093739839427, -48.10276624506191, -75.79581931239623, -40.30909846593242, 25.583124530064197, -3.8334706757133366, -71.47316632545783, 0.04186388313042855, -58.72452873307289, 33.500958139324226, -10.283919412715457, 51.19222663335909, 37.75276365602046, -59.3073841490857, 40.63003801100999, -9.650421828298569, -44.401448695588, 15.205403612805153, 16.992011590593318, -25.825939763338955, 41.6246194920907, 4.232689990594498, 19.708296862135423, -48.03091045754606] : -1.0
[8.17351775299655, 9.654458678394596, -21.829447662714394, 47.286379863338205, 7.491460281518972, -11.855130574985933, -13.844520532259972, 5.382580782183124, 7.401114983964593, -29.483700507228193, -8.941450426398456, 49.41913336303125, -16.095232447718463, 47.69660846080241, -31.59070703061054, -3.157391352389622, -41.588347185564416, -4.923941007296879, 38.50619870532699, 28.627927155228893, -2.2254113356894782, 11.1235618362448, -18.109013308983503, -18.808680073656383, -21.658863844663074, 44.30494562416147, -16.478987735255174, 72.80224938410684, 18.354968769982424, 49.19482501926981, -44.83400416392782, -35.61765519333833] : -1.0
[-22.89524670959027, -73.23661444682784, -83.50989549973683, 61.11242598145012, -19.557076768491633, -16.62378509171377, -16.451087911788875, 10.71664077997466, -14.153524695598223, 22.84462442742875, -44.10827983355048, 17.8814246110896, -41.38213525466681, 13.812511065054426, -52.48914153255147, 33.71880718528681, -57.99782767020376, 82.83185310103026, 41.29405022296515, 57.56319841148829, 73.36501196769433, 9.892184659681353, 23.837099417527767, -17.865339149390206, -27.252152016423118, 23.023159775590358, 13.004707863623082, 7.324485267018993, 65.84122327480364, 100.67010307410516, -22.399682487185604, -66.24527396771762] : -1.0
[-20.233465221809464, -25.437758878733614, -70.57395157705906, -26.966076000614734, 52.993636193146955, 2.6461385786238534, -45.3919405736284, -18.38126336755798, 30.215381178222287, 10.023732104200931, 19.794502843408168, 30.366958412980587, -9.759845340505294, -12.127495611023004, -15.237935552957085, 58.25981697260717, -81.10057316678133, 55.426074154250784, 90.69146727818352, 13.806381329796473, -46.25574813831804, -44.01322692387999, 55.94890478574555, -69.42883086958764, -22.156009833259326, 55.04422304776017, -52.43147402281302, 6.905869772656528, -22.128012917130054, 11.080681601965821, 4.12092849608354, -60.301478216170395] : -1.0
[34.441310425046815, 7.215152175008228, -62.757756500913814, 18.12747007471245, -44.56192247815373, 56.65050249320342, 36.79294425523739, -4.142565879408078, -65.20212811227688, -50.90262677381418, 30.42489676211178, 29.117427421986644, -39.63910946660855, 23.968185950574487, -44.380772400657406, -7.454459303924137, 15.81319063851474, 14.731408027794778, 42.18900141336557, 33.10032370056315, -43.117068045709715, -19.618047772217174, 8.542540687107836, -20.910704226763933, -15.674367330177109, 0.7343077393835706, -33.03323565097559, 26.845681891158346, 5.878559843015498, 8.707757570480927, 35.967450143718665, -10.806736145251563] : -1.0
[-13.618425685625848, -64.20020068194954, 26.962494169934214, 23.372356779004313, 23.51164577818839, -82.8033305619831, -54.81792316093142, 38.14505194485695, 27.559415715318615, -8.427123437671032, 24.812052223957387, -42.99536032764361, -79.45012925838259, 33.6578544278573, 21.20015669110283, -38.10992656470377, -73.83445964881228, 47.25578518410653, 58.69109503898674, 57.01568250689357, 40.694013868630314, 8.895375471467249, 28.698046295084357, -1.6324584770253416, -33.90281818687758, -4.061155738870124, 76.15935038724251, 48.40141881128285, 42.561857483263196, -38.68469056820678, -55.40089053859977, 6.717387637511656] : -1.0
[56.932269330299924, -8.067810826030698, -47.47163234180077, -1.1449604671994766, -51.31947925841945, 71.50162696578464, 81.30885942702437, -11.824721690098055, 28.565757321382677, 80.16545644333688, 69.59997535379385, -8.588167412001528, -66.0184662120987, -26.035860509581145, -68.90156192064896, -65.78899685362455, -19.018353876853627, 35.66727503145431, -7.470809407716571, 36.71925228998872, 97.90324616456394, 16.430757070232936, -13.489299637861729, -22.206219280187778, 7.630840870483823, 72.0424111647771, -7.679793491920467, 37.35336592683156, 45.20858458914164, 32.135252138057176, -92.1913957202021, 4.7109926356111025] : -1.0
[-8.759820233521218, 37.78654205816255, -72.69379587777459, 22.64751319541643, -50.770754503715594, -0.023083876735114472, -38.06313467224351, 50.20160202242647, 35.61041261431593, -16.210212084555447, 30.6569303130985, 10.589656565359752, 19.491335523766615, -24.066037894334485, -44.1562487588186, 28.440626344412358, -19.700256418146232, -29.21808909529213, -15.445403755125332, 24.60811137535528, -54.27806297854345, -21.857036225347105, 23.122564623500484, -54.275131261584455, 11.526382239612591, 29.92941504852147, 52.897552761350575, 36.00125835384473, 62.42839366211567, 69.08588897939273, -27.075529571569035, -24.33794765732175] : -1.0
[-13.084684574953537, 106.27845776364713, 5.676951952072847, -110.32599665441576, -39.72002876191506, -36.92360559414736, -13.862811370081037, -14.63612084707482, 9.129203361631244, 22.264408704109353, -58.15030958975849, -3.577316239991646, -102.59318477692878, -44.08743491816507, -7.076556997090087, 74.55828531791798, 81.65065218855338, 34.661299785747154, 9.222137637222412, -8.172637255994772, -10.316239546887841, -6.588530054309835, -112.24689740380171, -16.765543912593316, 38.15500773832377, 178.52092011820082, -28.30952304833852, 31.861472496079113, 36.08318790995448, -0.4550933544080875, 1.7146753334754052, 72.78825133051863] : -1.0
[170.19783706860224, -9.019329921891899, -47.79414758196347, 97.76789586263456, -60.790988258369055, -4.434614357972178, -18.11435851136708, 75.46903722690178, -93.7522230551408, 26.503205127816788, -34.09343856611642, 51.54736515777201, -59.75845805918784, -29.527528118629952, 15.508536547558705, 60.73340193602478, 62.45879428091211, -10.671884797778656, -84.68465646142351, 1.0817947322613275, -75.53115690809267, -52.13737907780355, -68.18852856032957, -115.91400821675472, -20.717412503764983, 78.1111237697763, 20.59438784313701, 40.55590456868936, 75.80746362085311, 112.70985219983848, -158.73730167957262, 127.44450835984966] : -1.0
[-75.10205979427462, -9.27974093753891, 19.294369091557304, 13.86049170587693, -12.089974364945016, -13.597262255681109, 5.265770836572337, 53.01020167409309, 36.35834738970149, -65.33467499688315, -33.894122125326874, -64.2050150409773, -198.87289381489663, 7.546361152215871, -93.56942498109174, -45.93459983677759, 93.33257592385544, -59.54540557536741, -39.6741330517909, -10.862762274902561, -28.09013566337366, 50.68907070619449, -38.16114761167931, 88.40250527681206, -88.17167849585056, 35.177735754173796, 47.264343013955695, -4.938023095131133, 36.488797604000816, 34.291533341912604, -120.37382935594664, -3.5984972999165756] : -1.0
[-24.714672253459895, 61.578935314656945, -20.06545344149865, 88.47177606440444, -1.2315646655970554, -32.01440059031005, -70.34235590080584, 120.1395849512398, -13.722069305470193, 6.122767259805869, -46.047008389418, 4.1358009708097665, -9.363393594235799, 33.067537095014586, -22.946452046596217, 60.89250670310899, -106.7874166927136, 48.60781666015701, 22.07543138655818, 117.60332379465598, -34.89706126019656, 48.974582894269126, 78.23683987000364, -12.142702699646502, -61.89359770936229, -45.13373736697573, -37.246451870857136, 52.79696100341759, -22.696135845487586, 93.2440023260645, -68.52169738040539, 95.2749887686285] : -1.0
[82.72199154510015, -1.3248872871736648, -43.612939633371646, 10.08562598107718, -104.9410169790663, -9.903951848064494, 91.4961857677872, 36.029326039912405, 123.9345731217469, -54.94154918717641, 82.53697675529189, -1.142919250003409, 82.71681521858798, 23.85024222761691, -39.828452328216635, 35.86650989157481, -99.67587664418394, 148.65249165670295, 30.390753263349325, -0.10015224982147153, 19.087486543642164, -11.165507895038544, 2.871538165633998, 5.621698514525477, -89.85167632162278, 58.341142549214474, 77.0795245773771, 45.064097199534714, -92.93476750393123, 42.64695648044778, -38.42010711879002, 86.95641583070284] : -1.0
[89.77873958507044, 13.945613677652258, -63.382023045459434, 10.085449982665066, -85.98203139262021, -56.458247340437, 48.64395109386594, 42.55200652467817, -136.29727632053132, -35.94865181565921, 77.40872054315517, 27.984470208941715, -62.81792296134316, 24.604950514364194, -22.449132596611232, 111.32566910750286, -52.5279297671348, 25.78497729847095, -176.4749169247146, 79.9862072578709, -40.5748280388507, 74.33550989262984, 24.985691052516344, -46.5018865563814, -123.9074923903004, 117.47373148667035, -19.75036117728277, -55.85375251767568, 64.36331686549244, 20.748168845191095, 30.307943155367163, 66.89304275183363] : -1.0
[-27.620488560057588, -26.105014457248398, -19.04342506520268, 10.053044162053657, 13.862359583805958, -131.14677561411418, -179.10989822435866, 16.33167636597362, 99.31771022711034, -125.36770927086202, 32.48115545619325, 16.086550987211965, -14.401828664471985, -41.79969572532141, 9.856621488461819, 13.627362100793485, -117.24901138773302, -133.1885117049941, 19.064860314334283, 30.655699034864966, -65.34772439888803, 43.13160707616115, 83.15713843337895, -47.036994457483075, 66.40814700428393, 153.79954733318672, -101.95067920394912, -86.23469835105271, -54.64557388022018, 45.92571132982046, 40.68438801455721, -86.84756877135138] : -1.0
[-89.00163542638805, 32.62405406006375, 20.49397529103766, 39.39433244935114, -4.800169267093661, -37.803699872671444, 24.755784838750927, 55.844594223815825, 32.816454615060735, 3.480298009898654, -22.561390193540426, -27.065301632944795, -27.95805976222251, 123.53181574109318, -100.42330567460898, -14.80757616845754, -26.48621186011362, 40.724812225854116, -120.48063548769966, -97.47750949374843, 84.44195451724889, -5.10626717911414, -85.5630217719399, -110.49603491169714, -10.332244605648661, 118.09071506001706, 29.043127948418487, -13.069645368382773, -9.726007534405849, 50.51450373685152, -31.50573897154296, -3.594688673663137] : -1.0
[-42.79751433602877, -74.66840175328664, -159.18489736356693, -46.52438085062309, 42.00882885173439, -16.257504657419048, 18.889697244948394, 16.307807735538006, -54.178340848007, 11.061172214733482, 26.609991039845305, 20.432124453567432, -68.45128115647523, -0.10503827102274599, -45.676817597907366, 31.630289832076507, -64.19083988293809, 91.38821745692923, -197.9192529271887, 33.32984362205427, -35.35107973168098, 35.27307382340434, 61.29166652200752, -92.67423760625462, -124.2671607621279, 67.45295671222193, -62.81224191904755, -41.56739571587992, 23.10357541824847, -8.589713695904662, -85.02176451202087, -61.44355573378426] : -1.0
[-91.73559876752084, -11.225630908306474, 66.2972454681963, 59.014735118073276, -96.38048026208898, -49.63466780575571, -72.83906073273847, 20.785080917679252, 2.5128596563265013, 54.09026541284359, 5.951296305818861, -41.2166737499226, -21.774751955255827, 98.33345517940447, -27.86317428814362, 6.094349902663324, -75.12508366177306, -36.960702663355605, -69.57825711408772, 76.53185355999454, -78.77054847778389, 92.70127484470929, 54.779630350379634, -70.78866682033724, -108.01054023548335, 22.956270849316418, 56.248267781249375, 1.323619423377476, -19.290503131915663, 101.4493731759601, -72.19420864762992, 44.27379592433934] : -1.0
[67.74477652522613, 22.618512335701215, -70.11834683272201, -80.28948920670892, -28.751411420261665, -89.26119655609212, 79.9427866536639, 26.35456799923289, -43.5228625609309, -53.868089068958604, -11.975991586866996, 0.4466700136027182, -31.347351957620262, 27.74573172256167, -82.87140027429064, 23.307254865933036, -54.880507526297706, -39.27213192862976, 35.7618386245603, -2.1077049310541502, -89.30422221575135, 44.17218437209558, -19.79588511954537, -77.28828429420042, -71.60906385698466, 115.15787357232483, 4.368697860010084, 61.055396562408376, 49.026549090574214, -23.816563202494784, -0.027121305346277325, 16.614218074990244] : -0.4798191243951971
[42.288636215321304, -27.32162978063381, -119.13658678997996, 49.64846537217312, 0.26561757689852783, -0.8710134474510838, -36.55253926063753, -21.778344666858374, -112.63246188997282, 20.284575329796688, -23.735303812780217, 98.92261195066052, -45.55461244407316, -45.8525872182292, 20.988549786181096, -30.726760866143266, 137.29608237438853, -25.175066662637622, -50.897729525337155, -19.387888283570426, 99.9805856945356, -21.242527274609273, -10.28210124574139, -96.65070532457834, 126.98135794862498, 4.901388407388957, -52.186204973225124, -55.94062655302873, 22.158783249502537, 13.631963932794006, -57.68119022446202, -30.052481628107405] : -1.0
[26.175428379401097, -18.315703279727373, -17.355108232094903, -7.786537535874752, 14.69859928192523, 131.25910621501504, 106.70437253042466, -129.13664622525616, -49.37640293470615, 61.33951984886977, -101.07582508789625, 33.79280039315155, 111.90809274656473, -91.89849970432606, -59.814977484681, 35.998024155722895, -42.48730118393368, 34.86554373543756, -55.170264860188496, -0.23868130630890327, 8.934590383608453, 82.86933822108324, 17.621262474973992, 2.8307619042887495, -184.63763920186486, 3.163748544820166, 5.210899305435609, 9.600981276090064, 25.514175350991504, -12.803385067163736, -38.01888062607205, -34.489945416760726] : -1.0
[-36.92564575042084, 35.5592558372195, 25.20306784614347, 46.85278058218242, -18.784531832008962, -107.74654442822379, 27.251792003643157, -34.32046863449509, 48.08729110519589, 63.89556213948763, 34.5031262187607, -29.009930799901795, 16.110174827040616, 80.88673569182427, -8.299086691448984, 61.74279841487728, -20.16004613859094, 83.91964922496928, 82.45768537030361, 8.456482402714538, -90.07677905964646, 17.220888660829594, 9.870534635370458, -131.98138924918504, 76.21915953789451, 29.702979276901278, -52.44335744767553, 72.05994773004771, -5.674097218096925, -67.2032416240492, -157.17011411100327, -55.296694723846095] : -1.0
[-13.800004222422587, 47.75706395693403, 191.68777369375078, 123.53810701731085, 99.00726624371413, -118.2859370427356, -47.70950423774933, 148.63724992800007, -145.15373322840884, -3.735921221192956, -38.54475882494757, 17.13826382768462, -217.61990196699884, -185.11347506105744, 78.75800964748483, -61.04189536858025, 6.409651712862125, 55.45514964845195, -5.151656652741995, 139.94298332200904, -36.43055295553685, 74.63657513600913, -103.1312021396625, 34.20552576287345, -60.675606278215724, 145.11477050463645, 289.1792445164449, 50.55367926258719, 71.80159660926165, -94.17576142097593, 81.6553425480773, 95.42601464338159] : -1.0
[182.3926646177067, 69.83791843093766, -88.12964580569252, 172.15346752935943, -184.77480617341033, 62.195818788079194, -13.367819650209455, 133.88822462182847, -74.24522526409807, 50.27523388411048, 59.02325633028356, -158.9053591481661, -304.9313958981397, 105.20038210340859, 48.25234813463523, -5.842424351756925, 104.573888480237, -56.123804698198654, 111.05580424778076, 120.81791375163225, -97.18969935411005, -30.907611012692026, -158.5973222775122, -86.24295729888945, 94.52828539735896, 56.41354576187187, 143.42630577709983, 56.878952551840726, 66.06939474138171, 59.98342411370099, -140.19546357860946, 60.73421859001077] : -1.0
[69.59919187016085, -12.259712939133578, -67.06974859313824, -112.30080165918275, -43.947894561085, 110.30505649393145, 47.73795444411934, -27.292494047351816, -91.67695636895672, 123.94613053459074, 16.328098345107886, -12.632987041925926, -123.32298534817049, -14.101966988039596, -34.32775064484681, 33.40554571243008, 44.46506059939774, 101.0681251139957, -145.78259958889163, 141.96644256836902, -60.01695924392081, 27.069400146397438, -56.905985855072124, -69.19027287646455, 3.7604810756088405, 139.43705967924865, -47.17264322737597, -159.67466528343346, -14.390084170464856, 27.590470466822847, -59.15282462734163, 48.79011078034857] : -1.0
[80.87323052173898, -127.5055894447115, -51.62985906572875, 72.8676070386938, 60.50736965194755, 84.70071872016493, -133.5077353857083, 74.28306353861265, -209.73324863544735, -0.7007982340505201, 157.72405991716917, 61.943261945356376, -33.39671292012857, 116.25250153381104, 29.587540562922424, -17.975308599799085, -46.974617258336416, 118.06760956629913, -68.41952685305236, -85.60357818577853, 43.407502227953955, 172.8035517779025, 3.822262092881651, -96.07432718175326, 93.3046980088221, 9.745886480285236, 108.20784842882559, 47.70583857306923, 88.5924268978482, 73.2374521805396, 35.797845517244006, 96.93802131248806] : -1.0
[75.4403093292921, 42.59623398693105, 90.3107659684527, 128.0809140941329, -165.90276980564454, 90.51603338028453, -154.9247243352148, -11.947475349274917, 204.69916526763228, -2.07115949648544, -62.172481763968264, -8.127168919099773, 43.240533660125266, -5.191534294316298, -41.11026466977834, 68.55094923187121, -5.39578069638317, 50.833315902030506, 15.284838444234417, 204.9898513285205, -12.969769122281434, -43.611862969899384, -226.1024584737769, 8.76864870752161, 4.61393024930231, 6.082694043993868, -5.808054807370725, -97.32705799760912, 58.88829945721781, 24.133218494245355, -62.21244237568876, 5.617410453467457] : -1.0
[33.81516968126303, 2.7490324836742133, -23.136626532326858, -20.008467872247905, 90.61354279908832, -87.65637481562139, -100.9757518998278, -25.638801464266784, -23.874663586663008, 33.68103776410047, 3.851535929498514, -12.251523368887847, -17.65786708095935, -165.53235110905294, -56.94429093038117, 64.9801173843512, -138.97336732726157, 15.763544174747729, -27.413629525653977, -1.0800389986269359, -5.549067155820744, 25.38342530788329, -163.4566318752447, -208.33374820137942, 94.20475452033227, -51.953751020972476, -69.25919350227265, 26.75961021792048, 26.99623917111468, 316.5426263309908, -137.6025798564548, -8.783283547697053] : -1.0
[94.6128117396575, 63.24880138428791, -218.7983947498174, 26.73678241444906, 20.090939529665988, 9.015657433574976, -11.122507984265383, -127.50530169224973, -54.172667937365425, 51.622785759487456, 83.97613498479056, 20.91930183253542, -201.84536641837053, 186.68267782725547, 48.79596547859619, 58.2533793452033, 113.03770297802635, 64.86925169812437, 9.515043274012434, 20.496175236696306, -175.0733683383534, -48.438735215132006, 15.169740988990078, 110.46203890575326, -69.8036774878638, 183.85513591611692, 171.7115055474342, -95.85688820904019, 19.90841777059886, -91.77091741533636, -97.832859388109, -114.51650151670091] : -1.0
[162.75031490181382, 215.38030496479087, -83.52620944606656, -44.651937645338016, -109.3631640483396, 4.712280016551116, -100.49179004937506, 14.476093857803257, -148.95416910967634, 68.72844851012923, -47.5829664057917, 39.426281886385006, 12.172298766401497, -159.41300523530646, -185.81660118551144, -10.5701805254728, 117.52555229260048, 40.41229200219098, -24.996344695761753, 109.13285983862444, 28.867800093214374, -17.264492954007753, -100.98564046126754, 75.69214155157617, -43.54135528509947, 208.02232510645882, -166.98151382687664, 114.58327321102608, -18.652173197733372, -21.950478431013927, 53.817904274910966, 150.49936105501786] : -0.9509789726950906
[-42.86041124746996, 47.712856898017655, -66.6826777194333, -223.11436882881267, -79.75423898418131, -85.24350684797581, -41.681668691995796, -84.72417112407518, -86.0319253027142, -51.84950850145829, 18.76975902599194, -287.2757913108032, -160.7627137369849, 24.487166107793815, -80.97304249282, 36.64803877605141, 36.415802838668476, 50.41814608240985, 82.52378929564891, -31.98406479712435, -115.5566755726895, -22.01325939210448, -36.49564245684691, 16.856158889336456, -52.44296831753144, 75.77497199949654, -40.201358180766015, -46.93054266271065, -85.22997049481751, 54.51000239977373, -134.59382553575617, 273.13835845712237] : -1.0
[49.86580581572543, 57.76699498607239, -24.029025934697863, 0.7294221444460911, -72.38643959393045, 20.198471508285426, 59.74325170052267, -63.09234652837508, -237.32788153233338, -15.322822365608209, -107.3377916526967, 40.55698571285266, -152.72339552967372, 12.422693538284904, 91.56808148178588, 18.010764083192115, 52.27360163320587, -265.783876018169, 56.47588315096584, 12.30191477015921, -95.61494966384738, 45.00254761932573, 32.658067695566075, 77.26708835885056, -30.892864776468777, 4.570503555587919, -105.60553578022935, 29.738781262826368, 56.44797997846376, 69.84227412793906, 121.44439682131221, 93.07213340023765] : -1.0
[-38.41375453748241, 36.4484060355139, -144.43796791632036, -74.44417974055938, -348.5087515822827, 69.9346350550091, -92.55870187039596, -62.512509813420486, -10.691515034667864, 88.77290496125397, 51.957973212262544, -64.50874453642895, -6.132473907417761, -77.4609360345329, 45.614183641607596, 2.8318558144000576, -115.81399804342678, -36.23287283993322, 74.08056803337384, 41.39581580732835, -38.20966836859016, 39.676296032541494, -111.11302242197631, -107.7349892421317, -58.895128905480384, -17.912979153794936, 20.640526590195638, -126.27590504237867, 93.5483298701668, 21.766069698385124, 88.65537278189882, 148.29675289342958] : -3.0
[-99.38239414445329, 212.85788180084973, 20.50688692938082, 202.41751941370796, -93.36786293592412, 39.69070132052792, -180.25343561742753, 46.08966147153571, -4.619448745965954, 28.398066540517732, -65.3461498618083, -59.051497454605546, -187.4002489637987, 9.46069960751737, -373.29375850084745, 138.2461961923433, -80.03840150242368, -58.41469007689541, 69.0294046872084, -23.850002943691127, -69.12107050267696, 23.425311372478433, 11.974718249799757, -34.57243397865796, -125.33856464457034, 120.59447989947512, -74.93324651149018, -35.305742633683806, 106.85594466187894, -128.62867642469482, -12.006591330189714, 164.19575158567494] : -1.0
[-35.9891681037988, -6.3027389379081455, -158.75499918068942, -141.41293655657958, -86.49328376613397, -65.71956771198344, -175.08446417368424, -18.699727554315473, -216.0646485913196, -75.62021946782909, -111.37033962242337, 137.92116549400978, -128.2071215583283, 174.64046374539151, -52.97736647815404, 113.91411547429104, 92.44403418986388, -34.27870844205536, 1.6652901451850148, -7.8841762478004505, -46.766926447551505, -17.7427120426896, -58.94803276068037, 22.803851595509443, -68.72909450723643, 181.77646957504618, -106.4552537262421, -22.947829593825407, 93.03325804900183, 10.109063155960833, -224.10388771280557, -8.054646895023794] : -1.0
[58.41116017264281, 151.34407501305003, 85.40598288707037, 1.9782817428105117, -293.58287508481135, -207.9649263705678, 116.2755972508391, 213.77803745793065, 53.25732467994406, -67.6692342083419, -91.4442434693337, 90.18293113814951, -184.07414015897228, -121.65449634759308, -108.10243497807751, 32.85184078358579, 86.26832454898965, 1.834870606681255, -22.836115861435818, -26.134604441752078, -262.52603139354574, 67.19865529840676, -249.46738381594514, 71.41390543682505, -107.21406966451929, 36.76508488003033, 42.24200605867791, 126.67023758013379, -48.57082016671957, 70.17187175154642, -165.93904138731054, -43.79691644969951] : -1.0
[22.114880518687624, 10.376593366421131, -127.27191445361817, 4.171326746515948, -231.2134903443378, 23.981370262751152, -11.171434924101632, 12.80862619987316, -47.75457539230518, 54.466631953013916, 11.994973267776071, -8.050480456397487, 73.24339252655219, 55.33760455445388, -44.42153932646781, -157.1962048923003, -33.24961511033786, -14.534903535365201, -9.273730158347096, 126.47434333294262, -127.8196995220195, -75.79737209386661, -68.96988193278168, 44.672146811651814, -130.59417732785732, 64.41818243276771, 149.35285815027635, 9.613828336599049, 14.820998514563435, 53.242207231342924, 107.70803495910556, -99.84351171123876] : -1.0
[15.920448739982527, -31.484401308683836, 55.15813242861266, -5.6987900858509555, -197.57725438807933, 89.94949990389858, 114.01021240767841, 84.47667955320483, -46.95405493794195, 91.50840842388837, 10.243178008287536, 38.182666547859185, -111.90348100268885, -151.91439148087497, 49.35385383668655, -36.41635946314934, 22.18276593251575, -11.934780534883037, -88.04474745737079, 63.93554352424072, 149.23532852722275, -104.0271428495779, -136.38189757284738, 24.011765000101704, 47.19973032908082, 54.277297327849546, 160.24740568498476, 88.65035462926403, 234.88494102704408, -45.96163105108557, -37.91869555076116, -5.271762072128425] : -1.0
[173.81227488445575, 25.975843723496155, 24.847086284001048, 10.704985300493718, -152.79176177741567, 107.02375104268529, -1.2472477424928314, -46.54798162456025, -192.51811288767766, 147.99344973669565, 56.7680534799609, 150.0581690048798, -183.42539121116553, -295.4014139537318, 112.24013439647854, -29.347239621361638, 32.439085830020936, 44.207444919636956, -4.078061671289749, 74.19341241150187, 40.2358096552791, 123.44545152946733, -33.99572894329023, 28.90646475455023, -79.41703227503028, 182.93218877305299, 91.25584738692537, -168.98817568181505, 204.29156827107124, -4.137260696937918, 132.53142277894435, 67.41372575597151] : -1.0
[-12.673699664866966, 242.97551344439205, 48.513506711418486, -88.57261010037726, -85.19843161564823, 127.4987087898476, -162.63636123397532, -124.61846879292747, -37.924936177956255, 36.7981040296306, -128.49050135271455, 34.66361041563833, -201.36298174532664, 28.696030897779927, 54.54710145839182, -30.435891401225824, 23.909498621750522, 143.92448362542942, -5.296953895513127, 29.77739117322021, 3.010347792650599, -66.30355126956184, -114.42638515456441, -64.33435130110935, 74.33582294534875, 67.39823002899463, 30.277637639757373, 139.84957379080498, 175.09111907007104, 93.81647480524903, -3.7435240311883433, 67.84690289756675] : -1.0
[-121.23417873624012, -294.9163103289413, -202.08307659545937, 13.062679484835726, -161.95354111738325, -80.55561159187204, -26.478153257649673, -118.84289443464249, -213.12074716182585, 23.942724135202837, 29.42644935152507, -43.20071034075564, -240.71957503475267, -139.66655746385908, 51.63281692566278, -12.748728268416722, 139.89709837648135, 71.9277189840321, 13.639964455129089, 20.780359246549637, -43.526598952706536, -84.57077916768435, -152.7402764782452, -20.902410973479682, -88.49563208494595, 26.432344382196003, 143.32464725880638, -231.83523953318044, 155.78130885339624, -60.075237641829276, -33.55887141990959, -85.95548608920777] : -1.0
[2.419404689304038, 116.95602407364865, -86.76828721603415, 193.17121830994668, -6.924791887458525, 80.34896857306323, -34.39034776520934, -55.98752522767187, -95.30370119857284, 58.0485918080815, 172.3024144666907, 87.00801821909278, -66.37457625321198, 87.75129211162394, -163.31322340058094, 4.021628023777079, -95.9282495706729, 40.51771296648896, 111.86478839027711, 123.402657195298, 19.805380223646445, -66.13976374377117, -51.41272065388398, -173.76454632635307, 32.864205528141326, 127.76241474208834, 29.536196160337724, -32.502010736315064, 158.14518209233358, 61.624803115221745, -48.28916121529015, 108.70705007804673] : -1.0
[311.08352648078653, 182.02589022865737, 64.86376813331935, 121.22469549385505, -148.3990255574969, 163.46268887224414, -106.72992263500791, 49.45295731028054, -129.71369400354934, 32.30876346189297, -114.98766009142025, -64.9774982371251, -179.27273379941366, 65.91202817582433, 116.78855025025932, 17.730288831327535, -21.61105747654874, -146.96723105197682, 48.78771902140558, -25.561360895597176, -68.7054570279177, 185.35243697679306, -115.466132354126, -43.8035455827448, -67.56543862118411, -26.75174797984787, 84.46128775732139, -112.08836489155517, 96.49994541932017, -71.42187410924463, 143.86733993867196, 233.36645424174947] : -1.0
[123.52777267512975, 140.34463874725728, 62.301817692413834, -48.966912760066705, -139.16114939930475, 31.998109075721864, -39.45746074722385, -57.423334968518276, 102.6740559501375, 95.68391269183755, 53.94051244922069, 51.683716494931645, -129.56737490673007, -72.11825765042519, -36.37709587731143, 67.15245917062168, 51.58839134503716, -43.5733701864802, -109.20626723098637, 195.20693116962462, 96.05122817457534, -15.459428796232473, -345.3515313994274, 90.80046796433307, 0.28946866447651587, -26.688254937140876, -9.789138010793579, 30.951510413973025, 206.07521152279054, 33.19370995254612, -2.515667076628919, 88.60001335964246] : -1.0
[2.9081687189820897, 99.91213826182957, 54.261352041940725, 117.82757359398883, -43.34550440370653, 0.3455918291351807, -77.235708937859, 70.2198078202641, 75.37359972040133, 192.78478506077175, -54.66806612194308, -22.5240881009263, -98.20708275117809, -57.05548516865805, 3.8511327089966585, -14.708520990206033, -25.434205309789593, -26.44949095902917, -50.361106387775706, -114.20925187249324, 125.41448849216509, 17.398878821694705, 19.11369690118491, -64.66417737127482, 57.57573623794576, 77.39981682194733, 30.39311675723394, -45.836884580740815, 113.55517918364293, -100.90027555149527, 122.31275032698325, 49.38442676364145] : -1.0
[78.23121570697376, 68.60110979996927, -80.60767567662243, -215.42361190631672, -63.22397456395478, 308.1979005080745, -74.11495422600692, 22.46069288514376, -103.157332982339, -127.0470940752572, 35.94456495556967, 45.31680036077037, -19.431882235256268, -86.02266444567556, 72.31811159574394, 36.5496974728548, 8.83781005036532, -93.5726036028432, -0.6916555307198848, -74.20160789890426, -89.53964818391398, -30.232369577989182, -139.65981511072363, 53.69781121209206, 72.01750064854642, -53.70514056946816, 190.80684415330728, 6.344242809599301, 27.70971973939165, 12.546895136099687, 32.29766953699723, -19.909983702311706] : -0.5285143852233887
[-134.48599568476033, -183.23842334064787, -25.977349580170017, -65.88272127334925, -11.256854511244526, -173.14571025494394, 35.02463089370599, 203.30928035839972, -28.167423143402083, -43.27537927797698, 31.377113657185884, -121.00176454691753, -187.40615143529936, -55.449545725982986, -8.100747153754291, -54.72792473725166, -130.91757420304373, -31.35469717565445, 59.80459860466665, 111.65344304407387, -69.4815440447635, 57.038383588468825, -145.83575281257598, 51.10882258251361, 9.505175722021658, 133.80264055516253, 249.99613866778714, -138.24980785324934, -20.542098482425644, 99.02708753010907, 61.53275202718389, -0.6874350440579633] : -0.4856527501886541
[91.96751517256348, -60.45743128737575, -99.12058693649547, -44.748859272791435, -167.98413291639955, 74.94685503365503, -74.69130277140067, 164.04863112409444, -6.681322406585181, 13.878831277842337, -33.260666518916096, 96.2074463875314, -202.35070324708263, 84.20994821339693, -80.90697263009352, -164.9439131951966, -83.09473675287113, -76.4053417155399, 122.79909666182033, 36.163186492221435, -174.9296727025333, -9.01178460343511, -2.7334632873151037, -142.2633717842425, 15.656853578727059, 121.17182033763527, -80.16371866820431, -80.90013112119271, -8.316199521022924, 225.52652872173283, -96.23839052804827, 186.32585364300576] : -1.0
[43.85915160459709, 13.261826892214641, 124.86379498191809, -73.86030119683409, -186.0028608816787, 100.65360962647274, -5.164182980604004, -137.0242780175163, -110.09461184830987, 123.89623854783387, 8.129559096150498, -65.60318168736126, -138.48405731160747, -161.1660337261706, 78.02410715622382, 90.27964250819832, -75.37520036216729, 131.7322364647652, -8.208974262167214, 85.23254821050772, -138.3542704020618, 20.560517820536226, -55.46853211000861, -42.34134191941827, 59.10494918375649, 44.6615879743085, -6.205314679483763, -99.8206671017309, 58.992881936119325, -44.75657387061222, 101.91702210741795, -56.801866658464746] : -1.0
[34.95869186171563, 72.83421215447169, -135.07329373634167, -21.43311445328497, -286.7764182559986, 119.38717075729487, -80.50560918484268, 32.50007768634706, -66.25983288803776, 2.749690072667555, 6.972466306971455, -153.6232811569117, -252.39797857138603, 28.007529358055102, -23.004883084979667, -158.03967747583903, 184.71460226581712, -11.283909674263791, 40.49846807519315, 168.83866000985722, -67.50402452376899, -61.91223213709633, -145.13157382118902, -138.8691476406311, 227.1977347857952, -36.226074076790375, 225.95848676004854, 58.794984538071304, 43.81863945980704, 130.3999921715718, 96.15802474015572, 69.03605421202953] : -1.0
[236.94200397528044, 13.742305188090686, -215.04465179609878, -78.26264935975026, -447.3580215511229, 261.55421446900976, 55.72616471466302, -18.264427608891516, -245.72553926637744, -16.89748047898715, -238.35287057487272, -172.83920765855888, -32.48022298668284, 131.09936456825903, 129.8959509879266, -137.65661254316393, -115.63398188573987, -109.12141989839682, -28.25314188531629, 415.9046996830806, -38.62588587527654, -165.012345545808, -492.9003960911219, 162.5750416543104, -38.961307769273475, 79.75510646611897, 109.83717909347837, -80.13427975967014, 46.89742566979987, -140.3173386802446, -30.52898552646313, 205.07553959073542] : -1.0
[14.59232037577181, -8.716290794675626, -125.88382501022222, 174.57622282353736, 4.334782132256265, 123.5777763436634, 133.87586138930368, -105.44967723567368, -260.49021569794155, 195.4251786631756, 144.25908292902858, -44.591744240266785, -345.9745218053963, -108.74190961076756, -28.73319704777101, -143.17121858487707, -34.57678409943276, -206.71565493183437, -93.31066324620625, 243.50170813026838, -215.33546710289534, 171.63315887728825, 22.884587131039325, 169.80148386888106, -87.31549233037279, 251.8088478530319, 175.20521963437352, 212.17755533558326, 137.97400519501528, 47.305878517671104, 17.23148206289089, -5.755417645052715] : -1.0
[-92.21961464715001, -99.088910160296, 47.05467200309501, -62.3960085835638, -276.91861340362095, -86.92085447451029, -111.63829343982663, -88.56691406092287, -250.4700561277922, 86.49372992408888, 245.70585605980034, -59.98972718958, -76.71180224420651, -151.78344858565305, -170.7669017241224, 100.03898740621051, 154.58296238503894, 116.39551190171332, 30.7065256623035, 296.07859336464907, -356.9841794337156, -154.79890215036508, -116.8723828419771, -69.6287087045269, -283.77905921488934, 356.05162726161586, 216.9571456440799, -20.940900486909882, 48.36455014932265, -25.552298828987514, -102.67464179490565, 46.9434588225578] : -1.0
[-248.4697095541257, -175.50427230489, -128.45778727336895, -43.92428769787441, -162.2785011704671, 112.89056805099457, -153.7923704421356, -123.49205626134672, -35.638730540691874, 342.01521683624475, -84.0712374439116, -348.52718213616595, 2.0295305818168146, 144.4268392970755, -52.25584289849415, -336.48703886316866, -127.08656358679484, 24.148480673244688, 109.41024062404557, 203.89503458636773, 16.351638020275875, 64.03546792713377, -279.4909771112903, 50.135843478526496, 408.79176845912326, 46.179214736184385, 219.16519155667697, 201.55876237984313, 103.42587683157265, -103.52054914046477, 170.2573970652294, 110.0827517318056] : -1.0
[-284.16344428035234, 36.64880217196034, -182.35521680597674, -117.56907284429973, -199.35647524582717, 17.866783647415772, -110.21954095945684, 266.2305249898633, 146.11085142957364, -74.98354190320858, -123.12232606123587, -83.1112154489494, 108.9642562028985, -90.13384759741199, 84.66404287036326, 173.41115388276523, -164.9622256818878, -23.233857021633863, -16.28774971835394, 74.59778800835652, 270.4190375969215, 165.48711628140606, -83.3169683535686, -12.179890451451922, -178.48473233568987, 226.75072797120706, 179.31215974037138, 40.42160269343711, -203.5235796665227, 89.77523115186672, -162.48785427100006, 296.89554765405194] : -1.0
[-13.716220237888422, 94.91430899641426, -134.1317582246253, 93.92946456214462, -184.4474415598391, -29.776182937942544, 5.115137148127998, -91.530477580042, -56.664008428039054, 293.2008056817653, -94.46413831048703, -276.1203753809869, -114.10415648236977, -41.852114270475035, 88.8473779692662, -406.245720965179, 245.3835603409769, -184.28840713419967, 152.71136018828508, 90.38713564336284, -22.69379608433793, -105.21578452551893, 201.95479404849812, -85.78800106461594, 125.59661984658831, 93.12168777336862, -79.02558232927205, 211.69290373714628, 243.97750923725442, 292.1246717648558, 209.14882664038905, -118.76956405358862] : -1.0
[156.43437229201317, 413.88881999307523, -226.6996972665337, 346.9491523272144, -175.05421182573042, -71.89846981608781, 80.85474384148023, -94.63642786600349, 5.0593007929113725, -111.5081327799097, 119.65693132036733, -174.55270801730288, -116.39072486690691, -21.19210462033724, 97.72915253941154, -5.6444191207024375, 157.10751069621372, -91.77478399493961, 47.41603469161505, 195.41018929054684, 117.06421182450092, 73.3302678227698, -331.98438852520127, -159.963208616406, 163.21008326042048, -13.640531822264222, 154.09048003575165, -87.24373652476186, 60.218889354963494, 129.14374421527924, 182.79944384832646, -13.457265729896442] : -1.0
[43.27635572892138, -12.902035313086714, -71.53095360851486, -179.83765296528892, -134.14809697630983, 132.4028031689339, -241.60542197678222, -60.38968254978015, -154.73073897694348, 1.9860830703565853, 32.51312340791118, -41.55823151313542, -228.53808647793264, 28.909399996777722, 5.307300536942494, -53.143032172356754, 116.80155324223486, 4.1772151005266736, -151.1339691124817, 49.493206162451074, 133.6804388787523, 248.64042183130985, -266.11657809885827, -20.535546623933953, -206.7953980843046, 49.410291828260284, 196.52850157833188, -131.61663914576562, 30.592928208698737, 225.23378503615885, 138.28726262556387, 186.14544218841863] : -1.0
[-127.4950942228668, -180.5379845586042, -4.390853548267252, -34.43463337569488, 121.31131074718817, 27.534760686258387, -2.4575279322774737, -29.496379029731575, -125.1529509745414, 357.72176673714665, -40.69129670118386, 64.03249417736276, 17.770427208677404, -190.31102974191975, 73.88673145898544, -405.0398546340656, -171.29063495675365, 91.82533148449708, 22.398437052319643, -81.1059515998958, 39.402716124571846, -101.16982493247518, -285.6758248295548, -248.67979396617983, -282.7139090373298, 195.47572641946172, 319.0784679776517, 204.82627368999673, 57.07714620060631, -361.5239793434719, -23.86483478840779, 171.4814617481657] : -1.0
[109.67242577741597, 146.2359172557689, 38.533078532810364, 120.90986911706082, -251.8634922567257, 39.33374354030607, -24.174068099592894, 76.36729390040658, 50.48342218828968, 43.15708839347043, 145.41656551687439, 154.0235107071063, -14.746125199208507, -112.43290693882805, -27.31226120048775, -62.173236940702026, 85.86498784131389, 227.46461922985338, -257.8172090920975, 166.32470297677008, -38.666788819515176, -88.28789036093161, 42.09019591349555, 116.91333076234957, -195.27218481984076, 228.34865243527867, 262.7318597468028, 219.9416596635216, 177.4463224812722, -3.412762193377173, -45.46266367199553, 126.21268376216516] : -1.0
[357.56538863648564, 121.16414746816739, -42.65301306003018, 0.5937159987272569, -376.29968088889416, 146.08968215420447, 161.35848705969153, -190.74535008434222, -269.3953912967281, -116.96364725538369, 117.23097967869134, -78.8867791671289, -56.287364741302625, -243.17334434915102, 172.39151768272924, -178.10956379512976, 183.4775045424818, 91.48139753854541, 75.7506794369026, -65.24852288693558, 81.12029787555998, -242.76146674996937, -282.6032102249998, -101.42300494417978, -22.767374079303288, 9.575126460436934, 212.65889017933847, 30.232631646179815, 3.8108888830431624, 99.36712731209322, 206.67423938384758, 44.407834352984665] : -1.0
[154.70329054775516, -82.93481916908001, 270.8828231618594, 182.83391874334473, -3.302639366049277, 134.59106812053312, -242.5958053836049, -28.91248421956095, -10.67323119022275, 8.322174992239098, 130.5621999578934, -174.3814662086962, 96.21662855919789, -29.925982807587403, 93.06068761343725, -101.59772515811584, 124.96304737926428, 89.12709929244363, -183.05749296943392, 102.00327003322249, -135.6998862100582, 62.558401602185306, 101.15493656637874, 329.64789957039875, 380.7794780902469, -29.697328637406173, 77.27101566101709, 104.67825994214277, 109.11068239858974, 125.42882074525176, 96.42094139695769, 13.122532909985797] : -1.0
[-109.63107577860696, 79.77072698756368, 167.0516736261917, 183.70661035240414, -185.04608064288274, 281.19144703923627, 114.67534904155441, 154.84399605533386, 54.66983747254285, 110.42905900826163, 115.68049198826323, -105.15624884072673, -156.62655921639177, -95.82585880645891, 15.51804729908989, -146.236931903896, 149.5388366039133, 316.908941294859, -131.1701516993959, 161.89862044738175, 41.68142045264486, -89.96273095078267, -183.80850054023352, 88.20680312101999, 21.475475221038103, 158.82286515681903, 57.186277971781685, -119.88436674623766, 286.4058656302558, -45.60119776393202, 173.99508103866043, -130.16363136573386] : -1.0
[226.83708969101895, 67.57308250442316, -267.3923027863848, -49.855140885674295, -346.7524927409033, -10.065020413897862, -136.84554328150693, -191.2180076397212, -152.77238963194753, -154.14949534235444, -95.99432620993656, -38.1884119264356, -168.82419386523702, -97.2643144844794, 47.54698585297092, -2.5267027742104915, 181.40409439938858, 175.42335856185588, -172.74384254902088, 144.60988688070296, -237.1641461780179, -6.485404063271709, -110.04246500877494, 57.56078302671382, -112.88386297555328, 201.30051512898712, 301.2888593297041, 57.45948314332104, 170.9401495464222, -108.27049834220408, -73.43561848334873, -10.046744956048782] : -0.9624109268188477
[-219.5569437966689, -35.692553413365914, -185.23749557978022, -129.5399712037256, -263.641581659931, 63.96806560660415, -188.78279844280146, -183.567156260337, -372.29692046428556, 85.63013666788754, 40.1976964195808, -61.99602438401787, -44.98833093130029, -242.7244037650676, -23.517068026318075, -90.4560049402429, -371.87584456309355, -402.82800482443076, -201.2801816984884, 421.3374745510487, -418.0438324216258, -59.70991509983903, -295.2696568493153, 249.5281377917135, 93.17928837340361, 374.451706965867, 396.7736578435151, -158.07450886133128, 128.71279378849795, 265.4947175404071, 395.9929197308705, 246.1689137695692] : -1.0
[-476.6443580382914, 15.108396205052323, -362.15237375472543, 32.35951660010085, -418.70228357997985, 38.94257125589577, -230.70673179432507, -150.24343249909006, -459.59023236723795, 76.7487096004919, -70.24238699061303, -589.4162639626082, -193.06780633633855, -58.70015983217699, -181.64452645344466, 166.25006820841236, 213.3891619987316, 38.48492676177584, 423.69768655206224, 283.20727943238813, 64.82934130538452, -209.37883381596305, -237.7655623499891, 6.379238792143113, 426.2072309908086, 406.93122176354314, 660.4695576778337, 315.17550128397977, 58.97886316331061, -14.128667801445948, -54.66429643498522, -233.29294289481317] : -1.0
[27.07868507334034, 178.64841919653722, -327.5683452532418, 108.77078222058164, -447.5007179345664, -237.5111800011565, 160.43780788796454, 219.14172671696576, -245.5717875441548, -166.17058722596255, 130.22138029245485, -183.29842514177926, -76.22932367718506, -8.376266573517015, 65.26257668847872, -29.189320361040984, 70.92538426193653, 26.544581640482804, 220.23418714337637, 84.57045160060224, 172.48786190885897, -227.9065164022347, -89.82527636659825, -259.9981244524475, 399.7151154444369, 173.7895309239693, 64.37727855095942, -155.47077575166173, 522.2312083322022, -198.54313249062724, 251.94614569279034, 262.6511285445995] : -1.0
[458.1855893051162, 22.075704191894786, -475.67408587672355, -337.9531368224286, 7.754971897949389, 367.9277464306443, 142.82678274667512, -362.808569861569, -197.5333749390389, -125.56271311516825, -231.5243082963201, 119.5560630165931, -300.00940882427204, 316.9178488144027, -291.56939586373846, 42.929647052200295, 179.3029263974973, -232.66320882005198, -129.36032902877557, 597.4305192778961, -92.99461564708142, 224.14372983064186, -504.0058197507412, -36.91393607672737, 125.85958062074835, 105.4698337186762, 212.0932590446085, -196.67275646790324, 154.3874555354106, -116.3552437378522, -276.4467413524537, 637.819976457472] : -1.0
[2.3753735861297898, 200.21348806918826, -315.3872481438758, 48.63043637562582, -462.38492823086153, 448.14577442276607, -238.7396446762245, 161.03954683921162, -26.895104999640665, -233.35990284755786, -439.57712414343393, 242.3742152945639, 41.17211179179891, -67.39509515224847, 90.83830775465371, -312.709548723951, -266.9931966502302, -122.8852595119925, 245.12825710476977, 193.0048715132795, -6.42193630150058, 108.15474562867712, -244.79269513956035, 596.7215703465583, 125.00526656953542, -264.5629562735917, 192.28011177457148, 299.06407161007803, -8.0521592514541, -331.3573840732637, -521.3257826772594, 361.94826496574206] : -1.0
[220.0158956666825, 213.79731952370832, -205.85313984262208, -299.44406142734215, -69.14817497507852, 57.475962336072804, 21.62330144093389, -61.12590055017107, -392.56415749386764, 11.809920511183691, -103.44537767960833, -190.02612596415025, 341.1640347951434, -7.186656159927857, -247.62514998160682, -50.976452233572395, 47.33537231286896, -134.2795091906584, -124.10617668337173, 420.2731148831417, -10.306922509428261, -56.64652627028791, -625.7168616679974, 677.1020370660439, -117.11774865353479, 91.01248351769577, 167.6319734823397, 124.40268069596604, -92.69653671422866, -296.493944144224, -293.1663456292749, 423.1810541728052] : -1.0
[45.3281117183282, 187.98105398252028, 12.760109801980377, 169.98430746375195, -81.01498528437207, -152.5769010174709, 34.404505908863115, -283.43542250862845, -231.15742073374318, 479.7771683134941, -296.3936397774061, -464.9940357516253, -85.34209847838068, -378.9782869693246, 247.16143844561793, -185.6390491064922, 54.37830548000782, -80.84337900622819, -98.81788490685273, 754.6153524554006, -344.5837420869848, -55.301396182894635, -204.13014047199698, 71.3742577719769, 33.46662744029726, -152.59658233257832, -166.1149472079451, 158.4023468763037, 110.32316164060424, -252.65734832409726, -45.63260403907449, 118.4750826021405] : -1.0
[308.87742085430426, -156.52709593928233, -54.21462947741894, -34.53897411834214, -283.6232263109646, -115.60111377644445, -121.52429060500454, 478.4989067647671, -259.6263747891646, 0.3552626401999106, -435.3036612002598, -367.90898112324726, -374.04079581013804, -153.34128607095747, -489.0923137781107, -179.7597838964184, 342.94158576749265, 21.542262852415234, 195.31663649009204, 81.70069373429811, -466.7975756065799, 219.26258343671915, -171.1478038017921, 488.68834081328185, 19.981205941217517, 228.5222540742339, 323.5157124849785, -352.539307597635, -81.73008459199342, 282.9927831213008, -166.74939474904727, 1.401737702887985] : -1.0
[-176.6952728695462, -501.91242713382627, -472.0230998805654, 301.3958925560124, -390.10769983636845, 176.28984141738192, 119.89874538682948, -272.8990461424249, -165.21041237180722, 171.80062191923756, -26.539166552184703, -222.28148385178355, 83.37135186214981, 276.631793850938, -211.353877228618, 262.7093197965852, -14.473529131542964, 161.67207758013558, -80.95755010003401, 168.4150044567948, -159.20863467717805, -33.85597680534839, -511.2103690390261, -69.01741372082557, 16.032255763437398, -95.71140033566732, 397.05204677480475, -497.113808740737, 226.47217799871117, -266.91451861023575, 159.50724345386246, -80.70557774268666] : -0.47920690883289685
[-83.44514348800456, -120.61064469192209, -148.243102540721, -129.3848244686385, -108.37973888538832, 62.156291396678554, -482.22365792314315, 4.608755094483605, -298.258319086979, 170.93788249421803, -103.2694277713666, 16.484491273385714, -42.931793999929255, 306.51023247006833, 271.41642357918136, -44.75389256944271, 135.26229558533217, 92.9193471935109, -252.88049632298072, 159.03930012759687, -491.07737304394783, -205.8550949563689, -464.71981153152626, -385.7072899516212, 31.757178167279037, 442.29999657435224, 16.51100064793107, 258.35687097689635, -500.21032541218057, -635.5080157309611, -51.50290533545674, 584.940659385914] : -1.0
[-25.276615150869713, 139.9527762766346, -39.73615499236401, 106.3160673062977, -725.580693310901, 141.79253667353822, 234.44708286058327, -64.1031329856439, -24.819064302667357, 19.35344349545224, -157.1615881539116, -411.83667125710605, -129.5658539699445, 72.2562532764402, -240.37240625440072, -111.9548676472229, 568.109738165544, -262.77992364313764, 23.687354765885008, 111.32483827482747, -672.9526907746173, -120.51880896103376, -510.4944319215816, 298.97757707876815, 4.204332575056512, 310.16912942483947, 161.48581425749302, -46.85827418403465, 197.8527034405517, -125.88756346101526, -49.03063281625138, -200.77437088487216] : -1.0
[77.9562053355046, -85.0297670999856, -44.858235390735075, 49.58796200831087, -260.7867744259387, 251.88367399495877, -6.593227406250617, -226.2096941257925, -227.04858476862074, -0.47921162078368695, -58.18059639783353, 73.26816479112455, -63.29334804305664, -267.4353079742065, -230.88779583319098, 77.78808658416645, 56.97688044610319, -196.35199358738885, 439.1549303233911, 329.78909503408937, -33.132741931470164, -61.425475112682896, -147.6188922942848, 80.36536174813378, -449.448754961385, 394.664090291099, 300.5277563649196, -170.9084684217012, -52.04849484454624, 137.2877745498244, 44.95928937135942, 503.0485665706593] : -1.0
[448.0928387163276, 62.49295625000402, -126.76313010966629, 44.77573960256353, -149.09314265280824, 460.6170042128963, 96.87348889694348, 12.293380336752698, -11.846374713635441, 22.12167869313035, -240.1552292409635, 55.20454961498936, 56.66887295347563, 26.899026615466013, -356.5613071366877, -284.8546672141407, -23.669392520503315, -207.04914183391938, 90.59333069645217, 76.13809776835475, -200.66772153841438, -157.51134201804516, -143.07965351200525, 44.80537947914537, 144.40780515234763, 175.8250054718019, 421.0315444875745, -275.0432993505694, -54.11701827704397, 19.50999077762971, -102.99782878769533, 221.8293393157246] : -1.0
[565.4434185959733, -76.0677581877307, -330.3175335379098, -126.03872600288845, -187.7320692023519, 203.5458175938949, 132.66287380843428, 119.58684354941406, -577.9584112304655, 121.85838869449532, -43.04452560547466, 276.06364693733565, -311.9378168480192, 27.60897953958877, -217.84225965675836, 183.84745842845268, 622.0590390360687, -358.4039392734019, -72.00928253692783, 219.6281300778066, -73.10783589807585, -5.235501357023001, -58.719521221958786, 58.77401519027677, -259.7634723531983, 71.99359346995233, 196.6617512913166, 93.56292653349178, 235.75307569024898, -114.97541723528342, -91.06386066874924, 258.89023121018033] : -1.0
