[-0.13384442789355658, -0.029807585498662525, -0.22319307162741026, -0.5619111725098292, 0.7440725211953725, 0.6090710629127714, -0.06441044818415238, -1.1735933087417891, -0.5626726093676303, 0.6501189846051345, 0.6115984338647489, -0.013042776697747602, 0.11670524261445689, -0.26827671124249336, 0.35629772109612795, 0.46104114024765824, -0.3693898442028106, -0.14590695028481063, 0.6039274673420749, -0.5125348505584703, -0.5260924367569336, -0.5567052551149909, -0.6288473647145187, 0.49177664329181403, -0.8113624523062452, 0.2834828465214386, -0.3882434449585065, -0.6664325710030858, -0.5057623444162757, 0.22703858691720086, -0.5703154021617549, 0.2284094679537531] : -1.0
[0.09044047479946495, 0.14688492590868357, -0.485851964966748, -0.506109322497178, 0.5376768675455341, 0.46147407727255774, -0.03311271383841405, -0.8499565561169959, -0.7498650461094413, 0.30210545249818155, 0.8130928918238431, -0.08426164637785802, 0.06679045582991536, -0.4371050037748091, 0.6909890232831807, 0.4044683010718679, -0.30035869075220434, -0.18024433850390398, 0.5406876119557895, -0.46791478239016615, -0.9061774015414752, -0.8933403425338958, -0.7596706270888145, 1.0782095957652285, -0.9098188144728042, 0.3231772186868152, -0.46427965961942264, -0.6419587905521245, -0.33483699602939615, 0.1595062174302071, -0.7934141459344228, 0.19796288009462581] : -1.0
[0.2819412063813167, -0.24532601491948217, -0.4081346696176221, -0.6587427724860252, 0.6308381080991634, 0.9819696255454823, -0.3320655107962748, -1.3212341080944385, -0.7733565973519093, 0.33719209184358073, 0.7034170271087006, -0.31452965563946417, -0.17193422117412122, -0.6393890405734164, -0.01596368775426016, 0.47281092018395215, -0.3318066201453206, -0.36090158110595366, 1.0319742097196216, -0.4379627842494258, -0.25722382556608997, -0.5924771015127192, -0.2638051271739904, 0.6039058072154404, -1.2765285811744078, 0.48794322356520814, -0.4972902587093482, -0.9056712542000738, -0.24683552225006097, 0.034822773073620375, -0.5676869991907602, 0.13673723524547945] : -1.0
[-0.32690480434531904, -0.31292018253579573, -0.006725736437412422, -0.778972221522249, 0.6575388549509805, 0.9499924708882981, 0.023932966128904137, -1.3514234058288315, -0.6520640369208313, 0.3807296532278045, 0.8258856419798377, 0.25204192747671694, -0.43955995154710065, -0.5091963901003728, 0.31617764279847516, 0.39283328569801695, 0.05006588721944877, -0.22197546805182433, 1.1190394936651595, -0.8163304906716269, -0.4323373764680917, -0.41690436560523125, -0.3132231238308222, 1.0092187926061964, -0.8707244231026838, 0.382446818198095, -0.33049141159383016, -0.8383899880767315, -0.3232045788715871, 0.07479204523357194, -0.42853322330943744, 0.34153045725189496] : -1.0
[0.10603033289724294, 0.09969333331043445, -0.4334812567242095, -0.7889505898540632, 0.6853791280550511, 0.6239127666721069, -0.09896495895698779, -0.65202478491045, -0.594138247212498, 0.2963685940609092, 0.5192582483796153, 0.23770497126809928, -0.16515086185791136, -0.5058410245026523, 0.4919242994993869, 0.5005904495705165, -0.03482325897755202, -0.09099509294554253, 1.1065382160214177, -0.8665695359705003, -0.4064621851331766, -0.5695221641608503, -0.30223302354507, 0.4769237140193775, -0.8224758191088866, -0.03865941309200141, -0.25298768374924974, -0.4144824314621073, -0.4081703499635302, 0.0677471675512428, -0.4095532940689639, 0.5157588358831696] : -1.0
[-0.27798574715033325, -0.27503996138597014, -0.35072730941959007, -0.5213279439106316, 0.3414795135334184, 0.7327962168041062, -0.352099630987297, -1.0519108101757775, -0.524040960713669, 0.5435900228579221, 0.6719153309611606, -0.09312519000822078, -0.2334282871067057, -0.4361797064502093, 0.379756369933129, 0.11139997241968963, 0.11867110893504884, -0.3319715653526374, 0.25272614657676645, -0.5571736083641218, -0.9533886337145392, -0.6300805454163451, -0.34849776449084, 1.0205717817150983, -0.8392068942348936, 0.1492399869944359, -0.625797222669074, -0.887148023155353, -0.4317983908788178, 0.1523293399759958, -0.7021877683336412, 0.33997014709333157] : -1.0
[0.014227778279582683, -0.29631759053982293, -0.4941124287120473, -0.5931591945697042, 0.4934121925547302, 0.4782501431884736, 0.015204547940544572, -0.9910917088951732, -0.9017247128270692, 0.6043831578563568, 0.9245222474834084, -0.11272454342502355, -0.09403202759821398, -0.25023125556195697, 0.5625532334767046, 0.31183769374469167, -0.055951668165002605, -0.17532384265219964, 0.3799985206137324, -0.7013934828408743, -0.5126309778397499, -0.3745077976432898, 0.06673989704278088, 0.8681024642599284, -0.9696881373578805, 0.41507228942867486, -0.2828784044020515, -0.4944375891932693, -0.5849674030463581, 0.020862844078461895, -0.8748269445807106, 0.06565813174954324] : -1.0
[0.41716380723849283, -0.0665203069282381, -0.364783183791029, -0.551371630312409, 0.410549284495704, 1.0020398008690465, -0.2727983500648599, -1.1046580211827008, -0.8135305586463165, 0.5277420090817091, 0.45789036608083616, -0.04447294649708958, 0.16240299839396977, -0.3279587191697322, 0.5067948481058794, 0.5905045557637926, 0.10704579767971731, -0.10988570975731571, 0.7175983931759478, -0.5956650378509837, -0.4833341126195959, -0.5916013818678867, -0.11878471489212786, 0.5548475611962196, -1.0815572860944425, 0.010656908523019953, -0.4320941435622488, -0.7076418144126093, -0.47629750801904397, 0.5010783798454181, -0.5028922696674171, 0.1083524254365324] : -1.0
[0.3636357093476231, 0.05912348951230778, -0.33823322453197174, -0.5193660006478388, 0.3374427377409415, 0.5049550020112218, -0.5115322783041973, -0.7702635971112197, -0.5233247936337531, 0.256162833215861, 0.8068016497972269, 0.0454005366687891, -0.010799182372249985, -0.3018792877381189, 0.11826980620249228, 0.43300816346160836, -0.3729892700516534, 0.12401658369471358, 0.7873332919593721, -0.683091930444645, -0.19793846223698536, -0.34199588181650176, 0.036069784720535125, 0.9513438587699528, -0.5263508410002335, -0.017457204608719856, -0.395291857936668, -0.9339103555669118, -0.3482120314644183, 0.07130633028615666, -0.3485911762946911, 0.4208400434554477] : -1.0
[-0.1420334476280361, 0.11393784465748472, -0.27719574532722957, -1.033837354572925, 0.38083138871582345, 0.6422335157917776, 0.2571056509193176, -0.9155566701549688, -0.2626296613531627, 0.2712086388227442, 0.7878190741405289, 0.22601606411502023, 0.041369514870661844, -0.5078880525615757, 0.40330250290630143, 0.18419618012647354, -0.4412528683010919, -0.2165281004829819, 0.4414197701333602, -0.6296427398191327, -0.42357502976305444, -0.31591119775177545, -0.2716953443726454, 0.8189671907996096, -1.1337311735338538, 0.04883075433116005, -0.43835589357076865, -0.8627598560723373, -0.3244010485547048, 0.11618805642012052, -0.378950267914295, -0.15574098846518608] : -1.0
[0.006279123593043553, 0.269079559604776, -0.3964975198162097, -0.7005570670489184, 0.236908667578408, 0.3646579424799317, -0.009768719752033722, -1.2830374753356684, -0.31190071492700777, 0.21423252569719173, 0.603147352880787, -0.09107037525668843, -0.015760436008539144, -0.2527647160667659, 0.3935275055308936, 0.5640945718323939, -0.5105985268677385, -0.6071124002436699, 0.36915617479579715, -0.3316808174978967, -0.3887360081007777, -0.36453516576238293, -0.5441506714509635, 0.9331038447452664, -0.9706136922739149, 0.2496803828892602, -0.3313715714540326, -0.44855806646971114, -0.3257466795374357, 0.1881457387121468, -0.4270120646140929, 0.25417007762165844] : -1.0
[0.1497202900686529, -0.07633410575927049, -0.23024164342370682, -0.6195305101342231, 0.3086490888229644, 0.8180800591454864, -0.04021606586678761, -1.0565563378229783, -0.5068006903780852, 0.19042497369803146, 0.6021215315920625, -0.0314452799489222, -0.19756528764744, 0.04670197784517538, 0.4028488076657407, 0.8230531038199618, 0.011807029195373298, -0.2672939631819599, 0.559042798357485, -0.17196891917016083, -0.337360649839728, -0.6739992748951411, -0.043352911386002446, 0.9189766194647813, -0.7164664428335743, 0.3990284530981836, -0.46700955649574505, -0.7389324555388391, -0.1324795676866799, -0.09565354680619167, -0.5095862305026009, 0.21065867929009102] : -1.0
[-0.24506137068413753, -0.030052923070126053, -0.10576039948246874, -0.5308254118651495, 0.3529819412821176, 0.7973061405249211, -0.16943140824008998, -0.8843234027890455, -0.24460690212106778, 0.3780766438131438, 1.026966508858353, -0.049199185801938855, 0.041825996924266945, 0.02445585738328665, 0.48827618978753223, 0.4102101631876229, -0.1759412009484369, -0.22489091964917673, 0.7769061391677198, -0.6246052515244012, -0.7730104329018488, -0.775765592648793, -0.3908983813464424, 0.8473664335018336, -0.9870361190478392, 0.20924069717623822, -0.6466850896655447, -0.7715420827730778, -0.32078646917120024, -0.10638196976179443, -0.7431388430544038, 0.5000629584145615] : -1.0
[0.30256734741347024, -0.3750842356658259, -0.5089327260554356, -0.5290225862688147, 0.41921794674281637, 0.39310814611283923, 0.01023638537472732, -1.1068006370521135, -0.596588497580492, 0.3979786617989195, 0.5317173217739721, 0.26907368272246723, -0.21165415231180906, 0.052408154444049726, 0.309392768220772, 0.37101447523485326, -0.26407904357159506, -0.2796282762380253, 1.065846155069973, -0.6243244363286925, -0.4198041813346866, -0.7206005281326425, -0.042276670450750425, 1.0416490064005455, -0.9355059213359671, -0.12482125706971015, -0.37721039417178515, -0.6548639533054139, -0.3600039814415995, 0.22054843933942753, -0.3546403624037461, 0.05582218525112351] : -1.0
[-0.25767337048174643, 0.2965289499649115, -0.16679827229829122, -0.6238599795551163, 0.5569872547420274, 1.0145712615340374, -0.23167053124053433, -0.667262998906232, -0.3452962274939638, 0.6568111137901651, 1.1260967865954798, -0.24708015465160463, 0.017554319819399464, -0.24038445309307577, 0.38040401158094383, 0.6140606921179624, -0.14806830783076175, -0.2148725990359395, 0.5488683057961964, -0.6535031553508677, -0.6158333717497363, -0.6129651103717044, -0.4541034965672107, 0.5506638009013591, -0.847801001424709, 0.6279388221724638, -0.014945639578368974, -0.5669672301376376, -0.6311951652337561, 0.36221945993038074, -0.692710387456685, 0.19326182924879243] : -1.0
[0.19624491594331053, 0.22368167895511187, -0.4778094471082276, -0.7824428844797187, 0.7093100380676414, 0.40572304715514856, -0.5804925566396621, -1.3954780338746942, -0.7754916728412126, 0.33673256809653707, 0.6640956508835677, -0.03269108531614625, -0.04398529903431996, -0.46120034095295376, 0.8275735782427264, 0.6029255859227165, -0.6958647897103035, -0.020332762938113175, 0.6403070261989592, -0.8381598080744237, -0.4321912224065124, -0.7072113363503634, -0.36747632282450315, 0.807063187644977, -0.7688553559514031, 0.1987692681196077, -0.7121040214512673, -0.9524178786903948, -0.36406264048035203, -0.098672904407995, -0.8469686193668943, 0.5200983746754617] : -1.0
[0.4406940927149815, 0.13919576081382506, 0.11415834134085573, -0.6397899155816053, 0.8961396806224855, 0.5215560873940531, -0.2585646624948229, -0.8060505909129435, -1.1042451546840422, 0.10064640553545828, 0.7118766468463593, 0.08536539372870736, -0.004892236428083653, -0.32670212668485354, 0.3588021997583494, 0.38748596343504565, -0.2265504824112656, -0.3558614975051101, 0.7858769324274428, -0.15397194571301448, -0.5521341262060172, -0.6632532610867209, -0.6021427832717148, 0.572772777113412, -0.6910070025582588, 0.09219640599834084, -0.8084209359436333, -0.06277484334958472, -0.06811199462729034, 0.6096042509289689, -0.9246778265084108, 0.4700922583133903] : -1.0
[4.8086551499412766E-4, -0.46191319407379955, -0.5297311334327888, -0.8967540420995285, 0.34206229959911577, 0.8116448908517787, -0.022331168472355098, -0.978603936994008, -0.9017486519370554, 0.30391921571918906, 1.2467075960239515, -0.1686847703291433, -0.1457640497677924, -0.2525843108568684, -0.012036798047574682, 0.36216234660810265, -0.22052506786842863, -0.36808205201522165, 0.7539983666047273, -0.35512278091607297, -0.3367565362869428, -0.9375885064417979, -0.6800973786426525, 0.40146576796646277, -1.0560993144381061, 0.39132649245294315, -0.322196874304396, -0.5902720175847327, -0.5228489096199469, 0.07426798901686386, -0.3661374325838619, 0.30275327790844775] : -1.0
[-0.21630196728617007, 0.1171505043192921, -0.4168145342488172, -0.6643747200370618, 0.9417321781259032, 0.8921192459651728, -0.043811901061152965, -1.0378626062916363, -0.25824287116915, 0.2709451445144748, 0.8259463676360049, -0.27333931399817585, -0.26807794717192956, -0.5039601110901472, -0.01146089192945432, 0.22601391888612116, -0.18087316343409945, -0.2615368759989673, 0.6528791696507705, -0.3725640283035512, -0.8558713636262167, -0.30588169366424667, -0.38232810671355844, 0.769664673305318, -0.5522625328122781, 0.16722236879363142, -0.7574571049359026, -0.37259468634118464, -0.7272967714196781, 0.3267336210270981, -0.4308055210092957, -0.047953585586678615] : -1.0
[-0.532367102629946, -0.18296662130323194, -0.1984203440562915, -0.8085922966896733, 0.88433533296649, 0.772124555386261, 0.12935193120050167, -0.8325233710562141, -0.6017936272464739, 0.6893277414478073, 0.6000096462039132, 0.2431508983125232, 0.19847450293658392, -0.30299094181146663, 0.5873034282292369, 0.5097960994293306, -0.07226722920468462, -0.5877753507125167, 1.0065626870508502, -0.9158845326306697, -0.18984814414308732, -0.6401571397859445, -0.7385547070888099, 0.5633584518686002, -1.0972302752688514, 0.3611277615475881, -0.5133101421044608, -0.976069334064307, -0.09142913485849269, 0.6621161010308501, -0.5568075712215887, 0.2136166462824299] : -1.0
[-0.2875930896854971, -0.38168735453647884, -0.44896563497161834, -0.6666733581905437, 0.4547971271597967, 1.3091792845784878, 0.5056816162385642, -0.6929169074481301, -0.9774011076730779, 0.3239286931460302, 0.9595219016891219, -0.5562586825580693, 0.16470422033809567, -0.31000571845145586, 0.5116124901320852, -0.14810709017270773, -0.007758349644554213, -0.01968787501493277, 0.4828966728397577, 0.2176535100720115, -0.505210897678212, -0.7211761742655269, -0.5452506500995427, 0.40723181377258366, -0.7227329358823139, 0.4937922130200477, -0.5089424097273538, -0.5582892007753781, -0.15382425508203734, -0.14414770120915965, -0.661944024997294, -0.006606977774056055] : -1.0
[-0.10931063255944459, -0.20845104006491627, -0.6848263226356337, -0.3357691619528139, 1.0920130984868188, 0.7723871478453364, 0.16576037246938946, -0.9934686662223913, -0.545987395355057, 0.34599222589072154, 0.5601952720969591, 0.2566235246402796, -0.48009402524137984, -0.28387084049457406, 0.5587119223648153, 0.5454565276452523, -0.11067924957521802, -0.20842025051069207, 0.4181305936489551, -0.6937982762865021, -0.6975151431518885, -0.8729306607961689, -0.5696643826754131, 0.3856501649404278, -0.9100357288334036, 0.1195225694693908, -0.6587121678448914, -0.43247263283774356, -0.3268887626512398, 0.4501335612804199, -0.5441180039056149, 0.2896123116015167] : -1.0
[-0.2586494188938516, 0.12058906646514876, -0.14812030324011283, -0.4481366648949083, 0.7242044089883527, 0.2811573963888418, 0.07883216654924757, -1.232858862968501, -0.822190677032238, 0.757435468982401, 0.12044613122352399, 0.36170977852768305, 3.3356457421473973E-4, -0.12222762833765172, 0.6982690752089227, 0.5183153635190807, 0.13510101731917154, -0.1992004954454475, 0.6811965950127312, -0.35026150671856005, -0.6095057548579402, -0.6952669025677659, -0.816234745329298, 0.9683300938605683, -0.5127139310281822, 0.24641507423838013, -0.6398450930538422, -0.650485985118853, -0.25191907845779127, 0.3139999173751932, -0.7058378428822403, 0.762794259389908] : -1.0
[-0.25898895599864274, 0.06970879008404081, -0.018901422135112922, -0.5845417031132275, 0.3532713294316927, 0.6079726938193408, -0.48907212901153013, -1.316605193660349, -0.8829864046523661, 0.40118832760684414, 0.306453435342418, -0.19003034022485057, 0.10822049683823937, -0.35508056944967503, 0.7318479548491124, 0.3322493310818283, -0.45840580681757725, 0.0726400237881269, 0.26029488680644886, -0.09330553464235974, -0.464532464317056, -0.4306843184905249, -0.7373311896021315, 0.7311074524619615, -1.056231239383175, 0.4741386260810809, -0.03438106571442889, -0.6929565243030745, 0.3394686774107662, 0.4447264996781877, -0.46962467726741675, 0.21072890384830123] : -1.0
[0.483020761748949, 0.03278038545972503, 0.21003759389484034, -0.5931635604618026, 0.48849614323392354, 0.571370547882279, -0.6528523493012162, -0.9925757672336734, -0.38548258087659215, 0.40428299913826315, 0.9321976164830663, 0.1516259403718252, -0.27100480701975516, -0.6466854867088729, 0.3096400101885325, 0.6314032090227989, -0.3093032123540428, -0.5532064873274292, 0.6269502425351989, -0.5328278609902495, -0.44716552114851327, -0.36024744465269076, -0.10001011411485061, 1.119019296371766, -0.3921723617931113, 0.04019998882070969, -0.15741514537199386, -0.8462383107131508, -0.38654096397661497, -0.23042561526261002, -1.1883498383308568, 0.11573119495639245] : -1.0
[-0.4384669044953506, -0.42000583333502967, -0.6673243199341146, -0.6119968267767576, 0.6463789999323072, 0.6387109895891717, -0.5758963226744562, -0.8676986854924548, -0.7178624521035868, 0.34180323303224847, 0.7606820035039719, -0.10889779503444692, 0.11534495750305523, -0.41437487957572133, 0.19294079610796092, -0.1263357933385152, -0.2509723244840273, 0.09753873419635922, 0.5459844198104532, -0.5070076326160853, -0.7259092832686929, -0.3313167884500766, -0.5058366746421992, 0.7182386189956365, -1.0772535629867865, -0.09755318466902146, -0.77097252742687, 0.04337998246788255, -0.25746910052243455, 0.2646564261839942, -0.42155723632127323, 0.037718921660023774] : -1.0
[-0.35468638499084887, 0.24965870094126208, -0.6105449457264891, -0.8514683688737492, 0.6583268196517235, 0.40643577089896477, -0.3267148078445882, -0.7463126205673878, -0.6071640266896957, 0.30501585805575115, 0.6834341529837655, 0.052301369604908804, 0.20310453130972417, -0.10647112215895288, 0.9081318021779884, 0.6096855543989744, -0.17116303693605978, -0.12057691388298986, 0.7415354615394878, -0.4628638376310077, -0.30852212493539755, -0.2434521478285887, -0.8389082400385514, 0.6850488332347068, -1.0204557225869093, 0.45459675600355187, -0.5258921214082826, -0.8648694572995914, -0.485699002153943, -0.23847389905363903, -0.5333046894359745, 0.15374714877434287] : -1.0
[-0.06732014955749904, -0.08081299014430166, -0.5840307405849163, -0.21202904094889768, 0.42888874272895416, 0.9493317086271874, -0.6428200236553903, -0.9053629647189068, -1.0161090598699822, 0.2582712752377018, 0.744521200905867, -0.08487138708516766, -0.47182966330701864, -0.5536919459878116, 0.44272628675515785, 0.15500111164215025, -0.41152842642967113, -0.12043495882999161, 0.691005541811716, -0.1779610210271434, -0.09156416122868799, -0.7287746416240926, -0.6059799261495882, 0.6212215115374784, -0.8748841114585802, 0.3252654644872712, 0.12309827739295137, -0.5312355228449135, -0.25348703403365075, 0.04333411394501613, -0.9215460972569853, -0.07174109814457341] : -1.0
[0.5798541452132348, 0.14407925368871735, 0.04208632573526411, -1.0498767724152038, 0.7431391474522903, 0.46333720281969987, 0.22368364272975488, -0.363479753467291, -0.7516885392758168, 0.27671948338295305, 0.7896238877808452, 0.10296060410747818, -0.124550677076637, -0.22872766741422368, 0.25404543889763365, 0.03963797435129052, 0.2066222577790871, -0.04288651717924344, 0.92676109907034, -0.3424318268267242, -0.47080728657150583, -1.039635896612515, -0.0837856659284229, 1.0628918938565342, -0.8643423332726214, 0.3410169520264726, -0.9774616795518603, -0.32015266931392344, -0.003599168678640574, 0.24798787684532173, -0.11202853428610393, 0.0472433311149868] : -1.0
[-0.48212718522738635, -0.07063406084018437, 0.1482608279289943, -0.26069564252408256, 0.31712457955118184, 0.5083353935081809, -0.4485538000735273, -1.3620021010410317, -1.7092697573222697, -0.28029737044521996, 0.49020364133194405, -0.4087442298224262, -0.07758720437357802, -0.8464104334568469, 0.5502909466205781, 0.5097064022514003, -0.01614078525364493, -0.22618779036632503, 0.9835955021395149, -1.008902412293618, -0.28938269355090995, -0.7752418314598052, -0.5558147937945002, 0.7785588282923456, -1.027563109534226, 0.5685997645251232, -0.43777521581501816, -0.3028470399658814, -1.1566182091178039, 0.23018308060426207, -0.7515138775215805, 0.356304478849529] : -1.0
[0.11932002921652066, 0.604304979782446, -0.48259191596578516, 0.2174268511980375, 0.9839108764258229, 1.2072959961089955, 0.2106169392642404, -0.42755264529018033, -0.2662642665487429, -0.13247787797909738, 0.8135652765995196, -0.5543357321395559, -0.16080740191800316, -0.051139884619645026, 0.5095477265890196, 0.30686405223866, 0.18912439422598532, 0.18008345897224837, 0.5950760394198924, -0.03260349879428548, -0.47801824178898206, -0.934180006475286, -0.9838852247721813, 0.4315137044205037, -0.6340492427552056, 0.3731455805777922, -0.9484623214483747, -0.6323075156045134, -0.6520944383640461, 0.21667120870535495, -0.2752079445411038, 0.32279441671942777] : -1.0
[0.2255799396400237, -0.0447571023944488, 0.3365790776637614, -0.5526123848772576, 0.5009658992188069, 0.9710296137214323, -0.17816078227559234, -1.0976518435788627, 0.2088384839463051, 1.1193854535864056, 0.590751990877342, 0.39264124768631287, 0.08659309373944277, -0.15547812096351715, -0.1819122535018073, 0.5494110618539589, -0.4114905089734876, -0.47141322417089515, 0.6328451258977578, -0.5290744332985318, -0.19870521020209986, -0.6719752466227423, -1.4295012461753978, 0.6169761204853788, -0.4905981816847552, 0.7116216405852773, -0.36397382227281405, -0.5738687636667587, -0.2988341244688475, 0.2344515405627728, -1.3188860892069105, 0.4581335664803483] : -1.0
[0.6048984391985079, 0.1343154661051632, -0.6041068740996592, -0.41649590361877953, 0.24858641590114844, 1.02253341781679, -0.8953704157826017, -1.233459329166058, -0.23900032776640173, 0.25759807857717754, 0.06771265599432552, 0.2765721768783919, -0.0203267424796168, -0.26832774812730487, 0.7410299249234304, 0.6401958649648265, -0.3060214455368539, -0.2990528252341411, 0.1895450060085328, 0.034970560712780596, -0.5572917725433478, -0.9246038354740089, -0.7299945554515719, 0.4937666544403667, -1.3218416343181927, 0.7162817595411881, -0.12945849185961428, -0.5865262001468218, -0.6555490295005839, 0.4635029890073135, -0.8500913196597886, 0.40764833467645006] : -1.0
[0.10164966586485383, -0.4332739497190834, 0.7117169301333016, -0.3877235974932156, 0.5597980722569112, 1.2434949798277277, -0.40807523254399675, -0.7812688378650537, -0.3965415215500458, 0.9196758988852113, 1.0934080273977889, -0.5786946009740649, -0.6368890570333459, -0.33338731242110325, 0.662202909858925, 0.09697128146634926, -0.32797347773738145, -0.5790090297467592, 0.352721825435259, -0.5977043030596356, -0.6946580027886694, -0.6105153368860039, -0.8840131802352417, 0.9019846011014169, -0.6606918977536712, -0.007735921801440393, -0.10169870267474618, -1.2584336941844012, -0.6003975597665212, 0.4612418614017223, -0.5278348549551732, -0.19973791053663076] : -1.0
[-0.11442199176261819, 0.26319515958197925, -0.8398425871442415, -0.5716920226942275, 0.16934760834321833, 0.9190569950555797, -0.22170928015424474, -1.2631074101397584, -1.1744052175304183, -0.4136286561767806, 0.3080651353239027, -0.7478962756311192, -0.0033834317708850772, -0.3702518609538794, 0.05184915283339503, 0.5232049407580266, -1.0712617241616764, -0.24639666336154512, 1.078881031264158, -1.2433095980686, -0.5587731517132606, -0.6956666357876737, -0.707573221759328, 0.5787801100615108, -1.0453939922678936, 0.04239297610140763, -0.6762272989897006, -0.4841560294306626, -0.22176240720718723, 0.3751136100056738, -1.0970854954764917, 0.8376230143104877] : -1.0
[-0.7749826704606659, -0.8733164552347806, 0.2414989632326595, -0.9263814905668551, 1.0961499559319114, 0.5216483423009685, -0.30637020971823964, -0.6793589157514544, -0.8781227711218915, -0.1626103707563512, 0.5082805383066402, -0.07181159896477143, -0.2735399037409502, -0.7709439715372379, -0.04696467089583323, 0.22758098141804606, -0.4562054295964322, -0.43958557544051857, 0.6065739262524834, -0.9368418186219079, -0.101401342403586, -1.1031406873909344, -0.6526174120719177, 0.5654012425399302, -1.2491895068685426, -0.27021623971537106, -0.8489066927380483, -0.8863145471569789, -1.2174018586797533, 0.08482152822501968, -1.375494057875382, 0.3667588579518176] : -1.0
[-0.2233835097963818, -0.1360781410201821, 0.5055826833705359, -0.1929171597649465, 1.1621513526734975, 0.4825404227250112, -0.01262422152301168, -1.0086101738552689, -0.846901715419603, 0.49341527180017425, 0.9705883584698138, -0.35652391793990773, -0.394105476258687, 0.0027655525431315997, 0.5357732207603463, 0.7883516025858813, -0.3031508396227933, -0.03835031942786671, 0.21284799291851025, -0.32040573350525736, -0.5325395859373518, -1.2550930017855926, 0.2632617301080276, 0.1720233685007697, -0.7479227354095254, 0.6872065082302089, 0.10489173219343367, -1.1654960829108698, -0.8320699448730768, -0.12146684706110983, -0.29682483953775485, -0.05417143075370673] : -1.0
[-0.21309048963214228, -0.22416725958863035, -0.32100844173119103, -1.2380732344053262, 0.016067173883872576, 0.9370716606707916, 0.13433686396904898, -0.9781354536304252, -0.4530804436861858, 0.6781066366357619, 0.6098933483821041, -0.32992239913947874, 0.16465486434487545, -0.4127380154379626, 0.16125779073609559, 0.5681565764058918, -0.39026354267240176, -0.10985095090415231, 0.47994017500934666, -1.0933153149091885, -1.3354652729739867, -0.8908666779017828, -0.6962037958125946, 1.0047588573893635, -0.7746973456924144, 0.196002720665334, -0.31781376641319325, -0.11035192149689804, -0.2958642985018655, 0.211706313131004, -0.6768020700488149, -0.1331482869915271] : -1.0
[-0.12058273187933963, -0.17216239203378456, 0.10578544228342596, -1.2425284208970422, 0.7365542715636192, 0.38872388049291223, -0.2179227861462311, -1.237131055447237, -0.4388201819213512, 0.03264958645575183, 1.1074633663618714, -0.4092986514559953, 0.2853026021868859, -0.8692161321135159, 0.6473228485066114, 1.0529235528801788, 0.3764749022603337, -0.1044061551101935, 0.8176382336734133, -0.3045912662580616, -0.8432086284220162, -0.7604480362845215, 0.4347573569899941, 0.5556182490381845, -1.1682147596235009, 0.22556980508313873, -0.07953722756783682, -0.29955632257797293, -0.5448698503980159, -0.2295349899457209, -0.18539988343787894, 1.2984827825459253] : -1.0
[0.0070289811953556415, 0.35284995830318, -0.6447482391550836, -1.0339533496519888, 0.6990625537164502, 1.2853484521289489, -0.1656534674666888, -0.673189837827467, -0.38868550075048575, 0.4628377104769209, 0.7320281075691986, 0.10323261163341488, -0.08605901965959907, -0.3909050313403834, 0.6577029891248548, 0.5288329479970345, 0.35098547543065667, -0.8799249961730309, 1.4114633019582818, -0.2215569375434292, -0.7409985412660585, -0.7971055010289442, -0.12545499553325928, -0.13390010493390925, -0.6133227162135693, 0.45759904144651453, -0.774488675958271, -0.528728751461301, -0.4454723027361258, -0.7663428615345786, -0.6863438131342562, 0.5235679201271052] : -1.0
[-0.07962700817542444, -0.10452405628715919, -0.35567049603729345, -0.19859807557917963, 0.393054643061095, 0.2562978682165642, 0.05719853502806449, -1.332084096132643, -0.8597143088493792, 0.37647521117155464, 0.6329569959015473, 0.07808137689727895, -0.517564079200982, -0.283975634171243, 0.2439739389998288, 0.7685411452931996, 0.09095937262644233, -0.4889942851765306, 1.1067933049148757, -0.25968849206448796, -0.731774330312833, -0.882760448011179, -0.44724635347936503, 1.2016227508154107, -0.6708531284351521, 0.9460239766834762, -0.7227089886730571, -0.9064987884837894, -0.706409212965853, 0.1347160304158662, -0.3902980748672522, -0.3050735410004824] : -1.0
[-0.4014298251961486, 0.3571938198951629, -1.0859238782354315, -0.5798802974811753, 0.5716625940753852, 0.36204004529452477, -0.02935265147463123, -1.001578128323745, -1.1621062416077088, 1.465110164554725, 0.842036860132853, 0.11980225834754768, -0.2042549660653291, 0.03417076368472083, 0.421912792072824, 0.713846107156637, -0.47442418057706215, 0.4847333365163856, 0.34963088020567973, -0.02522534305070756, -0.8858447154638482, -0.18714319195202278, -0.8215698720277498, 0.7501999456181545, -1.0223390160502557, 0.25072718543674843, -1.0431399351201402, -0.8260422281259401, -0.36658844694881787, 0.6161905699564917, -0.4536765179389741, 0.6900960488584258] : -1.0
[0.20861024698656433, -0.15113884947305073, 0.579718469511517, -0.31796575155847606, 0.40642966452011686, 1.042566875234361, -1.247243935044185, -0.6833995658992764, -1.600114135099028, 0.7776367115593855, 0.40437421879187657, 0.6122428800105029, 0.4493006056871531, -0.6622921815464564, 0.8433530688420952, 0.18135129106550296, 0.2224285260103306, 0.38695728852679345, 1.1910438088066, 0.11124555158223831, -0.3920126913393633, -0.46102371621130334, -0.732387036006296, 0.9673866769915713, -0.8253422062302176, 0.402710030640721, -0.23022165813213652, -0.28489239327153093, -0.6735481048317984, 0.8100873996658766, -1.1360530473368167, -0.8853707387553759] : -1.0
[0.5557518772458825, 0.5944886633390374, -0.4879910536437361, -0.3887025279107962, 0.5985091026709876, 0.6337831605947228, -0.19709175967877812, -0.490883250980671, -0.440052461091724, 0.6947352073195352, 0.8664435058051404, -0.7807384415334879, -0.17567284418111329, 0.10876541640730586, 1.1188753823416833, 0.6510958193858716, 0.4227271333294939, -0.29104111588669, 0.6388412926904383, -0.9492595306779705, -0.8735965732360743, -0.5997003872704545, -0.14335820559521756, 0.9798183086088896, -0.8895337812682956, 0.7346967098826277, -0.6327681571705706, -0.595675755782259, -0.527727983680452, 0.9109785792552194, -0.5621443975143748, -0.19943503729936138] : -1.0
[0.03823617028848167, -0.11547001992182375, -0.04905072325544932, -0.08092972980065427, 0.4815054899884121, 0.5565829005637104, -0.3540298176938099, -1.6409725315496098, -1.5951128190156845, -0.09622863099742726, 1.0795640441077046, 0.2608570469831983, -0.16966003870822316, 0.793802079466656, -0.6961378482785276, -0.5029064562514993, 0.9097503656320494, -0.253216438400647, 0.7177634311909407, -0.68017878368207, -1.569115025654182, -0.8180405355522918, -0.8524030403795955, 0.5932439922635271, -1.503430666901991, 0.8851024890866144, -0.2732388426344362, -0.8031834352779648, -1.0998104261159383, 0.13046880662627172, -0.1188249165040165, -0.20213841784482325] : -1.0
[0.5459326280137988, -0.2793812816087831, 0.19861037440778537, -0.5752369463270591, 0.29484908512644986, 0.5875890619399076, -0.06294579442689216, -1.2343918757126466, 0.1991815324813334, -0.3624752345373935, 1.2882315336241406, -0.18711624848363445, -0.3175529024058598, -0.15610536345053172, 0.3615915213350826, -0.04479168363539776, -0.6870416520994242, 0.3179350779870165, 1.4603210910120787, -0.44887407608517355, -0.5591166564122252, -0.30635296243056465, -0.7098908884218942, 1.9864231294344563, -1.1803098662257745, 1.4518513832662268, -0.9762742905458491, -0.9539423679538062, -0.8363595510750027, 0.48058037939358333, -1.2672051422565578, -0.6167171327093032] : -1.0
[0.8832223519853502, 0.13925613431228995, 0.2970549376084124, 0.30311421523012494, 0.7658129646853323, 0.9511988954440326, 0.5027270647902058, -1.0604281263725115, -0.061936122507306623, 0.13221917095748525, 0.5543783930738845, 0.05368041359171563, -0.6885365361095281, 0.15591543323869433, 0.6667854906041137, -0.17613756062671004, -0.1113870462893744, -0.6190804309835787, 1.1865601641112338, -0.44457060552566524, -0.46024720256852103, -1.1836804859874461, -0.6037508608497505, 0.5117907779936338, -0.5605128827569639, 0.731811597995137, 0.1346577971919638, -0.897860049405699, -0.3620825765076492, -0.4990534052922057, -0.8280543751150302, 0.23578180438380164] : -1.0
[0.4631601597844533, 0.3411117940630233, -0.6615117518770975, -0.23765658376378884, 0.684180276983393, -0.35198453456596746, 0.2267884381592471, -0.0872600411334985, -0.6240876877114809, 0.22294193342847107, 0.6483179670266798, -0.3627249533207271, -1.0390279878125972, 0.42200476722435637, -0.05642290168417341, -0.15414117462737364, 0.6249570668815569, 0.607997176251672, 0.9843179144395894, 0.904863071344145, 0.2639644173940012, -0.09320337362691644, -0.49906703653370726, 0.2434498470835228, -1.4744583180865307, -0.39024739370652306, -1.2164781104220812, 0.35562406238861194, -1.5789878528471708, -0.6861832520276616, -0.9052220303682491, -0.04112261991651525] : -1.0
[0.8555093783228926, -0.15199050434760392, 0.4961098568509252, -0.42089864059091936, 0.4455153848260361, 1.2676877986018145, 0.40144208024279476, -1.2144301106520086, -0.9255017847842976, -0.3382756987720237, 1.1262260284458847, 0.06668691476622318, -0.6411985109769416, 0.05079894494430487, -0.838862559037233, 0.24150691907041838, 0.21338835326192765, 0.17071634575258401, 0.04294690657652778, -0.19147734870027666, -1.2624891019928466, -0.7296110907490179, -0.6230216880231587, 0.6401753048416916, -0.7001707292253094, 1.3233037068389986, -0.6612716665762132, 0.32136220788149955, -1.325465074609621, 0.2640241154710304, -0.2796459023373007, -0.09530510862961347] : -1.0
[-0.2913243258620372, 0.4435141472807771, 0.009745445996991405, -0.7643703125205585, 1.2971799969733342, 1.235287179384592, -0.07567792919164049, -0.2505892751272104, -0.10539032024702288, -0.5028035352016483, 0.8966690866514606, 0.25078035174854096, -0.362333950649014, -0.7419615006974031, 1.0369179527725998, -0.46843103779610507, 0.3449807152805455, 0.8516016879596369, 0.23569307402929873, -0.5348741357985971, 0.37436272816153815, -1.3442384466545079, -0.9263108252012968, 1.4365924931050997, -0.9871283248464993, 0.36600499525601965, -1.2508238849057118, -0.5778038819271218, -0.1775577122111363, 0.40476549577759025, -0.12392185158230073, 1.291364654135328] : -1.0
[0.9346375905221431, -0.48906311097054045, 0.5902918195440131, 0.05687268422702296, 0.7597083683748378, 1.1515677574280263, -0.1304280566627194, -1.1412721448508976, -0.26974199109835134, -0.5850040249339091, 0.17397599278197462, -0.4906868619361625, -0.5923717144665036, -0.9410843548225061, 0.27179051324751036, -0.08125509672432668, 0.5702764862794076, -0.4099481367997899, 0.3719526631084163, -0.9045368397730047, -0.5782466770607458, -0.6896771473672694, -0.18110415129039342, -0.21824972899771, -2.1907281634854963, 0.07372789202163943, -0.7281625470163317, -0.9318157511151399, -0.5959031460697087, 0.6333272538346444, -0.31029769830980636, 0.3604028254862187] : -1.0
[0.40330727430881075, 0.005713073746319422, 0.6222699520512739, -0.3552346503295024, 2.091619586825584, 0.2874086545495872, -0.1295383201708244, -1.6481395038694897, -0.5905448816543708, 0.6653487568598778, 0.8150122207123329, -0.09082913361725335, 0.3035753074001012, -0.5689078623313296, 0.8401623313781148, 0.21379071599389715, 0.4530121311564701, 0.03714096609758011, 1.228836361528185, -0.3103779545856492, -0.7138113514308912, -2.0838734433785273, -0.30585801516080574, 0.9013266862478873, -1.7612440375994236, 0.6104673828866195, 0.5230902625140472, -0.4491148434967439, -1.1811331674163081, 0.4332250937378348, -0.6801070155044608, -0.40974880762081156] : -1.0
[0.4758620630301165, 0.37031076213263875, 0.4692703100245489, -0.6975733444013081, 0.8060719268097348, 0.16522297045663314, -0.8063732048589507, -0.9446775209694497, -1.761823837151368, -0.3901899100369691, 0.2595413169556767, -0.7040901257572725, 0.17375246168779052, -0.5426454359719318, 1.141116526774885, 1.033016661920572, 0.23081284547399022, -0.26715943490598343, 0.5179494159359683, -0.31314711525299377, -0.34456027314482235, -0.849331020724642, -0.7710845470137621, 0.733280369993734, -0.5344385733132018, 0.6164390191160486, -0.3745267665392108, -0.5416864081352679, 0.40359210846277765, 0.7072343743306773, -0.8912219161316776, 0.2953608886158717] : -1.0
[-0.2599148725162095, -0.04603846651821565, -0.3295741465109854, -0.2959250056948459, 0.6677614567038825, 0.9304638658368345, 0.024408842797702904, -0.6958485775052824, -0.8637652888816719, -0.06293403241358306, 0.8950124081167217, -1.0346907275248451, -0.44799324347388164, -0.5954064322046613, 1.0121146004361061, 0.4720790480441749, -0.8189201089975751, 0.06479496911922436, 1.4091354869198471, -1.7622353467813308, -0.4054008263658803, -0.9493036860188876, 0.33789714214214317, 0.9476328456804349, -1.6665353696537033, 0.7219755297843857, -1.2651120832535354, -0.7187159450653782, -1.137844348145516, -0.18528356007503666, -1.0386937860812284, -0.3831980081480115] : -1.0
[0.6555054109714034, 0.21037113266314475, -0.196886062208172, -1.853892740141085, 0.4720146058006288, -0.22355764734650185, 0.7836948116516539, -0.32718837971078046, -0.43137503435120306, 0.48787700124923894, 0.40033168718581336, -0.8706239819815667, -0.26253250546991297, -1.077570635718533, 0.5111417593425129, 1.434247428899832, -0.147079761817244, -0.518655524684489, 1.054590339614196, -0.4865620430901953, -0.5369841031493492, -1.623907326064772, -0.13317468262726145, 1.1943706664755216, -0.7760395175987718, 0.5106432682939144, -1.3017990715361238, -0.6124867396993218, -1.0621398042698318, 0.7914091010897764, -0.921700990859797, -0.27778045428897313] : -1.0
[0.3295295260316081, 0.5389424590050917, -0.16076269167986593, -0.48019655749182055, 1.6437020431795735, 0.6472531700056248, 0.16245356000926114, -1.0484634801671215, -0.9946773231031518, 0.3339261460347792, 0.917272388480976, 0.872383270236488, 0.08954341063494824, -0.5994556652639986, 0.6260076975009649, 0.2674409213562359, 0.08377021113159826, -0.47845633208732197, 2.0099136388041687, 0.15748425800108062, -0.8850284145569607, -1.8547878359985468, 0.03259567919646267, 0.2136236903976697, -1.6394326142530664, 0.5840368902756613, -0.2425523348754624, -0.33266284187026496, -0.20412437655297622, 0.4924182282762829, -1.3441600145175463, 0.2950418517391238] : -1.0
[1.405700971805682, -0.0836701552650253, 0.097246287191765, -0.7345290853274864, -0.14801227751599216, -0.6183672709338323, -1.361058054676294, -1.4861593532354218, -0.6692740363066014, 1.377801075068239, 0.3009706389960223, -0.5763077332605835, -0.36879049689251603, -1.0034253876404828, -1.3513090973025148, 0.5623072606400845, 0.45957675567400774, -0.4877952873599985, 0.6961950393441662, 0.14197665309711327, -0.243063228103501, -0.9930746025912998, -1.3210342962881203, 2.703911443507071, -1.3388245896465505, 0.29355398973251257, -0.6363084034321247, 0.5930628365908425, -2.4010435657647715, -0.07686294173490615, -0.302558648144371, -0.24400982521389725] : -1.0
[-0.02513822221113654, -0.1446823672762971, 0.9660799992166282, -0.43945840771351696, 0.8933322754372613, 0.9850822881603202, -0.39093291661552126, -1.3759334187755985, 0.04210062584298202, 0.3154119428615191, 1.3132316488692228, 0.5489703933662345, 0.3740818802651562, 0.9582213673262414, 0.6182620078366508, -0.12636224113691616, 0.5452612287376739, -0.10335026238225702, 1.6027530232643767, -1.5291566711002824, -1.394431820439959, -0.6575988060392208, -0.5828541359870641, -0.03229668599563951, -0.8373669678209761, 1.265634183701712, -0.852815107926237, -0.5357883125471137, -0.5494774678553196, -1.8697558376408359, -1.792948111751492, -0.5860297784670028] : -1.0
[1.0963971977685267, -0.3067295362199717, 0.44184114103844496, 0.27136848316387086, 1.39998122947416, 0.3227316345210975, -0.7306693204932013, -1.2174462273496187, -0.22658850499642358, 0.5660303883610031, 1.6406873878360146, 0.10878834239926279, 0.058171712386362054, 0.5285763367384462, 0.19578240089489363, -0.733701525891858, 0.3234467622066521, 1.018517875968778, -0.7083597317324368, -1.8120501407849487, -1.3463626736601633, -2.0325353958255983, -0.4565333165918625, 1.8357058664927737, 0.47529773741835346, 1.765164880551865, -1.9577421480912058, 0.024364348542423753, -1.6371893602424117, 1.7572467528621734, -1.1447875655027668, -0.34791224068551174] : -1.0
[-0.05821713018715208, 0.6549465681027004, 0.9796540105843252, 0.031612250480139825, 1.0243328824740545, 0.6247807370104239, 0.24783033134764343, -0.410706103137375, -1.3731255699425273, 0.4394791178648779, 1.9976326643501263, 1.2993287575978554, 0.20273462062621656, -0.3681131362740999, 0.18945212690337626, -1.3678310934337419, 0.432360321210714, -0.08671668393295097, -0.3400058173868985, 0.5605881541676468, -1.3850510595331311, -1.51591559996695, -0.6544144859177957, 0.9347015219747348, -0.30397152329513955, 2.021951655209988, -1.2043976886495071, -0.07219872697537688, -0.09045680574753334, 0.06341690550820056, 0.4230348428524695, -0.18178815233584383] : -1.0
[0.14107149419986106, 0.12339450001144303, -0.47628340947400727, -1.6721531982592723, -0.49727986135071617, 0.5255661298869508, -0.04933333985465954, -1.4949450142531815, -1.7905881905170156, 0.518911350694709, -0.03579577057342831, 0.29372326150820305, 0.9785970870951882, -0.4682778335126149, -0.6272087070090839, 1.6280222644565816, 1.1938906265094293, 0.2035944132935123, 2.5495976915615106, -1.612361824896884, -0.1759239961579212, -1.1819994464259125, -0.48631393069869533, 0.9226712319326495, -0.8011002192421002, 0.20620593171017826, 0.022052998923365152, -1.1569843609561814, -1.047946268894888, 0.16996359448051784, 0.015011014561331693, -1.4046056947441081] : -1.0
[1.120599493924444, -0.06922146578411228, -0.19910149383055903, -1.3815953943499022, -0.6097396458443467, 0.08426021892719526, -0.1896489739170511, -0.5297101008078995, -0.5018429597321725, 1.1745379514043044, 1.083622087133049, 0.18048440429363954, -2.0505858183354193, -0.6439722298710391, 1.8448099154467914, 1.2849996322354509, -0.1444787621222201, -1.6236869753163983, 1.8880379728454826, -0.8578920246902901, 0.43304268297030735, 0.030601434822759566, -0.8333242068192681, 0.7665187816965009, -1.2846923515093258, 0.563784887260111, 0.745253146704957, -1.478609715209508, -1.3688439807640513, -0.4538585621020237, -1.2359257085907194, 0.3783814664518289] : -1.0
[0.9183816640329203, 0.6083370806716794, 0.19883217759212796, -0.3265333776708262, 1.6478542923997286, 0.16523538589489295, 0.357431706361798, -2.218528263310458, 0.7591849539281244, -0.869477524073407, 1.1443257953406987, -0.49276176472962974, -0.016584881305102543, 0.026836076863654024, 0.9504205384836462, -0.07352276433009391, 0.2073182805381576, -0.08256029687394535, -0.2411163986689544, -0.14325873977510895, -0.7362779716300673, -1.538387796000638, -1.2555015359501902, 1.509455186085639, -0.406092894595975, 0.6662038245327451, -1.3714548797430566, 0.23416459579869808, -0.8657392213593658, 0.9857693076800444, -0.9329611602994119, -0.2943171039542969] : -1.0
[1.2734399490432424, -0.5165915057526895, 0.007225852800997454, -1.104839965106619, 0.3274523416952283, 0.20718398678897243, -1.1101863699907448, -1.414841457320965, -1.8261452889989047, 0.6540129475261075, 1.0339576124651058, 0.1351630950400151, -0.39206006260541737, 0.5616062738161511, 1.9957832705040612, 0.04708244346236651, -0.23506194005289843, -1.329932723409802, 0.479574008360402, -0.372790950858668, -0.012262551519101939, -0.9931177775330085, -1.6213428093412943, 0.7267452010012483, 0.2042993588420544, 0.8949817146616177, 0.1258280745537388, -0.9412261306242282, -2.314425961665747, -0.1243098598623883, -1.422876273154778, -0.9782257897303439] : -1.0
[0.05225823293849696, -0.5824270360838701, -1.1864252630287986, -0.5206705680773289, 0.5975017630370322, 2.245480903433984, -0.7837019314341538, -1.345457753906399, -1.0732274953462153, 0.5672906441488408, -0.7060767880611959, 0.4171055208597681, -0.575410078447137, -1.0269523506217317, 1.5725416945189732, 0.47034268145784597, 0.5112588923993058, -0.22237769779513666, 0.008032286064201144, -1.5942961384584227, 0.4861003795923362, -1.9351044986048092, 0.3831212173002637, -0.43398360675336, -0.712142425531402, 1.1378454427581037, 0.7597759518802525, 0.2705128569057115, -1.4520143522859819, 0.6659208643287255, -2.149551837312192, 0.10941649816899257] : -1.0
[-0.44021298347847326, 1.8553205342671244, 0.4129123097334754, 0.4309489929281557, 0.7267485602965746, 0.42802698719538324, -1.589121213783348, -1.0086359992085154, -1.667864860346828, 1.3913641098230383, 0.42883554296633425, 0.030254497559430073, -0.44089998820249626, -0.6766538305663645, -0.6532080215134788, 0.40918160367760015, 0.2849902099246361, -0.2886758678390904, 0.911589521662603, -0.9923516267816935, -0.8678007664762104, -0.29923548085295254, 0.30784780491180586, -0.25714257790836315, -0.7162097102798136, 1.1073422261520205, -0.17340591272942446, -0.500995234158457, -1.1748633206098251, 0.20923106480354686, -1.7206482310782776, -1.4651629938860165] : -1.0
[0.3937161933572387, 0.6582240988005927, -0.12014329317786884, 0.028816428876024314, 0.36320894800702264, 0.37346294460175167, -1.2218415618379348, -1.38954886385051, -1.204133819958025, 0.31558328609672515, 1.29062578197949, 0.08803736992543797, 0.006073564464265352, -1.0977025009585846, 0.5044735742384934, -0.13363101169382063, -0.8580223914359721, 0.412743843708229, 0.4042642099294992, -1.2002370694962705, -1.8622343805900938, -0.5475702635926146, -0.14314754147150732, 2.2860794459873475, -1.38489875696579, 0.08463093975897995, -0.06023995562125983, 0.19076373647858624, 0.9814072172330316, 0.5525381578576949, -0.5432474426724349, -0.5703089983078501] : -1.0
[0.18135230797377427, -0.5239509531407722, -0.20803828780312755, -1.395005975518024, 0.7737595173278797, 1.4684621130074973, 0.587552061743532, -0.6291230768932529, -0.6529488555691856, -0.02786794774207635, 1.5911101045546163, -1.3153862090441704, -0.5907574061720163, 0.10265835010839203, 0.7633899944838952, 1.3015284097243436, 1.4105571876186855, -0.21917199256087372, 0.08047116214790107, -1.158213362237437, 0.17608497321813, -0.784186761206471, -0.43283690797035346, 0.8848876236231104, -1.2410523551972914, 0.8233330709286382, -0.16222517835799893, 0.0221841007427801, -0.8348620055151319, -0.1605372887648786, -0.6452572679607239, -1.0673759246300598] : -1.0
[1.2347150028725833, 0.7368239055031104, -1.3471261751275163, -0.2110277421784115, 1.1057444592979742, 1.9035007661142869, -1.9274050195361765, -0.34568323514603305, 0.44024815797155603, 0.3896067770475919, -0.22501532681578884, -0.504739181623599, 0.624392923125015, 0.30575594380853705, 0.5978390682591488, 0.16738142683077797, -0.10764929336391477, -1.4671564190935635, 0.5264213692386943, -0.7191714370345681, -0.39427245521264015, -0.48179777499368115, -0.5976457958355476, 1.1819688150698227, -0.3101974015058979, 2.0204074183120673, -0.26868424625170456, -0.03102538571615765, -0.41245247227408943, 2.6613219785285556, -1.1981721945904242, -0.6648851114013783] : -1.0
[-0.5071410344315349, 0.010388350846690132, -0.31854925152553204, 0.5365195152863722, 0.7864159425364461, 0.35214385349615746, 1.3157911833851599, 0.05187199518073715, -0.8705756821292008, 0.42786075306279986, 0.1189685751046059, -0.22171622370239114, 0.19245850159188144, 0.7585278411982248, 0.021729565975620146, 0.6054914982693731, 1.059081218213617, -1.8932048377897124, 0.6303969796482649, -0.7154383798823597, -2.170298163531523, 0.11866317090424483, 0.013997941467857489, 0.3383389071144276, -1.3145560097800142, 1.5265828694186523, 0.8173166918393926, -1.5050371135533809, -1.563442285687434, -0.08530605670178903, -0.2431143904733668, 0.15707507531904785] : -1.0
[-0.951735560117743, -0.6278230935955326, 1.7910140945759137, -0.2838579335787301, -0.024393344588023003, -0.1529093905888118, -0.3807414361067953, -0.06266007256843631, -0.8881100974560648, 2.634472495818716, -0.7281995748480969, 1.939261552734417, -0.057208128823103915, 0.027940237563303133, 1.6841293440530802, 3.0917672677134242, -0.34603940651355164, -0.6565059954619374, -0.12795880176379426, -2.059321582125873, -0.726342052093543, -3.8426771835997027, -1.7021591287868503, 1.622305068183917, 1.538497492387199, -0.6117957786640351, -0.7457177046682752, 1.180058158597482, -2.643721447566499, 1.5754595748413653, -0.5171415210523654, -2.2927419046653266] : -1.0
[2.1134987242365564, 0.5797934087034298, 1.1257328864235718, -0.20390793346325614, -1.7204290104226838, 0.019321798516208993, 0.28812297947370025, 0.21080864381921138, 1.2799565192105757, 2.4411243330253747, 0.6007720103260188, 0.1591869802182286, 0.2596684458765553, 1.430555798245762, 0.13171264964322035, 0.9739068311835133, 0.2690817291566252, -0.20567344154027944, 0.7668022416975688, -2.969623418765372, -1.4154538110238164, -0.5895447906709941, -0.8959740057773844, 1.8849548862724972, -0.5432157986076729, 0.9279524565349953, 0.6447124482559787, -0.1507273975925872, -1.4697598479151086, -0.26151424150294644, -2.847445454648828, -0.8011386625079637] : -1.0
[0.23619903079778243, 0.4082916063731506, 0.6295953326546417, -0.43070189589250385, 1.4608679727800407, -1.0918135407635088, -0.2519340005305792, -1.8573372040033118, 0.8750787865878965, 3.376012519970457, 0.4643447513461514, -1.4621283240665435, -0.9303792014024729, -0.6449919344644583, -1.726052239912277, -0.43533987038886085, 0.47503118407052547, -1.0705898446015474, 1.6900372646221302, -1.15761593056297, 1.112597500440488, -1.975601269402791, -1.0875710487735297, 1.08091829784829, -1.8736617048585664, 2.0763765750330325, -1.827391621754575, 0.38520188065203903, -0.18864777146795642, -1.3124936809560839, -0.3002099568096732, 0.4306747571997111] : -1.0
[-0.4189013924011974, 0.8572639074986619, -1.0398453642420615, -0.26874403150596327, -0.23154709119786643, -0.9909679548258804, -0.18414827019843732, -0.5531380283924188, -1.200680528256882, 3.7444183607748185, 2.8491912559303514, -2.940996204084371, -0.5935353401849182, 0.9529608856910304, -0.617960544948768, 0.02964317102297718, 1.3533772880452888, -0.5916098592426224, 0.0010336843877618573, -0.2657998916007627, 1.4191352542728164, -0.7279752253125255, -0.07704890444694401, -0.0829135526452256, -1.6680242990874627, 2.0225639206178627, -1.5991222454405856, -0.24778992616595635, -1.3643782206065855, 1.0425332202188897, -0.9512716949409705, -0.633158476948531] : -1.0
[0.4909405833954674, -2.7893900298685366, 1.5598306620383877, 1.0055322215218712, 0.7427166522917497, 0.016974487663654947, -1.2571839616458513, -2.944893144758558, 0.5277456860694724, 0.6704642198683501, -0.4823579146381003, 0.3669900397991495, 0.15047103913616186, -0.6631580676357721, -0.5036871341067695, -0.64560412547536, 0.12929489043787118, -2.3267548354484626, -0.12611857552264805, 0.25453912829771086, -1.3767677478317715, 0.3190764915914923, -1.4935313195792883, 1.7289721930711446, -0.5981194128075762, 0.2822180252874076, -1.2529759034455483, 2.2312980613803797, -1.2495648072058492, 0.346017204581503, -2.5268742456870603, -0.6255232768799395] : -1.0
[0.6740784960143109, 0.3502037232381347, 0.9408472845286358, -0.03996513069510105, 0.9976886481087951, -1.0142748760253877, 0.0713339800743269, -0.6128596405386164, -0.32094879900428935, -0.6376326048624446, 0.7191062424048011, 1.155881755230235, -1.4675264298143533, 1.4769229080572233, -0.25330541252718436, 1.5127729149784406, -1.2357257698966118, -1.544788975293992, 2.1137326141558916, -0.041945852697096275, -0.14069563252971318, -3.2094337071637495, -1.3819590961112609, 1.8834053175770755, 0.3322395260777605, 1.284296603048093, -0.6136116209168173, 0.8429575016672944, -1.8839058583622794, 1.5403935970109726, -2.170316447047141, 0.26403848011673264] : -1.0
[1.4564515642623919, -0.4794645037338165, -0.11662947792053674, -2.0619095972772956, 0.7066376419760825, -0.6095745456361662, 0.6532058559694517, -0.381969729717766, -0.29342811426618276, 0.958332020667338, -0.9602836703901885, -1.2662085505779033, -0.1673488082611327, -1.05946285876837, -0.3979115322123509, -0.26415455623887485, 1.1626483383716677, -0.2929982247765273, -0.9409790118330726, -1.4369739727225286, -1.377883420476559, -0.8749085551090581, -0.7586323659477412, 2.515826429539276, -0.8435070938030602, 0.030017138573122826, 0.5138977384237715, 1.3701403073416398, -2.8215587807887914, 0.8323620023130354, -0.45847866653860553, 1.3289751449433318] : -1.0
[1.4265661228244575, 0.25836262318786946, 0.7427016583375812, -1.2570664662740438, -1.4073013874063758, -1.1404208961677265, -0.17678291542057423, -2.54466677922751, -2.271655674872022, 3.4797542593610986, 1.5993365786689897, 1.5002438502811037, -1.5754125943805284, -0.9980171805372537, 0.1757140608014223, -1.2551063226688248, 1.6913410228922099, 0.57676300753573, 0.5619782154304249, -1.015692961498282, 1.3593530629396389, -0.43471560425548295, 0.07370000576594993, 2.64823333548443, -0.06483762208603527, -0.6768793339717134, 0.5068074434946799, 0.684077533731011, 0.3852981557623203, -0.27160411620532504, -2.087574271967338, 0.8525248649223784] : -1.0
[0.5407016728721172, 0.992438365943725, -0.43058528361122156, 0.6593871864450599, -1.0440087830237261, 1.1683041402733074, -0.35502454352020413, -0.39706684316575713, -0.5840373106288941, 0.14332715977591148, -0.9250073851027973, -0.047152263824986135, -0.721620704337637, 0.22594486085117968, -0.4572002885188349, -0.7080698195156974, 0.0372342638025982, -0.32967351885467466, -0.24250868620828214, -0.02300866095109455, -1.8515000294337447, -2.3347750044825295, -0.31376233450762525, 2.5837339540676476, 0.295386259159819, 0.8277681193405035, 0.46545380491075217, -0.48281376705552975, -1.1132809564954274, 0.5458614107255028, -2.6953033580325654, 0.1575189354312126] : -1.0
[0.4474914157474468, 1.3750134774395297, 1.4882091468152072, -2.021478709783532, 1.7516511026163983, 1.8728815368596003, -1.304429036200911, -1.7314234560321304, -0.17750347348798257, -2.2546025114544355, 1.0617100430708104, 0.9473103472033835, 0.8029791773334319, 0.8917129094310369, -1.126334657702592, 0.32415225385751245, 0.6579190958863744, 0.31378747470359, 1.8068535730054567, -2.5115685172409505, -0.654340268891171, 0.11722895811237266, 0.31490176786206336, 1.1497987591775245, 0.48109538571102417, 1.1952495454021668, -0.20519679539865843, 0.5869383602611047, -3.9535958569052196, 0.14548082018348682, -0.8082181745324312, 0.14507427326617955] : -1.0
[1.7165191902466317, -0.01639025707681861, -1.2272607523513401, 0.41191231168886, 0.05782871453864613, -2.064192298010511, 0.48187005679216666, -0.8938137250806424, 0.01963045165741628, -0.7936639002163031, -0.3398871273677886, 0.2501252751038531, -1.2094595291644934, 0.9846781394400955, 1.2938630643318216, 0.4355684247014097, 0.6902635068998322, 2.752217102885905, 1.4566406527021225, 0.674893031882663, -0.07150173945840443, -1.3706284288407744, -1.4997442033481645, 1.974799471381706, -0.23674743434461543, 0.8037068398491072, -2.7832966599089226, -1.7775173254153116, -2.7686356445925204, 1.5350349332351148, 0.047772979986621444, -0.24725408361538145] : -1.0
[1.119266484618228, 2.0662994634318452, -2.0937228871578126, 0.9221164033575177, 0.0885295914281089, -1.2592365802432108, -3.0507765253732617, -1.0145413100570728, 0.8074815995696204, -0.565700898816895, 3.3019060406858607, -0.6112166693106527, -0.1349397203776142, -0.7530901117354742, 0.36268685634993825, -0.022407132707619112, 0.7801779020600278, 0.0910461284871833, 0.8388162381578145, -0.4430886973574284, -1.2860608319807352, -0.7714114189322905, -1.6394817535155735, 0.851852218714691, -2.542254416977798, 1.4821649740845837, -1.9090301056982606, 0.044288864288095184, -2.5799013424392396, 0.09887349561991618, -2.2219217545000696, -0.9352575524170774] : -1.0
[-0.7826263704688622, 1.0246844761068215, 0.4165773202509706, -0.3719833543711294, -1.1558269718301002, 1.1743169401420421, -2.7132866337820594, 0.3052622676200829, 0.2827516486834518, 3.273455930213336, -0.0033104487255822823, 0.5798935566888137, 1.9664904165157726, -0.14417962923516423, -1.5280553998752122, 0.9578045785321818, -0.3354981773879295, 0.5883327135808367, 0.2004511716644356, -0.5764498869763472, 1.103339103642856, 0.6470164963794185, 0.12505661024125214, 0.16945253049942743, -0.18326468834998277, 0.9392745308419759, 0.2551280937497362, 1.3395539008271218, -1.347062681788794, 0.8832841831577265, 0.2144919310077571, 0.36087341141077706] : -1.0
[1.1576787701502367, 0.10819907508961146, -0.9667742236404855, -2.031596912632749, 1.1748670080354169, -0.453003954532864, -1.137060692115341, -2.4353084744637954, -0.12896248359669432, 0.4542123216929473, 1.3826549060902718, 1.7257675408531579, 0.13366317273751013, -0.6317422002571917, -0.884484903377142, 1.03376080863421, 1.7272240267862011, 1.3678288353300774, 1.5675484645867028, 0.7589463539703712, -1.00721553866564, -0.8181581958808435, 0.3439181459840386, 2.214080013826676, 2.3239467044598796, 0.17171340958797454, -1.0265214900130184, 1.111647286726158, -2.185143337653522, -1.1322286802457706, -4.434387324941673, -0.8821369649227595] : -1.0
[-0.19524853400443326, 0.04927886203987372, 4.023280640532391, 0.5627311381538485, -0.06446910053752442, 1.3077671832984308, -0.6000865421424035, -2.7960042056967134, -1.0832476563197686, 1.170656277772035, 0.09810320842012701, -0.9838725360574916, -1.2026777660938988, 1.1953616956290425, -0.9526230598421883, 1.4052185850637589, -1.1198709323043434, -2.09245023797007, 1.7274014536021154, -2.718839943218658, -2.0921971498313696, -1.3398014816006403, -1.0816031938118569, 4.39539156617796, 2.44008693522819, 1.7698785580283705, -0.6702898976661321, -0.24744251115013505, 1.2638140100927893, 1.2398983046202792, -2.437756185748065, 1.726518642844475] : -1.0
[3.1839889243955923, 0.6975312063589458, -2.1681447580466275, 0.15989004034005258, 2.406984482682277, -1.9964839381377089, 2.3009354026397206, 0.9414848132090357, 2.3979231398682876, 1.525602444752728, 1.8472002546253505, -0.17971713987319948, 0.35606505038077907, 3.917526095946085, 0.4733397388187234, 1.66706746842629, 0.8185783676227109, -2.7965375744277337, 0.8340820539739129, -4.571692936212588, -2.3314863114724504, -3.1014449450182315, -3.3140551118926296, 0.051539490055360515, 0.3178481887447966, 0.5889234327655894, 1.3486272007321716, 0.2623944432203468, -1.512297832417695, -1.6083409187250823, -1.5969246836515611, -2.4988932603037997] : -1.0
[-0.9824450040936756, 0.32500039513769496, 2.225068008070357, 0.204093196982121, 1.7313762558573245, -5.080385514525855, 0.5860118978443938, -3.607460134822429, -3.396998640457215, 1.836493644902336, 1.9876932516174886, 3.3451135325692656, 2.2563924979558654, -1.918483144276676, -0.8160656592117119, -1.5155967597304598, -0.5134394195342037, -3.8930436299781084, 3.0862476258031144, -0.3757526529172548, 0.3392983575965228, -0.6142802746907405, 0.0020340917161152383, 0.9615985582263357, -1.8913714422692824, -0.5595654709536996, -0.5289500298304606, -0.22319513979451033, -0.412038444075584, -0.4352844394066552, 1.9230910632288107, 1.6581550692110545] : -1.0
[-0.09255318254108563, -0.40982257449188775, 1.5203599971175394, -0.3984678699174189, -0.5694040555801745, -1.0185174442906644, -2.6355567020115944, -0.6685675565966513, -2.7913658610443473, 1.6353619895432558, 1.1971525420397326, -1.7030170705867624, 2.3143066302878688, 3.806117387523725, -1.634416153116954, 0.8214627139112275, 0.9016716481342743, -0.40715404411067313, -0.7596359009797751, -1.0693901704680986, -3.7086903744911646, -2.9321830483376456, -1.6112560888076435, 3.6409063470984524, -0.8480009266017406, 4.305709482217556, 1.463701343574159, -1.173347333989494, -1.1480301528815429, -1.801921920828308, -0.7837410237499367, -1.2586161119847081] : -1.0
[-1.432787405072279, -1.9020438413446854, -0.6849840373835019, 1.991587718680694, 0.20237616062699454, -1.5039948039228463, -0.43986777860406745, -0.24195255072589966, -0.4343254249300832, 1.5332265844739665, -1.3619829461479338, -2.007853296775195, 0.21192797079534137, 0.6291490198951739, -0.6400127779614799, 2.7244642767475558, 1.3307745165115505, 2.2814386713879355, -1.369702581784955, -0.620095705661087, -1.3255646536694292, -1.2706957438131106, -1.8829157845868845, 1.1148768583854483, -1.5917233661074535, 1.265906552629025, 0.634687747647015, 0.11614383746126222, -2.2426546660207927, 2.429813541867551, -2.6561266352946244, -1.0268595544302344] : -1.0
[-0.5788225930987236, 0.9545768955380858, 3.8148368828811523, 0.4646088326888328, -2.9677263070614264, 0.27760133750783117, 1.1396689979051187, -0.5078170058334146, -2.078024457428116, 2.6219909838719744, 1.455016353008639, -0.37130128053559136, -0.5995121179905676, 0.8766747313519878, 0.610576461194836, 1.1630816550203669, 3.0440758136943167, 2.2523400959472184, 2.5558083267376097, -0.1657044674750101, -0.23301075604956217, -1.469372043315783, -1.693434698317538, 0.31052953152814977, -0.2925815858811244, 2.3521925782449506, -0.6039489944156465, 3.039261247394631, -2.650261682651874, 0.771007529608361, -2.01091601772656, -0.20869132000884083] : -1.0
[2.6235505071714966, -0.5361601619572426, -1.7514792309468619, 1.1927518308556013, 0.021773342737964677, 2.5229721844641007, 0.21228382272068108, -2.4609620301105677, 5.209767021355098, 4.373352367090611, 1.6005055932597225, -1.9466906565255702, -0.2583418567559833, 0.8366014825279023, 4.330101372191828, 2.714151905246354, 0.1335882650312079, 1.5635155649825871, -1.378836101825491, -0.9633655743769416, -0.02042852561252384, -1.0144103406365463, -2.727079232131687, 0.14020787017104253, 2.334608670746038, -1.2504662638878523, -0.8231834123043819, 1.5510836729240245, 0.6761825378224131, -0.20575349632244988, -2.203098769273565, -1.4742454509787408] : -1.0
[-1.0527243956672088, 0.7766266134885986, 1.1134267076101618, -3.23886965923664, 1.16675651693284, -1.674351400517755, 0.780855150545156, -1.2032518231062184, -3.0822083604086035, 4.506359542570506, -1.091227866626281, 0.08859180860100496, -2.692221263604365, -0.2441250302737466, -0.46795482882873857, 5.040016558369691, 0.4839546395357801, 1.409695811880809, 1.05730368467007, 1.082350598337283, 2.1933004824724516, -3.7378205753300886, -0.10528142694701126, 1.8085440951254521, 0.23183530025860002, 0.5563498646614982, -3.4100952334343235, 2.1203598043703433, -1.2184399435894782, 5.818032263993449, -2.787601614617346, -2.7946931767378342] : -1.0
[-0.3820866939411866, -1.5048287511865344, 2.677013547128018, 1.2864271007046892, -1.0104532330840046, -1.3380548377801427, -3.4157771100994188, -0.7434351134784503, -0.44622377710840744, 4.098864111293813, -0.9928855675579986, -2.543047510650496, -0.9972721795468137, -1.2249169203236434, 1.19660012721001, 3.8959885436316415, -2.1289945406347845, 2.5431233015254375, -1.781987801029198, -0.4375579592117984, 0.26218785036728853, -1.838048161634967, -5.464173506578867, -0.47893490055647403, -0.7049122631559606, 1.7969738738329304, -3.553938784499839, -0.42188647842606564, -5.441712087334471, 2.7971629355013863, 0.31969828816692636, -0.6575377372243936] : -1.0
[-0.6080465636566359, 1.2619023968978103, 1.3919356712531195, -2.683092969195321, 1.8129636227815016, -1.8382566084803944, -3.4032839801822297, -0.8651829399410834, 0.1539194152136506, 4.346590106665331, -1.8778209605300509, -3.260928718022344, 0.01539751970818204, -1.4323390694652738, 0.6908226216332967, 0.9699567620568976, 2.270952054685019, -2.2270312053907193, 1.5227093264958764, -1.1834525920636405, -3.151538264309049, -2.2294063058235816, -1.2350397878082147, 2.6634539757874407, -1.4895646428128064, 0.5164104361765217, -1.6384947280631583, -0.3255699235374664, -0.08649852662027491, 0.07782133744284475, -5.961927483121459, 1.8574253801144343] : -1.0
[1.3246609080872174, 1.4820272009201994, 0.8828190517059836, 2.431500954154537, 1.6555000172827892, -2.83686011372563, 0.7003789379620529, 0.8706745455807767, 0.32376527636482616, 0.9876290847195051, -0.02854797410995913, -3.2643565825016005, 0.525754298854149, -1.702434330835699, 3.0097338582975, 1.3653223767114941, 1.8180475751825609, 2.0295776473981344, 0.08131851724308126, -1.7238808045795186, -2.7909415839278005, -1.7709634215659387, -2.855452474604095, 2.5486289869331538, 0.5683442890297091, 1.8722740339024062, 0.28286725737805174, 0.5514420568743291, -0.6706770315697987, -1.202646730676539, -0.3285569929814859, -3.114872454556605] : -1.0
[-1.2937480057545856, -2.8334465173487278, 1.0141611843981786, -0.7584538535421415, 1.5131953780116194, -1.2851813254494604, -0.895433567501474, 0.40213160754752075, -2.7288590662811183, 2.1295770700632617, -0.44225098564638526, 1.9717947480314175, 0.7689510928886912, 1.7692586961094905, 1.183950202591364, 0.7897038297639711, 0.013268350576286642, -2.862309725005268, -1.4857030222683492, -1.5976784180736456, -2.3241013024895523, -0.5979343487653614, -2.001944485306123, -0.051406632077460435, 0.9371203933576331, 0.7060385622916465, -2.337663817958112, 1.5975187468171321, 0.3389854577797986, -0.7076274699255868, -1.7377088557528761, -1.297569185926529] : -1.0
[2.1264766762593643, -1.9913730559014982, -2.145737776086214, 0.30502812473685403, -0.8354497411979238, -2.1695459132438133, 0.22959303147040083, -0.9112411284645103, 0.24120508347618103, 3.868424592355459, 3.268025959688164, 2.521703722186395, 2.55919206765378, 0.9199243400827166, -1.6235170455470016, -0.7679090069459438, -1.2846189968356774, 0.23924256859338833, 0.8889967470101263, 1.3900769460092859, -0.3293869646654694, -4.874038260354708, -2.3129383274216466, 1.1061793273172909, 1.2489981569149717, 0.9731930191055537, -2.6908609870111824, 2.562043667322154, -0.6201890184544996, -0.7443587052866595, -1.7163784342496031, -3.1617282455803672] : -1.0
[-0.21579862575179765, -0.6571242387294528, 4.808058634362849, 1.0046923627469235, 1.0210211322998597, 3.334060597276451, -0.6436046231098849, -2.3788358905118607, 1.2879447684275165, 2.617111977315233, 1.1215135397687108, 0.11038447096352409, -1.4171087884531612, 1.5464321043386424, 0.7943388576140615, 3.259403912440474, -3.5358422620998073, -0.7394269331990154, 2.6420217609279506, -0.6412451796337499, -2.4045781744410846, -2.9603892207073956, -0.37287544949088425, 0.5062922553552661, 1.6142523517912424, -0.8507078873194894, -0.14238529950567014, 1.5172955911930082, -2.340558812619589, 2.8024238501836005, -1.0571816967781646, -1.9059589702589728] : -1.0
[-5.41122272688291, -3.1572326546626397, 0.14770995009638477, -3.064790696843898, 0.6008284709427975, -5.56373056249078, 4.046061125136777, -2.634556053383876, 0.7735388829233925, -0.9972455707360426, 6.377643645924021, -3.090861777330104, 1.1322154204884227, 2.925991187773838, -2.5058334724509885, 2.333225779088563, 4.612123250032962, -4.364873877520248, 2.557836811726684, -2.650715727864867, -3.039192770680864, -1.4248334895845254, -5.026203411376578, 5.885257890696323, -1.784261922722497, -3.4546087933673517, 2.657989242927538, -2.2647370680553403, -1.0295013481668154, -6.590885456999253, 3.0711639479015034, 3.5000861502523324] : -0.5660144199024547
[0.3318532725865513, 0.7102934928800502, 1.5071822135732567, 2.487495096315664, 5.001733876204545, -1.6434310546208293, -0.6923589151293725, -8.025824465075987, -5.614640990458234, 4.410857282712585, -0.1869048688365328, -3.915778451375701, -1.907086829063723, -1.984715322979097, 1.5716866171773556, 5.682872904153829, 3.735395772941619, -1.9035141259629018, -0.8035908344365004, -6.057615190079833, 1.6304886563713732, -5.866757645378502, -1.837687194487507, 1.3606713484826112, -2.770532816331631, 0.8887976251512075, 1.126178749243459, -0.17414481987182773, -1.080600234352619, -3.282735605518241, 0.87067114286386, -1.9114376379959428] : -1.0
[2.6532727148592103, 2.059841371728421, 0.8513640381024535, -2.1176658437320155, 0.512272410215564, 2.3239088040076, -2.2808240796335255, -3.3470057425644573, -3.8873578024438, 8.223431231198267, 4.078717906606278, -1.1691663252712774, 2.5613938712958455, 4.173372598566661, -3.028727589959683, -0.9758402040789025, 3.7926934290504484, -2.873495334190812, 4.119412283236607, -1.1992683236968786, 3.2231509451885243, -0.7876859750315004, -5.636327867122349, 2.9395089336959743, -2.1820618530241505, 3.070207951795479, -3.926738893101417, 4.616739200665857, -0.9862300538523268, 2.8029113402607315, -2.3548664648533792, 4.85708180671286] : -1.0
[-0.8326725159089765, 3.0135057480287286, 3.2949897026268125, 0.3830559885752336, -0.44770073317752934, -0.8589351187821143, 2.2808253982118614, -0.67880999692144, -2.632060322979336, -0.29042845641885773, -0.4529434880342419, -4.937562084226625, 2.0373093817766557, 0.7059051989259288, 0.7419445037055414, -3.409652107126283, 1.366923918972494, -2.9413779196504635, 3.4850854829882514, -2.014152673265399, -1.4673196981521297, 1.2024770859124276, -2.195499384650611, 3.8640635644821977, -0.07451215433175534, 4.299039392922229, -0.8612845083204933, -1.7020664017420215, -0.9177609986898261, 2.8134620605188347, -7.4872923345223175, 0.17987952474707586] : -1.0
[0.5348285369260735, 3.094892707899534, 1.986504056630273, 2.1437862266972307, 4.224372060281965, -1.5092564907415045, -2.2566314147042554, -2.428589478064574, 2.2974514983200387, -1.9897644243964978, 2.6318348397191986, 1.1112789569947203, 4.29364447293843, 5.192674441090233, -0.539854171710601, -0.08100872185951258, 2.5537212198013672, 0.5757103332497158, -1.8240488144585596, -4.844049466205297, -0.8366717765316497, 0.8285203803971017, -2.8796239507147225, 5.1430303828924, 3.203796641149067, 3.1860275951474346, 2.5616744765700545, 1.257689252335871, 1.174911436909416, 0.7760999985790874, -4.925689952303801, 1.4686340239816267] : -1.0
[2.506674936178397, 1.4104841075601826, 2.3163431997755524, -6.220124415535764, 2.4917636378855965, -0.6982437904443267, -0.5803078307709424, 0.0444855067072647, -3.342214880285833, -0.9875934855553734, 2.858811951684624, 3.336318183679525, 5.9238934104219085, -1.8645246112973684, 4.182970502957689, -1.8653741832769914, -2.190733740151093, -0.3639132469863575, 4.1541449482229025, 0.313503034943559, -1.5498358052940686, 0.09347040847953525, -2.264711286486164, 0.1287455907542081, 3.0000658678714083, -0.6594245412671869, -1.5419826661991267, -1.082308226200171, 2.9494645574417517, -2.0988782984253245, -3.09203068937033, -2.7823943830614684] : -1.0
[1.3879502917979922, 2.6628003777313953, 0.43944354904832394, 2.2068578828302443, 4.726643209102182, -2.0522203272463724, 1.4409659876807877, -0.6907603656278966, -4.481854138937802, 0.4756602815775357, 5.87904897659655, -1.9358261928427611, 0.9111923981639771, 3.7866227124054683, -0.23431868490672392, -2.5809523370840792, 0.6047249641703041, -3.3451563821025676, -1.3992126776072031, -5.130065799827554, 0.600937693230789, -5.189247525981647, -4.033005085727776, -1.2141953413003876, 0.9352436312027634, 0.08610094689620285, 4.451508129385765, -2.756592061205669, 2.667551743687217, 5.257613361017386, -0.43198078577164944, -6.436135583857582] : -1.0
[-3.6356577421971203, -1.6729311337032327, -0.3006285509617155, -2.8886829610321407, 2.3373613186561775, -3.469078942907643, -1.1761173934946263, -0.265090097897023, -4.087550877853756, -2.277396745484907, 2.4853284715604707, 0.20089264328549197, -7.176825342560626, 0.6760392511475508, -3.1379324849163828, -2.5346080557362947, -2.196886276750372, -6.0734085461461405, -0.9590980697857536, 2.62762137124021, -2.6109813462112132, -1.7489461992263473, -3.6678777437019745, 3.952642107021446, -1.0518802930097912, 1.0456168664137409, -1.0394136417222355, 2.4434624482126677, -2.582358724419274, 3.0633593839624393, -0.02644431111032297, -0.8966250752855123] : -0.8945851759477095
[1.9501001799400608, -1.8184977486145337, 0.44942882068304346, 2.2393167899088424, 1.078963735840519, 0.7603303807047151, 2.075065955143509, 0.7596942913003688, 2.1042858137474094, -0.3073203929763342, 5.186202219279035, 0.5426943528796132, 1.8733344737545254, -0.009652708424905398, -2.010014511577859, -2.36347627936854, -2.9151861028826254, -1.281912184129791, 2.0464460609792505, -2.7397359745610688, 0.7675333098142627, -3.114254594882922, -0.5867540829498925, 0.840367052022096, 1.9568254149052757, 0.17267489200101527, 1.0235356586898807, 4.313224846126436, 2.0683921583894485, -0.8288082847813002, -1.745640459370644, 0.6318089103652708] : -1.0
[-1.1323346105561447, -0.3583584126612144, -1.9553104205658847, 4.436944456966271, 7.76636620543219, -2.3731839090020004, 3.956400087011375, -4.678440449918949, 2.0147612213492883, 2.7563525202003687, 3.5867382045862564, 2.6468703930032382, 2.5946773384085904, 0.9542568884936938, 1.7254388632552757, 2.5986856365420374, 2.6121885292648224, -1.2850807610103603, 1.836748217349845, -6.494884695130436, -1.237092216524144, 2.019394854793873, 0.22742985453105868, -0.8692212901459482, 2.2290670413203184, 1.4028698426122446, -4.142835473584863, 3.1961262451722168, 3.7793675403593103, -0.09250276266640159, -0.11922412069836108, 0.7532804302406191] : -1.0
[3.217319807288307, -5.4707502523406815, 10.63227939853514, -0.5464120574255686, -2.047046523522799, -2.9569090342390605, 3.6368438165732044, -1.088462955689705, -1.3210274656650998, 4.639073956304708, 5.781010007391715, -3.2029453676081117, 1.8383640283815441, 0.2935890235009686, 0.43908288885827396, 6.594721102853919, 4.756788327352697, -0.8284250602372822, -0.8297202951020051, -2.9574198834905507, 0.670755604483064, -5.933482006458353, 1.7903134944661483, -0.195863020995799, 4.327764443921775, -2.097006988040821, 3.7739128580935466, 2.911628189199469, 1.6772033986398727, 0.6168611968607602, -5.14100949634161, 2.7841741643591664] : -1.0
[0.6268063216089231, -4.269843650697192, 0.5708878360707637, -0.9518270233672765, -2.6907285931020257, -2.6862903278179693, -4.851940932560444, -0.30748269224668023, -0.9620825853317334, 2.5306514388609203, -0.8618944575545898, -1.8086255525181383, 2.0143292291797343, 0.08830565837227189, -4.5147924713880485, 2.0647972323506343, 2.534976170556238, -2.181403871923871, -3.0498248003920008, -0.25025020233068807, -2.3764715657979916, 0.5644085355552872, 0.9082632903670675, 5.325690815059433, -3.7515458767178207, 1.6687021575766448, -1.3171331328209692, 2.5384442319257827, 2.6863378325579106, 4.500325987936352, 0.9993251828582728, 1.067689397096747] : -1.0
[0.11008208856564028, -1.1741526262810054, -0.8084905813050893, 2.810046083226149, 4.295139829354787, -1.8195481779515443, 4.5615427870847505, 2.993890203916695, 0.9696842509634114, 4.962520811445315, -1.5606510906286108, -0.4000024456096001, 1.3296392473714111, 1.9146688397104257, 0.8072566746663699, 1.9221167202990848, -0.7636726191785496, -2.318196206720134, -2.7023497778904018, -1.1088480801003764, -3.5194059640390494, -0.6410948639734366, -2.764161928115637, 2.653232429472223, 3.7488678354353926, -0.9073011393691341, -0.012605440042834176, -2.817794757164112, -3.377567041345561, 3.215250803692303, 0.8838965031900266, 2.2463439346138228] : -1.0
[-1.2386962112001418, 2.0809949893525377, 0.5463122433182717, 1.8070886044600434, -6.45189968472201, -0.4261748234038718, -0.3841592589551919, 1.9776597878230113, 5.047486921364335, 1.5415350766988534, -1.474757875262219, 4.232702736001752, 3.9590268588455095, 2.115875415192991, 1.1007334905537272, 2.782290099128555, 1.763659972200157, -0.9238580265166061, 4.815095648863117, -6.171191422709087, -1.111064595378249, -0.7083979601243273, -4.35061654332979, -0.6255541601171015, 2.806837894236546, -0.9059642160677452, 4.256756137033923, -0.904785363476333, -3.472881087264388, -1.9387261216754912, -0.22327823221869125, 0.7559381919231445] : -1.0
[7.662029666642057, -0.13699373500569556, -2.509774543948998, -6.912075380259609, 3.723938040553713, -0.08519376263617084, 1.6251757251836496, -2.981877583513966, -12.66388554007666, -4.178671890331864, 1.382357186475933, 0.7327966634987164, 4.4916881554101975, 3.811116348924406, -0.06859281538531917, 0.03618434729778064, -2.9713128644340756, -6.554630071077577, -0.39683980722599976, 0.3601583013931804, 3.4990921329883085, -6.330551782963155, -6.176070259013244, -1.9863473516683916, -3.9520793662565135, 10.061482109326802, 1.8367064761538048, -2.877609561432953, 5.528426961237569, 5.729667345137988, 5.65531550150113, 9.620978488754046] : -1.0
[-3.9970938964827827, -2.4650723305189164, -3.810317381923232, 1.6701820811294084, 3.4143137252169065, 1.4665871337305383, -9.613053050262188, -1.999878106771144, -5.508807372660389, 2.4628445016164333, -1.543380640809741, -10.505661519909943, -5.453645311260614, 8.126007739319212, -4.42825710996587, -1.1762505546269137, 3.616692276525386, -4.49358452495368, 2.070851996836143, -2.1866467765566533, -0.7327745520825543, 0.5713631257438201, -0.16862614386311758, 3.3491154848852256, -3.8794536529333645, 1.9114046505452518, -0.5627199058606382, 1.359373798329778, 2.8963467751245804, 11.655672818061694, 1.417375004483663, 0.7201531181506968] : -1.0
[-1.0084365266920796, -1.9672761597269715, -8.826592308573215, -8.0576937631688, 3.5265063758320814, -5.307365966465495, -0.2209772474891813, -5.269984800150748, -10.288878209448564, 1.8016934770243207, 13.311019358307313, -0.7725079476739134, 7.05650055905314, 8.607533885240096, -0.2688195334387566, 0.41442456838927316, 1.067054544521693, -6.980740144930395, -1.5534346804885062, 1.581042001108234, -2.0855459168268307, -15.146749074819379, -0.9299574548223157, 4.890813065717074, 6.396937165483273, -4.1113594936972735, -9.472278836837637, 3.9722947998399656, -2.2280416235788985, -0.20531446802696757, -0.3681833271417154, 3.7340102643163493] : -1.0
[2.7392129420846856, 1.8270239587650479, 0.15186127307544184, 5.386567702446754, -5.5669605389561845, 1.3822492248452298, 8.561452777113455, -4.6682893339288425, -4.116571808993746, 0.9340004214550839, 6.915026315461967, -0.4057028389171202, 3.064153218751658, -4.005007436940648, -8.610782033936797, -1.0487579422041187, 0.40361881286701395, -2.44079849171875, 3.6779340922414883, -4.5047719282043115, -0.005210340388342227, -7.5968407809547625, -4.632181353433458, -3.731752478990649, 1.4813711072337665, 3.2159160972085035, -4.950533554418942, 0.16417348301823442, -4.144821332826678, -1.4094883795393867, -2.9989143577440935, 1.166927488593695] : -1.0
[-5.456789443873622, -0.14878112097285512, 0.9169553574475316, 6.903118008559474, 6.256872240080442, 1.7189747668380724, -3.327352250759397, -6.571908984989349, -5.0103576849537275, 4.932400033819009, -6.199757325008712, -3.349886354621441, 1.361904755737759, -5.075069753636308, -5.984961662655889, 2.326541707661984, 6.454697813070457, -1.6867377413914544, 0.7203941898824404, 0.6451089168819837, 2.974755174976098, -0.15087151402514154, -12.4233973956015, 1.215479421560074, -2.106861683899818, -5.7846184023737806, 0.08128322970140262, 1.3266514317265041, -2.6371676978660834, 8.316344335080496, -7.315779327784037, -0.3627318261953128] : -1.0
[-1.5122817561200141, 0.976877240220108, -3.63480442056422, -2.9377942516493185, 9.442778804555939, -0.9570331078590713, 1.7569961887841652, 3.052061118889785, -8.318055960104394, 2.030484125548587, 5.389285139330611, 0.3591795251791865, 2.6433561859403576, -0.6229257529628045, 4.22400674862299, -6.806309530326496, 1.730848303527335, -3.1237042847613807, 2.433042554997646, -3.4642374893489456, -0.5190423499813547, -8.780619834664677, -0.4740189444003957, 5.092999374118929, -1.5492234589668685, 6.224066055333157, 1.8125948049378153, 5.688101298696259, 2.87380040781991, -3.9185340613957287, 1.5300485508143153, -5.873096101129495] : -1.0
[0.9328539100407135, 1.4374695325738553, 3.8463815418831633, -0.3163842554513173, 4.004208099499624, -1.3997370343369355, -3.6738325094929363, -7.0187022890389565, -13.626067352305588, 5.616766210080069, -1.5325638242347541, 5.889559531124218, 4.233226234520006, -3.1263203810016282, 2.6900058576222494, 3.6251495438312666, -4.163217449370476, 1.122905729054536, 5.79702029677099, 0.6420790608346612, -0.9513960464061458, -0.4616918470900482, -8.942011666264632, 3.911650556001839, 1.419008449309577, 8.315712969526045, -1.737113274197644, 0.3737534654457886, 2.4455586440435444, 0.7195738652105375, 2.0096040755658975, 0.3201506982905805] : -1.0
[6.048315379583988, 3.279085679971743, -2.1268014889268936, 5.0050250433282315, 3.895390775960143, 0.7411556805020071, -7.703462220012206, -5.9096802720066215, 5.540788627892166, 1.7756723811031168, 5.92554756195877, -4.508652605422228, -5.264441489931567, 4.69801904527389, -0.4613164543865814, -1.8382738174383406, 2.798878352118093, -0.25117750892936264, 3.9976326118833234, 0.612280520326387, -1.1524939688131233, -4.976769923739722, -5.000033547180848, 3.120960299675498, -2.5340810643048806, -0.8252043088910859, -2.243598911110987, -1.9403554607983262, -0.9237101080406227, -0.23244699208956798, -9.02155552565378, -6.128052275733794] : -1.0
[0.7871986522265272, 10.41451122071406, 10.079204218031471, 0.34436138543722833, -0.2927981244032756, -4.997669909799928, -7.981081605032229, -4.551777748815209, 1.2608001133919706, 6.616000490078667, 2.325087923604359, -5.900165216359163, 0.0634822215997799, -4.983330844440954, 1.7037809979151715, 0.019184104914373057, -1.2006035776015165, -2.9587554160993372, 2.443791978400479, -6.7182684797659515, -3.1388444937149425, -4.812214859598874, -3.80477586374676, -0.14507666283975507, -1.7393938371827526, 8.160830677531731, -6.084912571449, -5.069360341913578, 3.760080435577344, 7.701771335933774, -2.1931692496589124, 2.640438618303125] : -1.0
[-3.4003292690777887, -1.1231521378221168, 6.965565193247561, 1.2995798807512107, 10.792620101459368, 3.5414476188822723, 2.6155659799110103, -11.517803652798186, -1.3679114538431234, 1.2343609359836534, 2.097811285941495, -2.701157356648582, 4.079179397611171, -7.377814355916165, 4.194732064161031, -2.1339213018104943, 5.169730745812163, 0.001519103840900815, -1.2467286427691189, 4.735596239298047, 8.77217152970976, -4.347760582058276, -15.894392765067368, -0.34492429502228994, -2.387721358720511, 5.184226116044401, -5.068905660173961, 3.5387911371924723, -1.327110707184691, 0.7684480620887113, 0.13357471578950353, -1.2107022398665694] : -1.0
[1.7264106131578472, -0.2427805514600745, 6.87150234671617, -3.134844324377983, 3.9812174891582854, -3.4103542876187807, -1.703692696851994, 2.1970739005691198, -5.825871745388382, 6.221701829618952, 3.7008850523730983, -1.9777288385591028, -5.969338415036448, 3.5867654047312882, -5.0900302072221395, -0.26944742530318666, 7.512856427811036, -1.551590570449539, -4.794729434456034, -1.7705570247982243, 7.663871885430069, -8.094163787753537, -5.898245446347115, 4.821303384238583, 8.60872891844838, 0.38973835139142166, -1.513250904445044, -3.0233322090701114, -3.1540791084086277, 0.7649836700527329, -4.478810186329451, 1.4418985792066312] : -1.0
[6.763355491631622, 3.9954070620963726, -1.9119849135331037, 1.4026989913677315, 1.882028839251452, -0.7347938452756038, -0.6282722174769987, -1.4727379029984542, -8.560890361649648, 2.321492574589352, 2.7815156802380727, -5.722220303046503, -0.0439047611296306, -6.144730394100974, -1.9673801104538504, 0.14315666468616572, 3.213676103904828, 2.972987636775467, 14.43362679594966, 4.186925910334438, 1.1886020371576012, 2.7165591310825272, -2.44467807586825, 3.057623571945438, 1.8704694857365567, 3.5301900693365718, 1.9436588399552401, -1.4929863970475645, 5.71260856870657, -2.3400321040829435, -4.270958451134334, -0.4767939170303455] : -1.0
[4.7406245619636485, 1.1429263158774379, -10.20423944786501, 0.7735206753023055, -1.9977249827873789, -7.4281996114380835, -2.543084707698883, 4.351450965519527, -0.6100415663536491, -3.413602855994217, 3.7360304819414987, -2.3379621244497946, 3.625906429855611, -1.5145259161889364, -4.239387866012721, 5.181092086874552, 8.078828958451084, -2.0162808094524483, 5.933804015235895, -9.870187257792908, -1.8111043919638217, -9.596050096801804, 6.475513956660466, 5.1148401412912605, -9.535023861136, 3.8392201434050186, 3.513969769235535, -5.007360358746994, 5.581919102730173, 10.363919897837937, -5.106192986463903, 5.274906480484875] : -1.0
[0.457528790458433, 1.5744679824420242, 3.2154762226110325, -3.669443295686036, 0.8976308381650386, -0.8891613373745249, -0.3939403642330013, -2.9702677142975213, -7.19031221987526, 6.481439416546904, -5.486398523141602, -1.988419425103394, 8.880326866622443, 8.45844050503905, 4.292659534506383, 6.913307539284878, 6.691975800173423, -0.2658265881292359, -6.037851757919801, 0.042786415815946555, 2.18057340682623, 1.9202104363105583, -5.94745636539785, 1.2584417623457695, -9.08197514464483, 4.845634444765069, 5.099490578658792, 5.99842694969676, 0.9789953491359661, -2.6960270867667044, -6.70068469683306, 1.39883106170234] : -1.0
[10.439322342480809, -2.375197166707123, -6.5618318171983905, -7.664499088078429, 4.187753853121964, 13.154914171610534, 3.9920231075470802, -5.35654906378761, -6.0446092118599415, -4.417645973523185, 1.0165739026113467, -2.016734027379178, 7.0068942363722595, 2.167764411774022, -3.119110222859469, 5.2060536896063025, 0.5654884514738601, -8.329743461869146, 20.911575984101066, 3.0352192350191434, 7.793109198705927, -11.557914592773054, 0.7422462147146307, -0.008955168619028675, 1.7407110987943206, 1.6794843310426404, 0.5592175204223322, 5.6232099585059885, 14.335334674508825, 14.135589476687205, 13.448233920001476, 5.557077922237834] : -1.0
[9.64884496303468, 9.46769706312985, -2.6867934673310665, 0.3808233403099801, -2.9940888993319072, 14.01365429283518, 2.3335470659461093, -4.129292914961463, -18.407908073860394, -5.017337436855531, 12.017436811576708, -5.189131291105865, 7.614660606272347, 2.234633705614079, -15.185716751327634, 3.8475439284158144, 1.7227779616209586, -14.632768239272288, -3.4549436580815076, -4.094915957756991, 1.4275711901549344, -11.329931330420383, -0.9055804646960608, 2.9972332130280552, -5.823435440306053, 10.858252530687734, -1.4461046956650827, -3.9714123749010963, 2.4489947502301384, -1.4685187814509053, -4.197632084878778, 7.804913969897038] : -1.0
[1.841583126261924, -5.014849957955753, 1.2897270050478222, -2.699041383691716, 1.2323506187360742, 11.412560020965959, -1.0110076567680886, -2.73439682320733, -15.336000225114649, 0.286941593206943, -0.6997622434612083, -3.815653222515581, 9.270061892209078, -3.9837424492519813, -5.526545929609301, -7.555297335190131, 3.0760659570731, -15.454011832670984, -0.8145012161426857, 9.654686337368208, 2.576636864982002, -16.128738762042428, -9.186129200605844, -6.174950841742216, -1.1230044752800061, 0.2628439320597993, -0.9320863675086111, 9.791439365274005, 9.929841822553586, 14.40199042462681, 1.7813486893871437, 2.778155242004206] : -1.0
[4.314518325466905, 10.942628455465826, -5.756749820589031, 0.5681425113422587, 2.6912280103055433, 2.3719363348536153, -8.742146786471979, 4.15402503307595, -11.793700152068816, 9.784281648628413, 7.124010745675752, -3.120345418352219, 8.39160036537006, 9.90587916496272, -0.22820524838419454, -5.0743690052556625, -4.227920260034128, -3.365984701837983, 19.474280401238346, 7.976720773098768, 2.366789156955285, -7.273548119163323, -12.029042788565015, 1.1844222790988954, -0.6572601774863984, 7.1700721193682, 7.547639880186862, 4.869484198333578, 4.753051285836033, 7.479882793662247, -13.147151770511735, -2.1529989111209193] : -1.0
[9.09508736442427, -1.0450243085769455, 2.8172614746119753, -7.866718899676279, 9.015365684624905, -1.439016656198568, 6.957143785165442, -4.8890491767789745, -21.512309411258705, -3.2732991424166147, 7.660144369219746, -4.8927032885771125, 5.30289684590187, 2.3902537122690837, 2.480958379158439, -5.565546967636869, 8.226554886592236, -0.17362070534537377, -0.8161696598714272, -3.815632418597052, 1.669325320272653, -8.650650323550293, -7.328657154479208, 0.32488854392931976, 4.6720791000529, 16.55854078581951, -2.1027289545214174, 7.07530380275896, 0.6684424666465147, 12.746023070724593, 4.077589082622886, 7.454760672146973] : -1.0
[2.8475284839723534, -1.2417983836315643, -0.8376189861984837, 2.199991642000571, 8.962137351981092, -1.820024991952144, 3.8852547710321836, -2.58926883229051, -15.157776469706292, -6.678223800710715, 2.511680394091531, 1.3975538812139754, 16.775516981556265, -1.6783061058258029, -10.881292646248884, 1.9458325866519997, 2.4548444832341403, -8.84632563421466, -6.63669477533267, -6.5082807942835466, -4.8718788871153444, -7.147172579547691, -4.245357040896515, 7.1333860368422926, -2.4084171407327473, 3.322835045909771, -0.15721528079134472, -1.2449498191459991, -3.507305851877252, -0.10290464779160313, 8.753586158125415, 1.4050289458298981] : -1.0
[-6.946418435360754, 1.816216986602388, -3.967927391920428, 7.665635745310155, 1.2730609319661026, 6.8064783792331065, 4.181836265572626, -9.728679959309503, -2.759244976887107, 3.6288737216559586, -1.5785601848336759, 0.9308662346283492, 4.9631315516448, 0.04181919594199046, -4.763867885384208, -2.309817648784141, 4.737800740943994, -12.457585788324366, 3.5642117649696434, -9.598828914206315, -6.067536816916512, 6.261718020382848, 1.6245895962276258, 2.9333671626826567, 6.452974473406074, 0.9306886030584485, -8.749889615762076, 10.399241476572234, -3.566987447419403, 6.3165436475610734, -9.108058890303699, 5.009517516621929] : -1.0
[4.070214865841548, -12.212621510918288, 3.1252337003809, 6.665988771956085, -1.1996727466226416, -5.111434588689082, 0.23225881967616258, -7.409913643808396, -13.153200854296008, -7.694737782429749, -4.970619191189472, -6.7213396178200995, 2.511204758001012, 6.6893109905773, -11.272187750124747, -1.5024476910636428, 8.276579602872312, -10.72312383794129, -2.086081778796957, -1.8571021198309399, 0.2951823333134005, -5.66751446183834, -8.162056538342345, 2.763513323713193, 1.3719699574514264, 0.8196326513632366, 5.4062073675986335, 6.290266940406959, -7.213220696068088, 3.5457139375929376, 15.19918338158556, -7.809948457582045] : -1.0
[3.933473141141409, 0.6027531989639964, -5.856867462183374, 7.3642836600696775, 2.7168539941810614, -15.880839954739827, 6.614563116798738, 2.1535812122999514, -4.541509826349545, -8.166294161774248, 3.3649646312257837, -1.2512698473294157, 6.3390802352882964, 6.508809304893605, 2.357301494154415, -1.0403415482785898, -3.700295269580957, -11.045330925872175, 8.508067664750834, 5.767109730205797, -2.036256933480786, -6.197458570010886, -5.227374702820983, 1.8266729905362205, -5.684157685442175, 5.5468056720893575, -9.51691827957178, 0.15019700878277792, -4.611818926344356, -0.38950179532429896, -1.77940575064062, -0.6289719140341772] : -1.0
[3.990843408522106, -2.4098675460503753, -6.653809613890948, -2.7416585012148817, 6.728036856250929, 7.985857910323714, -5.508927189885613, 9.438324378405571, -2.732125274198424, -2.591609370502564, 8.55958666159339, 5.207144556083561, 6.218082759259826, 9.233049749082348, -16.70033945472396, -3.315624230020365, -7.528517536591025, -1.1326284550373682, 6.8905956851054295, -6.132265282943615, 3.7624527408702098, -11.501886239116022, -3.3259801299856813, 2.160054524819157, 5.395492548051075, 3.262958365770535, -5.4072873844020535, -1.2858706208078974, 1.2114620210009828, -2.071235594660018, 1.8738436944726793, 0.11731533377645631] : -1.0
[4.516747718110676, -0.1829121350763887, -0.5082258216756843, 11.992104157779332, -2.745916690776074, 7.759752398579172, 6.603852936678021, -6.211048671542214, -12.15778281853761, 5.3871166365993535, 0.4183807240541979, -3.7468404231434196, 10.569095064294755, 2.2188195166839346, -8.47785295760511, -5.480925221702451, -5.516453887428545, -7.206287851087916, -10.88999885410248, -0.8176449104934131, 1.7545279898027062, -3.9948673115127256, -11.073475997520838, 6.8541954180995415, -3.1357525632176904, 16.906490034010485, 11.234297929209312, 12.831056540901939, 0.798212479211705, 7.233504313242813, -6.841198560506314, 7.131158528777261] : -1.0
[5.005206896700737, -7.72316569917236, 5.487773586680298, 0.28517265458617214, 5.998319188525752, -7.912319732130845, -2.171104385415948, 1.8160446240761803, -10.806908212234571, -5.822713438612089, 4.478850219714586, -4.945885408704777, 8.117070759772476, 10.222810592367509, -1.5813214660873558, 17.836915979665132, -5.250394062979751, -7.919889182924457, -10.070253446583337, 3.8092028987511446, -0.06376209311096626, -5.798177062834384, -9.730809639812904, 7.806227887431519, 5.3082452244073615, 7.30303859257879, -3.8048405183408667, 1.524163831068572, 6.716184535902232, 3.7695414389956268, 8.363052393158231, -2.111694260565426] : -1.0
[8.337505801832643, -3.805655206675636, -6.888277527601316, -4.801857262164428, -1.849906770509775, -2.210815891440222, -7.961277136929568, -3.904524339827865, -18.463892286657526, -3.0064613372396645, 1.6064120193847544, -0.8622321809000566, -5.109623298836647, 0.9267940747662231, -7.704538057598198, -3.361425393328766, -11.860844333857075, -2.191854591337519, -10.879347492648094, -10.52193173497346, 5.796473849927561, -2.789056801374933, 1.9219043315449866, -3.3748279676733595, -3.0616340669205715, 9.822861435129232, 0.9300913772807728, -2.932772753600889, 7.594873694022591, 0.600677114045495, 8.157488319268374, 7.037653410016498] : -1.0
[1.1154306001947727, 5.231938621160576, -9.795893354264997, -5.132739258400916, 4.180541106646405, 3.2914481321594318, 3.3204563600964194, 2.5116427870025286, -11.389847948119677, 6.4285846892046505, 5.340804345706621, -20.857252357254154, 4.652397315202086, -4.113045288287376, 1.3533289862327633, 2.225560096896514, -4.987063639475409, -6.081956039691349, 2.7466405151871003, 1.9376142739269446, 7.692691386254418, 4.81541351358113, -8.388994884410423, 10.666073291512259, -3.4493464881004012, 5.129360345287687, -3.2887088441063854, 6.696423129632612, 1.0417414815208512, 12.472493057881742, -0.130383521424408, 4.562181253910946] : -1.0
[7.695598741203198, -11.325150787997659, 1.2654702512229337, -2.515069898696952, 9.749623268228765, 19.281924875692063, -12.228130761843207, -3.7463439142532833, -27.809792813746284, -8.059778749205071, -14.842297031587806, 9.125149382272257, 17.919420002820313, -9.022987531758549, 2.043338868143209, -4.700442115001325, 3.120216808822735, 1.3698723250594416, 17.132284229565208, 9.170446462542035, -1.5357805862128329, 3.703897267523761, 12.76893706124032, -6.100403497941428, 3.4500558366171252, 2.3947249316992796, -23.92196267719959, 9.388932084602144, 9.730828126718189, 20.822148553318787, -15.034825139166074, 0.7083067349045074] : -1.0
[-4.889473081939253, -0.9121028788245114, -0.457867821311833, -5.069419441792213, 5.993414393050354, 5.805420579139626, 22.27589583352693, -11.080351234704818, -4.330441413025385, 1.97151848108482, -3.441769115880594, -11.223698404596387, 15.100151021708122, 19.2738366424009, -10.035273142501703, 2.6001380694752596, -1.116006248777622, -18.947674418092234, -4.743988397026614, -9.5403500817041, -0.679010891541016, -11.332607548710573, -17.485975012993716, -6.833084208374628, 8.254352558630075, 8.550965722456143, 10.38439421160227, 11.820437820685305, 13.151616061495567, 15.42200717190002, 7.327228703254853, 16.44502510004904] : -1.0
[-5.77021792779628, 10.288305601033256, -4.546333705339841, 7.446758478376555, 18.99147346068255, 21.848773063843733, -0.6200701471796459, -11.201990837736638, -20.043112956084325, -6.2523709093319955, 16.02674561733179, 3.6231803810571246, 15.933656841766004, 11.549745469905252, -1.5448702932242648, 16.05147136622532, 1.9275421540845201, -31.12857710723973, 9.698176521795467, 12.128209232101982, 18.109105505972128, -0.956446556855358, -9.49491845988824, -11.502676850783175, 3.7897654431508863, 18.25172330159539, -8.38524026754081, -9.102261159009325, 8.147864196270916, 8.068279872229995, 1.2534571516653406, 1.388885527687536] : -1.0
[19.971816731116284, 1.1520635679286237, 5.8096465340124395, -10.558809291391519, -7.824981902100966, 13.492856961029418, 5.743529856627879, -12.019502987694132, -1.5322811397539517, -0.5875663708599654, 6.749487017523489, -5.131047177713318, 14.401028371010174, 5.594925653129156, -2.3629275029420853, 5.987765641082543, 3.404941893137286, -4.178915840937876, 7.043649557695717, -6.2214849014900935, -4.742127200426499, 2.3530322137130764, 13.090396974990538, 1.2314644210051284, 18.39409244627761, 9.968458113829223, -14.807018810223465, -5.250640001723674, 10.878651218636683, 9.789694270112136, -25.878811581232636, -2.050643728673591] : -1.0
[30.03433427713342, 10.651060904345467, -21.229332064151787, -0.8967099412372947, 20.024038568574205, -8.58260005211557, -18.99522479317796, -1.7177390675741087, -35.021636779559465, 3.492265753918311, -10.271821137738756, -6.285650255062988, 7.07114847192057, 3.3146503881018754, -5.988253510012806, -9.093932112420166, 0.7172361560660263, -18.827799151144717, -3.2638307774006172, 9.332218795920744, -4.7749206846929875, -23.996987003316985, -10.741066892888007, 18.8871354659035, -1.6942571925623566, -25.205583677044523, 6.1864502883872525, 5.892754088666458, -15.158145002961632, 6.517479253783158, -5.9343316296261985, 10.74082725794716] : -1.0
[-9.436550300475059, 10.965907740286605, -19.202529156169614, -6.046078566402968, 14.715960733432457, 10.199336437446268, -23.874354736996445, -4.106653618485037, -20.387080294632856, -6.562616860770072, -7.15034199280854, -10.696001521928359, -10.214605404325745, 2.0636563647929926, -16.972694602004022, -2.4058601167512013, 8.726504613531223, -4.905357807105256, 2.388281206736381, -3.2390849299467117, -7.609668144158591, -3.6034196480446763, -8.315000180656693, -2.5776943246522257, 2.2412026276781556, 17.663101454586368, 10.083942828574642, 16.081931455389014, -13.228878351761711, -8.70954812110857, 17.69904485099196, 15.322293878895888] : -1.0
[3.8246572778662777, 4.765913323802345, 0.5341220072027282, -25.549089388244873, -5.544171024124838, 11.805106931621948, -10.778457391592678, -8.228760134908914, -12.749226805960218, -3.768106314610325, -15.18153423031348, -11.89766817757299, 15.597574279650779, 9.58966335208603, 9.330882785646914, -16.30025196434198, -7.240617880089699, -3.5619783436602654, 4.33396876174994, 4.773456279455911, 8.439148154129231, 8.682569559993537, -2.4471330931322353, 8.209377859156376, -14.32117777603443, 6.980013158480857, 5.185392655974576, 15.235447276654314, 4.190562233060274, 1.8180545118985592, 2.2143854299839396, 7.713862819900776] : -1.0
[6.372223970688928, 3.173705237125346, 3.893340874459976, -5.279329510729037, -15.454620031660317, 7.205709623587939, -0.034588888620115554, 13.502456404205008, -13.89555392434196, -6.136911380572544, 11.255858783394816, 6.559284851543923, 14.482034822519076, 1.9766656319032248, -7.60364203563163, -10.92975825689424, -13.233957413564694, -9.432859271631646, 2.4968451859069942, 10.837730317340913, -0.7701646682720735, -7.4427845298311315, 2.052859032626698, 11.565634481482403, 11.533805749875436, -18.737119856547007, -0.6802715572889144, 17.30332115312304, 15.552437361896041, -8.606655601340025, 8.867802596331321, 2.580323486768662] : -0.45984640988436615
[9.818636330848998, 14.086705994726488, -15.480200737221836, 1.3354134503823327, 7.466200728890529, 27.51121298379159, 3.0355873099157575, -20.55973779681524, -11.72325552370592, -11.10502756549921, 12.760918938082565, -5.386289152619984, -14.557323921639952, -2.767974712694635, 4.898374320111435, 10.48933215121899, 2.3332517226652927, -7.303417685096331, 8.825282750517783, 1.9693392723754473, 3.1625966307144173, -6.097857428703495, 1.137947324236936, -9.097076241398694, 2.223916534918437, 21.67675032252282, -3.9078165551867663, 3.2241167736706124, 8.490193037094832, 1.626721486264909, -7.217209466136271, 7.315610331444519] : -1.0
[-0.6846310966678173, 0.968230581015055, 3.4257576951767144, 2.9368824945070195, -30.03146162355345, 20.71046416871888, 3.0647076616129456, -2.9723353886096877, -16.65247099897958, 3.362341548034095, 19.535240775838524, 2.228290174405212, 27.191513665614362, -6.82400351543243, 2.399006427104677, 6.005431057450002, 10.16499299990788, 2.3178794025557767, 14.453175267048977, 11.754753239388453, 9.35808531988927, -8.861638207844205, 3.310967595192898, -12.110369830707581, -20.37540578910448, -17.19552100525177, -9.692645924127481, 12.845350774103373, 14.784005198683138, -8.97286765052179, 11.96411338481934, 10.08689550227888] : -1.0
[5.631777525597718, 14.028285366609285, 25.747713605389098, -26.142095663962674, -13.906641767340696, 6.602768984997624, -6.425995452589808, -12.623520652221975, -8.15282431580251, -4.466406973297155, 10.837720880316287, -2.8761923572593733, 2.403857680393368, 0.055040912599729985, 4.203861283438684, 6.225796040556694, 2.6779321943388767, -16.224741377219793, -1.2952500102964226, 6.284933451735374, 9.764977596373672, -9.021771260911846, -13.120776683654746, 3.4145512462882124, 3.3579222305970333, -3.034840334152138, 0.8464702858145187, 15.8251616837745, 11.998344157974568, 6.48205128257399, -7.468012873764605, 5.215598414632766] : -1.0
[10.816437397663844, 17.95670523296273, -3.5975715658310516, -12.4019506979141, 18.237565072476663, 6.236487870836107, -0.13149864051241233, -21.063552414269523, 17.84713727665742, -12.261438948063738, -3.491837074731179, 2.941431849416159, 12.460596419099517, -6.495770047433618, -1.9763361801843673, 14.157684301259215, 14.847334357465648, 7.7955454153399835, 13.308184784324013, -1.9750085727760485, 13.05173481555067, -10.056527537475713, 5.456015402562221, -10.55498733642454, 22.541862862223365, 11.58786880089649, -1.720364675647343, -11.084350984413206, 2.738012478339516, -10.032373483881946, 8.02756866395777, 8.557054708262758] : -1.0
[-6.743211201291419, -4.318906486194717, 5.756723798709555, -12.390409471403737, 1.5893646232208662, 15.559259473579914, -1.3143006881694639, -7.014450984793324, -8.084228232226824, 10.13430866256616, 1.3297402298774195, 6.480924118203342, 5.022282892737618, 3.502065976576329, 3.2879628347197514, 5.978799361313691, 0.0749110512081328, -23.24413686570096, 23.80016317815298, -12.678604604674232, 9.515834612195397, -11.190223673306086, 5.25081447644167, -7.601420847112533, -0.17820856402280982, -10.777566632024133, 4.246217752064023, 7.142584332029633, 1.425304895055592, 15.783903863049353, -5.281571667362545, 7.2318691258415075] : -1.0
[3.60595319999761, -1.3618445183007513, -9.098513541232036, -14.313492358852967, 7.659387242020838, -5.223676577604156, 4.989783807767073, -2.268607712736152, -12.092143300996629, -2.3490925953372206, 10.707314582061212, -12.086538541783108, 9.899594107786566, 21.229856119487515, -13.951059803259469, 3.5165885331131586, -4.937764868586978, -7.718311876786956, 0.7790999121281557, -2.7959879541423787, -1.2067689644393207, 3.460581119240171, -0.12240182618535922, -3.6994272468454854, -10.35975717955088, -2.7762886719905886, 8.294043764031068, 3.7213849827467196, 4.846173962166485, 34.70208301677501, 24.511460011855554, 13.995842232085774] : -0.49391612139615143
[18.9032924713353, 4.649765316329835, -4.873469239194343, 0.41008561022295, 6.481242379201049, 19.15770761689548, 8.653606759980434, -0.3559185330201924, -7.872237012433567, -31.20256027081795, 7.629583699700638, 5.117739075415097, -10.948892274553083, 18.75033074157966, 22.86188832003976, -24.272361611051934, 5.422158842705335, -11.214710420152135, 14.629174704575052, 9.580677870818608, 4.62180306683181, 13.841444879811824, -3.668535928024771, 12.393894301282941, 8.208856998539035, 0.31930074490106364, -7.999414831310395, 22.366003637135233, 12.102380342957392, -10.391603134084756, 24.65929423951796, -3.9033010585939403] : -1.0
[5.608679626872754, -19.319615630513223, -31.776494329896877, -12.96943158815188, -16.127493372169155, 26.94602698146086, -0.13710304122062178, 6.868443156572926, 0.9244942756358974, -15.480306098490495, 17.616869905623965, 0.3640678378927167, 30.537986107257638, 23.219646234122663, -42.635178857897955, 6.127468991592118, -28.5602921594754, -9.588070923522045, 15.960808206927858, 19.318062393799963, 17.503014092893462, 15.488233837198067, 19.823452529017025, 11.584522657606886, 14.584914358413032, 29.40580474734865, -13.835920651693243, 5.033597818806115, 9.995429509071016, -20.02065360581573, -26.63408451725328, -19.84934549635346] : -1.0
[17.49109618760071, -3.600502808351954, -5.022079284788276, -16.069337470700475, 16.254219303359076, 13.714218789771115, -16.112537313192625, 1.1640784087028937, 2.405588124737754, -15.711242404580668, -25.533749179517187, -5.546001218967847, 55.145066406272925, 27.918756574110837, -28.175649710202315, 1.4647073618533055, -0.06587488636423378, 0.15678261982579755, -6.9362818869317495, -17.490226526311517, -19.929683435132553, -2.9429831864049705, 5.464287315983043, -16.89814520675316, -1.0343186983345358, -10.72172108338934, 20.285550105659283, -1.3959310118880985, 12.06042430953279, 28.316648124734023, -23.399455311202864, 2.834639986794191] : -1.0
[-1.0676191536594155, -23.743397833174374, 3.8182026088308807, 4.862564543691881, -9.44275777856626, 29.385758745325205, 7.589273217427852, -10.65707471448323, -2.1980972358224022, -12.87630349771639, -9.512090459730949, -13.645175622736563, 28.95110131315213, -12.959047194195533, -29.298135962608328, -15.798557989712021, 22.37384027386986, 8.077538450418302, 0.4923101562425911, 33.271568592410404, 16.760063552911053, 32.050634952204184, 1.9469646507609777, -26.739816142284702, 30.085511569313944, 35.24150026246686, 28.93420001200477, 25.55523736999584, 31.755745083338926, 16.37063215908205, 30.73218976859511, 7.298102497096383] : -1.0
[-23.575746965635823, -2.190918757218074, 18.02455289019748, 5.181919187070237, 17.81889190752115, 19.82591161640254, -30.825405389185597, 1.8430983172312843, 2.1433575751703096, 36.652427205957395, -19.743150083171027, 17.895290717935072, 44.429242201531274, 21.725256905486134, 9.72014750095501, -21.058187879093747, -14.228240873044232, -13.304497276714223, 4.5102008868002645, 0.633819930637586, -19.587549871997815, -20.042686274238594, -19.450250290065682, -30.676570889702393, 18.808814441968053, 34.82184036555401, -7.142571222417255, -19.54534483195982, -10.054364381424481, 30.403703565106824, -31.624205520295664, 11.786727312550148] : -1.0
[-1.917753137336243, 17.57079095442291, 2.960874479851635, 14.445944620448689, 5.788596072866298, 14.35550628925345, -22.26855116073211, -27.58081654272605, -33.08195720590189, 8.829121710240146, -2.5223412364277706, 13.332881919047763, 29.410883814930607, 16.62764708202215, 23.542400683212637, -8.76760228980499, -10.431818344623451, -24.91901534657804, 5.524680114957845, 6.477871313956479, 2.5432827741971265, -2.3163926146896943, -1.6356343254223233, -6.589098676429061, 41.40753911610779, -3.2139848096293555, -11.281298255696324, 20.246628539077502, 3.135574072702819, 26.60146481585598, 22.929453767045214, 0.20233055131656563] : -1.0
[-5.343927017084159, -6.011272101682505, 19.833522809377857, -3.9518839874403344, 32.61712406267617, 28.06432878446612, -6.599182361071008, -10.136662084116912, -14.697360260320789, -18.607835982368197, -27.965253070116024, 2.1066777769322, 17.52707242031346, 6.5464040009626405, -7.92376409510296, 12.76470255795957, -28.877834586307827, -4.235904710110501, -4.373491407691689, 20.198096084102605, 6.095683596242657, -12.902527881608185, -12.080069470909523, -18.283566185199795, -16.190166755857764, 3.20262511702195, 0.8264308943595315, 9.209088744132224, 15.36987846536011, -3.512788094740271, -22.065670665723285, 6.274892342661408] : -1.0
[-23.475932117829707, 1.1836311544596227, -0.3103627012855179, -10.771743612497172, -13.69523541353555, 37.859040592203456, -22.43493128801766, -19.41905014128421, -19.469942996535668, -28.633947422187227, 19.79188435967712, 3.3054054011304532, 9.435214466561472, 39.59532547515114, -15.150270369001417, 4.629504953232816, 13.117212221312476, -28.273632230400533, 0.1670477383466995, -19.737249159866032, 1.7829864377419637, 13.932628131837973, 22.534594835599393, -16.40049814711315, 15.941022972069923, 29.274425988726517, -14.562579905758037, 23.89608801694679, -25.486577829961465, 16.9640826331, -4.846774011831093, 29.667304179245455] : -1.0
[22.906800841052252, -14.39172699485062, -7.671483341967873, -4.682619575695352, -11.77628929991527, 28.311237057145306, -9.032610285580931, 2.1072754244914425, -20.337459246522652, 8.91193911373088, 18.875058618217825, 11.658343391218944, 22.011585665403242, 0.10341247780951868, 6.166469723202942, -14.341459472768483, -17.00924476031229, 19.033588553136475, 5.3651839688426906, -17.36415392553106, -14.678390091183843, 19.56595434730799, -6.646700261838992, -4.944014687578043, 2.5109968341204807, -2.371983374176862, -25.844334788472004, -6.3576635390462375, 0.9232514179020548, 27.055671108928536, 25.111151120836404, -10.015115164881557] : -1.0
[18.774577344388568, -6.508952887564973, 15.447354649729098, -19.483354031125806, 23.37572786018997, 7.6954124096149625, -8.558447851014101, -27.290834577041398, -4.850659380044588, -32.00637114270166, 23.42539291933801, -6.362485920151553, 13.322632938459144, 3.3563710324246077, -5.625878909626634, 11.113610609776954, 9.825890457250624, 2.043157239649947, -6.674360189921168, 33.79438243290194, 20.500309461123656, 15.480936975036009, 29.89394102796003, 13.843061734222168, -2.665074514320267, 28.85235716737975, -32.26650527593885, 0.34636164529443825, 6.280450643281082, -1.881331805950726, 6.9713723985044505, 22.329729041599762] : -1.0
[20.21655498256863, -6.311232483055336, -11.601477806903365, -0.08876654894004421, -17.435081177179683, -6.388004942535517, -5.297957812948063, 12.457638842324474, -36.00134817316106, 38.57675571837429, 9.71835665411739, 2.0587821765450123, 15.11947065025258, -13.603325755439903, 16.08376319483878, -4.68251378556735, -16.07192103802945, -31.77147303749774, 0.5463822820883681, 15.798809735247415, -9.744701948458612, 3.6889621350734467, 13.155582903953317, -21.990667071733377, 11.851495964772612, -11.346775573694668, 3.49580578844163, -20.488207300070076, 30.567576134932274, 24.725756425608587, -23.638296707275178, -6.7154516197229634] : -1.0
[1.6716802346251263, -21.098332698754398, -26.45422393826458, 8.40288862010888, -14.011316502392642, 3.227039809447664, -0.11246988004993463, -6.415085581465535, 18.37688063792151, 34.19566004597617, -24.856204373684765, 4.800468566298559, 21.558048704360736, -3.1421490534457606, 8.911576710719293, -10.114783008284466, 20.66421781773492, -12.739068244843768, -5.676030730070063, -25.47089307984433, 32.498975756033154, -34.89008759367819, 1.2852272154818027, -9.24836545093613, -13.902229015990798, 23.525540976760514, -20.998128451964607, 24.431247405229122, 10.425492653906403, 23.933952703059184, -23.12334093504493, 8.96279786548597] : -1.0
[9.88959917112701, -2.7902636065208926, -11.978724993381984, 8.370222461508522, 4.743720507276132, 5.766487312466707, 1.9983695554786967, -4.303034838561146, -59.789770956395955, 7.242196452881981, -19.486000365602838, -21.519873881391202, 1.1791688807608338, -0.1649002075111925, -29.210975956888504, 25.05146966861875, -14.025358571210614, -48.289669016006016, -7.494126533671591, 12.118010575777378, -5.738639680509121, -16.36477563080252, -4.778654015459137, 7.736892060745253, -10.855136608403004, 17.705856540891183, 9.466298186643751, -2.6949855889387617, -3.4037126159271702, 14.850409350233308, 7.1179030540408315, 24.886141986277366] : -1.0
[-2.445438085548976, 3.4152117887386373, -11.733888514703187, -4.662579268069777, -10.856769534806734, 8.744311868902031, 0.6894915360867482, -48.26796964217287, -26.601925940777136, -1.676045486458216, -13.734401735300228, 1.8350746032488625, 21.65405026029104, -0.06831061123538085, -9.870835365884503, 0.7661074293877592, 10.838438781976611, -0.12194592040794205, 15.309644614091273, 28.500273586603765, -0.7771857212210005, -12.510382399789421, -3.891691677173828, -33.32645872799256, -2.632915743782311, 10.651636643611582, 7.467763337933179, 12.015223814857581, 19.431946775139853, 36.77653163542964, -18.317745171573016, -1.0379575824335712] : -1.0
[5.10096716577488, -39.350417606435144, 1.2863864719087408, -46.76043788564212, 19.67059001282356, 1.397397027241258, 26.40865194730068, 26.344522713112045, -47.433247892911105, -7.994431043174798, -7.715012485392773, -6.766490903255203, 32.4900997506467, 8.708632252037606, -13.635704715321147, -0.9913697064662621, 9.117557309239864, -49.20581101599277, 9.041384789947928, 11.842550123165319, -26.315724666680936, 49.07774845392329, -3.098042618547785, 16.21436154161026, -4.127911557695233, 29.476093008670063, -10.518370057133053, 16.344234604721105, 19.079772648599217, 42.8607073914201, 9.780298350122438, -7.2794501750672165] : -1.0
[-26.131724132918926, -26.227967048628695, 18.063472873042514, -6.682944570943571, -34.60946870651273, 6.740757610093912, 53.95280931337957, 3.2463318524530687, -17.966474120730467, -25.626557008070243, -7.563405272221272, 12.949534371987724, 4.0778881333104415, 17.978836769901427, -6.761403345105758, -67.98055793889407, 1.6625347924485343, -14.381880345024413, 7.168490452767642, -5.372547431267302, -28.246366691358514, 2.9579662892378575, 2.236010298929229, -9.942803617199829, 3.1870047752884467, 9.101743272696654, 24.166859805133893, -14.174347382790568, 27.870195722700004, -0.6387341949106669, -47.36378491331245, 0.3286184698922514] : -1.0
[37.819247827554065, -14.75941464400843, -16.83791335477231, -51.064822060745726, 6.812153206047396, 40.4053241083571, 20.31207540878706, -22.331429866950234, -21.179578297026044, 13.076218672700694, -5.668860102511703, 39.14298434555314, 58.140026298460256, -15.264566553685587, 14.623115748138853, -49.20928902243022, -47.38867914480702, -9.954042316039798, -48.00405385860545, -53.049635942771175, -8.06370937761183, -15.750425168724567, 14.188485338542273, -35.96838988497642, 7.969939812683575, -14.22223979167645, -41.5459992198219, -28.699812752344354, 10.414451349920895, -5.596842459881851, 32.425409355719, -17.416075580978315] : -1.0
[-28.965719345030536, -21.36278740413273, -44.46900752627389, -47.29553881697049, 25.45588729157097, -14.16426840888185, -1.394021596634017, 13.940112234673638, 5.08269886445236, -3.003829219402883, 23.84392235527438, 5.801083655721366, 50.73516158677488, 5.594000740961455, 44.32009719332449, -9.954952934092987, 8.47072693424565, -1.8347913304460803, 24.719905072226524, -37.14052270861097, -37.31378208463612, 24.451564238571777, -48.24926561461379, -3.2074024063775437, 17.03992409108534, 8.682568362797518, 9.419121895145507, 17.786383005963124, 25.55454742432853, 25.57656504561047, 5.110738613863313, -6.197727958192386] : -1.0
[-49.00112311743994, -29.333916840368406, -29.728608155932402, -3.3344016041177333, 5.6122523967293905, -12.367813140717839, -1.0373494217895278, -34.186716867257665, -19.38009858733921, 22.067375642876502, 43.324747228756344, 11.81117664182025, 11.858351743978917, 29.51396539158847, 10.428926138797367, -18.392379599522044, -10.916383385785757, -29.97449385719465, 15.997011020516666, -29.05026051792316, 57.37296465831689, 19.555985950477222, 82.60996632581009, -12.064509256264962, -19.304873232534433, 22.710331265363443, 28.968964334321274, -35.51807867721037, 28.446004046642116, 25.306726067424595, -22.32682320972509, 43.86666096229694] : -1.0
[50.02671748151641, -33.2799367937605, 19.963761495375444, -44.24818639820437, -25.142959343019964, 31.168672192466822, -45.09526248411994, -1.6045541717138228, 2.835130372999659, 27.514219935799975, 8.442997043310823, 21.839079489212896, -11.075592897927422, 51.52965628192294, 3.1229502057720318, 27.937264642831174, -23.909866632662126, -20.183766840029474, 1.982310781206217, 9.675558330404355, 11.69357030146254, 21.045775409490815, -15.570901709465563, 18.096638233969603, 41.58782141516648, 10.25224610297722, -15.72133012286219, 49.22958517951484, 29.411476575557693, -23.03951185725043, -8.855228992989291, 19.082694784112213] : -1.0
[32.1964756116665, -40.60711503727559, -38.43670795944521, -17.310625647469053, 31.902928012808765, -4.460496703318952, -9.79082004184335, 9.523424321088829, -7.509898539771621, -16.2623269159031, -26.418870779379034, -58.08273006011253, -12.46466068993114, 18.675481557715813, -19.36855820681722, -4.584031058146141, 52.63954181564652, 21.473351457486057, -12.620204301349762, -11.006688049558814, 4.061069828476293, 16.482453320719646, -22.650124224950794, -30.722856431587584, 0.4967290677886549, 18.34123651865446, 18.766068075768178, -12.087772639666053, -28.266297058616452, 13.355908410883039, 13.398639624873052, 21.776702669674396] : -1.0
[46.94946719018054, 15.073853913662617, -3.480656527884856, -7.67177505908367, -4.796621415805011, 13.827786394179945, -14.409915451038572, -25.101299176602158, -12.196881814925217, -13.654601849423955, 8.651394992943537, -0.18341331447230758, 44.748731388153864, -4.7306047540466984, -70.55460888595776, 29.3673174114299, -11.811983859729391, -15.07784498685011, 21.81000906427605, -28.627978594791916, -36.923845523391634, -32.82548457156019, -14.98279255760442, 14.886885105799582, -33.532775140763796, 3.407425282657899, 73.44518288755923, -0.18745480795216451, 39.30830636546277, -37.628582411312536, -14.170023660039808, -4.7379333971777235] : -1.0
[35.49590106058357, -33.10456028059377, -6.019409191687991, 13.118044083625097, -21.037140793833508, 13.34095068704242, -17.537861213297006, 11.907686387505185, -19.596444260372866, -2.3424185221451577, 20.169754238420257, 12.652606629320628, 46.97953775100406, 9.292302345608773, -14.535304436994554, -0.6982047575782797, 30.46032472237452, 5.9326324323830315, -14.715230408382705, 40.7792406079945, 22.826566653084228, 4.544850737267146, 17.77409632626137, 28.47889544645097, -7.983001169200984, 13.747610796035078, -8.979153610047637, -7.968216255149198, 20.96956500226652, -22.01980883025547, -48.602903999867664, 21.775024737367573] : -1.0
[34.58491488239952, -27.5481600848996, -28.695646513303892, 17.400890401810056, -0.9888701888197273, -1.5864604993980755, 10.57530989906701, 24.529124343101927, 5.019093324981166, -44.12142521437173, -79.29596863125332, 25.050192573148056, 52.05993165164651, 6.201960679812032, 13.771123328412232, -9.893853476437979, -24.30209229716153, -46.18084098195559, 27.210166836968288, 6.549711052114678, 34.705282399764414, 52.12781424986382, -5.043373406090164, 33.650282712907746, 13.299399318853528, 5.387914325704485, 25.88498510347746, 24.518148046334154, 52.207034024398, 64.60992874902243, 37.19848574159708, 13.50386274637825] : -1.0
[13.239106373330271, -25.318302687824286, -5.4308667651441915, -26.014208314637884, -24.75721139989276, -9.639494535919816, 31.789755908043336, 33.40521660256001, -16.461299116217482, 20.87875327439553, -4.943921711992931, 1.4679161271434378, -5.058035244246419, 22.97111018074126, -6.618516341324568, -19.904056764649493, 11.736736279455044, 9.966703316541924, 17.138664941446166, -20.685889140220734, 26.437407755403026, 37.42647611755798, -35.719518601225175, -6.686147856052885, 0.854607984133354, 20.77732597955274, -23.763550377526045, -24.2178467017465, 45.14178087350503, 14.258563653185206, -0.838061433606111, 12.470141574503703] : -1.0
[18.564344436758926, -7.07188536260802, -12.662062209638766, -16.813064775848215, -28.93911411020388, 36.324657191287926, -15.381766264383176, 11.898740864271156, -32.33270717353464, -65.50507422800177, 14.30542938125422, -1.4060537643288342, 28.876269524239255, -29.237534001340027, 39.23527938114046, -16.282254483882017, 23.637410438068848, 16.276689574302182, 72.44439995255186, -14.038073982940737, 8.360301832333457, 19.253778978262638, -23.702017977282548, -18.094225328046928, 30.292561795486726, 13.393696902776767, -27.8791795900289, 48.05593146490395, -27.234778241005017, -13.13818791841941, 18.16230487510829, -41.51477702683101] : -1.0
[22.576747265768695, -4.631962584481075, 2.5152344851607653, -27.22942314505047, -47.94547846798105, 20.295408584974417, 38.57666451823212, -68.20392040580069, 1.0137664461705143, -4.897197583332886, 5.0420775632635815, -18.135348192554645, 37.084938411350635, 11.99397929735536, 13.02835904277592, -44.156807431569206, -22.494149831757298, -39.00801566048175, 48.904439369811335, 16.69280639172093, -6.051346884390005, 11.198900862749797, 24.740386784662466, 44.701552158973, 42.50396534184537, 27.606382109974476, -20.486220218337508, 16.15430692160099, -41.837615575859026, 42.414362594562284, -0.6966407742267242, 55.18877963189659] : -1.0
[-33.37092038919006, -22.551624903695753, -24.56197427373621, 25.970171364693297, 27.9668153099883, 31.807273334992438, -28.533478876753442, -10.652347796691277, -25.697081704538743, 10.931233744213948, 20.90951721794241, 1.2681239254401162, 73.49854405530455, -20.358381597283515, 19.713729085955336, 5.307838739425366, 40.654708120561, -4.542252192844626, -4.309577083768547, 41.03957122840203, -0.25836493180925535, 58.893944612366035, 28.720244079163866, -1.910487980436271, -20.757551921383694, -27.549416963225934, -2.2310830779309967, 46.34498708522551, 39.5947479618574, 2.793946760592179, 15.04051356923755, 0.4266473519151104] : -1.0
[-11.859800658991453, -113.29395274624294, 41.709745162576645, -23.37200073596835, -47.54389995580299, 39.78471391069679, 4.167358513852907, 24.925962238876124, 27.674576650193906, -57.88917679834491, 99.33774698471504, -3.2176890255939146, -40.35651529173259, -41.267737483459925, 1.922651153048898, -25.90957014858044, -48.337869657097905, -59.84336898756196, 33.46923003176528, 26.901634566592183, -66.61788114520783, 110.01667895413185, -30.68458407364146, -75.51892059227676, -6.674361894042519, 12.428463138877344, 36.982061277167894, 22.721626081314486, 13.903119573141263, 19.09390279425578, 13.38283641576601, -26.295742046935757] : -0.5036944909529253
[-3.0850848742777663, -32.67618066629967, -37.92478942643056, -39.039361880301115, -25.715586912471302, 60.87410269166234, 26.735608611996945, 35.28419174918095, 1.7860377769624414, -10.706837532316925, 11.99666019278693, 32.711216395527266, 12.997204015526929, 32.828081854831204, -16.0174808858938, -1.1798516552975151, -65.27884115780142, -13.946966125162682, -52.957123036493314, -24.245801343708514, 40.69952913418998, 54.825968596567705, -19.89916443195043, 19.02013846602798, 21.76547068208621, 6.178222898243611, 8.759262407294514, -16.543615626662074, 47.22837134953974, -29.123306498151287, 45.89092002044779, 17.94717331694197] : -1.0
[-7.145734138341984, -126.02602350525054, -23.013281008987406, -20.018917990847633, 4.192188754734504, 29.410631029424625, 34.38795433521355, -33.48626660597049, -24.58013046601129, 49.31359122492193, 19.210615255642224, 30.72626602349486, 107.48942750812205, -57.131099902486504, -53.70913230424796, -108.33242302529673, -17.390267337191872, -49.14636402336558, 11.159003863283884, -15.106544080570206, -13.042621327712464, -7.067325324496679, 0.03388415062223693, 8.841254641682607, 5.782293873937654, 51.660422826115905, 6.458670327316057, -61.90506966333769, -61.658682555512115, -36.31880834222701, 36.17923834236299, 57.8844331260125] : -1.0
[71.4107776602859, -84.24018900720154, 27.37973971406776, -49.620656776750025, 45.59189056818609, 119.50607726987845, -31.97626067288525, 35.734972971617026, -54.35211563104966, -51.4889594300384, -136.5018644918611, 17.660907130116424, 28.067442337984975, -9.023911300725626, 73.9664180386752, -33.09481699157196, 46.883915428514484, -53.09395440585011, 56.35723840073427, -47.99723647958835, 2.383154240304634, 16.478194829347437, 32.695098675779825, -63.31251396442298, -62.85194059242973, -26.046260485289643, -50.241959208083536, -3.206420429418926, 9.486786848169213, -17.880607742158887, 1.0993132748866103, 13.260687899511732] : -1.0
[54.35802668475557, 68.11015287478425, -12.220688058024233, -50.50082030521795, 68.13418806371686, -53.23427251944801, 82.17919243733745, 49.30948100956502, -38.58372541703219, 36.70835408238135, -16.459274099562734, 29.989613293791628, 88.0699961658004, -4.517546085967421, 49.47659057412407, -81.73338726440153, -40.5916514339969, -57.370262769544524, -14.509547451076434, 6.751809373925063, -34.145402367750336, 28.637072959914505, 10.140247795026715, 36.529130280691916, -7.098686955327093, 18.70077697696373, -0.6489535890310523, -5.066738191053351, 95.08594593828143, 8.850952173127089, -17.239408184393156, 20.28427286376862] : -1.0
[-73.16468405341031, -82.5662264255564, 0.14651440363377244, -78.65170834415115, 34.8282529844967, 20.027876779575983, 45.24794288776666, 23.580261739138255, -36.67678959582423, 26.577324643029357, -26.726478659944824, 29.232501057265278, -62.69127171485377, -31.37708937735463, 50.664420711975005, -36.21630191351282, -29.50980935603513, -64.25269237899423, 23.786809393643857, -16.74108325492943, -12.235397725698498, 87.47603091709759, 39.82535534732278, 28.84942310100209, 2.5355583308314533, 19.796976910151876, 6.757110293066228, 5.381633601919501, 28.008238533170047, -28.95213624714993, -9.289369924721624, 17.82990951507717] : -1.0
[-55.457824516893936, -40.813680234920945, -7.271073144081704, -12.921775356886382, 72.133946193614, 68.07601056881418, 45.87185010768226, 4.531917903257512, -35.350902755676245, -42.18503515605301, 42.94409146900984, 20.923941433722984, -11.595203763488758, 42.39584971036646, 69.55720359331222, 60.14568534396534, -99.06373626566693, -29.713630600880858, 21.704702013622253, -20.958726778488334, -28.73133076364273, 68.62249964758007, 84.76132690755763, 36.15657575056515, -27.386479396529793, -2.1884314939791025, 52.10212280284672, 13.24931625477435, 34.04332258119183, 76.16756139532868, -34.51354958489447, 59.168503122298056] : -3.0
[-19.131123267594297, -39.24509313549359, 11.866883287550555, -60.722090201167504, -12.937254979189614, 24.44507505856805, -31.104774549801906, -21.609807597804245, -44.830498673562715, 5.2888972030751, -14.623779506340913, 15.65693901350678, 44.55503249407659, 21.830943756953868, -32.33996830872198, -138.92178331851807, 78.1998586235276, -51.214246031739236, -23.02426627935633, -13.13960313606406, -29.698400653690637, -19.981997734857227, 3.521268676146186, 42.68343511491886, 52.6420024340281, -28.527559591818665, 43.922761009761544, 5.894686059741767, -10.351904836524184, 40.19117510024803, 17.95945020548219, 4.576958941899012] : -1.0
[34.28925422309165, 62.22498251854442, -12.839794246578744, -56.84241609816044, -43.514304258811386, 13.701182385218754, 48.62258826759406, 17.795413535096774, -22.824124465557304, 58.226246018820916, -55.382851422126585, 41.23124801364955, 6.118380263202354, 19.925216445136112, 29.29728441327416, -11.65302755476552, -25.737458438738308, -9.80287067288138, 90.0937051241626, -64.7808034546783, 4.756249149221066, 17.68038379991858, 58.08216509141223, -24.9945594647297, -67.90997933263978, -27.17958437741698, 95.42171853419582, 15.913114802904303, 97.30747227792398, 60.04094159058892, -113.34461283483333, -21.375862158520036] : -1.0
[19.764280619208403, -31.078570506263407, -44.27039474385497, 3.8265202548740405, -28.53563506094418, -43.540226038396895, 71.59056909720786, -57.48932814347803, -64.41922165313349, 0.7483269070952829, -50.23153708966213, 8.395958041586766, 63.87655909385741, -55.148857373240695, -26.952656139503887, 40.76486197285159, -30.200120801205603, 1.5213962572892825, -0.055185171262074006, -18.349035943150803, -4.103367071186916, 4.2214292307902, -9.973492333559285, 64.08860203312432, -17.771688378735995, 45.51094082705723, 8.360139722918946, -88.60650340582023, 52.08605099542841, -9.24904914554968, 61.860046146986235, -8.945573552187025] : -1.0
[-10.842433503456, -25.00198171702581, 2.7835164186055366, -55.845115989887596, 55.282493407629055, -9.190817275680896, -11.087789096076964, 38.256123331021655, -12.709095183890057, -9.149061179232223, 7.600260389878454, -25.490879635515995, 31.644482010163067, 74.24386972748458, 31.20035305414273, -31.15551588374228, -31.970220994076065, -52.68611847157162, -55.853032554608966, -32.74186993996604, -5.957482957625809, -0.353566113567247, -7.8139504440369025, 18.86929391634329, -2.70841772942687, 53.038631049942495, -17.14870598497615, 99.54864650842589, 20.923006265306054, 106.38525742876305, 44.63740302545674, -25.157027690856992] : -0.9315152601762251
[86.98469465168739, -123.86089058119954, 59.820298087130496, -11.823422369745447, -12.065418732590631, -35.264516965717625, 40.16612239525149, 60.16443126972547, -66.51065598891267, 57.201735223080384, -59.237264312257544, 43.9167471079675, -19.61824016071751, 13.604735129736298, -9.341413258157784, -5.699488500452169, -75.89320955773641, -26.79571150995973, 3.4252960285429377, 31.36807169117206, -77.56854047822915, 3.3479403846962725, 44.00893551672575, -10.3263984797528, -59.210010646769874, -29.74544439975854, -35.998647207823225, 16.506724051170995, -11.100900221065643, 96.74009816929117, -47.18014257453586, -19.18160001034901] : -1.0
[-18.222461557156674, -61.25223383725604, -14.021564236436966, -57.6401871502455, 32.046794807000424, -10.243148386080474, 36.39327325657793, -36.902617034319974, -60.0874593131904, 20.044659739222674, -5.432601521807066, 3.219246175232742, 78.94342552721535, -16.24528351010908, -95.67498404801005, -35.95592255476385, -0.33632822135260465, -59.45646574730483, -64.90611988461762, -44.23391018459699, -20.7635542527642, -6.6468245002702915, -18.867056101856075, 0.27652553166909444, -11.644800016209997, 3.198433591618606, -2.8867719031490244, 19.103655096582163, -26.509195959620467, 14.66566415031281, -14.720620899721064, -37.645815597342406] : -1.0
[-8.569341539104588, -37.550510309074106, -67.25853030116922, 8.350698035890211, 2.386412880049561, -33.53540219021876, 20.168699835153483, -45.61761223943512, -81.53017637269497, -63.44948300337763, -2.818644029691777, 9.674679807800505, 16.43783699830165, -52.950761182234345, -111.08562431561667, -35.13027364428921, 16.431140619113425, -100.48924870071617, 4.7576369105987375, 6.906876443120613, -40.30160219626276, -9.887822341658723, 23.863097059920893, -17.18415513201195, 15.96210468454086, 20.072796952804833, 23.780300726508074, 18.98611426276464, -12.967351548278241, 7.324315062408685, 18.03271980401868, 10.735987822226194] : -1.0
[-9.924350721472358, -99.67177943408137, -75.50393568137731, -39.4280814157024, -0.1198069948688385, -21.539570067604807, 67.72691401035064, -7.54012193761872, -68.77992687382745, 36.25561311759609, 22.72565026508594, -28.838748823714976, 99.22413907744601, 3.641788848008739, -32.81660719988357, -32.25663005538266, -72.06088793958811, 22.22336026746028, -13.004735258023475, -103.06292569314546, -3.7294886555143916, 21.716595053672275, -16.518811971969736, 66.04382568200327, -0.6408033421304395, 8.925731576237684, 46.31763144539745, -66.82807680537407, -16.98550991342899, -3.0591253285706816, -61.09599346789329, 50.81498316670345] : -1.0
[-22.608955702055084, -35.79179135600828, -18.34421330377213, -45.6113698685071, -19.690308814755426, 19.702077987523154, 97.96786677166328, 70.99283745270215, -41.70509402564038, 50.72361889729296, -14.256620852905561, -16.85714997334998, -3.1651185316212853, 37.28007516594771, 13.217623395858592, -46.07015164947755, -75.23910396386785, -26.51530938541827, -31.09873026648559, -17.729365040741257, -13.109947799122224, 59.46801184816009, -14.214604419589879, 49.483264984932966, -90.62085176274242, 21.701540151108162, -39.48100368068437, 49.530727376367736, 5.235889674318106, 47.45817197736185, 1.2740723963087406, -22.785761068979774] : -1.0
[-23.304179416128452, -37.7165618573881, -76.21440077620613, 72.65028112539585, 26.734400686233666, 40.9171335919198, 2.053137106313681, -55.75469312121334, -24.728379209102574, -21.315895831035608, -32.72395070076063, 71.01214380595587, -16.809411308396943, -62.373238192879924, 21.762416784600255, 32.304769413262306, -37.54425471657018, -6.508940145404292, 18.141895395760994, 20.233293339323886, -37.461659430497726, 25.903372992096564, 51.17868063158913, 20.241635952882703, 44.81710974875719, -3.4407166732304244, 4.049178366349146, -36.711052211426505, 77.14820572483691, -66.33550982205207, 34.636233840662165, 54.677683857654145] : -1.0
[-49.29576064862435, -30.19184284133527, 10.595923631843293, -35.55110433332475, -40.37668417411312, 15.964279159464049, -49.2044677301062, 22.877524511361557, -8.30594630794506, 71.06796927395322, 48.48514177321434, -10.046452924308714, 35.128210739043894, -15.89472817130271, 9.719756192509793, -0.8528844214190485, -32.978242482184626, -76.460385639832, 4.088091699123758, 9.863979528486738, -21.648886990543684, 36.106411360953125, 23.850404411364963, 41.27515393674466, 2.0156285421234763, -50.92114070833307, 69.14396518204471, 8.12121958716365, -0.35708319540600897, 4.630615538447116, 38.78954257053087, -0.6692999002633897] : -1.0
[-57.53772451105756, -114.98901894289457, -31.967414013168103, -88.64011805572187, 25.987735685509637, 66.66892613492213, 89.26596549377194, -55.83074797729177, -70.69856914471512, -8.761527518123444, -73.75149258494471, 39.795076599809086, 77.80411125892287, -51.940991082934445, -21.168491003674532, 49.53826461881327, -40.65278305710902, -58.542657116672174, -12.63813088218705, -43.53715052919188, -8.986193605145832, 54.42369515693431, 30.219148090306177, 62.46994960530128, -35.857213142568284, 63.878115785247005, -19.235226623664797, -0.9526380226236775, 33.260393627618285, 77.93468285511476, 32.39410169081887, -42.33656576444871] : -1.0
[-6.931804066541032, -41.76212273366993, -95.05426095845313, -70.32276323238042, 52.48417025170983, 104.73081398627158, 15.966231360128473, 84.75068268025169, -47.207355669742455, 18.367666732999204, -54.65578676470305, -24.818012570781658, -5.679651456763697, 41.54089654411577, 64.16640843970117, -4.505048570336375, -46.811039668465334, -42.25420451809238, -54.383851761301585, -50.72365169917714, 52.904544121868256, -1.3132935203652494, -40.77456817681647, 20.501502232515822, 10.043780250934272, 32.642702841535176, 10.035500699325334, -11.698991994172221, 15.644674811961142, 45.49120548733993, 24.29362135902656, 123.52913075553458] : -1.0
[-5.660809608714475, -105.99014280967151, -54.802684963751965, -87.41513684389204, 17.54572292785227, 57.587651365327964, 14.674884748532481, -57.01883073008947, -0.4296696597923386, 33.08061482252204, 49.04204601634443, -28.993526595097652, -30.030702027505665, 5.2962785895324505, 14.404414672457722, 6.438779563565401, -50.69276152480922, -29.984596821096595, 47.712997034443504, -87.99986821448215, -15.125668112118085, 148.48343720436452, 6.8466091392583195, 47.7085920588919, 15.133433745030398, 38.23154507497138, 9.370256010058526, -6.001715631028606, 105.08137636019023, -16.877189801652, 31.09231624826551, 62.84781003293773] : -1.0
[89.24053006912236, -28.92883166843677, -9.381245647061776, 12.33623313951815, 75.84214518147127, 60.23915344640466, -15.311274822092287, 27.163441584422603, -42.58637413415456, -24.176933076351403, 5.646233905555892, 56.7358638261622, 92.97418516255271, 67.8557870602614, 34.842404032197955, 15.043735242937931, -16.685547348299913, -124.10127494106821, 1.5130120376151999, -60.65055230987686, -156.3750290401134, -17.01003750511166, 33.99455131394653, 26.854457255315175, -27.0478729278538, 28.76952810020417, -57.048060474556124, -11.530928619467522, 7.035863476345467, 39.2509696977003, -10.088212152682468, 101.71324441728683] : -1.0
[-9.845436742840397, -77.06771573441713, -22.299790954801054, -98.79023609524688, 41.63767003702283, 17.921618449153243, 23.848303172001962, 90.57730474973454, -28.663602743138764, 22.813786821747975, -25.441251991793706, 9.375311718523808, 49.00028884274215, 52.76110122262547, 16.030244843255097, 20.8839191101081, -117.68593873361577, -78.18232688074649, -67.78726799331598, 9.383916196893146, -0.7952022502195017, 13.635097875061444, 70.08100580276512, 9.092232584999008, -20.128492052417386, -41.36842655570278, -45.941085514018766, -8.509834893078075, 65.17124474605775, 8.153534285150046, -33.93729429783066, 17.96125270393495] : -1.0
[-24.06789674262418, -35.68006564528789, -18.95634287535153, -16.022156741625928, 49.97579825547573, 64.79808912802973, 1.0911631268225044, -10.192053434176417, 71.21488435428215, -13.62619263717041, -1.5220052953328147, 42.80625015775696, 126.416962748709, 79.94514988970644, 5.410691037383707, -23.02146965002565, -16.589073481698556, -53.00998734496543, -1.8055656176944819, 8.021763756165683, -30.94059873134637, 37.83292064549896, 2.331712089627274, 19.961458628989906, -1.118106767265747, -25.47296957983533, 7.931815529969306, 32.81115759418481, 98.15346888092098, 39.092900080778946, -77.0054256060532, 75.64006802028914] : -1.0
[-20.353150424509227, -10.750317622000253, 10.774512468367627, -6.8477940176979715, 90.8191011837903, 23.556635431566658, -27.07060097882553, -99.11638258214496, -70.46674276890319, -13.595534755431597, 6.690165688497325, 22.87521489942604, -23.17862209379044, -26.566148953325044, 29.48460435085942, -46.08957127566478, -56.72199955863143, -23.287506169094065, 7.388175393584317, -42.01610691998588, -120.16847141723217, -11.12810723065369, 41.46409709180524, 8.129471638825882, -63.42221602540667, -77.56038421131103, 8.42744027506051, -13.419215542484809, 45.45072075111277, 82.12375008268788, 16.5957346918939, 123.4921339109468] : -1.0
[31.628126680726385, -48.06966764927022, 2.9891468837785276, -6.487364731614569, 24.30298673299026, -36.308419228746125, 26.536023097070363, 21.905556229470633, -50.64965820593628, -81.8990706237003, -113.80934766282408, 109.55438241018172, 15.963627093749414, 25.527885613379002, 72.73664390708288, 63.96715568177079, -84.80039933139037, -54.80137854814953, -68.96847204394892, -88.81110719393692, -24.027245506637957, 88.35570673710143, 28.690305143673278, 60.286814178359776, -56.09598913243411, -43.44847716975315, 36.52610557125056, -22.781167418292824, -23.23452585176588, 28.961908427256375, 34.07239450423454, 110.98272715291523] : -1.0
[-41.8078472713818, -131.00592007583873, -47.49657214856625, -16.529426115056516, 94.62811866099452, 64.17067674778241, 88.72146146017266, 36.22490266989517, -26.12787337344983, -56.367002873866014, 11.797916742539506, 151.70526566383535, -38.85162856094192, 1.4539515183350105, 86.0730568034269, -8.44822936847119, -52.3013150471041, 49.31725072370905, 41.31870940817475, -78.91826394372663, -25.861351279821815, 139.37609821068781, -38.81910460376325, 4.624086082278014, 40.46248242265838, 43.40585839740359, 94.0348798493344, 20.158372902550852, 9.071766726630651, -12.260301256360068, 24.035725900535283, 24.803929323264605] : -0.5408561446449973
[-21.41723763131028, 0.2652161942472233, -6.018134114139333, -24.841564633973, 52.314358545777324, 58.043508949529574, 76.3085126131081, 27.84892989115003, -45.912716978001384, -22.73977327606392, 1.1765198120539582, 22.707079262087763, 9.028623024241595, -13.233064088926454, -48.878199949560276, -4.502173720617846, -81.80740537732217, -31.98579215670804, -27.428002351208647, 17.275341465053543, -17.058204248991714, 55.710597809478294, 52.54076641281311, 74.62605638365852, 17.870139594068004, -60.92621969547522, 25.497087723206175, -34.43248132861664, 38.0639071724292, -11.279478312750646, -3.4156923719403065, 80.6078023536499] : -1.0
[-24.54178066138798, -165.71277597435102, -275.96753687198753, -10.85279931932656, 35.605385931800186, -54.15235686098315, 112.53043554514124, -39.78715216768284, -86.82744049176819, -33.06148769114087, 34.076216220140736, -88.25450012135857, 127.15945206162314, 160.7916475189975, 10.005492217274565, -54.81843488856679, -51.70913462476322, -16.88441948953497, -29.81535149869011, -80.74723861785108, 101.23078557285739, -65.89981854246743, -62.44546332346371, -8.47244561534039, -26.923306346178705, -56.91895976266889, 40.59134310905178, -60.401101987971984, -39.202748606075275, 67.0879105039184, -38.36040554515181, 37.374108470714] : -0.5101332664489746
[-6.049871447850709, -64.79282123851583, 24.26436329330378, -13.545542638211204, 117.6784935713637, 54.50409433141728, 65.37031109288635, 35.19174926206049, -114.8867747454311, 76.19095820328546, 76.60403630241727, -25.566001749027368, 42.33775174131292, -45.36164155343377, -9.922100342925564, -21.765972826533428, -62.153873727083734, 44.016782532668856, -86.21526801598401, -9.483746173318359, 34.072261640976905, -75.26103282990363, 7.308143589666651, 40.461036495497076, -80.06939268283828, -118.9193602415776, 67.23067822069015, -13.114588420215117, 93.59387994196001, -5.252284944266873, -87.37564585312002, -11.172892880441786] : -1.0
[-107.909491276314, 27.502875861903917, -32.468759846703186, -22.161555100486627, 80.4833878884284, 23.50380472700506, 81.45218758452637, 35.90608039472456, -121.19520731290737, 79.78676956064184, 28.258159892002013, -18.89890900269585, 131.37400529041238, -21.23763772972021, 5.166919053430491, 5.0339463518832055, -82.15645604482619, 47.483052089494464, 44.029772665209755, 21.19267086656739, 6.570639307480413, -48.870568703879286, 106.63381283340479, 73.37754344718098, -32.05130723658439, -37.12035849548787, 76.39056094244967, 14.373982104315367, 57.42724883328694, 57.31980620413708, 32.1112302091012, -81.14211636859136] : -0.5103799213062633
[71.6147575529961, -82.87673337909351, -131.04563436455533, -37.671125006098045, -35.91246561514707, 75.2879915699838, 63.49091899515716, 60.391542290460414, -93.05230797954871, 10.508382091096841, -64.401634078521, -67.14193941689398, 15.177800947561604, 88.9372581835117, -56.26932936673279, 26.02027615399038, -20.40409193180779, 17.08210739581202, -42.48106056388173, -80.64379929704523, -26.51920076258736, -9.918785358007348, -17.52434281825928, 28.853480686574873, -85.72838592814323, -69.5692735202432, -35.356955129861845, -60.768012159683025, -0.37479690452162906, 55.67220061518637, 45.538231869865584, 155.9427505820807] : -0.7096697200428356
[41.68540830615569, -179.5525701749269, -58.70903268953306, -91.91341111898585, 62.16542891213669, 3.8721278977681326, 35.61895682622699, 14.44840245785695, -132.9121965785638, -16.8352766885597, -38.719354769975496, -47.02669121188441, 81.48861975720666, -41.89606092531311, -26.250030461805228, -104.5320668072657, -47.77278837803121, 31.47856934006987, -36.01040322797371, -111.75762565885088, -69.55868016379235, 22.745549376080138, -46.36842882398804, 51.47406500780114, -99.85543688096021, -91.57064496954342, 177.15870099881175, 95.447765493444, 2.3974931638542643, -51.04982085587201, 31.193566477549638, 4.316682974050682] : -0.448790506883101
[-73.73549805777992, -108.80737232690805, -37.04190018909786, -84.67809749880081, 92.36331869287058, -5.113231504716811, 40.306583287948875, -18.13844896450377, -27.382312764148445, -42.87919108880638, -79.61469417491334, 9.762368747965738, 143.19725645632755, 82.4709565413436, -30.88878085873432, 67.68353448369058, -80.02419738844837, 16.261974439360987, 68.52045051532617, -98.86152615611991, 102.32851528070518, -44.72872324042986, -73.55261783985864, -88.40709349511829, -4.990596965531497, 4.68900385376833, 23.112782687068567, -13.79925261057018, -20.558944395523593, 65.22427907184994, 30.776639537717983, 42.57535168905363] : -1.0
[22.770995200405924, -146.74212719594237, -86.97382957090143, -30.928167836296563, 59.63641656268353, 7.385674049599952, -42.42815320648063, 26.842370948415414, -0.021917838827945957, -17.933032115623252, 15.46963644812202, 20.45100473101011, -15.110088573021862, 42.615721024016764, -4.058085609428117, -64.36909590111796, -89.72468114222497, -24.909090272521553, -31.801491404897554, -36.49473605152669, -142.39762663683186, 96.49142366623576, -15.189980937126425, 137.86687666195806, -4.257028164887281, 86.22438624021278, 88.8474823725362, 122.84894013796031, 93.16964141713372, -23.236110520776798, -95.76676925720442, 33.27858987925874] : -1.0
[-59.40781164047124, -24.268375036711895, 2.5460588975712994, -69.75258660165889, 25.896959661140055, -19.597861174826775, 69.61238991831684, 131.27406411935868, -33.471506361188275, -79.50049925634286, -47.231331497215834, -14.36707984232707, 34.249959582771346, -1.9382759108352383, 87.75765375057519, -38.81307388691367, -22.53338270534511, 29.28519943500891, 14.44972796082677, -21.15113434958014, -46.78498014801427, 86.51678529689723, -74.73644061964349, 180.8378955921623, 65.86750020617146, -60.81074503124982, -141.38672540152675, 47.387572290697356, -25.00472264825873, -12.959807011897048, -45.24399815059438, -31.411353078006663] : -0.4659427296031605
[62.851272968682395, -24.20015031125218, -56.84564518133722, 33.57939340921689, -68.33326624306103, -81.57994755157272, 116.1565084628786, -41.44844651361057, 7.791662145118217, 1.8746595484850594, -79.14251861719492, -67.07382582634014, 108.20107425275916, 91.06627461530492, -49.85913798940452, -33.16828209445951, -19.168797924843943, 23.096289535450293, -58.684332939856645, -157.35680685597563, 50.14845433947242, 29.074907537197024, -21.02366705089853, -65.9851747186519, -56.24274316701434, 62.30060576300807, -125.00990715979329, -66.67040863429673, -42.73936338129653, -136.41315133329763, -122.71238690672429, 14.904479052303348] : -1.0
[14.158164779445645, -128.8771962792359, -164.29006258794095, -77.26676439874582, -64.47585298151265, 52.91026119825217, 16.49245984332589, -31.956384826551794, -47.322965780341775, 103.14288930899428, -125.81377152673613, -51.03785933018734, 131.95641089323405, -49.44119718048814, 32.852243404444216, 12.86528399431921, 16.981177208936103, 15.19873242175602, -19.59476128841895, -76.14512476464984, 13.40213179108179, 72.01328186068599, 65.41620744433838, 32.65128161410857, -43.71750265490206, 9.659503366896919, 13.176433298450169, -95.73689246328229, -46.93427946249611, -35.921212559009916, -93.31237199266462, -63.24326270774678] : -1.0
[-84.74771093336464, -5.544892544709747, -118.37970073729593, -2.9109259972671566, 7.13715672188117, 23.72598138975599, 53.1645968924748, -3.9787498627398756, 48.45622420160678, 58.417273827619226, -92.93520544472291, 98.13784293484692, 13.010850492799232, 121.68839751741763, 114.28816095579944, 33.35263436496083, -84.52908591404402, -18.546573041254966, -105.53352205516852, -80.13143915716225, 8.901714578580002, 126.05538769414001, 49.73234220668366, 127.87300103441984, -119.15313782238366, 35.48411539918652, -28.5560996426622, -59.19214472388055, -56.92672366822107, 11.386847041372521, 74.13653620925325, 2.1812071883865904] : -1.0
[31.703964574978922, 11.605839848860455, -45.091906922803695, -21.83440609547223, -3.5345871710541186, 29.451760042218858, -0.22848129424863828, -54.176880844105085, -137.0124679836642, -49.350520943361715, -52.629975116725845, 62.33745965668537, 70.49845967421561, -25.233775610879377, -85.58846783339543, 82.89353574714329, -56.7142205090614, 7.490761599345813, -88.9491747445748, -46.453837799568625, -16.26369981399338, 6.800355862666809, -56.663810354648476, 103.86649182888407, 31.78012179115081, 116.91133618431166, -71.21338266979781, -45.64534867996424, -34.3622021296551, -114.3679328698557, -23.8698701897669, -17.351319765249897] : -1.0
[5.773164573646913, 44.47620922069909, -39.20632208391974, -137.8309705869431, 64.76349898154011, 68.41881685600816, 69.48920226959227, -27.264513424151904, -47.32986796257226, -85.15877686097089, 11.763590940495893, -18.052593277430717, -51.059706542404804, -53.57750323271369, 66.34467359674647, -45.12672540023921, -130.20152267673723, -38.66894913573556, -55.14831562090504, -7.784402743701605, 51.85789909917365, 123.18818419833666, -19.112741371068612, 111.23885023416983, -40.54776943991891, -26.14204678959267, 54.81652979621599, -42.995311315899954, -31.770310858432556, -26.90517807770389, -68.1780405148509, 5.000336724125145] : -0.9624109268188477
[-20.2564269754473, -236.07237664163193, 21.340182343044255, -30.699036745153677, -3.2404698888540695, 69.36300127360394, 24.436749575150543, -52.60159643988386, 36.91169799722187, -117.43087264635916, -45.38777812143104, -76.13062851734092, -16.797072729011077, 1.2850719988108228, -31.755932523814533, -116.96659867975505, 16.772055676954352, 57.51762455454329, -124.00752441945598, -5.569468877097975, -100.31930113018042, -5.462351554994669, -62.56232971404046, 23.256949644141667, -12.745634134826586, 48.57240212858199, -17.099952921832, 110.17664036345448, -1.9011168722055896, 75.22098625837582, -23.428188314577973, -75.26490212270059] : -1.0
[-39.92210307860059, -67.69550002447946, 170.8925394945977, -8.225009082785977, 144.92664350045987, 2.845061788509309, 138.29651124736247, 168.09167370487773, 74.86364338824347, 76.74711236849261, -30.371897288884846, -56.00475451594697, 1.3206098762329361, 56.51056373113962, -33.83278676297441, 41.2544545642459, -73.81817879258438, 33.31818292196082, 55.640770918805785, -139.48987942325482, 116.60171132696063, -62.2517618315357, 72.84134136644153, 215.7357578353393, -25.18115227578848, -142.5677253761178, 171.52374568492772, 167.3482722940165, 123.80215967854375, 93.89399376717685, -58.45734808223744, 137.78302092690456] : -1.0
[-88.7559309403847, 44.14802314036899, 96.23330157407, 139.7878798990621, 256.7072279996179, 73.0372983752373, 65.22466941259296, -9.865029207154013, 14.705815027313186, -119.03899773548237, 83.77040592348582, -25.415876803675165, 24.72553617529276, -2.041586559637693, -4.327774578501878, -40.965712732960114, 168.7126442299292, 9.95497008523043, 69.03011531734947, 132.1224760234373, -14.632622346847235, -67.320131306738, 83.67291509386689, 105.31848803199821, -109.12046743228557, 89.31553834197668, 41.56435992905311, -72.13381255013157, -37.854749024956085, -237.04514262816883, 31.03001395596545, 66.33510539992903] : -1.0
[-85.85448611201228, -77.29267834652497, -41.56981801199724, -15.09547785672687, -124.45961307106289, 47.98222499399759, 122.14101810697679, 176.71194398204375, -50.74553044100874, 153.31107198035212, -156.1016870645214, -103.30377619145042, 166.02095530538026, 49.217898392473984, 154.34533760561538, -14.008483403231484, 100.62994225772576, 36.23870509482656, 192.62051886776442, 73.72883448567333, -86.2640746651698, 202.57244989469942, -17.757680248475722, 123.03097636633998, -65.9081312603084, -105.28158413752793, -107.42041087634925, -98.35542890252336, -10.511000816328632, 95.62156412840312, 7.926513038230546, 147.65194702583602] : -1.0
[-115.75102934397815, -90.48008531394497, -89.26434135722334, 130.17490010645332, 176.61472458605942, 123.1686180908925, 91.66406958651885, 32.000306780465735, 58.98111518536485, -90.5255548792347, 93.17356694270632, 23.96615543898081, 91.55095732350782, 89.9333792599675, 18.551988889274515, 47.942450703854774, -63.99434634865887, 114.41766037801209, -159.8781404322997, -143.15437502485207, -116.51961558487886, -21.92601984366184, -71.35161032083715, -89.27719027342394, -88.66608801603127, -254.86591200830424, 20.20170546304329, -163.5381422569851, 52.179370574212726, -318.03778638813543, -48.213011114597755, -14.85337624516848] : -0.4536289735273881
[11.511769814823017, -73.16528505874405, 101.62111342639531, -86.25039161352817, 146.69151478827456, 27.1770412329197, 43.15585746200744, 6.616196372364061, 49.17674731881127, 114.60577030848641, -132.15169629117457, 60.04066692141913, 184.11414330990362, -95.57144924615139, -65.37003567526509, -86.55236900803976, -115.59902032748835, -79.3418495537192, -182.89121176749313, -149.8559952959937, 17.149193902509488, -177.66443371548743, -78.73519416867528, 115.9624749215703, -149.49796139470956, -24.14626003557064, 81.1145653885334, -37.116219288105576, 137.98484548464953, 99.26450222811502, 12.6198537979921, -149.19061003579822] : -1.0
[-39.942364688868295, -322.4476581351344, 15.87457560236404, 2.8954397768909494, -31.208647800370727, 118.04489021670217, 120.930967329971, -42.898235843078, 180.79913869267875, -12.619136073952635, 108.12203631715717, 42.96858446664058, 114.74092342351517, 104.64079078484582, 1.8937144504202514, -28.705467982185805, -147.816833779998, -43.251123757093524, -80.83248292426326, -18.411081005090892, 147.4265084125212, 99.61774946423382, 62.622321619762985, -27.03865515988676, -57.57999558770761, 118.87750310649116, 250.663001337271, -144.89013226213712, 231.23756409421955, -89.70371205839021, -71.25747378069748, -38.50203694424415] : -1.0
[-15.166824686608388, -31.932207269309394, -125.24754731372934, -67.36109672264708, 140.148149928312, 37.423385281879554, -73.73919398408941, 67.37140487869762, 46.19924191335139, 91.16808336264987, -80.43814365816979, -153.9385009803993, 61.40114033759899, 110.53454555488119, -115.07315018875178, 40.083520271782014, -10.171876907359419, 21.399555930716947, 62.29917195773855, -325.3093154075428, 104.43294462833813, -7.202340832903904, -26.587284427188166, -14.217701078623556, -138.88973912984216, 102.42328466151689, -105.1164691349629, -41.262692297500244, -59.23714618707637, -9.763998356855735, -190.59452588913214, -64.60072987150986] : -1.0
[52.090631714999795, -22.013796304662037, 85.80170179669328, 18.510093486098643, 155.15278697828137, 134.13430289204769, 161.46987360650388, 70.17094480550337, 31.016465360712935, 71.90908526599979, 84.80005401599807, 123.72518373091397, 174.06171432564884, 196.65846780811233, 21.476195103962098, 60.7769942784398, 111.05929307468455, -1.1099084967629373, 32.27798230626375, -11.967324288960057, 35.691632050683076, 45.13723645239256, 124.56118131643285, 33.836170322661474, -248.87962023811968, 91.68119930068616, 177.03369879845255, -161.94817994743153, 84.09960851957666, 29.98314305640138, 99.75458598089622, -37.39721397027734] : -1.0
[-14.806533757804658, -28.664759918994626, -116.79783294492313, -210.55139246248393, 43.21250803782181, -47.95075204692039, -119.81666235530011, 129.82763827684144, 46.11453855537561, 64.31171468967054, 195.81070446298324, 89.14931670166024, 28.63980823586884, 76.11447479963157, -74.32097452791771, 10.079599497481178, -80.912640924137, -26.954431312868476, -22.58956636621727, -101.24373915412244, 48.88787320607908, -91.95735273182866, 2.90571605935086, -31.191304202615846, -38.140311672305806, 8.31278593306447, 185.08753974970003, -17.0113517483082, -79.99755262233015, -55.77036407303619, 31.86063042800442, -53.868265777381225] : -1.0
[-124.20683121323484, -77.40196516193855, -118.18315548543026, -116.89475713228008, 79.05781833177207, -42.500938446990105, 53.90246133986169, -207.6348490106847, 1.7572789288240998, -1.9739994174283702, -5.099372666297516, -13.491941047473269, -116.98137615120818, 23.888610809030986, -5.125994003686286, 100.05448267633773, -202.7846792775058, 85.1278282488167, -169.0118790611625, -291.0883733693538, 3.94984963779031, -128.7629428340844, 10.300071466079638, -29.413138587166628, 0.23586217327481762, -37.2073255313423, -58.99771978999044, -19.964912962098975, -24.857990557775437, 138.77848766348416, 37.431278164835426, 141.13657293873266] : -0.5300932364030317
[96.78226005652397, -78.2233612965778, -122.1048860641661, -229.3760854736388, 124.53222949510796, -67.36418479925962, 177.98747876508378, -99.12780842619479, -65.51608754464898, -30.080678934408315, 102.12066518232592, 0.34026039254241347, 200.16899292599118, 52.76086581455271, -155.21369286091306, -140.6065611964982, -121.32642137434053, -30.011648056133705, -124.21690526717927, -4.982295510358618, 2.9582134347429516, -45.22405950943007, -43.55941991873274, 86.11399379216883, -293.5595946659468, 59.48986802140543, 70.2527484514784, 112.2597819483555, -116.33759436175262, -28.1301835238405, -14.247138683532285, 117.2121126017182] : -1.0
[3.666501155502427, -172.1576383901214, -24.489931938106825, -2.490926540976691, 101.29839097898079, 141.80457913716546, 83.02249656417607, -80.91671062190616, 17.58190244555994, 123.59836009582271, -46.05779466874242, 21.18142387590216, 28.491411298452597, 60.802826735535234, 119.3644646123005, 2.206043167655917, -18.538684981826172, -146.4184567296054, -7.659732032633038, 127.2770171954021, 217.4635513201805, -60.158530160146086, 60.117129642452326, 66.49815472273357, -166.86409338151702, 92.95144200641592, -86.01155345298001, -97.61150040541514, -8.513270531891116, -69.63303477788031, -127.78633684698588, 20.40105764711021] : -1.0
[-84.74282488280961, -113.95409019978469, 72.30048230448872, -85.6317197926896, 186.263667165985, -33.77238528652463, 134.59486288533122, -86.17733951159113, -98.07438274931846, 184.84372254066193, 60.9682352995789, -159.68726166792112, -37.91771678275403, -18.17204554934684, 52.8681725132855, 118.67831216569748, -61.93693869238136, 101.6449160734459, -46.00088323642182, -65.96404207552067, 46.00254871669182, 16.534573271940552, -37.75499383597246, -123.01424888325798, -122.83185075245416, -86.60727585894305, -91.98468432360187, -24.978211573903607, -87.05199724485354, -181.08395245427224, -73.35705341652832, 1.406149120021153] : -1.0
[-103.92112631901587, -100.98452154593065, -17.26508657912895, -108.50475035174104, -99.58352770211918, -67.65310216433137, 152.43604179667093, 124.82892718585391, 50.26541872836872, 24.976030894779353, -194.5630421142593, 161.3547526790121, 149.59271710551837, 87.94614994715099, -71.21057846617758, -9.538490083441065, -108.05084094818574, -143.66132533941862, 19.41610225916515, -48.422466276306366, 284.3036956939907, 145.65856717216812, -102.49504111046598, -24.936140239805788, -267.8757649910293, -73.68198017408616, 7.129154746781776, 28.458968267426137, 117.6677663919846, 12.38909183059069, 180.82274806963042, -100.78956474919933] : -0.5243376385081898
[-178.74875068404288, -248.58601178336724, 326.6749553400465, -81.5061393975644, 136.87760406258354, 16.24217323315446, 272.3114556197893, -137.7167287298929, 91.61516687620998, 66.90928245351844, 71.97754956627942, -244.6571967101475, -226.07816619919302, 129.55981847545934, -166.31533036037493, 26.495905797570558, -101.0832680296341, -89.62267919055027, 51.86628117410521, 27.843985854247116, 105.91102859689875, 145.7939304257588, -33.60848139165385, 96.16768282071246, -76.80363978240051, 109.39590734822336, 157.10629427678748, -89.97105976942416, 305.92692963708515, -60.56940866427966, 131.4187436999241, 203.80726190064996] : -1.0
[-182.75540232106786, 108.6120004372294, 66.09328069247917, -145.9558035267066, 253.37729068830325, -14.788118909990366, -80.78312723141079, 295.1284861813973, 8.632249158440487, -44.41513965358573, -139.94321544652735, 142.64103577107804, 261.4817982821272, 124.17188875095775, 49.20983739313828, 11.470136371842527, -54.43955802659931, 44.548500885066794, 188.26311381237016, -27.507414741595948, -26.737680329693333, -14.07125720293035, 116.65157368669122, 361.8186380480175, -21.882629684653125, 146.11948410049172, 99.35593382255271, 134.25203202706024, 114.27560429892759, -45.83230413013151, -136.24871672648175, -2.7526428783178005] : -1.0
[-207.5207933634627, -51.5816617472877, -71.93524105283385, -10.078295441269534, 10.423876538301457, 125.10150621201228, 23.10747816641097, 79.53981734685307, 30.755560729895397, -43.0826623828358, -348.65948314927687, -211.39578592183187, -37.48006312322967, -91.22172436595038, 143.59512625788642, -95.03014764286257, -19.78453551180073, 139.9460836117147, 41.2388880427628, 70.06343907389157, 32.21319801839986, -190.49956899060908, -2.9843661343192665, -19.405593709812763, 7.076491318784505, 140.12025131573154, 84.66515113399447, 102.80222673141758, -84.1728811931196, -128.2497792169021, -99.99898644964252, -9.278211881344362] : -0.4798795526677912
[95.15105213795357, -91.82149722901755, -3.905047681839079, 201.89611957458388, -126.19541143807612, 92.55617000063951, 109.69782669988305, -75.11526687544705, 233.55098062081214, -87.69912390102252, -63.19791072834542, -208.60874657746288, 85.38195104887663, -50.504990179687056, -181.98873003653773, -0.024075259802120108, 167.5811384261153, -11.355669518436333, 2.8170339588135604, 78.66132259315813, -101.03624701477996, 20.103636609270392, 71.68274673990675, 141.13443398226124, 50.24260426374913, 3.840406254866899, -119.35166636119514, -28.627577374133274, -95.90559905702284, 48.533443270666396, -95.05066584708389, -8.7477189907179] : -1.0
[137.98543545668534, -192.5881494561297, 131.90091841085865, -101.54459175523891, 247.17707793006176, 307.2197819243289, 57.2335568510591, 307.65008614173536, -321.2382988497702, 103.08805599665176, -124.91782418186266, -213.45602238706513, 31.537372712492157, 349.9521700178416, -149.80579040309368, 44.39494627170381, 28.594929146050625, -152.25414455253537, 111.25655019520269, -304.5842849270743, -47.95873111205624, -57.96641921913921, 184.16701240850978, 317.2731950233814, 41.274356868693246, -281.1742905500573, 137.86657716228993, -10.844066647880403, 167.81905796460282, 191.25360755569187, -45.288933908133615, 6.4088860967579535] : -1.0
[-25.98451228998645, 140.94876460719772, 46.52158833874021, -21.079049011660246, 258.6799801251657, -45.53377409497218, 302.97295990973413, 41.070743888789465, -12.8283253634539, 226.4642077379396, -260.5674336817381, 88.55154425920108, 82.85157870363331, 119.55096221890757, -1.317450509302575, -66.43569545617534, 64.73400423871895, -143.20679479549997, 96.9650095622064, -150.81189170952211, -177.9868761080752, -120.81633272467715, 161.10200925370904, 302.4631216665364, -202.32597823415662, -130.23200793508602, 25.709923208387416, 61.99988510941397, 55.59308857895396, -24.729733291213666, 81.67216360308872, 89.15570746222164] : -1.0
[-275.1420272319097, -13.638897471265928, 31.480216609162547, -4.769552519200792, -45.91938131154245, 39.379997974900135, -141.84364449859393, 215.6688697381274, 76.21550847506202, -109.34725463357813, -82.50263895603547, -297.0575695954105, -166.417737255727, -159.49646155394305, 42.438729253334266, 32.82991943694748, 156.16620216096555, 150.9429607695894, 17.743921040028305, -234.9541515505308, -85.71054294523653, -38.866841941448044, 10.383617542813717, 179.88722062611657, 37.1294095137784, 202.240810353072, 50.359023116692285, -13.052266956544676, -257.3717757672712, 234.96660705261587, 44.489462653882754, 42.63793087189093] : -1.0
[-32.971200100973505, -116.22667483919136, 88.28585773202214, 243.6673202755345, 110.12861553311369, 181.6963876777151, 84.08667857895338, 257.62992497072435, -80.26003756042894, 304.25626928159005, 235.00535467645867, 106.16716233820821, 237.35370418094794, -146.1164327044612, -160.00413379215624, -28.135822922414505, 98.75417162083308, 152.3649089705593, -90.71260049147571, -245.83401427160038, 18.957992852853145, -195.2725223895429, 59.5935215178129, 256.79728462889057, 35.68842485853446, -10.101398195302167, 39.55972125900555, 1.3906976855844322, 57.526867637740374, 96.68175446900071, 73.15082804608491, 80.05493159189051] : -1.0
[-127.78423775400802, -226.75484374973777, 6.866661883751334, 86.4360877175869, 236.12608254488703, -72.29369761119298, -152.9558417405678, 141.37598082896884, -97.30962280998861, -186.86924719912975, -136.12301188163303, 19.100746101830858, -383.1025078859178, -97.38106436647617, -139.88123673232232, -84.01056836819428, 133.89295233369572, 295.0043883463892, -82.80535355986635, 131.20889299180925, -206.04461566631204, 23.85975294872991, 10.008837609909925, 466.32546391720587, -133.94817530468995, -157.3918106550513, 11.88855915761755, 400.53536408463816, -32.739289062227826, -171.4661682104738, 22.0230749826174, 2.1727255558223533] : -1.0
[-275.8943241694933, -61.334977803729316, 288.68925405072764, -225.29444981169442, 272.11105018084515, 75.24326166656839, -63.65998777859306, 186.65858932701957, -32.704602324781135, -49.40982125784529, -8.065850349235891, -100.46940563296678, 61.66649695235315, -173.53138664359466, 12.938914090564193, 54.923964377916676, -194.63565941520176, 197.08762437617122, 81.96207892214002, -106.88619238527238, 105.9961552434118, -149.90558661819728, 61.404140394191415, -44.93447503916758, -156.76478512603506, -174.5596261315252, -11.417140901339451, 95.5653326470726, 54.73507388873213, 45.70748310897433, 25.3589061945514, -0.59722957061053] : -1.0
[12.98736979086695, 94.68184412836621, 182.7444057882739, 140.22671709623768, 367.96644582814656, -171.5602787039217, 83.40826729670424, 139.5109138363139, -7.87916879198314, 43.163609147484834, -20.2704804571245, -116.83254796708667, 374.89157163860784, -37.00014658529531, 271.54540270013666, -205.14296798966484, 140.90371401068347, 181.9481525169444, 139.36541285094913, -148.03120291686844, 41.13168728997286, 19.594530277311105, 248.99015127945984, 73.15841410046363, -218.87793219424736, 3.3097523715620625, -4.721426945038445, 103.16548656769423, 32.40530516290508, 33.929967289130204, -234.41780309423007, 208.77803651341918] : -1.0
[-103.221503746167, -166.51348764173784, -160.21260912564543, -31.07832074985958, 188.68843261349886, 46.22082744116257, -52.07096780319705, 163.56016947852976, 300.4858212985572, -146.5925429437687, 2.3760276947767203, -172.58531572146873, 326.79278137927133, -95.2481954977929, -22.379213892205215, 145.07555660237492, -191.3623258648888, 253.83196789453635, 6.547206216526632, -46.470619730133954, 251.44327319605668, 127.13227744772188, -286.35105183679894, 92.81258663236, -191.0894978952864, 32.56357671052416, 133.81387010677992, 228.56238227694047, -113.91959513291914, 197.38559346022484, 58.73116292745142, 29.69368658975695] : -0.9194035963578657
[-124.07632716207416, -259.81522194005674, -30.91248243895528, -96.58963668282729, 112.8406608037679, 298.22060327184386, 62.38539161504251, 172.80517324991612, -7.008567850201992, 176.6007670704485, -115.35986628350132, -303.79930046074213, 147.11646617653682, 18.5877890057226, -245.48977431031642, 90.5928661144287, 242.53719457379208, -338.5116897953237, 202.9068162698603, -52.31788467778516, -142.98121457260277, -37.27446260675826, 129.69954523728876, 230.16139872489444, -197.6865734691043, -274.3833349814999, -9.407314713474051, -23.299977682350637, 165.34057829858187, -179.75003630391473, -135.16772963575949, -137.21915886727618] : -1.0
[-10.59299195680304, -37.85328619106639, 181.52565214206152, -119.47958636770231, -65.41738329819742, -80.64578249910167, 263.5320884171375, -229.77326900120536, -30.08046955338058, 215.50341149328798, -14.238760860462293, -222.0134034360007, -74.02180942524785, 146.46282309338778, -134.46889581809123, 126.0369547200439, -137.11073929384685, -90.8358346238015, -49.3027043538006, -81.05042510689825, 62.89211525085189, -138.58009342489447, 84.43693378417602, 152.5373779262997, -5.754760414190812, 113.15419249691571, 103.57483841748582, 156.71786529585447, 5.925670293198358, 76.63988840130033, 192.1237084039087, -110.16484425370452] : -1.0
[186.9917904359131, -71.49343089431949, -342.70847845430376, -23.41750991015659, 228.91704163812062, 205.69484545754068, -91.25267657330056, -161.99258876468295, 185.05425555998346, -321.79965316527563, 240.92887650100687, 254.91184421072495, -203.9274988888476, 268.1484159310039, -42.99227732386443, -228.14882410272736, 24.32984246180894, -92.74688464642969, 2.1883473905694615, 439.47943615649694, 306.18525045992106, 49.9759885069703, 216.58089198592307, 89.39038593008553, -33.10260064867045, 191.8977425750495, 212.46595831545753, -387.38039174410744, 70.0194335179759, -371.2654879522315, 223.35178493938614, 71.3960895259321] : -1.0
[-280.8408897223887, -141.22546866192408, -35.63388610594356, 136.89436432100385, -151.91075176581086, -58.20881312067969, 193.84252134512872, 20.83489376490583, -135.20001641683885, -86.61527223994551, 213.01928011381023, -357.8782837714661, 142.1986395897073, -31.386687563465358, -293.9976388202897, -144.51301575629378, -299.72355520745407, -205.20515033490707, -226.1166305914371, -152.4189042464613, 52.39773520907665, 65.26285128807429, 63.010774274767684, 422.17183073260315, -112.32916386454119, 411.52190077200004, 299.399768848453, -74.71399937061967, -69.33772077519603, 57.48213956689521, 63.09347003352135, 418.481772956511] : -1.0
[609.9147498560749, 303.937645531444, -74.4307523178185, 83.91853454319164, 78.13151973626597, 78.24420642256463, -267.2762785196219, -91.70892026825894, -70.306031065175, -85.43217352886478, 87.60604930494546, -323.0125483953084, -77.60765849916385, 310.242520435149, 62.41076142747792, -133.70027813112546, 221.5281209867112, 122.25821670743738, -172.82491392025372, -129.80922669173262, 249.16018583450807, 42.816397096176324, -1.3051220646712238, 269.9520744481817, -260.82696061469085, -151.3087963691009, -196.63672901009568, -179.31198839800095, -310.7967016643325, 460.549444832016, 111.66537098496516, 88.78775870168054] : -1.0
[159.4450598937299, -307.15333851312687, -90.70800571416234, -63.446407457423746, 363.3289186401152, 8.769053834846225, -237.5397686760979, -339.9937400766984, 46.21795776435468, -122.4935784920138, -37.31587730910949, -97.00842883230658, 170.58861622374732, 55.48503829763555, 37.2809313433977, -116.19898863820183, 151.43249198253065, -226.41723197175193, 70.98267401166719, -163.23742644577516, 265.89126447942397, 123.49488729273433, -379.9078473480385, 253.2355151704084, -69.39512629944164, -286.64939594684387, 39.38242544188967, -72.78166848054408, 403.0389477123346, -202.34148277260144, 34.1885708326691, 6.803728210705103] : -1.0
[-15.650695257568003, -365.4629315736853, 125.20410618946549, -19.086367614800082, 356.79308652209954, 228.6103116483377, 224.67923359276648, 139.90961345338388, 53.83142962472937, -273.69444464896657, -165.7555746272925, -372.57397786006146, 50.37320482106944, 145.38745324009614, 153.03854774297545, -497.8120346276506, 169.4074060587538, -163.32341619783523, 226.23217834038866, 14.649786114106988, -275.97237463738827, 482.04796337565006, 113.08000810384483, 354.1802470718842, -46.15426551449911, 4.620680869640971, 254.39837322027077, -219.39621486456383, 315.12831690973695, 94.75767492166038, -72.40185082060188, -15.786200680909303] : -1.0
[-126.44599097717975, -32.4218966050845, -3.5367843104279757, -100.89737080001024, 133.6066803081335, 112.74830732801217, 174.15420098667818, 504.9027121836813, -144.40276231293288, 131.27926918835666, -86.81187367326999, 75.23325220312073, -150.97213368944463, 459.1628456569081, -244.45934946377017, 67.94118481756466, 188.4410554493334, -91.64267491508022, 223.03968685776428, -213.13340257389055, 45.4372512876015, 368.95246866260004, -159.77187472946582, 487.8868070667113, -86.53497455432816, -359.45041468709104, 92.65364719015403, -137.92080748223157, 404.9216872986877, -106.30096602293925, 118.32407796649582, 164.906391530698] : -1.0
[-3.7191055662439396, -185.4079490689585, 273.56012048096073, 331.62533064801505, -59.354756529191235, 223.50217548572152, 631.5275689644978, 256.5583981625606, 353.3169779018295, -63.43176668681115, -300.3806445994907, 31.567887456205156, -50.61581584862179, -93.30681638476725, -212.67160032090163, -21.3419710478393, -144.93968130353986, 210.25151371938998, 475.8793780311879, 153.92841902443553, 252.24183472677282, 62.46718022283346, 34.3294869314866, 124.78003332758477, 24.663224311795236, 14.195492847384607, 234.89448645521728, -144.7324077479131, 400.31126014844796, 191.54866719470965, -110.09036505385984, -74.23510561025554] : -1.0
[-187.51329026903056, -205.59921795012252, 258.3335954200264, 152.32633950328935, -59.631813458329816, 180.36847393801088, 9.292582150792498, 6.722452495992485, 124.23170465192666, 163.55311697292578, 375.6906789736281, 0.7853148102540359, 35.082171508909056, -381.4048548821452, -320.07146449000345, 75.58000987802066, -5.352132051875482, -168.0743830490058, 336.4670289672949, -168.55164016970923, -85.1098735390421, 93.8061915754875, -64.3286523646933, 286.95899160538323, 325.09393541206845, 66.91718994946659, 217.10032120030584, 47.74771971800541, 454.46609285643035, -9.884600325342888, -20.402736684261594, 20.492109010991783] : -1.0
[-71.37827319601388, -300.12716710839396, 223.3546191298003, 18.720811861084506, 352.7996247398545, 315.89436530179324, -29.605419378986568, 8.000544020326558, 423.6578956858157, 68.16382521388691, 21.488623290605567, -119.05940738535126, 221.36968558556273, -192.54131618454755, -204.04186463644564, 179.14491481901405, -41.97598356671332, -105.32531439563436, -73.92077000191722, 125.27474372651912, 168.1860049532454, 40.28377364276311, 4.7564155703746, 232.58049215197758, 67.62762880647675, -17.80648005162803, -149.20328667461757, -82.74822452552438, 253.27976944934824, 301.42757532690825, 244.9479223951616, -135.5440444226376] : -1.0
[-92.97856427950987, -377.73282413802576, 89.05759370172277, 270.16503820288216, -115.9644982741178, 182.57238782115547, 585.9655004275805, 329.0290172463325, 64.31460125532104, -20.741475501140947, 83.70380987010353, 213.3974722385526, -140.78568715510957, -214.37350339546697, -114.3092744453117, -176.76495761630238, -305.20504172238054, -63.89095676944794, 241.6898101250925, -94.84239605665293, -258.0038246606757, 168.77753846344808, -129.88372502098673, 176.86740008415947, 105.45700721156503, 411.83438352025826, 282.38544205927656, -118.44451606713294, 543.838448459054, -114.9340990466882, 18.203121825888424, 82.15838369316373] : -1.0
[-72.47082866420423, -140.08946999821245, -251.37451693722136, -105.12699010697511, 177.06584405984367, 193.70256774199447, -119.20304327760664, 120.37580460979692, -155.63649732442903, -149.71218834267313, 162.98925285813934, -510.5543721460507, -192.56203723821895, 260.0512368221749, -285.22041528355305, 240.9260026356014, -119.16656262269356, 302.7155411729932, 181.67010157481405, 250.96009808792357, 78.6251389578238, -247.3567549950498, -27.57769939303121, 598.5496084096169, 76.96573866125634, 412.4386148066632, 123.31297026604291, 149.6260362743954, 378.76463506305845, -111.98146044249856, 32.2753118394148, 444.3157245811277] : -0.5015245350924405
[51.65021349990184, 377.0648677950328, 277.21109224379444, 50.684896131363615, 99.9996839788653, -302.08869552803594, 100.87452345774915, 30.5272962739232, -140.8113168077559, -2.8590933797853566, 50.00736495759782, -500.1336964159109, -266.90383965466265, 233.79838529180992, -65.02670560744693, -192.56749922696855, -112.14310736626686, 425.35017512952464, 144.8832370726003, -160.8429106267296, -311.70117269052116, -349.00740064051575, -360.508024871798, 138.68133945569835, -147.5655146991065, 110.83309242488744, 285.48242639738316, -22.26298213783308, -344.6204825889288, 94.4348199771689, 299.9653688099316, 221.38770104678622] : -1.0
[-29.21445064509026, 36.137406165464796, -293.72466869833534, 65.3363689705799, 308.69811316807704, 329.6285975631207, 261.32064945779825, 199.94788604222742, 404.6935108135707, 513.6633356586559, 254.3552616215847, -7.518194444744623, -90.849525833128, 138.13679279596067, -356.8193302433399, 103.89158662007797, 134.54625009063776, -221.6365463214096, 0.10398391969441434, -259.23185817739136, 191.42956724581296, 7.099160782420224, 759.9097861664767, 151.63894643811776, -162.88962199336405, 241.90210787421555, 100.29128409557117, 188.2738502009265, 505.1729580569714, -243.24574749771975, 311.5169284146549, 230.69962769727755] : -1.0
[-451.4972138414714, 27.09065844925459, 300.1721744638812, -363.1593855901493, -54.47744390682254, 43.21892779060882, 321.77992714882953, 193.663760423049, 437.81504186845206, 152.21440388952735, 374.3338038543014, 71.45985477922783, -369.98865430569936, 193.09395692911886, 29.828116099123335, -203.56876300556743, 201.89910255533837, 463.3360931114645, 126.41799595817812, -110.2707200715783, 313.4338972462615, -9.27083570440934, 126.5140500089104, 184.02558759445225, -27.042453689078606, 32.73983538136508, -104.84665210385228, -76.92101039338682, -86.9995671113883, -251.1149801698577, -207.91324912338504, 288.1855956845013] : -1.0
[-0.6298572181657188, -0.46664226671619, 0.43981835275563663, -0.7296158799794129, 0.01787170484343059, -0.46875161130660087, 0.8955419821625437, 0.37571890635468336, -0.07440810096487546, 0.8501660855314164, -0.9109236494024254, -0.3567690431024769, -0.8651691727937427, -0.6814153757152528, 0.7274843527453837, -0.652284691059693, 1.0034351629175255, -0.6300282004806156, 0.4765382570491843, 4.829224534483867E-4, -1.18207753620795, -0.36520069342973216, 0.013222542004078158, -0.3339724936309095, -1.093165137956239, 0.7056023501276594, 0.3135354220255973, 0.39627086111891924, -0.36868456536437144, 0.3243730112839732, 0.28600997978294074, -0.047011867964244836] : -1.0
[-0.4746251055432006, -0.3551365261292705, 0.7650244077450131, -0.8988124328004701, -0.19963437883069493, -0.16090355345318794, 0.7907518848905597, 0.3165664699240721, -0.4663130991178486, 0.5228491090825531, -0.8980702235101192, -0.6249358208088327, -0.5535067750624516, -0.29621553767688497, 0.069010464421773, -0.4073755699553575, 0.8912764434506575, -0.3597790433697846, 0.6201584735763431, 0.12609726286413553, -0.7677271889484099, -0.6379346526995499, -0.44618755431903173, -0.5672071808441085, -0.7923780706113113, 0.360910176574654, 0.3311720804510677, 0.4537804220533274, -0.19282180790143788, 0.36280107614066887, 0.37916111928994545, -0.49501067507782326] : -1.0
[-0.8019092807946432, -0.19876834436080204, 0.7489887395463216, -0.7911880086284552, -0.547348803713543, 0.0632926273505332, 0.5593471779507824, 0.3957284891521722, -0.39900781181948985, 0.6234131481556082, -0.8310992396077374, -0.3638971071225675, -0.4824178715963202, -0.07770260619743724, 0.4643658228177968, -0.8176013324242857, 0.8525520532389652, -0.567764640789544, 0.6973347741700423, -0.3552248741931112, -0.9487544237787993, -0.6157354960303185, -0.16979339514673933, -0.5718551044631035, -0.7856005202019158, 0.45679924315675896, 0.4420193508650992, 0.20490613157716223, -0.40827040211073756, 0.40763462427375885, 0.4903459498343138, -0.13281034389294685] : -1.0
[-0.5683660587445991, -0.39920902674668185, 0.6114386522164557, -0.6192988749398706, -0.18827217925388337, -0.6514664735170301, 0.8190905389136768, 0.5743003749959639, -0.33670429939757657, 0.982144065550347, -0.7124011013965251, -0.42568516873976775, -0.7815336675226237, -0.3051988887095808, 0.2661449091265542, -0.46455887882188096, 1.2263083569150979, -0.6096563102844338, 0.31521658535528757, -0.10735931757185832, -0.8710367376961358, -0.30955673089368646, 0.16116605702502929, -0.4257288258102401, -0.7361341095923564, 0.5610275357702903, -0.014697867666467412, 0.06551493155704968, -0.43416955249915273, 0.01004732944052289, 0.6015742714708748, -0.2384165511017064] : -1.0
[-0.8655699202499929, -0.5492190021573244, 0.479661181143921, -0.5219286697752286, -0.6729610832138334, 0.029710914509304492, 0.6704696942396464, 0.59763216700104, -0.17232755070836067, 0.8289110657180964, -0.9704089152716375, -0.3247853649462006, -0.7760843743832051, -0.43844944504970806, 0.5690589830124119, -0.49037487759163756, 1.0541827200408478, -0.6675284511571066, 0.729660013549599, -0.023532438630629246, -0.6840254290246321, -0.4781985317311326, 0.11969205463242574, -0.6105218037955675, -1.0321801420269534, 0.7129938178899704, -0.03948164025727341, 0.32662937554819343, -0.19251307135553503, 0.5297127868067961, 0.9229101414957626, -0.40272803079153513] : -1.0
[-0.7471265324411416, -0.29240198233114534, 0.32224821622632516, -0.9934622969299911, -0.4593589750237991, -0.06168068211312336, 0.46957205854643125, 0.4859757863811011, -0.36698811379890894, 1.1130438597778936, -0.5116652665486066, -0.8294439616237748, -0.7436046750390388, -0.3496016233252348, 0.481236726131713, -0.2854079104194859, 1.2230118963696714, -0.6457717288582667, 0.24655362523830854, -0.3671349729341472, -0.9130206446159088, -0.5984000067227684, -0.17145432562525295, -0.7578468653977934, -0.7133400546933828, 0.45736197889756613, 0.3622171266708246, 0.39326173612464127, -0.029061473363571177, 0.2094977915378911, 0.4375183157469632, -0.3244330945444522] : -1.0
[-0.486387052460925, -0.32866967079833964, 0.5187632833977145, -0.9779894389596189, -0.590416992200668, -0.0944649790958442, 0.9225615277322324, 0.0854016939856701, -0.06261711173578591, 1.4243094687067712, -0.918940840617096, -0.16535610757578834, -0.6746205833444409, -0.014118991823394156, 0.3135512718233591, -1.035803168714418, 1.0587668584073415, -0.33076038404602415, 0.43780783448610394, -0.15391252719283882, -0.9841455172138018, -0.527240426497821, -0.38806893520879626, -0.41198035127105287, -1.1270362012435644, 0.29311622100305096, 0.20416348010682114, -0.05336671351483385, -0.31411555088815535, 0.4679121178495105, 0.5903614870605144, -0.3366790046655873] : -1.0
[-0.7684234201628906, -0.07526514912588317, 0.41619731211336575, -0.755160589620269, -0.25639334738583897, 0.028784190161868534, 0.8746097103060761, 0.6030842782484271, -0.6942248965669655, 1.1686914851402224, -0.7238640110721611, -0.49009029160942386, -0.8148215781167378, -0.3896048326294167, 0.41542491766034795, -0.8741209001480796, 1.067894100135174, -0.43727457506091716, 0.6963824038792139, -0.08330063782254654, -0.9466545853999131, -0.3418132151029062, -0.2565933372940989, -0.2463843401261518, -0.9217741409052723, 0.6115325864285975, 0.2079310013674609, 0.12166919932175632, -0.49164402022355974, 0.4750741584788882, 0.5952926454828124, -0.07683995046278538] : -1.0
[-0.7890558862078202, -0.2583330581644424, 0.492233389333337, -0.6325409578451129, -0.23041940735630212, -0.403988578713527, 0.569212920467432, 0.7770301751569091, -0.44003936009019684, 0.9417924321284957, -0.9415645266043019, -0.395166566401603, -0.857582427146329, 0.2249250206728572, 0.5973187445658621, -0.6702693919706503, 0.614586413244042, -0.6802416380900107, 0.9083553713237954, -0.23346289621324645, -1.0156232836062755, -0.32018675941607266, -0.12175974934843856, -0.13762894009112248, -0.9777667610700144, 0.6279520414699141, 0.234180337169522, 0.36363659079916566, -0.6937275020770868, 0.7537390341512844, 0.15535411566194074, 0.07783246555695] : -1.0
[-0.7040066673908322, -0.45489188717379825, 0.3894041496175995, -0.943585494339063, -0.45339787087170036, -0.4130267895354944, 0.6497883977547423, 0.26206711486964757, -0.38668327215675885, 0.8880636946395765, -0.6965101106281946, -0.3934793671085069, -0.8201695163296745, -0.4274337595261841, 0.42250120416311493, -0.48748321364993474, 0.56844238468996, -0.21683734676697575, 0.7119679214496051, 0.11415581140458181, -0.9284871695938451, -0.311827639249688, -0.084613119589286, -0.7218897373755186, -0.6981153160196145, 0.3808985480030307, 0.3484364654133527, 0.43553973478677516, -0.0928158289960217, 0.7166348960751143, 0.8334676288645273, -0.3045144459804334] : -1.0
[-0.8590062091128724, -0.3872867011244898, 0.47718408357751724, -0.8632359150909988, -0.6456487132770176, 0.09415791519677041, 0.8182226058604871, 0.17485729853323873, -0.5209831890439376, 0.6399187835395864, -0.6189694298114399, -0.5496696954722806, -0.8575940153941537, -0.18988659274585246, 0.5018524633669438, -0.9497651690101137, 1.0082835836605712, -0.5809925855962166, 0.8131143869638762, -0.02475088685318523, -1.2449069348890853, -0.3544111663326306, 0.24287912651900145, -0.4002695857782338, -0.38910913362398686, 0.2693035832444651, 0.43220651242128183, 0.6116036310346967, -0.48755843884616545, 0.516263160021209, 0.47043763863264765, -0.6367344850663494] : -1.0
[-0.42292347066084107, -0.6616135593670196, 0.3278930815355482, -0.6213193280438296, -0.6993300884931396, -0.4648517004802582, 0.7139995830284834, 0.4886535511198621, -0.12247969283752796, 1.0168450401913667, -0.806338559917039, -0.6251893904243457, -0.7102168306783789, -0.41550645177247, 0.23815665717115572, -0.4992966439269912, 0.8719573861159609, -0.3612049929098668, 0.5719696205060005, -0.30643322341758805, -0.815280826951482, -0.47373058008244956, -0.20182440712576524, -0.4831941272948719, -0.7470107504085868, 0.5015001940117739, 0.09417287302496233, 0.17540572750803446, -0.4389039308428892, 0.4611184177119347, 0.44735280204283623, -0.43158665113031663] : -1.0
[-0.751494508475807, 0.03862477712184981, 0.38784328545033775, -1.0826949247425586, -0.22985262049685404, -0.42191156369615845, 0.6924065167183262, 0.2252568240759476, -0.302741106140768, 0.7354267786086865, -0.7272492071574265, -0.5253928335743041, -0.8041898402667826, -0.1511335235283029, 0.4606599839927603, -0.4967960892156853, 1.1436298636477562, -0.5790121267803634, 0.5661640404896136, -0.3956284661297978, -0.6479002156599336, -0.41046950556864553, -0.23652671714572376, -0.7393740699507945, -1.0036824697464328, 0.27301120427503056, 0.1800632124525059, 0.37881560364635897, -0.5443222564959913, 1.1043916774296911, 0.6635403966587291, -0.6304971816738993] : -1.0
[-1.06354187338112, -0.65552161371886, 0.5255808157771028, -0.982598643705213, -0.3831690900567417, 0.022308690622489857, 0.7728817718686966, 0.411282081342155, -0.4239678083773265, 0.592807276714963, -0.9436603739943611, -0.35096855370387003, -0.6393883802027222, -0.2720925328630702, 0.384817474893329, -0.6504913113857546, 0.9161787962719405, -0.4182874400571148, 0.9321894307443079, -0.19484639516138846, -1.0468557335222701, -0.5184933925523287, -0.3130836896134147, -0.5614527462451508, -0.8242282074094115, 0.6440661324676609, 0.31516523822996434, 0.21886061038001392, -0.609964923302967, 0.45976734295418736, 0.6585221060095283, -0.5066399234535534] : -1.0
[-0.6105846677037833, -0.15610273708582798, 0.2444205244433454, -0.6584317565159508, -0.6154425013945201, -0.11301695071820564, 0.46337437380428725, 0.35231427648227653, -0.09562981414507943, 0.8109408468882991, -1.0501068723625733, -0.3990432704736183, -0.8214563242590461, -0.6880705739661737, 0.5421333891182726, -0.7209040040431951, 1.401946836796832, -0.42849192766615235, 0.9559591221317447, 0.6512656230871695, -0.6408306642117836, -0.6497818273941838, -0.5273957932221828, -0.7339275723065943, -1.3036593426518523, 0.6774162863377068, 0.5124821884863257, -0.05640733271602416, 0.21235398977032843, 0.5819520125945683, 0.028737044953627666, -0.5109333965175243] : -1.0
[-0.3847180262778512, -0.29241020924230643, 0.8523015794882904, -0.9685708533082436, -0.5251428232125115, -0.8761551758235013, 1.3979081863386469, 0.446081311424012, -0.1537971438229864, 0.582792365077592, -0.7627090641657738, -0.36572325861776944, -1.0777456448794263, -0.4100062504825278, -0.012281974219800318, -0.4499695914352277, 0.7239218632883151, -0.3901697431492568, 0.5271447408019584, -0.6225049972093211, -0.725401882154693, -0.7446160251577063, 0.1980947899252746, -0.8498240700238145, -0.6151815461204395, 0.6336491771170025, 0.3090532758267935, 0.3821034108325652, 0.13929707299133687, 0.6844331276857274, 0.38325788409376355, -0.19195862570148958] : -1.0
[-0.527501936618289, -0.609117467634869, 0.4506243728914249, -0.8441151685774156, -0.3497612428686116, -0.5308259220332743, 0.4516309667821907, 0.25839461482642817, -0.37622240194884876, 0.8830911778016826, -0.7701442388819063, -0.2930065190288744, -0.4427054942015504, -0.11597897657097822, 0.12252000608889912, -0.7758841471526587, 0.807283712280382, -0.25087153249403743, 0.6820137026829936, -0.05975450711839354, -1.047276134876458, -0.4206019089490922, -0.1848562625947085, -0.3153883705162914, -0.7058139888679541, 0.5342215330693764, 0.05159320121414515, 0.8740946507987248, -0.2990334543133817, 0.4229372487008452, 0.5230593984126161, -0.6091231931033902] : -1.0
[-0.5202398404050055, -0.39192433848793745, 0.31223453515021443, -0.8401132149084132, -0.24357902535084042, -0.11731232651189044, 0.6188671720636865, 0.39367408875452364, 0.2350220020483989, 0.6792625755852577, -0.4694619822864243, -0.44048806388853773, -0.7329547989337148, -0.5471032989937852, 0.4455565524547269, -0.9108676270249093, 1.0678347180546677, -0.5885719367998735, 0.7521770666539679, -0.09325885783152096, -1.1360870449521938, 0.005620493559568951, -0.11756466725205951, -0.8631270911763773, -0.8318531235996843, 0.14962388351901262, 0.8193571924918448, -0.016058642915188603, -0.22801878911477685, 0.7071659115077735, 0.38450118641646097, -0.1314994484272165] : -1.0
[-1.012284829713771, -0.5286003193210552, 0.8654368867461653, -0.32085600503208456, -0.4180094129822555, -0.551455863165426, 0.781138283233164, 1.0996207625301981, -0.3965533737336513, 0.5397467843540976, -1.3602561510995625, -0.8192624377196174, -0.8256818921664405, -0.4287932799346522, 0.6882126552220855, -0.39359261249562627, 0.9741068993283515, -0.8662686389233665, -0.09078315225371658, 0.2954476463536488, -1.3888682471110139, -0.5940673180267597, -0.28913826041185187, -0.5707482990318211, -0.5286782738928639, 0.6626200362021619, 0.3200265533147749, 0.28753567822736964, -0.48597155749910736, 0.8033148652960409, 0.0980842799943985, 0.11940269440854795] : -1.0
[-0.9153780359952358, -0.5740614177331249, 0.6100158454562741, -0.545149773465379, -0.1961723216101809, -0.137701640129602, 0.8302805589461084, 1.0819648353960094, -0.7545448361458211, 0.7685614567704611, -0.7834041956526776, -0.46601060693493074, -0.8637138225674383, -0.29872126089683093, 0.34915693436035355, -0.5207476373433152, 0.6422128243050562, -0.4042248040902494, 0.6735756018241965, -0.15791086944396732, -1.2049680726405558, -0.3616581008048615, -0.15350078306288809, -0.4793133161477866, -1.449058855824156, 0.13747036193540368, 0.38411189129217393, 0.40425323336284846, -0.23412635303500795, -0.02660741546761175, 0.407007908446985, -0.5794794291915533] : -1.0
[-0.06063619269949572, -0.34858918159319086, 0.30762734796463603, -0.608247927714403, -0.4822839027048279, 0.1234379509424896, 0.6920394487307535, 0.47357788929449274, -0.05675356345858246, 0.9914975308882249, -1.27865443571394, -0.6821822039572274, -0.8117749583497625, -0.5410432857258154, 0.13987149075238053, -0.6121300707483033, 0.9992133552587724, -0.7138183032632087, 0.08902520968345945, -0.11671581700605294, -0.9218738615589948, -0.6934905528256259, -0.2795537968018707, -0.6120742329711265, -0.7297035609394948, 0.7702255270308364, 0.45014802242881213, 0.08916489936239175, 0.3481220968383864, 0.7549134429718567, 0.6100327884374622, -0.5270121132163048] : -1.0
[-0.6892935613281062, -0.4686509960361718, 0.6781189223234126, -1.0143935948970597, -0.10827390279701496, -0.3767825418572222, 1.0113489014576569, 0.33430907223474293, -0.24354862296806723, 0.4923657079715901, -0.7921046567267128, -0.7389819980732241, -0.6763422088910858, -0.35036164064287784, 0.37848331240865934, -1.2666436914984478, 1.107330689467565, -0.3200813559652911, 0.354493699007819, -0.566905647321999, -1.0363811095717226, -0.4576673958880848, 0.0051100795300707685, -0.06880916097961748, -0.6148014816193483, 0.16401507517394248, 0.27482251080704045, 0.20564983438410378, -0.17891390970801227, 0.7190883375691988, 0.3288727408412894, -0.30952358835100663] : -1.0
[-0.7543608523600824, -0.20629233496334243, 0.4204740382455096, -0.7718514874361828, -0.4461567526665613, -0.8935287965071161, 0.5381052771790928, 0.3749283263008851, -0.1539749898940092, 0.9788309571344116, -0.9320095739529951, -0.12812823834499698, -0.49157801585782035, -0.7155106711126957, 0.8575195604378271, -0.5233796802250494, 1.3404942834870999, -0.6439780240203792, 0.17904673414576067, -0.44818026105256786, -1.31903611188062, -0.7046790613910312, -0.05489362112125532, -0.5086637853657827, -0.7334493752550486, 0.40169576377449856, 0.5703380052856095, 0.2391704587457847, -0.37354545970528974, 0.36176232574358763, 0.39978047667594824, 0.04874766710821399] : -1.0
[-0.5445976836439631, -0.29661143478929686, 0.7234824792071557, -1.0263382843602862, -0.1382094587600279, 0.0974453320139565, 0.75088858021735, 0.2164364683841283, -0.3265103156219974, 0.945820377814295, -1.32568126946306, -0.3946333763259069, -0.641276236130494, -0.5902227949133867, 0.1550432208088947, -0.5315743484062653, 1.049392112181991, -0.49090352472938115, 0.6412589423751076, -0.022067929187882016, -0.8339438700117714, -0.3714333468537913, -0.01706109646595866, -0.5125308374617463, -0.8794630186845636, 0.0052558763128784936, 0.3816387666497787, 0.4088565774621606, -0.6290132510438651, 0.3370268976767454, 0.47559898626512515, -0.25778600869311025] : -1.0
[-0.5567766372586332, -0.3316048030613722, 0.8250179336932345, -0.7009949380618551, 0.1012626605288052, -0.4706787679636616, 0.7788722334567871, 0.23343237943319764, -0.6190234287595237, 1.2086190398596612, 